run_id,input_file,budget,node_fraction,edge_fraction,population_size,tournament_size,p_crossover,p_mutation,payoff_function,mutation_type,max_switch_pct,best_fitness,runtime_seconds,fitness_counter,generation_number,fitness_value_1,fitness_value_2,fitness_value_3,fitness_value_4,fitness_value_5,fitness_value_6,fitness_value_7,fitness_value_8,fitness_value_9,fitness_value_10,fitness_value_11,fitness_value_12,fitness_value_13,fitness_value_14,fitness_value_15,fitness_value_16,fitness_value_17,fitness_value_18,fitness_value_19,fitness_value_20,fitness_value_21,fitness_value_22,fitness_value_23,fitness_value_24,fitness_value_25,fitness_value_26,fitness_value_27,fitness_value_28,fitness_value_29,fitness_value_30,fitness_value_31,fitness_value_32,fitness_value_33,fitness_value_34,fitness_value_35,fitness_value_36,fitness_value_37,fitness_value_38,fitness_value_39,fitness_value_40,fitness_value_41,fitness_value_42,fitness_value_43,fitness_value_44,fitness_value_45,fitness_value_46,fitness_value_47,fitness_value_48,fitness_value_49,fitness_value_50,fitness_value_51,fitness_value_52,fitness_value_53,fitness_value_54,fitness_value_55,fitness_value_56,fitness_value_57,fitness_value_58,fitness_value_59,fitness_value_60,fitness_value_61,fitness_value_62,fitness_value_63,fitness_value_64,fitness_value_65,fitness_value_66,fitness_value_67,fitness_value_68,fitness_value_69,fitness_value_70,fitness_value_71,fitness_value_72,fitness_value_73,fitness_value_74,fitness_value_75,fitness_value_76,fitness_value_77,fitness_value_78,fitness_value_79,fitness_value_80,fitness_value_81,fitness_value_82,fitness_value_83,fitness_value_84,fitness_value_85,fitness_value_86,fitness_value_87,fitness_value_88,fitness_value_89,fitness_value_90,fitness_value_91,fitness_value_92,fitness_value_93,fitness_value_94,fitness_value_95,fitness_value_96,fitness_value_97,fitness_value_98,fitness_value_99,fitness_value_100,fitness_value_101,fitness_value_102,fitness_value_103,fitness_value_104,fitness_value_105,fitness_value_106,fitness_value_107,fitness_value_108,fitness_value_109,fitness_value_110,fitness_value_111,fitness_value_112,fitness_value_113,fitness_value_114,fitness_value_115,fitness_value_116,fitness_value_117,fitness_value_118,fitness_value_119,fitness_value_120,fitness_value_121,fitness_value_122,fitness_value_123,fitness_value_124,fitness_value_125,fitness_value_126,fitness_value_127,fitness_value_128,fitness_value_129,fitness_value_130,fitness_value_131,fitness_value_132,fitness_value_133,fitness_value_134,fitness_value_135,fitness_value_136,fitness_value_137,fitness_value_138,fitness_value_139,fitness_value_140,fitness_value_141,fitness_value_142,fitness_value_143,fitness_value_144,fitness_value_145,fitness_value_146,fitness_value_147,fitness_value_148,fitness_value_149,fitness_value_150,fitness_value_151,fitness_value_152,fitness_value_153,fitness_value_154,fitness_value_155,fitness_value_156,fitness_value_157,fitness_value_158,fitness_value_159,fitness_value_160,fitness_value_161,fitness_value_162,fitness_value_163,fitness_value_164,fitness_value_165,fitness_value_166,fitness_value_167,fitness_value_168,fitness_value_169,fitness_value_170,fitness_value_171,fitness_value_172,fitness_value_173,fitness_value_174,fitness_value_175,fitness_value_176,fitness_value_177,fitness_value_178,fitness_value_179,fitness_value_180,fitness_value_181,fitness_value_182,fitness_value_183,fitness_value_184,fitness_value_185,fitness_value_186,fitness_value_187,fitness_value_188,fitness_value_189,fitness_value_190,fitness_value_191,fitness_value_192,fitness_value_193,fitness_value_194,fitness_value_195,fitness_value_196,fitness_value_197,fitness_value_198,fitness_value_199,fitness_value_200
tune_6,Testing/network-cor-forma_eu_27t.txt,0.05,0.05,0.03,50,3,0.8,0.01,largest,0,50,6985.0,505.97,5268,0,11878.0,8060.0,7883.0,7883.0,7883.0,7883.0,7883.0,7714.0,7662.0,7627.0,7627.0,7270.0,4157.0,3007.0,1266.0,1266.0,1266.0,1266.0,1266.0,1266.0,1266.0,1266.0,1266.0,1266.0,1266.0,1266.0,1266.0,1266.0,1266.0,1266.0,1266.0,1266.0,1266.0,1266.0,1266.0,1266.0,1266.0,1266.0,1266.0,1266.0,1266.0,1266.0,1266.0,1266.0,1266.0,1266.0,1266.0,1256.0,1256.0,1256.0,1256.0,1256.0,1256.0,1256.0,1256.0,1256.0,1256.0,1256.0,1256.0,1256.0,1205.0,1205.0,1205.0,1205.0,1205.0,1205.0,1205.0,1205.0,1205.0,1205.0,1205.0,1205.0,1205.0,1205.0,1205.0,1205.0,1205.0,1205.0,1205.0,1205.0,1205.0,1205.0,1205.0,1205.0,1205.0,1205.0,1205.0,1205.0,1205.0,1205.0,1205.0,1205.0,1205.0,1205.0,1205.0,1205.0,1205.0,1205.0,1205.0,1205.0,1205.0,1205.0,1205.0,1205.0,1205.0,1205.0,1205.0,1205.0,1205.0,1205.0,1205.0,1205.0,1205.0,1205.0,1205.0,1205.0,1205.0,1205.0,1205.0,1205.0,1205.0,1205.0,1205.0,1205.0,1205.0,1205.0,1205.0,1205.0,1205.0,1205.0,1205.0,1205.0,1205.0,1205.0,1205.0,1205.0,1205.0,1205.0,1205.0,1205.0,1205.0,1205.0,1205.0,1205.0,1205.0,1205.0,1205.0,1205.0,1205.0,1205.0,1205.0,1205.0,1205.0,1205.0,1205.0,1205.0,1205.0,1205.0,1205.0,1205.0,1205.0,1205.0,1204.0,1204.0,1204.0,1204.0,1204.0,1204.0,1204.0,1204.0,1204.0,1204.0,1204.0,1204.0,1204.0,1204.0,1204.0,1204.0,1204.0,1204.0,1204.0,1204.0,1204.0,1204.0,1204.0,1204.0,1204.0,1204.0,1204.0,1204.0,1204.0,1204.0,1204.0,1204.0,1204.0,1204.0,1204.0,1204.0,1204.0,1204.0
tune_2,Testing/network-cor-forma_eu_27t.txt,0.05,0.05,0.03,50,3,0.8,0.01,largest,1,50,6973.0,512.95,5185,0,9902.0,9902.0,9898.0,9492.0,8268.0,8268.0,8268.0,8074.0,8074.0,8074.0,7652.0,7289.0,5232.0,5232.0,2896.0,2597.0,2538.0,2538.0,2538.0,2538.0,2538.0,2538.0,2538.0,2538.0,2538.0,2538.0,2538.0,2538.0,2538.0,2538.0,2538.0,2538.0,2259.0,2259.0,2259.0,2259.0,2259.0,2259.0,2259.0,2259.0,2259.0,2259.0,2259.0,2259.0,2259.0,2259.0,2259.0,2259.0,946.0,946.0,946.0,946.0,946.0,946.0,946.0,946.0,946.0,946.0,946.0,946.0,946.0,946.0,946.0,946.0,946.0,946.0,946.0,946.0,946.0,946.0,946.0,946.0,946.0,946.0,946.0,946.0,946.0,946.0,946.0,946.0,946.0,946.0,946.0,946.0,946.0,946.0,946.0,946.0,946.0,946.0,946.0,946.0,946.0,946.0,946.0,946.0,946.0,946.0,946.0,946.0,946.0,946.0,946.0,946.0,946.0,946.0,946.0,946.0,946.0,946.0,946.0,946.0,946.0,946.0,946.0,946.0,946.0,946.0,946.0,946.0,946.0,946.0,946.0,946.0,946.0,946.0,946.0,946.0,946.0,946.0,946.0,946.0,946.0,946.0,946.0,946.0,946.0,946.0,946.0,946.0,946.0,946.0,946.0,946.0,946.0,946.0,946.0,946.0,946.0,946.0,946.0,946.0,946.0,946.0,946.0,946.0,946.0,946.0,946.0,946.0,946.0,946.0,946.0,946.0,946.0,946.0,946.0,946.0,946.0,946.0,946.0,946.0,946.0,946.0,946.0,946.0,946.0,946.0,946.0,946.0,946.0,946.0,946.0,946.0,946.0,946.0,946.0,946.0,946.0,946.0,946.0,946.0,946.0,946.0,946.0,946.0,946.0,946.0,946.0,946.0,0.0
tune_5,Testing/network-cor-forma_eu_27t.txt,0.05,0.05,0.03,50,3,0.8,0.01,largest,0,50,2272.0,517.36,5109,0,11853.0,11853.0,11759.0,9074.0,9074.0,8287.0,7952.0,7628.0,7628.0,7621.0,6490.0,6490.0,6490.0,6490.0,4473.0,4473.0,2491.0,2395.0,2395.0,2395.0,2395.0,2395.0,2395.0,2395.0,2395.0,2395.0,2395.0,2395.0,2395.0,2395.0,2395.0,2395.0,2395.0,2395.0,2395.0,2395.0,2395.0,2395.0,2395.0,2395.0,2395.0,2395.0,2395.0,2395.0,2395.0,2376.0,2376.0,2376.0,2376.0,2376.0,2376.0,2376.0,2376.0,2376.0,2376.0,2376.0,2376.0,2376.0,2376.0,2376.0,2376.0,2376.0,2376.0,2376.0,2376.0,2376.0,2376.0,2376.0,2376.0,2376.0,2376.0,2376.0,2376.0,2376.0,2376.0,2376.0,2376.0,2376.0,2376.0,2376.0,2376.0,2376.0,2376.0,2376.0,2376.0,2376.0,2376.0,2376.0,2376.0,2376.0,2376.0,2376.0,2376.0,2376.0,2376.0,2376.0,2376.0,2376.0,2376.0,2376.0,2376.0,2376.0,2376.0,2376.0,2376.0,2376.0,2376.0,2376.0,2376.0,2376.0,2376.0,2376.0,2376.0,2376.0,2376.0,2376.0,2376.0,2375.0,2375.0,2375.0,2375.0,2375.0,2375.0,2375.0,2375.0,2375.0,2375.0,2375.0,2375.0,2375.0,2375.0,2375.0,2375.0,2375.0,2375.0,2374.0,2374.0,2374.0,2374.0,2374.0,2374.0,2374.0,2374.0,2374.0,2374.0,2374.0,2374.0,2374.0,2374.0,2374.0,2374.0,2374.0,2374.0,2374.0,2374.0,2374.0,2374.0,2374.0,2374.0,2374.0,2374.0,2374.0,2374.0,2374.0,2374.0,2374.0,2374.0,2374.0,2374.0,2374.0,2374.0,2374.0,2374.0,2374.0,2374.0,2374.0,2374.0,2374.0,2374.0,2374.0,2374.0,2374.0,2374.0,2374.0,2374.0,2374.0,2374.0,2374.0,2374.0,2374.0,2374.0,2374.0,2374.0,2374.0,2374.0,2374.0,2374.0,2374.0,2374.0,2374.0
tune_7,Testing/network-cor-forma_eu_27t.txt,0.05,0.05,0.03,50,3,0.8,0.01,largest,0,50,611.0,521.92,5170,0,11683.0,11683.0,11668.0,11531.0,9710.0,7614.0,7614.0,6992.0,6992.0,6673.0,6673.0,6673.0,5378.0,4209.0,3832.0,3627.0,3627.0,3627.0,3627.0,3627.0,3627.0,3627.0,3627.0,3627.0,3627.0,3627.0,3627.0,3627.0,3627.0,3627.0,3627.0,3627.0,3627.0,3627.0,3627.0,3627.0,3627.0,3627.0,3627.0,3627.0,3627.0,3627.0,3627.0,3627.0,3627.0,3627.0,3627.0,3627.0,3627.0,3627.0,3627.0,3627.0,3627.0,3627.0,3627.0,3627.0,3627.0,3627.0,3627.0,3627.0,3627.0,3627.0,3627.0,3627.0,3627.0,3627.0,3627.0,3627.0,3627.0,3627.0,3627.0,3627.0,3618.0,3618.0,3618.0,3618.0,3618.0,3618.0,3618.0,3618.0,3618.0,3618.0,3618.0,3618.0,3618.0,3618.0,3618.0,3618.0,3618.0,3618.0,3618.0,3618.0,3618.0,3618.0,3618.0,3618.0,3618.0,3618.0,3618.0,3618.0,3618.0,3618.0,3618.0,3618.0,3618.0,3618.0,3618.0,3617.0,3617.0,3617.0,3617.0,3617.0,3617.0,3617.0,3617.0,3617.0,3617.0,3617.0,3617.0,3617.0,3616.0,3616.0,3616.0,3616.0,3616.0,3616.0,3616.0,3616.0,3616.0,3616.0,3616.0,3616.0,3616.0,3616.0,3616.0,3615.0,3615.0,3615.0,3615.0,3615.0,3615.0,3615.0,3615.0,3615.0,3615.0,3615.0,3615.0,3614.0,3614.0,3614.0,3614.0,3614.0,3614.0,3614.0,3614.0,3614.0,3614.0,3614.0,3614.0,3614.0,3614.0,3614.0,3614.0,3614.0,3614.0,3614.0,3614.0,3614.0,3614.0,3614.0,3614.0,3614.0,3614.0,3614.0,3614.0,3614.0,3613.0,3613.0,3613.0,3613.0,3613.0,3613.0,3613.0,3613.0,3613.0,3613.0,3613.0,3613.0,3613.0,3613.0,3613.0,3613.0,3613.0,3613.0,3613.0,3613.0,3613.0,3613.0,3613.0,3612.0
tune_10,Testing/network-cor-forma_eu_27t.txt,0.05,0.05,0.03,50,3,0.8,0.01,largest,0,50,6956.0,526.81,5286,0,11964.0,11964.0,8853.0,8562.0,8444.0,8444.0,8344.0,8344.0,7902.0,7902.0,7902.0,7280.0,4608.0,4608.0,3941.0,2906.0,2906.0,2906.0,2906.0,2906.0,2906.0,2906.0,2906.0,2906.0,2906.0,2906.0,2906.0,2906.0,2906.0,2906.0,2906.0,2906.0,2906.0,2906.0,2898.0,2898.0,2898.0,2898.0,2898.0,2865.0,2865.0,2865.0,2865.0,2865.0,2865.0,2865.0,2865.0,2865.0,2865.0,2865.0,2865.0,2865.0,2865.0,2865.0,2865.0,2842.0,2842.0,2842.0,2842.0,2842.0,2842.0,2842.0,2842.0,2842.0,2842.0,2842.0,2842.0,2842.0,2842.0,2842.0,2842.0,2842.0,2842.0,2842.0,2842.0,2842.0,2842.0,2842.0,2842.0,2842.0,2842.0,2842.0,2842.0,2842.0,2842.0,2842.0,2842.0,2842.0,2842.0,2842.0,2842.0,2842.0,2842.0,2842.0,2842.0,2842.0,2842.0,2842.0,2842.0,2842.0,2842.0,2842.0,2842.0,2842.0,2842.0,2842.0,2842.0,2842.0,2841.0,2841.0,2841.0,2841.0,2841.0,2841.0,2841.0,2841.0,2841.0,2841.0,2841.0,2841.0,2840.0,2840.0,2840.0,2840.0,2840.0,2840.0,2840.0,2840.0,2840.0,2840.0,2840.0,2840.0,2840.0,2840.0,2840.0,2840.0,2840.0,2840.0,2840.0,2840.0,2840.0,2840.0,2840.0,2840.0,2840.0,2840.0,2840.0,2840.0,2840.0,2840.0,2840.0,2840.0,2840.0,2840.0,2840.0,2838.0,2838.0,2838.0,2838.0,2838.0,2838.0,2838.0,2838.0,2838.0,2838.0,2838.0,2838.0,2838.0,2838.0,2838.0,2838.0,2838.0,2838.0,2838.0,2838.0,2838.0,2838.0,2838.0,2838.0,2838.0,2838.0,2838.0,2838.0,2838.0,2838.0,2838.0,2838.0,2838.0,2838.0,2838.0,2838.0,2838.0,2838.0,2838.0,2838.0,2838.0,2838.0,2838.0,2838.0,2838.0
tune_2,Testing/network-cor-forma_eu_27t.txt,0.05,0.05,0.03,50,3,0.8,0.01,largest,0,50,1993.0,527.59,5118,0,9902.0,9902.0,9898.0,9492.0,8268.0,8268.0,8268.0,8074.0,8074.0,8074.0,7652.0,7289.0,5232.0,5232.0,2896.0,2597.0,2538.0,2538.0,2538.0,2538.0,2538.0,2538.0,2538.0,2538.0,2538.0,2538.0,2538.0,2538.0,2538.0,2538.0,2538.0,2538.0,2259.0,2259.0,2259.0,2259.0,2259.0,2259.0,2259.0,2259.0,2259.0,2259.0,2259.0,2259.0,2259.0,2259.0,2259.0,2259.0,946.0,946.0,946.0,946.0,946.0,946.0,946.0,946.0,946.0,946.0,946.0,946.0,946.0,946.0,946.0,946.0,946.0,946.0,946.0,946.0,946.0,946.0,946.0,946.0,946.0,946.0,946.0,946.0,946.0,946.0,946.0,946.0,946.0,946.0,946.0,946.0,946.0,946.0,946.0,946.0,946.0,946.0,946.0,946.0,946.0,946.0,946.0,946.0,946.0,946.0,946.0,946.0,946.0,946.0,946.0,946.0,946.0,946.0,946.0,946.0,946.0,946.0,946.0,946.0,946.0,946.0,946.0,946.0,946.0,946.0,946.0,946.0,946.0,946.0,946.0,946.0,946.0,946.0,946.0,946.0,946.0,946.0,946.0,946.0,946.0,946.0,946.0,946.0,946.0,946.0,946.0,946.0,946.0,946.0,946.0,946.0,946.0,946.0,946.0,946.0,946.0,946.0,946.0,946.0,946.0,946.0,946.0,946.0,946.0,946.0,946.0,946.0,946.0,946.0,946.0,946.0,946.0,946.0,946.0,946.0,946.0,946.0,946.0,946.0,946.0,946.0,946.0,946.0,946.0,946.0,946.0,946.0,946.0,946.0,946.0,946.0,946.0,946.0,946.0,946.0,946.0,946.0,946.0,946.0,946.0,946.0,946.0,946.0,946.0,946.0,946.0,946.0,0.0
tune_3,Testing/network-cor-forma_eu_27t.txt,0.05,0.05,0.03,50,3,0.8,0.01,largest,0,50,2274.0,528.44,5243,0,12031.0,11973.0,9889.0,9655.0,8729.0,8729.0,8715.0,8170.0,8167.0,7931.0,7292.0,7262.0,7262.0,5408.0,2576.0,2447.0,1856.0,1856.0,1856.0,1856.0,1856.0,1856.0,1856.0,1856.0,1856.0,1856.0,1856.0,1856.0,1856.0,1856.0,1856.0,1856.0,1856.0,1856.0,1856.0,1856.0,1856.0,1856.0,1856.0,1856.0,1856.0,1856.0,1856.0,1856.0,1856.0,1856.0,1856.0,1856.0,1856.0,1856.0,1856.0,1856.0,1856.0,1856.0,1856.0,1856.0,1856.0,1856.0,1856.0,1856.0,1856.0,1856.0,1856.0,1856.0,1856.0,1856.0,1856.0,1856.0,1856.0,1856.0,1856.0,1856.0,1856.0,1856.0,1856.0,1856.0,1856.0,1856.0,1856.0,1849.0,1849.0,1849.0,1849.0,1849.0,1849.0,1849.0,1849.0,1849.0,1849.0,1849.0,1849.0,1849.0,1849.0,1849.0,1849.0,1849.0,1849.0,1849.0,1849.0,1849.0,1849.0,1849.0,1849.0,1849.0,1849.0,1849.0,1849.0,1849.0,1849.0,1849.0,1849.0,1849.0,1849.0,1849.0,1849.0,1849.0,1849.0,1849.0,1849.0,1849.0,1849.0,1849.0,1849.0,1849.0,1849.0,1849.0,1849.0,1849.0,1849.0,1849.0,1849.0,1849.0,1849.0,1849.0,1849.0,1849.0,1849.0,1849.0,1849.0,1849.0,1849.0,1849.0,1849.0,1849.0,1849.0,1849.0,1849.0,1849.0,1849.0,1849.0,1849.0,1848.0,1848.0,1848.0,1848.0,1848.0,1848.0,1848.0,1848.0,1848.0,1848.0,1848.0,1848.0,1848.0,1848.0,1848.0,1848.0,1848.0,1848.0,1848.0,1848.0,1847.0,1847.0,1847.0,1847.0,1846.0,1846.0,1846.0,1846.0,1846.0,1846.0,1846.0,1846.0,1846.0,1846.0,1846.0,1846.0,1846.0,1846.0,1846.0,1846.0,1846.0,1846.0,1846.0,1846.0,1846.0,1846.0,1846.0,1846.0,1846.0,0.0
tune_1,Testing/network-cor-forma_eu_27t.txt,0.05,0.05,0.03,50,3,0.8,0.01,largest,0,50,2090.0,528.76,5191,0,7167.0,7167.0,7167.0,7167.0,7167.0,7167.0,7167.0,7167.0,7167.0,6702.0,6702.0,5366.0,3959.0,3291.0,1197.0,1197.0,1197.0,1197.0,1197.0,1197.0,1197.0,1197.0,1197.0,1197.0,1197.0,1197.0,1197.0,1197.0,1197.0,1197.0,1197.0,1197.0,1197.0,1197.0,1197.0,1197.0,1197.0,1197.0,1197.0,1197.0,1197.0,1197.0,1197.0,1197.0,1197.0,1197.0,1197.0,1197.0,1197.0,1197.0,1197.0,1197.0,1197.0,1197.0,1197.0,1197.0,1197.0,1197.0,1197.0,1197.0,1197.0,1197.0,1197.0,1197.0,1197.0,1197.0,1197.0,1197.0,1197.0,1197.0,1197.0,1197.0,1197.0,1189.0,1189.0,1189.0,1189.0,1189.0,1189.0,1189.0,1189.0,1189.0,1189.0,1185.0,1185.0,1185.0,1185.0,1185.0,1185.0,1185.0,1185.0,1185.0,1185.0,1185.0,1185.0,1185.0,1185.0,1185.0,1185.0,1185.0,1185.0,1185.0,1185.0,1185.0,1185.0,1185.0,1185.0,1185.0,1185.0,1185.0,1185.0,1185.0,1185.0,1185.0,1185.0,1185.0,1185.0,1185.0,1185.0,1185.0,1185.0,1185.0,1185.0,1185.0,1185.0,1185.0,1185.0,1185.0,1185.0,1185.0,1185.0,1185.0,1185.0,1185.0,1185.0,1185.0,1185.0,1185.0,1185.0,1185.0,1185.0,1185.0,1185.0,1185.0,1185.0,1185.0,1185.0,1185.0,1185.0,1185.0,1185.0,1184.0,1184.0,1184.0,1184.0,1184.0,1184.0,1184.0,1184.0,1184.0,1184.0,1184.0,1184.0,1184.0,1184.0,1184.0,1184.0,1184.0,1184.0,1184.0,1184.0,1184.0,1184.0,1184.0,1184.0,1184.0,1184.0,1184.0,1184.0,1184.0,1184.0,1184.0,1184.0,1184.0,1184.0,1184.0,1184.0,1184.0,1184.0,1184.0,1184.0,1184.0,1184.0,1184.0,1184.0,1184.0,1184.0,1184.0,1184.0,1184.0,0.0,2312.0
tune_9,Testing/network-cor-forma_eu_27t.txt,0.05,0.05,0.03,50,3,0.8,0.01,largest,0,50,1040.0,538.53,5179,0,11979.0,11979.0,11956.0,11804.0,9589.0,8491.0,8491.0,8491.0,8491.0,8369.0,8287.0,7287.0,7280.0,6301.0,6147.0,5079.0,4996.0,1859.0,1859.0,1859.0,1859.0,1859.0,1859.0,1859.0,1859.0,1859.0,1859.0,1859.0,1859.0,1859.0,1859.0,1859.0,1859.0,1859.0,1859.0,1769.0,1769.0,1769.0,1280.0,1280.0,1280.0,1280.0,1280.0,1280.0,1280.0,1280.0,1280.0,1280.0,1280.0,1280.0,1280.0,1280.0,1280.0,1280.0,1280.0,1280.0,1280.0,1280.0,1280.0,1280.0,1280.0,1280.0,1280.0,1280.0,1272.0,1272.0,1272.0,1272.0,1272.0,1272.0,1272.0,1272.0,1272.0,1272.0,1272.0,1272.0,1272.0,1272.0,1272.0,1272.0,1272.0,1272.0,1272.0,1272.0,1272.0,1272.0,1272.0,1271.0,1271.0,1271.0,1271.0,1271.0,1271.0,1271.0,1271.0,1271.0,1271.0,1271.0,1271.0,1271.0,1271.0,1271.0,1271.0,1271.0,1271.0,1271.0,1271.0,1271.0,1271.0,1271.0,1271.0,1271.0,1271.0,1271.0,1271.0,1271.0,1271.0,1271.0,1271.0,1271.0,1271.0,1271.0,1271.0,1271.0,1271.0,1271.0,1271.0,1271.0,1271.0,1271.0,1271.0,1271.0,1271.0,1271.0,1271.0,1271.0,1271.0,1271.0,1271.0,1271.0,1271.0,1271.0,1271.0,1271.0,1271.0,1271.0,1271.0,1271.0,1271.0,1271.0,1271.0,1271.0,1271.0,1271.0,1271.0,1271.0,1271.0,1270.0,1270.0,1270.0,1270.0,1270.0,1270.0,1270.0,1270.0,1270.0,1270.0,1270.0,1270.0,1270.0,1270.0,1269.0,1269.0,1269.0,1269.0,1269.0,1269.0,1269.0,1269.0,1269.0,1269.0,1269.0,1269.0,1269.0,1269.0,1269.0,1269.0,1269.0,1269.0,1269.0,1269.0,1269.0,1269.0,1269.0,1269.0,1269.0,1269.0,1269.0,1269.0,1269.0
tune_8,Testing/network-cor-forma_eu_27t.txt,0.05,0.05,0.03,50,3,0.8,0.01,largest,0,50,1935.0,538.64,5251,0,9760.0,8719.0,8719.0,8719.0,8154.0,6906.0,6906.0,6906.0,6710.0,6710.0,6710.0,3388.0,3388.0,3388.0,3388.0,3388.0,3388.0,3313.0,2916.0,2916.0,2916.0,2916.0,2916.0,2916.0,2916.0,2916.0,2916.0,2916.0,2916.0,2916.0,2916.0,2916.0,2916.0,2916.0,2916.0,2916.0,2916.0,2916.0,2916.0,2916.0,2916.0,2916.0,2916.0,2916.0,2916.0,2916.0,2916.0,2916.0,2916.0,2916.0,2916.0,2916.0,2916.0,2916.0,2916.0,2916.0,2916.0,2916.0,2916.0,2916.0,2916.0,2916.0,2916.0,2916.0,2873.0,2873.0,2873.0,2873.0,2873.0,2873.0,2873.0,2873.0,2873.0,2873.0,2873.0,2869.0,2865.0,2865.0,2865.0,2865.0,2865.0,2865.0,2865.0,2865.0,2865.0,2865.0,2865.0,2865.0,2865.0,2865.0,2865.0,2865.0,2865.0,2865.0,2865.0,2864.0,2864.0,2864.0,2864.0,2864.0,2864.0,2864.0,2864.0,2864.0,2864.0,2864.0,2864.0,2864.0,2864.0,2864.0,2864.0,2864.0,2864.0,2864.0,2864.0,2864.0,2864.0,2864.0,2864.0,2864.0,2864.0,2864.0,2864.0,2864.0,2863.0,2863.0,2863.0,2863.0,2863.0,2863.0,2863.0,2863.0,2863.0,2863.0,2862.0,2862.0,2862.0,2862.0,2862.0,2862.0,2862.0,2862.0,2862.0,2862.0,2862.0,2862.0,2862.0,2862.0,2862.0,2862.0,2862.0,2862.0,2862.0,2862.0,2862.0,2862.0,2862.0,2862.0,2862.0,2861.0,2861.0,2861.0,2861.0,2861.0,2861.0,2861.0,2861.0,2861.0,2861.0,2861.0,2861.0,2861.0,2861.0,2861.0,2861.0,2861.0,2861.0,2861.0,2861.0,2861.0,2861.0,2861.0,2861.0,2861.0,2861.0,2861.0,2861.0,2861.0,2861.0,2861.0,2861.0,2861.0,2861.0,2861.0,2861.0,2861.0,2861.0,2861.0,2861.0,2861.0
tune_4,Testing/network-cor-forma_eu_27t.txt,0.05,0.05,0.03,50,3,0.8,0.01,largest,0,50,1736.0,543.53,5202,0,11990.0,11883.0,11595.0,8704.0,7554.0,7554.0,7554.0,7554.0,6813.0,6813.0,6813.0,6544.0,5098.0,3133.0,2109.0,2109.0,2046.0,2046.0,2046.0,2046.0,2046.0,2046.0,2046.0,2046.0,2046.0,2046.0,2046.0,2046.0,1832.0,1832.0,1832.0,1832.0,1832.0,1832.0,1832.0,1832.0,1832.0,1832.0,1832.0,1832.0,1832.0,1832.0,1832.0,1832.0,1832.0,1832.0,1832.0,1832.0,1832.0,1832.0,1832.0,1832.0,1832.0,1832.0,1832.0,1832.0,1832.0,1832.0,1832.0,1832.0,1832.0,1832.0,1832.0,1832.0,1832.0,1832.0,1832.0,1832.0,1832.0,1832.0,1809.0,1809.0,1809.0,1809.0,1809.0,1809.0,1809.0,1809.0,1809.0,1765.0,1765.0,1765.0,1765.0,1765.0,1765.0,1765.0,1765.0,1765.0,1765.0,1765.0,1765.0,1765.0,1765.0,1765.0,1765.0,1765.0,1765.0,1765.0,1765.0,1765.0,1765.0,1765.0,1765.0,1765.0,1765.0,1765.0,1765.0,1765.0,1765.0,1765.0,1765.0,1765.0,1765.0,1765.0,1765.0,1765.0,1765.0,1764.0,1764.0,1764.0,1764.0,1764.0,1764.0,1764.0,1764.0,1764.0,1764.0,1764.0,1764.0,1764.0,1764.0,1763.0,1763.0,1763.0,1763.0,1763.0,1763.0,1763.0,1763.0,1763.0,1763.0,1763.0,1763.0,1763.0,1763.0,1763.0,1763.0,1763.0,1762.0,1762.0,1762.0,1762.0,1762.0,1762.0,1762.0,1762.0,1762.0,1762.0,1762.0,1762.0,1762.0,1762.0,1762.0,1762.0,1762.0,1762.0,1762.0,1762.0,1762.0,1762.0,1762.0,1762.0,1762.0,1762.0,1762.0,1762.0,1762.0,1762.0,1762.0,1762.0,1762.0,1762.0,1762.0,1762.0,1762.0,1762.0,1762.0,1762.0,1762.0,1762.0,1762.0,1762.0,1762.0,1762.0,1762.0,1762.0,1762.0,1762.0,1762.0,1762.0
tune_1,Testing/network-cor-forma_eu_27t.txt,0.05,0.05,0.03,50,3,0.8,0.01,largest,1,50,1336.0,576.78,5342,0,7167.0,7167.0,7167.0,7167.0,7167.0,7167.0,7167.0,7167.0,7167.0,6702.0,6702.0,5366.0,3959.0,3291.0,1197.0,1197.0,1197.0,1197.0,1197.0,1197.0,1197.0,1197.0,1197.0,1197.0,1197.0,1197.0,1197.0,1197.0,1197.0,1197.0,1197.0,1197.0,1197.0,1197.0,1197.0,1197.0,1197.0,1197.0,1197.0,1197.0,1197.0,1197.0,1197.0,1197.0,1197.0,1197.0,1197.0,1197.0,1197.0,1197.0,1197.0,1197.0,1197.0,1197.0,1197.0,1197.0,1197.0,1197.0,1197.0,1197.0,1197.0,1197.0,1197.0,1197.0,1197.0,1197.0,1197.0,1197.0,1197.0,1197.0,1197.0,1197.0,1197.0,1189.0,1189.0,1189.0,1189.0,1189.0,1189.0,1189.0,1189.0,1189.0,1189.0,1185.0,1185.0,1185.0,1185.0,1185.0,1185.0,1185.0,1185.0,1185.0,1185.0,1185.0,1185.0,1185.0,1185.0,1185.0,1185.0,1185.0,1185.0,1185.0,1185.0,1185.0,1185.0,1185.0,1185.0,1185.0,1185.0,1185.0,1185.0,1185.0,1185.0,1185.0,1185.0,1185.0,1185.0,1185.0,1185.0,1185.0,1185.0,1185.0,1185.0,1185.0,1185.0,1185.0,1185.0,1185.0,1185.0,1185.0,1185.0,1185.0,1185.0,1185.0,1185.0,1185.0,1185.0,1185.0,1185.0,1185.0,1185.0,1185.0,1185.0,1185.0,1185.0,1185.0,1185.0,1185.0,1185.0,1185.0,1185.0,1184.0,1184.0,1184.0,1184.0,1184.0,1184.0,1184.0,1184.0,1184.0,1184.0,1184.0,1184.0,1184.0,1184.0,1184.0,1184.0,1184.0,1184.0,1184.0,1184.0,1184.0,1184.0,1184.0,1184.0,1184.0,1184.0,1184.0,1184.0,1184.0,1184.0,1184.0,1184.0,1184.0,1184.0,1184.0,1184.0,1184.0,1184.0,1184.0,1184.0,1184.0,1184.0,1184.0,1184.0,1184.0,1184.0,1184.0,1184.0,1184.0,0.0,2312.0
tune_2,Testing/network-cor-forma_eu_27t.txt,0.05,0.05,0.03,50,3,0.8,0.01,pairwise,0,50,2384740.0,510.70,5168,0,70706686.0,70706686.0,69983130.0,69487254.0,47547976.0,38188876.0,32758434.0,32758434.0,27325120.0,27325120.0,26827960.0,24104987.0,13663210.0,1690809.0,1690809.0,1690809.0,1690809.0,1690809.0,1690809.0,1690809.0,1690809.0,1690809.0,1690809.0,1690809.0,1690809.0,1690809.0,1690809.0,1690809.0,1690809.0,1690809.0,1690809.0,1690809.0,1690809.0,1690809.0,1690809.0,1690809.0,1690809.0,1690809.0,1690809.0,1690809.0,1690809.0,1690809.0,1690809.0,1690809.0,1690809.0,1690809.0,1690809.0,1690809.0,1690809.0,1690809.0,1690809.0,1690809.0,1690809.0,1690809.0,1690809.0,1690809.0,1690809.0,1690809.0,1690809.0,1690809.0,1690809.0,1690809.0,1690809.0,1690809.0,1690809.0,1690809.0,1690809.0,1690809.0,1690809.0,1690809.0,1690809.0,1690809.0,1690809.0,1690809.0,1690809.0,1690809.0,1690809.0,1690809.0,1690809.0,1677109.0,1677109.0,1677109.0,1677109.0,1677109.0,1677109.0,1677109.0,1677109.0,1673661.0,1673661.0,1673661.0,1673661.0,1673661.0,1673661.0,1673661.0,1673661.0,1673661.0,1673661.0,1673661.0,1673661.0,1673661.0,1673661.0,1673661.0,1673661.0,1673661.0,1673661.0,1673661.0,1673661.0,1673661.0,1673661.0,1673661.0,1673661.0,1673661.0,1673661.0,1673657.0,1673657.0,1673657.0,1673657.0,1673657.0,1673657.0,1673657.0,1673657.0,1673657.0,1673657.0,1673657.0,1673657.0,1673657.0,1673657.0,1673657.0,1673657.0,1673657.0,1673657.0,1673657.0,1673657.0,1673657.0,1673657.0,1673657.0,1673657.0,1673657.0,1673657.0,1673657.0,1673657.0,1673657.0,1673657.0,1673657.0,1673657.0,1673657.0,1673657.0,1673657.0,1673657.0,1673657.0,1673657.0,1673657.0,1673657.0,1673657.0,1673568.0,1673568.0,1673568.0,1673568.0,1673568.0,1673568.0,1673568.0,1673568.0,1673568.0,1673568.0,1673568.0,1673568.0,1673568.0,1673568.0,1673568.0,1673568.0,1673568.0,1673568.0
tune_4,Testing/network-cor-forma_eu_27t.txt,0.05,0.05,0.03,50,3,0.8,0.01,largest,1,50,1371.0,537.91,5235,0,11990.0,11883.0,11595.0,8704.0,7554.0,7554.0,7554.0,7554.0,6813.0,6813.0,6813.0,6544.0,5098.0,3133.0,2109.0,2109.0,2046.0,2046.0,2046.0,2046.0,2046.0,2046.0,2046.0,2046.0,2046.0,2046.0,2046.0,2046.0,1832.0,1832.0,1832.0,1832.0,1832.0,1832.0,1832.0,1832.0,1832.0,1832.0,1832.0,1832.0,1832.0,1832.0,1832.0,1832.0,1832.0,1832.0,1832.0,1832.0,1832.0,1832.0,1832.0,1832.0,1832.0,1832.0,1832.0,1832.0,1832.0,1832.0,1832.0,1832.0,1832.0,1832.0,1832.0,1832.0,1832.0,1832.0,1832.0,1832.0,1832.0,1832.0,1809.0,1809.0,1809.0,1809.0,1809.0,1809.0,1809.0,1809.0,1809.0,1765.0,1765.0,1765.0,1765.0,1765.0,1765.0,1765.0,1765.0,1765.0,1765.0,1765.0,1765.0,1765.0,1765.0,1765.0,1765.0,1765.0,1765.0,1765.0,1765.0,1765.0,1765.0,1765.0,1765.0,1765.0,1765.0,1765.0,1765.0,1765.0,1765.0,1765.0,1765.0,1765.0,1765.0,1765.0,1765.0,1765.0,1765.0,1764.0,1764.0,1764.0,1764.0,1764.0,1764.0,1764.0,1764.0,1764.0,1764.0,1764.0,1764.0,1764.0,1764.0,1763.0,1763.0,1763.0,1763.0,1763.0,1763.0,1763.0,1763.0,1763.0,1763.0,1763.0,1763.0,1763.0,1763.0,1763.0,1763.0,1763.0,1762.0,1762.0,1762.0,1762.0,1762.0,1762.0,1762.0,1762.0,1762.0,1762.0,1762.0,1762.0,1762.0,1762.0,1762.0,1762.0,1762.0,1762.0,1762.0,1762.0,1762.0,1762.0,1762.0,1762.0,1762.0,1762.0,1762.0,1762.0,1762.0,1762.0,1762.0,1762.0,1762.0,1762.0,1762.0,1762.0,1762.0,1762.0,1762.0,1762.0,1762.0,1762.0,1762.0,1762.0,1762.0,1762.0,1762.0,1762.0,1762.0,1762.0,1762.0,1762.0
tune_3,Testing/network-cor-forma_eu_27t.txt,0.05,0.05,0.03,50,3,0.8,0.01,pairwise,0,50,3355133.0,512.88,5200,0,69995483.0,68946300.0,36255274.0,36255274.0,36255274.0,30715489.0,30715489.0,25001689.0,25001689.0,25001689.0,24687162.0,24687162.0,23857576.0,8004807.0,6201838.0,4420274.0,3392024.0,3392024.0,3392024.0,3392024.0,3392024.0,3392024.0,3392024.0,3392024.0,3392024.0,3392024.0,3392024.0,3392024.0,3392024.0,3392024.0,3392024.0,3392024.0,3392024.0,3392024.0,3392024.0,3392024.0,3392024.0,3392024.0,3392024.0,3392024.0,3392024.0,3392024.0,3392024.0,3392024.0,3392024.0,3392024.0,3392024.0,3392024.0,3392024.0,3392024.0,3392024.0,3392024.0,3392024.0,3392024.0,3392024.0,3392024.0,3392024.0,3392024.0,3392024.0,3392024.0,3392024.0,3392024.0,3392024.0,3392024.0,3392024.0,3392024.0,3392024.0,3392024.0,3392024.0,3392024.0,3392024.0,3392024.0,3392024.0,3391268.0,3391268.0,3391268.0,3391268.0,3391268.0,3391268.0,3384691.0,3384691.0,3384691.0,3384691.0,3384691.0,3384691.0,3384691.0,3384691.0,3384691.0,3384691.0,3384691.0,3384691.0,3384691.0,3384691.0,3384691.0,3384691.0,3384691.0,3384691.0,3384691.0,3384691.0,3384691.0,3384691.0,3384691.0,3384691.0,3384691.0,3384691.0,3384614.0,3384614.0,3382125.0,3382125.0,3382125.0,3382125.0,3382125.0,3382125.0,3382125.0,3382125.0,3382125.0,3382125.0,3382125.0,3382125.0,3382125.0,3382125.0,3382125.0,3382125.0,3382125.0,3382125.0,3382125.0,3382125.0,3382125.0,3382125.0,3382125.0,3382125.0,3382125.0,3382125.0,3382125.0,3382125.0,3382125.0,3382125.0,3382125.0,3382125.0,3379574.0,3379574.0,3379574.0,3379574.0,3379574.0,3379574.0,3379574.0,3379574.0,3379574.0,3379574.0,3379574.0,3379574.0,3379566.0,3379566.0,3379566.0,3379566.0,3379566.0,3379566.0,3379566.0,3379566.0,3379566.0,3379566.0,3379566.0,3379566.0,3379566.0,3379566.0,3379566.0,3379566.0,3379566.0,3379566.0,3379566.0,3379566.0,5074402.0,5074402.0,5074402.0,5074402.0,5074402.0,5074402.0,5074402.0,5074402.0,5074402.0,5074402.0,5074369.0,5074369.0,5074369.0,5074369.0,5074369.0,5074369.0
tune_6,Testing/network-cor-forma_eu_27t.txt,0.05,0.05,0.03,50,3,0.8,0.01,largest,1,50,2329.0,536.68,5184,0,11878.0,8060.0,7883.0,7883.0,7883.0,7883.0,7883.0,7714.0,7662.0,7627.0,7627.0,7270.0,4157.0,3007.0,1266.0,1266.0,1266.0,1266.0,1266.0,1266.0,1266.0,1266.0,1266.0,1266.0,1266.0,1266.0,1266.0,1266.0,1266.0,1266.0,1266.0,1266.0,1266.0,1266.0,1266.0,1266.0,1266.0,1266.0,1266.0,1266.0,1266.0,1266.0,1266.0,1266.0,1266.0,1266.0,1266.0,1256.0,1256.0,1256.0,1256.0,1256.0,1256.0,1256.0,1256.0,1256.0,1256.0,1256.0,1256.0,1256.0,1205.0,1205.0,1205.0,1205.0,1205.0,1205.0,1205.0,1205.0,1205.0,1205.0,1205.0,1205.0,1205.0,1205.0,1205.0,1205.0,1205.0,1205.0,1205.0,1205.0,1205.0,1205.0,1205.0,1205.0,1205.0,1205.0,1205.0,1205.0,1205.0,1205.0,1205.0,1205.0,1205.0,1205.0,1205.0,1205.0,1205.0,1205.0,1205.0,1205.0,1205.0,1205.0,1205.0,1205.0,1205.0,1205.0,1205.0,1205.0,1205.0,1205.0,1205.0,1205.0,1205.0,1205.0,1205.0,1205.0,1205.0,1205.0,1205.0,1205.0,1205.0,1205.0,1205.0,1205.0,1205.0,1205.0,1205.0,1205.0,1205.0,1205.0,1205.0,1205.0,1205.0,1205.0,1205.0,1205.0,1205.0,1205.0,1205.0,1205.0,1205.0,1205.0,1205.0,1205.0,1205.0,1205.0,1205.0,1205.0,1205.0,1205.0,1205.0,1205.0,1205.0,1205.0,1205.0,1205.0,1205.0,1205.0,1205.0,1205.0,1205.0,1205.0,1204.0,1204.0,1204.0,1204.0,1204.0,1204.0,1204.0,1204.0,1204.0,1204.0,1204.0,1204.0,1204.0,1204.0,1204.0,1204.0,1204.0,1204.0,1204.0,1204.0,1204.0,1204.0,1204.0,1204.0,1204.0,1204.0,1204.0,1204.0,1204.0,1204.0,1204.0,1204.0,1204.0,1204.0,1204.0,1204.0,1204.0,1204.0
tune_8,Testing/network-cor-forma_eu_27t.txt,0.05,0.05,0.03,50,3,0.8,0.01,largest,1,50,1919.0,535.36,5180,0,9760.0,8719.0,8719.0,8719.0,8154.0,6906.0,6906.0,6906.0,6710.0,6710.0,6710.0,3388.0,3388.0,3388.0,3388.0,3388.0,3388.0,3313.0,2916.0,2916.0,2916.0,2916.0,2916.0,2916.0,2916.0,2916.0,2916.0,2916.0,2916.0,2916.0,2916.0,2916.0,2916.0,2916.0,2916.0,2916.0,2916.0,2916.0,2916.0,2916.0,2916.0,2916.0,2916.0,2916.0,2916.0,2916.0,2916.0,2916.0,2916.0,2916.0,2916.0,2916.0,2916.0,2916.0,2916.0,2916.0,2916.0,2916.0,2916.0,2916.0,2916.0,2916.0,2916.0,2916.0,2873.0,2873.0,2873.0,2873.0,2873.0,2873.0,2873.0,2873.0,2873.0,2873.0,2873.0,2869.0,2865.0,2865.0,2865.0,2865.0,2865.0,2865.0,2865.0,2865.0,2865.0,2865.0,2865.0,2865.0,2865.0,2865.0,2865.0,2865.0,2865.0,2865.0,2865.0,2864.0,2864.0,2864.0,2864.0,2864.0,2864.0,2864.0,2864.0,2864.0,2864.0,2864.0,2864.0,2864.0,2864.0,2864.0,2864.0,2864.0,2864.0,2864.0,2864.0,2864.0,2864.0,2864.0,2864.0,2864.0,2864.0,2864.0,2864.0,2864.0,2863.0,2863.0,2863.0,2863.0,2863.0,2863.0,2863.0,2863.0,2863.0,2863.0,2862.0,2862.0,2862.0,2862.0,2862.0,2862.0,2862.0,2862.0,2862.0,2862.0,2862.0,2862.0,2862.0,2862.0,2862.0,2862.0,2862.0,2862.0,2862.0,2862.0,2862.0,2862.0,2862.0,2862.0,2862.0,2861.0,2861.0,2861.0,2861.0,2861.0,2861.0,2861.0,2861.0,2861.0,2861.0,2861.0,2861.0,2861.0,2861.0,2861.0,2861.0,2861.0,2861.0,2861.0,2861.0,2861.0,2861.0,2861.0,2861.0,2861.0,2861.0,2861.0,2861.0,2861.0,2861.0,2861.0,2861.0,2861.0,2861.0,2861.0,2861.0,2861.0,2861.0,2861.0,2861.0,2861.0
tune_1,Testing/network-cor-forma_eu_27t.txt,0.05,0.05,0.03,50,3,0.8,0.01,pairwise,0,50,1592665.0,525.96,5267,0,48371972.0,48371972.0,48371972.0,44009017.0,44009017.0,44009017.0,37614824.0,37614824.0,37614824.0,37614824.0,37614824.0,37614824.0,37614824.0,37614824.0,26260017.0,19012006.0,8880230.0,5590769.0,5590769.0,5258019.0,4708618.0,3443508.0,3443508.0,2897794.0,2897794.0,2897794.0,2897794.0,2897794.0,2897794.0,2897794.0,2897794.0,2897794.0,2897794.0,2897794.0,2897794.0,2897794.0,2897794.0,2897794.0,2897794.0,2897794.0,2897794.0,2897794.0,2897794.0,2897794.0,2897794.0,2897794.0,2897794.0,2897794.0,2897794.0,2897794.0,2897794.0,2897794.0,2897794.0,2897794.0,2897794.0,2897794.0,2897794.0,2897794.0,2897794.0,2897794.0,2897794.0,2897794.0,2897794.0,2897794.0,2880901.0,2880901.0,2880901.0,2880901.0,2880901.0,2880901.0,2880901.0,2880901.0,2880901.0,2880901.0,2880901.0,2880901.0,2880901.0,2880901.0,2880901.0,2880901.0,2880901.0,2880901.0,2880901.0,2880901.0,2880901.0,2880901.0,2880901.0,2880901.0,2880901.0,2880901.0,2880901.0,2880901.0,2880901.0,2880901.0,2880901.0,2880901.0,2880901.0,2878497.0,2878497.0,2878497.0,2878497.0,2878497.0,2878497.0,2878497.0,2878497.0,2878497.0,2878497.0,2878497.0,2878497.0,2878497.0,2878497.0,2878497.0,2878497.0,2878497.0,2878497.0,2878497.0,2878450.0,2878450.0,2878450.0,2878450.0,2878450.0,2878450.0,2878450.0,2878450.0,2876158.0,2876158.0,2876158.0,2876158.0,2876158.0,2876158.0,2876158.0,2876158.0,2876158.0,2876158.0,2876158.0,2876158.0,2876158.0,2876158.0,2876158.0,2876091.0,2876091.0,2876091.0,2876091.0,2876091.0,2876091.0,2876091.0,2876091.0,2876091.0,2876091.0,2876091.0,2876091.0,2876091.0,2876091.0,2876091.0,2873728.0,2873728.0,2873728.0,2873728.0,2873728.0,2873728.0,2873728.0,2873728.0,2873728.0,2873728.0,2873690.0,2873690.0,2873690.0,2873690.0,2873690.0,2873690.0,2873690.0,2873690.0,2873690.0,2873689.0,2873689.0,1848468.0,1848468.0,1848468.0,1848468.0
tune_7,Testing/network-cor-forma_eu_27t.txt,0.05,0.05,0.03,50,3,0.8,0.01,largest,1,50,2183.0,543.84,5162,0,11683.0,11683.0,11668.0,11531.0,9710.0,7614.0,7614.0,6992.0,6992.0,6673.0,6673.0,6673.0,5378.0,4209.0,3832.0,3627.0,3627.0,3627.0,3627.0,3627.0,3627.0,3627.0,3627.0,3627.0,3627.0,3627.0,3627.0,3627.0,3627.0,3627.0,3627.0,3627.0,3627.0,3627.0,3627.0,3627.0,3627.0,3627.0,3627.0,3627.0,3627.0,3627.0,3627.0,3627.0,3627.0,3627.0,3627.0,3627.0,3627.0,3627.0,3627.0,3627.0,3627.0,3627.0,3627.0,3627.0,3627.0,3627.0,3627.0,3627.0,3627.0,3627.0,3627.0,3627.0,3627.0,3627.0,3627.0,3627.0,3627.0,3627.0,3627.0,3627.0,3618.0,3618.0,3618.0,3618.0,3618.0,3618.0,3618.0,3618.0,3618.0,3618.0,3618.0,3618.0,3618.0,3618.0,3618.0,3618.0,3618.0,3618.0,3618.0,3618.0,3618.0,3618.0,3618.0,3618.0,3618.0,3618.0,3618.0,3618.0,3618.0,3618.0,3618.0,3618.0,3618.0,3618.0,3618.0,3617.0,3617.0,3617.0,3617.0,3617.0,3617.0,3617.0,3617.0,3617.0,3617.0,3617.0,3617.0,3617.0,3616.0,3616.0,3616.0,3616.0,3616.0,3616.0,3616.0,3616.0,3616.0,3616.0,3616.0,3616.0,3616.0,3616.0,3616.0,3615.0,3615.0,3615.0,3615.0,3615.0,3615.0,3615.0,3615.0,3615.0,3615.0,3615.0,3615.0,3614.0,3614.0,3614.0,3614.0,3614.0,3614.0,3614.0,3614.0,3614.0,3614.0,3614.0,3614.0,3614.0,3614.0,3614.0,3614.0,3614.0,3614.0,3614.0,3614.0,3614.0,3614.0,3614.0,3614.0,3614.0,3614.0,3614.0,3614.0,3614.0,3613.0,3613.0,3613.0,3613.0,3613.0,3613.0,3613.0,3613.0,3613.0,3613.0,3613.0,3613.0,3613.0,3613.0,3613.0,3613.0,3613.0,3613.0,3613.0,3613.0,3613.0,3613.0,3613.0,3612.0
tune_9,Testing/network-cor-forma_eu_27t.txt,0.05,0.05,0.03,50,3,0.8,0.01,largest,1,50,2200.0,542.84,5230,0,11979.0,11979.0,11956.0,11804.0,9589.0,8491.0,8491.0,8491.0,8491.0,8369.0,8287.0,7287.0,7280.0,6301.0,6147.0,5079.0,4996.0,1859.0,1859.0,1859.0,1859.0,1859.0,1859.0,1859.0,1859.0,1859.0,1859.0,1859.0,1859.0,1859.0,1859.0,1859.0,1859.0,1859.0,1859.0,1769.0,1769.0,1769.0,1280.0,1280.0,1280.0,1280.0,1280.0,1280.0,1280.0,1280.0,1280.0,1280.0,1280.0,1280.0,1280.0,1280.0,1280.0,1280.0,1280.0,1280.0,1280.0,1280.0,1280.0,1280.0,1280.0,1280.0,1280.0,1280.0,1272.0,1272.0,1272.0,1272.0,1272.0,1272.0,1272.0,1272.0,1272.0,1272.0,1272.0,1272.0,1272.0,1272.0,1272.0,1272.0,1272.0,1272.0,1272.0,1272.0,1272.0,1272.0,1272.0,1271.0,1271.0,1271.0,1271.0,1271.0,1271.0,1271.0,1271.0,1271.0,1271.0,1271.0,1271.0,1271.0,1271.0,1271.0,1271.0,1271.0,1271.0,1271.0,1271.0,1271.0,1271.0,1271.0,1271.0,1271.0,1271.0,1271.0,1271.0,1271.0,1271.0,1271.0,1271.0,1271.0,1271.0,1271.0,1271.0,1271.0,1271.0,1271.0,1271.0,1271.0,1271.0,1271.0,1271.0,1271.0,1271.0,1271.0,1271.0,1271.0,1271.0,1271.0,1271.0,1271.0,1271.0,1271.0,1271.0,1271.0,1271.0,1271.0,1271.0,1271.0,1271.0,1271.0,1271.0,1271.0,1271.0,1271.0,1271.0,1271.0,1271.0,1270.0,1270.0,1270.0,1270.0,1270.0,1270.0,1270.0,1270.0,1270.0,1270.0,1270.0,1270.0,1270.0,1270.0,1269.0,1269.0,1269.0,1269.0,1269.0,1269.0,1269.0,1269.0,1269.0,1269.0,1269.0,1269.0,1269.0,1269.0,1269.0,1269.0,1269.0,1269.0,1269.0,1269.0,1269.0,1269.0,1269.0,1269.0,1269.0,1269.0,1269.0,1269.0,1269.0
tune_5,Testing/network-cor-forma_eu_27t.txt,0.05,0.05,0.03,50,3,0.8,0.01,largest,1,50,2573.0,560.89,5251,0,11853.0,11853.0,11759.0,9074.0,9074.0,8287.0,7952.0,7628.0,7628.0,7621.0,6490.0,6490.0,6490.0,6490.0,4473.0,4473.0,2491.0,2395.0,2395.0,2395.0,2395.0,2395.0,2395.0,2395.0,2395.0,2395.0,2395.0,2395.0,2395.0,2395.0,2395.0,2395.0,2395.0,2395.0,2395.0,2395.0,2395.0,2395.0,2395.0,2395.0,2395.0,2395.0,2395.0,2395.0,2395.0,2376.0,2376.0,2376.0,2376.0,2376.0,2376.0,2376.0,2376.0,2376.0,2376.0,2376.0,2376.0,2376.0,2376.0,2376.0,2376.0,2376.0,2376.0,2376.0,2376.0,2376.0,2376.0,2376.0,2376.0,2376.0,2376.0,2376.0,2376.0,2376.0,2376.0,2376.0,2376.0,2376.0,2376.0,2376.0,2376.0,2376.0,2376.0,2376.0,2376.0,2376.0,2376.0,2376.0,2376.0,2376.0,2376.0,2376.0,2376.0,2376.0,2376.0,2376.0,2376.0,2376.0,2376.0,2376.0,2376.0,2376.0,2376.0,2376.0,2376.0,2376.0,2376.0,2376.0,2376.0,2376.0,2376.0,2376.0,2376.0,2376.0,2376.0,2376.0,2376.0,2375.0,2375.0,2375.0,2375.0,2375.0,2375.0,2375.0,2375.0,2375.0,2375.0,2375.0,2375.0,2375.0,2375.0,2375.0,2375.0,2375.0,2375.0,2374.0,2374.0,2374.0,2374.0,2374.0,2374.0,2374.0,2374.0,2374.0,2374.0,2374.0,2374.0,2374.0,2374.0,2374.0,2374.0,2374.0,2374.0,2374.0,2374.0,2374.0,2374.0,2374.0,2374.0,2374.0,2374.0,2374.0,2374.0,2374.0,2374.0,2374.0,2374.0,2374.0,2374.0,2374.0,2374.0,2374.0,2374.0,2374.0,2374.0,2374.0,2374.0,2374.0,2374.0,2374.0,2374.0,2374.0,2374.0,2374.0,2374.0,2374.0,2374.0,2374.0,2374.0,2374.0,2374.0,2374.0,2374.0,2374.0,2374.0,2374.0,2374.0,2374.0,2374.0,2374.0
tune_10,Testing/network-cor-forma_eu_27t.txt,0.05,0.05,0.03,50,3,0.8,0.01,largest,1,50,1239.0,553.36,5247,0,11964.0,11964.0,8853.0,8562.0,8444.0,8444.0,8344.0,8344.0,7902.0,7902.0,7902.0,7280.0,4608.0,4608.0,3941.0,2906.0,2906.0,2906.0,2906.0,2906.0,2906.0,2906.0,2906.0,2906.0,2906.0,2906.0,2906.0,2906.0,2906.0,2906.0,2906.0,2906.0,2906.0,2906.0,2898.0,2898.0,2898.0,2898.0,2898.0,2865.0,2865.0,2865.0,2865.0,2865.0,2865.0,2865.0,2865.0,2865.0,2865.0,2865.0,2865.0,2865.0,2865.0,2865.0,2865.0,2842.0,2842.0,2842.0,2842.0,2842.0,2842.0,2842.0,2842.0,2842.0,2842.0,2842.0,2842.0,2842.0,2842.0,2842.0,2842.0,2842.0,2842.0,2842.0,2842.0,2842.0,2842.0,2842.0,2842.0,2842.0,2842.0,2842.0,2842.0,2842.0,2842.0,2842.0,2842.0,2842.0,2842.0,2842.0,2842.0,2842.0,2842.0,2842.0,2842.0,2842.0,2842.0,2842.0,2842.0,2842.0,2842.0,2842.0,2842.0,2842.0,2842.0,2842.0,2842.0,2842.0,2841.0,2841.0,2841.0,2841.0,2841.0,2841.0,2841.0,2841.0,2841.0,2841.0,2841.0,2841.0,2840.0,2840.0,2840.0,2840.0,2840.0,2840.0,2840.0,2840.0,2840.0,2840.0,2840.0,2840.0,2840.0,2840.0,2840.0,2840.0,2840.0,2840.0,2840.0,2840.0,2840.0,2840.0,2840.0,2840.0,2840.0,2840.0,2840.0,2840.0,2840.0,2840.0,2840.0,2840.0,2840.0,2840.0,2840.0,2838.0,2838.0,2838.0,2838.0,2838.0,2838.0,2838.0,2838.0,2838.0,2838.0,2838.0,2838.0,2838.0,2838.0,2838.0,2838.0,2838.0,2838.0,2838.0,2838.0,2838.0,2838.0,2838.0,2838.0,2838.0,2838.0,2838.0,2838.0,2838.0,2838.0,2838.0,2838.0,2838.0,2838.0,2838.0,2838.0,2838.0,2838.0,2838.0,2838.0,2838.0,2838.0,2838.0,2838.0,2838.0
tune_4,Testing/network-cor-forma_eu_27t.txt,0.05,0.05,0.03,50,3,0.8,0.01,pairwise,0,50,2861557.0,524.66,5259,0,48488188.0,48488188.0,48488188.0,47382996.0,36172680.0,32583716.0,32583716.0,31218529.0,31218529.0,31218529.0,26703612.0,26703612.0,10470117.0,8836672.0,5031610.0,2424534.0,2055786.0,2055786.0,2055786.0,2055786.0,2055786.0,2055786.0,2055786.0,2055786.0,2055786.0,2055786.0,1978494.0,1978494.0,1978494.0,1978494.0,1978494.0,1978494.0,1978494.0,1978494.0,1978494.0,1584343.0,1584343.0,1584343.0,1584343.0,1584343.0,1584343.0,1584343.0,1584343.0,1584343.0,1584343.0,1584343.0,1584343.0,1584343.0,1584343.0,1584343.0,1584343.0,1584343.0,1584343.0,1577742.0,1577742.0,1577742.0,1577742.0,1577742.0,1577742.0,1577742.0,1577742.0,1527162.0,1527162.0,1527162.0,1527162.0,1527162.0,1527162.0,1527162.0,1527162.0,1527162.0,1527162.0,1527162.0,1527162.0,1527162.0,1527162.0,1527162.0,1527162.0,1527162.0,1527162.0,1527162.0,1527162.0,1527162.0,1527162.0,1527162.0,1527162.0,1527162.0,1527162.0,1527162.0,1527162.0,1527162.0,1527162.0,1527162.0,1527162.0,1527162.0,1527162.0,1527162.0,1527162.0,1527162.0,1527162.0,1527162.0,1527162.0,1527162.0,1527162.0,1527162.0,1527162.0,1527162.0,1527162.0,1527162.0,1527162.0,1527067.0,1527067.0,1527067.0,1527067.0,1527067.0,1527067.0,1527067.0,1527067.0,1527067.0,1527067.0,1527025.0,1527025.0,1527025.0,1527025.0,1527025.0,1527025.0,1525423.0,1525423.0,1525423.0,1525423.0,1525423.0,1525423.0,1525423.0,1525423.0,1525423.0,1525423.0,1525423.0,1525423.0,1525423.0,1525395.0,1525395.0,1525395.0,1525395.0,1525395.0,1525395.0,1525395.0,1525395.0,1525395.0,1525395.0,1525395.0,1525395.0,1525395.0,1525395.0,1525395.0,1525395.0,1525395.0,1525395.0,1525395.0,1525395.0,1525395.0,1525395.0,1525395.0,1525395.0,1525395.0,1525395.0,1525395.0,1525395.0,1525373.0,1525373.0,1525373.0,1525373.0,1525336.0,1973385.0,1973385.0,1973385.0,1973385.0,1973385.0,1973385.0,1973385.0,1973385.0,1973385.0,1973385.0,1973385.0,1973385.0,1973385.0,1973385.0,1973385.0
tune_5,Testing/network-cor-forma_eu_27t.txt,0.05,0.05,0.03,50,3,0.8,0.01,pairwise,0,50,1880397.0,504.14,5242,0,51546973.0,49029742.0,49029742.0,49029742.0,47498553.0,38487211.0,37927312.0,36169575.0,36169575.0,33389072.0,33389072.0,26616041.0,26325242.0,5422387.0,5422387.0,4164085.0,4164085.0,4164085.0,4164085.0,4164085.0,4164085.0,4164085.0,4164085.0,4164085.0,4164085.0,4164085.0,4164085.0,4164085.0,4164085.0,4164085.0,4164085.0,4164085.0,4164085.0,4164085.0,4164085.0,4164085.0,4164085.0,4164085.0,4164085.0,3387190.0,3387190.0,3387190.0,3387190.0,3387190.0,3307762.0,3307762.0,3307762.0,2166736.0,2166736.0,2166736.0,2166736.0,2166736.0,2166736.0,2166736.0,2166736.0,2166736.0,2166736.0,2166736.0,2166736.0,2166736.0,2166736.0,2166736.0,2166736.0,2166736.0,2166736.0,2166736.0,2166736.0,2166736.0,2166736.0,2166736.0,2166736.0,2166736.0,2166736.0,2166736.0,2149654.0,2149654.0,2149654.0,2149654.0,2149654.0,2149654.0,2149654.0,2149654.0,2149654.0,2149654.0,2149654.0,2149654.0,2149654.0,2149654.0,2149654.0,2149654.0,2149654.0,2149654.0,2149654.0,2149654.0,2149654.0,2149654.0,2149654.0,2149654.0,2149654.0,2149654.0,2149654.0,2149654.0,2149654.0,2149654.0,2149654.0,2149654.0,2149654.0,2149654.0,2149654.0,2149654.0,2149654.0,2149654.0,2149654.0,2149654.0,2149654.0,2149654.0,2147646.0,2147646.0,2147646.0,2147646.0,2147646.0,2147646.0,2147646.0,2147646.0,2147646.0,2147646.0,2147646.0,2147646.0,2147646.0,2147646.0,2147646.0,2147646.0,2147646.0,2147646.0,2147646.0,2147646.0,2147646.0,2147646.0,2147646.0,2147646.0,2147646.0,2147646.0,2147646.0,2147646.0,2147646.0,2147646.0,2147646.0,2147646.0,2147646.0,2147646.0,2147646.0,2147646.0,2147646.0,2147646.0,2147642.0,2147642.0,2147642.0,3183966.0,3183966.0,3183966.0,3183966.0,3183966.0,3183966.0,3183966.0,3183966.0,3181480.0,3181480.0,3181480.0,3181480.0,3181480.0,3181480.0,3181480.0,3181480.0,3181480.0,3181480.0,3181480.0,3181480.0,3181480.0,3181480.0,3181480.0,3181480.0,3181480.0,3178995.0,3178995.0,3178995.0,3178995.0,3178995.0,3178995.0,3178995.0,3178995.0,3178995.0,3178995.0,3178995.0,3178973.0,3178973.0,3178973.0,3178973.0,3178973.0,3178973.0
tune_9,Testing/network-cor-forma_eu_27t.txt,0.05,0.05,0.03,50,3,0.8,0.01,pairwise,0,50,2646023.0,502.82,5177,0,46752337.0,45630672.0,45630672.0,26506717.0,26506717.0,26506717.0,9470712.0,9470712.0,9470712.0,6712392.0,3593527.0,2466881.0,2104074.0,2104074.0,2104074.0,2104074.0,2104074.0,2104074.0,2104074.0,2104074.0,2104074.0,2104074.0,2104074.0,2104074.0,2104074.0,2104074.0,2104074.0,2104074.0,2104074.0,2104074.0,2104074.0,2104074.0,2104074.0,2104074.0,2104074.0,2104074.0,2104074.0,2104074.0,2104074.0,2104074.0,2104074.0,2104074.0,2104074.0,2104074.0,2104074.0,2104074.0,2104074.0,2104074.0,2104074.0,2104074.0,2104074.0,2104074.0,2104074.0,2104074.0,2104074.0,2104074.0,2104074.0,2104074.0,2104074.0,2104074.0,2104021.0,2104021.0,2104021.0,2104021.0,2104021.0,2104021.0,2104021.0,2104021.0,2104021.0,2104021.0,2104021.0,2104021.0,2104021.0,2104021.0,2104021.0,2104021.0,2104021.0,2104021.0,2104021.0,2104021.0,2104021.0,2104021.0,2104021.0,2104021.0,2104021.0,2104021.0,2104021.0,2104021.0,2104021.0,2104021.0,2104021.0,2104021.0,2104021.0,2102054.0,2102054.0,2102054.0,2102054.0,2102054.0,2102054.0,2102054.0,2102054.0,2102054.0,2102054.0,2102054.0,2102054.0,2102054.0,2102054.0,2102054.0,2102054.0,2102054.0,2102054.0,2102054.0,2102054.0,2102054.0,2102054.0,2102054.0,2102051.0,2102051.0,2102038.0,2102038.0,2102038.0,2102038.0,2102038.0,2102038.0,2100101.0,2100101.0,2100101.0,2100101.0,2100101.0,2100101.0,2100101.0,2100101.0,2100101.0,2100095.0,2100095.0,2100095.0,2100095.0,2100095.0,2100095.0,2100095.0,2100095.0,2100095.0,2100095.0,2100095.0,2100095.0,2100094.0,2100094.0,2100092.0,2100092.0,2100092.0,2100092.0,2100092.0,2100092.0,2100092.0,2100092.0,2100092.0,2100092.0,2100092.0,2100092.0,2100092.0,2100092.0,2100092.0,2100092.0,2100092.0,2099839.0,2099839.0,2098127.0,2098127.0,2098127.0,2098127.0,2098127.0,2098127.0,2098127.0,2098127.0,2098127.0,2098127.0,2098127.0,2097889.0,2097889.0,2097889.0,2097889.0,2097889.0,2097889.0,2097889.0,2097889.0
tune_6,Testing/network-cor-forma_eu_27t.txt,0.05,0.05,0.03,50,3,0.8,0.01,pairwise,0,50,3078977.0,515.84,5233,0,70303020.0,69770449.0,48411207.0,37754271.0,36035318.0,33352468.0,33352468.0,32848364.0,31228611.0,28557111.0,28557111.0,23438392.0,23438392.0,23438392.0,23438392.0,9782455.0,9782455.0,8281194.0,6104530.0,5690989.0,5690989.0,5690989.0,5690989.0,5690989.0,5690989.0,5690989.0,5690989.0,5690989.0,5690989.0,5690989.0,5690989.0,5690989.0,5030161.0,5030161.0,5030161.0,5030161.0,5030161.0,5030161.0,5030161.0,5030161.0,5030161.0,5030161.0,5030161.0,5030161.0,5030161.0,5030161.0,5030161.0,5030161.0,5030161.0,5030161.0,5030161.0,5030161.0,5030161.0,5030161.0,5030161.0,5030161.0,5030161.0,5030161.0,5030161.0,5030161.0,5030161.0,5030161.0,5030161.0,5030161.0,5030161.0,5030161.0,5030161.0,5030161.0,5030161.0,5030161.0,5030161.0,5030161.0,5030161.0,5030161.0,5030161.0,5030161.0,5030161.0,5030161.0,5030161.0,5030161.0,5030161.0,5030161.0,5030161.0,5030161.0,5030161.0,5030161.0,5030161.0,5030161.0,5030161.0,5030161.0,5030161.0,5030161.0,5016880.0,5016880.0,5016880.0,5016880.0,5016880.0,5016880.0,5016880.0,5016880.0,5016880.0,5016880.0,5016880.0,5016880.0,5016880.0,5016880.0,5016880.0,5016868.0,5016868.0,5016868.0,5016868.0,5016868.0,5016868.0,5016868.0,5016868.0,5016835.0,5016835.0,5016835.0,5016835.0,5016835.0,5016835.0,5016835.0,5016835.0,5016835.0,5016835.0,5016835.0,5016835.0,5016835.0,5016835.0,5016835.0,5016830.0,5016830.0,5016830.0,5016830.0,5016830.0,5016830.0,5016830.0,5016830.0,5016830.0,5016830.0,5016830.0,5016830.0,5016830.0,5016830.0,5016830.0,5016830.0,5016830.0,5013708.0,5013708.0,5013708.0,5013708.0,5013708.0,5013708.0,5013708.0,2666093.0,2666093.0,2666093.0,2666093.0,2666093.0,2666093.0,2666093.0,2666093.0,2666093.0,2666006.0,2666006.0,2666006.0,2666006.0,2666006.0,2665948.0,2665948.0,2665948.0,2665948.0,2665948.0,2665948.0,2665948.0,2665948.0,2665948.0,2665948.0,2665948.0,2665948.0,2665948.0,2665948.0,2665948.0,2665948.0,2665945.0,2665945.0,2665943.0,2665943.0,2665943.0,2665943.0,2665943.0
tune_7,Testing/network-cor-forma_eu_27t.txt,0.05,0.05,0.03,50,3,0.8,0.01,pairwise,0,50,3715276.0,514.80,5281,-1
tune_10,Testing/network-cor-forma_eu_27t.txt,0.05,0.05,0.03,50,3,0.8,0.01,pairwise,0,50,4511331.0,504.63,5230,0,49617003.0,49617003.0,38716912.0,31958068.0,31958068.0,31958068.0,31958068.0,31958068.0,31958068.0,31958068.0,26543100.0,26485333.0,4237669.0,4237669.0,3184654.0,2607564.0,2607564.0,2607564.0,2607564.0,2607564.0,2607564.0,2607564.0,2607564.0,2607564.0,2607564.0,2607564.0,2607564.0,2607564.0,2607564.0,2607564.0,2607564.0,2607564.0,2607564.0,2465515.0,2465515.0,2465515.0,2465515.0,2465515.0,2465515.0,2465515.0,2465515.0,2465515.0,2465515.0,2465515.0,2465515.0,2465515.0,2465515.0,2465515.0,2465515.0,2465515.0,2465515.0,2465515.0,2465515.0,2465515.0,2465515.0,2465443.0,2465443.0,2465443.0,2465443.0,2465443.0,2465443.0,2465443.0,2465443.0,2465443.0,2465443.0,2465443.0,2465443.0,2465443.0,2465443.0,2465443.0,2465443.0,2465443.0,2465418.0,2465418.0,2465418.0,2465418.0,2465418.0,2465418.0,2465418.0,2465418.0,2465418.0,2465418.0,2465418.0,2465418.0,2465418.0,2463271.0,2463271.0,2463271.0,2463271.0,2463271.0,2463271.0,2463271.0,2463271.0,2463271.0,2463271.0,2463271.0,2463271.0,2463271.0,2463271.0,2463271.0,2463271.0,2463271.0,2463271.0,2463271.0,2463271.0,2463271.0,2463271.0,2463271.0,2463271.0,2463271.0,2463271.0,2463271.0,2463271.0,2463271.0,2463271.0,2463271.0,2463271.0,2463271.0,2463271.0,2463271.0,2463271.0,2463271.0,2463271.0,2463271.0,2463271.0,2463271.0,2461100.0,2461100.0,2461100.0,2461100.0,2461100.0,2461100.0,2461100.0,2461100.0,2458930.0,2458930.0,2458930.0,2458930.0,2458930.0,2458930.0,2458930.0,2458930.0,2458930.0,2458930.0,2458930.0,2458930.0,2458930.0,2458930.0,2458930.0,2458930.0,2458930.0,2458930.0,2458924.0,2458924.0,2458924.0,2458760.0,2458760.0,2458760.0,2458760.0,2458760.0,2458760.0,2458760.0,2458760.0,2458760.0,2458760.0,2458760.0,2458760.0,2458760.0,2458760.0,2458760.0,2458760.0,2456591.0,2456591.0,2456591.0,2456591.0,2456591.0,2456591.0,2456591.0,2456591.0,2456591.0,2456591.0,2456591.0,2456591.0,2456591.0,2456591.0,2456591.0
tune_8,Testing/network-cor-forma_eu_27t.txt,0.05,0.05,0.03,50,3,0.8,0.01,pairwise,0,50,2576921.0,513.17,5257,0,48399965.0,46172582.0,35858801.0,35858801.0,24520042.0,24520042.0,24520042.0,24520042.0,24399767.0,24399767.0,24399767.0,24399767.0,13020917.0,8188121.0,3354330.0,3354330.0,3021935.0,3021935.0,3021935.0,3021935.0,3021935.0,3021935.0,3021935.0,3021935.0,3021935.0,3021935.0,3021935.0,3021935.0,3021935.0,3021935.0,3021935.0,3021935.0,3021935.0,3021935.0,3021935.0,3021935.0,3021935.0,3021935.0,3021935.0,3021935.0,3021935.0,3021935.0,3021935.0,3021935.0,2819743.0,2819743.0,2819743.0,2819743.0,2819743.0,2819743.0,2819743.0,2819743.0,2819743.0,2819743.0,2819743.0,2819743.0,2819743.0,2819743.0,2819743.0,2819743.0,2819743.0,2819743.0,2819743.0,2819731.0,2819731.0,2819731.0,2819731.0,2819731.0,2819731.0,2819731.0,2819731.0,2819731.0,2819731.0,2819731.0,2819731.0,2819731.0,2819731.0,2819731.0,2819731.0,2819731.0,2819731.0,2817517.0,2817517.0,2817517.0,2817517.0,2817517.0,2817517.0,2817517.0,2817517.0,2817517.0,2817517.0,2817517.0,2817517.0,2817517.0,2817517.0,2817517.0,2817517.0,2817517.0,2817517.0,2817517.0,2817517.0,2817517.0,2817486.0,2817486.0,2817486.0,2817486.0,2817486.0,2817486.0,2817486.0,2817486.0,2817486.0,2817486.0,2817486.0,2817486.0,2817486.0,2817486.0,2817486.0,2817486.0,2817486.0,2817486.0,2817475.0,2817475.0,2817475.0,2815180.0,2815180.0,2815180.0,2815180.0,2815180.0,2815180.0,2815180.0,2815180.0,2815180.0,2815180.0,2815180.0,2815180.0,2815180.0,2815180.0,2815180.0,2815146.0,2815146.0,2815146.0,2815146.0,2815146.0,2815146.0,2815146.0,2815146.0,2815146.0,2815146.0,2815146.0,2815146.0,2815146.0,2815146.0,2815146.0,2815146.0,2815146.0,2815146.0,2815146.0,2812843.0,2812843.0,2812843.0,2812843.0,2812843.0,2812843.0,2812843.0,2812843.0,2812843.0,2812843.0,2812843.0,2812843.0,2812843.0,2812843.0,2812843.0,2812843.0,2812813.0,2812813.0,2812813.0,2812813.0,2812813.0,2812813.0,2812813.0,2812813.0,2812813.0,2812813.0,2812813.0,2812813.0,2812813.0,2812813.0
tune_3,Testing/network-cor-forma_eu_27t.txt,0.05,0.05,0.03,50,3,0.8,0.01,pairwise,1,50,2553298.0,509.04,5181,0,69995483.0,68946300.0,36255274.0,36255274.0,36255274.0,30715489.0,30715489.0,25001689.0,25001689.0,25001689.0,24687162.0,24687162.0,23857576.0,8004807.0,6201838.0,4420274.0,3392024.0,3392024.0,3392024.0,3392024.0,3392024.0,3392024.0,3392024.0,3392024.0,3392024.0,3392024.0,3392024.0,3392024.0,3392024.0,3392024.0,3392024.0,3392024.0,3392024.0,3392024.0,3392024.0,3392024.0,3392024.0,3392024.0,3392024.0,3392024.0,3392024.0,3392024.0,3392024.0,3392024.0,3392024.0,3392024.0,3392024.0,3392024.0,3392024.0,3392024.0,3392024.0,3392024.0,3392024.0,3392024.0,3392024.0,3392024.0,3392024.0,3392024.0,3392024.0,3392024.0,3392024.0,3392024.0,3392024.0,3392024.0,3392024.0,3392024.0,3392024.0,3392024.0,3392024.0,3392024.0,3392024.0,3392024.0,3392024.0,3391268.0,3391268.0,3391268.0,3391268.0,3391268.0,3391268.0,3384691.0,3384691.0,3384691.0,3384691.0,3384691.0,3384691.0,3384691.0,3384691.0,3384691.0,3384691.0,3384691.0,3384691.0,3384691.0,3384691.0,3384691.0,3384691.0,3384691.0,3384691.0,3384691.0,3384691.0,3384691.0,3384691.0,3384691.0,3384691.0,3384691.0,3384691.0,3384614.0,3384614.0,3382125.0,3382125.0,3382125.0,3382125.0,3382125.0,3382125.0,3382125.0,3382125.0,3382125.0,3382125.0,3382125.0,3382125.0,3382125.0,3382125.0,3382125.0,3382125.0,3382125.0,3382125.0,3382125.0,3382125.0,3382125.0,3382125.0,3382125.0,3382125.0,3382125.0,3382125.0,3382125.0,3382125.0,3382125.0,3382125.0,3382125.0,3382125.0,3379574.0,3379574.0,3379574.0,3379574.0,3379574.0,3379574.0,3379574.0,3379574.0,3379574.0,3379574.0,3379574.0,3379574.0,3379566.0,3379566.0,3379566.0,3379566.0,3379566.0,3379566.0,3379566.0,3379566.0,3379566.0,3379566.0,3379566.0,3379566.0,3379566.0,3379566.0,3379566.0,3379566.0,3379566.0,3379566.0,3379566.0,3379566.0,5074402.0,5074402.0,5074402.0,5074402.0,5074402.0,5074402.0,5074402.0,5074402.0,5074402.0,5074402.0,5074369.0,5074369.0,5074369.0,5074369.0,5074369.0,5074369.0
tune_2,Testing/network-cor-forma_eu_27t.txt,0.05,0.05,0.03,50,3,0.8,0.01,pairwise,1,50,1687081.0,518.40,5214,0,70706686.0,70706686.0,69983130.0,69487254.0,47547976.0,38188876.0,32758434.0,32758434.0,27325120.0,27325120.0,26827960.0,24104987.0,13663210.0,1690809.0,1690809.0,1690809.0,1690809.0,1690809.0,1690809.0,1690809.0,1690809.0,1690809.0,1690809.0,1690809.0,1690809.0,1690809.0,1690809.0,1690809.0,1690809.0,1690809.0,1690809.0,1690809.0,1690809.0,1690809.0,1690809.0,1690809.0,1690809.0,1690809.0,1690809.0,1690809.0,1690809.0,1690809.0,1690809.0,1690809.0,1690809.0,1690809.0,1690809.0,1690809.0,1690809.0,1690809.0,1690809.0,1690809.0,1690809.0,1690809.0,1690809.0,1690809.0,1690809.0,1690809.0,1690809.0,1690809.0,1690809.0,1690809.0,1690809.0,1690809.0,1690809.0,1690809.0,1690809.0,1690809.0,1690809.0,1690809.0,1690809.0,1690809.0,1690809.0,1690809.0,1690809.0,1690809.0,1690809.0,1690809.0,1690809.0,1677109.0,1677109.0,1677109.0,1677109.0,1677109.0,1677109.0,1677109.0,1677109.0,1673661.0,1673661.0,1673661.0,1673661.0,1673661.0,1673661.0,1673661.0,1673661.0,1673661.0,1673661.0,1673661.0,1673661.0,1673661.0,1673661.0,1673661.0,1673661.0,1673661.0,1673661.0,1673661.0,1673661.0,1673661.0,1673661.0,1673661.0,1673661.0,1673661.0,1673661.0,1673657.0,1673657.0,1673657.0,1673657.0,1673657.0,1673657.0,1673657.0,1673657.0,1673657.0,1673657.0,1673657.0,1673657.0,1673657.0,1673657.0,1673657.0,1673657.0,1673657.0,1673657.0,1673657.0,1673657.0,1673657.0,1673657.0,1673657.0,1673657.0,1673657.0,1673657.0,1673657.0,1673657.0,1673657.0,1673657.0,1673657.0,1673657.0,1673657.0,1673657.0,1673657.0,1673657.0,1673657.0,1673657.0,1673657.0,1673657.0,1673657.0,1673568.0,1673568.0,1673568.0,1673568.0,1673568.0,1673568.0,1673568.0,1673568.0,1673568.0,1673568.0,1673568.0,1673568.0,1673568.0,1673568.0,1673568.0,1673568.0,1673568.0,1673568.0
tune_5,Testing/network-cor-forma_eu_27t.txt,0.05,0.05,0.03,50,3,0.8,0.01,pairwise,1,50,3546141.0,522.82,5245,0,51546973.0,49029742.0,49029742.0,49029742.0,47498553.0,38487211.0,37927312.0,36169575.0,36169575.0,33389072.0,33389072.0,26616041.0,26325242.0,5422387.0,5422387.0,4164085.0,4164085.0,4164085.0,4164085.0,4164085.0,4164085.0,4164085.0,4164085.0,4164085.0,4164085.0,4164085.0,4164085.0,4164085.0,4164085.0,4164085.0,4164085.0,4164085.0,4164085.0,4164085.0,4164085.0,4164085.0,4164085.0,4164085.0,4164085.0,3387190.0,3387190.0,3387190.0,3387190.0,3387190.0,3307762.0,3307762.0,3307762.0,2166736.0,2166736.0,2166736.0,2166736.0,2166736.0,2166736.0,2166736.0,2166736.0,2166736.0,2166736.0,2166736.0,2166736.0,2166736.0,2166736.0,2166736.0,2166736.0,2166736.0,2166736.0,2166736.0,2166736.0,2166736.0,2166736.0,2166736.0,2166736.0,2166736.0,2166736.0,2166736.0,2149654.0,2149654.0,2149654.0,2149654.0,2149654.0,2149654.0,2149654.0,2149654.0,2149654.0,2149654.0,2149654.0,2149654.0,2149654.0,2149654.0,2149654.0,2149654.0,2149654.0,2149654.0,2149654.0,2149654.0,2149654.0,2149654.0,2149654.0,2149654.0,2149654.0,2149654.0,2149654.0,2149654.0,2149654.0,2149654.0,2149654.0,2149654.0,2149654.0,2149654.0,2149654.0,2149654.0,2149654.0,2149654.0,2149654.0,2149654.0,2149654.0,2149654.0,2147646.0,2147646.0,2147646.0,2147646.0,2147646.0,2147646.0,2147646.0,2147646.0,2147646.0,2147646.0,2147646.0,2147646.0,2147646.0,2147646.0,2147646.0,2147646.0,2147646.0,2147646.0,2147646.0,2147646.0,2147646.0,2147646.0,2147646.0,2147646.0,2147646.0,2147646.0,2147646.0,2147646.0,2147646.0,2147646.0,2147646.0,2147646.0,2147646.0,2147646.0,2147646.0,2147646.0,2147646.0,2147646.0,2147642.0,2147642.0,2147642.0,3183966.0,3183966.0,3183966.0,3183966.0,3183966.0,3183966.0,3183966.0,3183966.0,3181480.0,3181480.0,3181480.0,3181480.0,3181480.0,3181480.0,3181480.0,3181480.0,3181480.0,3181480.0,3181480.0,3181480.0,3181480.0,3181480.0,3181480.0,3181480.0,3181480.0,3178995.0,3178995.0,3178995.0,3178995.0,3178995.0,3178995.0,3178995.0,3178995.0,3178995.0,3178995.0,3178995.0,3178973.0,3178973.0,3178973.0,3178973.0,3178973.0,3178973.0
tune_4,Testing/network-cor-forma_eu_27t.txt,0.05,0.05,0.03,50,3,0.8,0.01,pairwise,1,50,2194373.0,535.55,5178,0,48488188.0,48488188.0,48488188.0,47382996.0,36172680.0,32583716.0,32583716.0,31218529.0,31218529.0,31218529.0,26703612.0,26703612.0,10470117.0,8836672.0,5031610.0,2424534.0,2055786.0,2055786.0,2055786.0,2055786.0,2055786.0,2055786.0,2055786.0,2055786.0,2055786.0,2055786.0,1978494.0,1978494.0,1978494.0,1978494.0,1978494.0,1978494.0,1978494.0,1978494.0,1978494.0,1584343.0,1584343.0,1584343.0,1584343.0,1584343.0,1584343.0,1584343.0,1584343.0,1584343.0,1584343.0,1584343.0,1584343.0,1584343.0,1584343.0,1584343.0,1584343.0,1584343.0,1584343.0,1577742.0,1577742.0,1577742.0,1577742.0,1577742.0,1577742.0,1577742.0,1577742.0,1527162.0,1527162.0,1527162.0,1527162.0,1527162.0,1527162.0,1527162.0,1527162.0,1527162.0,1527162.0,1527162.0,1527162.0,1527162.0,1527162.0,1527162.0,1527162.0,1527162.0,1527162.0,1527162.0,1527162.0,1527162.0,1527162.0,1527162.0,1527162.0,1527162.0,1527162.0,1527162.0,1527162.0,1527162.0,1527162.0,1527162.0,1527162.0,1527162.0,1527162.0,1527162.0,1527162.0,1527162.0,1527162.0,1527162.0,1527162.0,1527162.0,1527162.0,1527162.0,1527162.0,1527162.0,1527162.0,1527162.0,1527162.0,1527067.0,1527067.0,1527067.0,1527067.0,1527067.0,1527067.0,1527067.0,1527067.0,1527067.0,1527067.0,1527025.0,1527025.0,1527025.0,1527025.0,1527025.0,1527025.0,1525423.0,1525423.0,1525423.0,1525423.0,1525423.0,1525423.0,1525423.0,1525423.0,1525423.0,1525423.0,1525423.0,1525423.0,1525423.0,1525395.0,1525395.0,1525395.0,1525395.0,1525395.0,1525395.0,1525395.0,1525395.0,1525395.0,1525395.0,1525395.0,1525395.0,1525395.0,1525395.0,1525395.0,1525395.0,1525395.0,1525395.0,1525395.0,1525395.0,1525395.0,1525395.0,1525395.0,1525395.0,1525395.0,1525395.0,1525395.0,1525395.0,1525373.0,1525373.0,1525373.0,1525373.0,1525336.0,1973385.0,1973385.0,1973385.0,1973385.0,1973385.0,1973385.0,1973385.0,1973385.0,1973385.0,1973385.0,1973385.0,1973385.0,1973385.0,1973385.0,1973385.0
tune_6,Testing/network-cor-forma_eu_27t.txt,0.05,0.05,0.03,50,3,0.8,0.01,pairwise,1,50,3403303.0,514.27,5141,0,70303020.0,69770449.0,48411207.0,37754271.0,36035318.0,33352468.0,33352468.0,32848364.0,31228611.0,28557111.0,28557111.0,23438392.0,23438392.0,23438392.0,23438392.0,9782455.0,9782455.0,8281194.0,6104530.0,5690989.0,5690989.0,5690989.0,5690989.0,5690989.0,5690989.0,5690989.0,5690989.0,5690989.0,5690989.0,5690989.0,5690989.0,5690989.0,5030161.0,5030161.0,5030161.0,5030161.0,5030161.0,5030161.0,5030161.0,5030161.0,5030161.0,5030161.0,5030161.0,5030161.0,5030161.0,5030161.0,5030161.0,5030161.0,5030161.0,5030161.0,5030161.0,5030161.0,5030161.0,5030161.0,5030161.0,5030161.0,5030161.0,5030161.0,5030161.0,5030161.0,5030161.0,5030161.0,5030161.0,5030161.0,5030161.0,5030161.0,5030161.0,5030161.0,5030161.0,5030161.0,5030161.0,5030161.0,5030161.0,5030161.0,5030161.0,5030161.0,5030161.0,5030161.0,5030161.0,5030161.0,5030161.0,5030161.0,5030161.0,5030161.0,5030161.0,5030161.0,5030161.0,5030161.0,5030161.0,5030161.0,5030161.0,5030161.0,5016880.0,5016880.0,5016880.0,5016880.0,5016880.0,5016880.0,5016880.0,5016880.0,5016880.0,5016880.0,5016880.0,5016880.0,5016880.0,5016880.0,5016880.0,5016868.0,5016868.0,5016868.0,5016868.0,5016868.0,5016868.0,5016868.0,5016868.0,5016835.0,5016835.0,5016835.0,5016835.0,5016835.0,5016835.0,5016835.0,5016835.0,5016835.0,5016835.0,5016835.0,5016835.0,5016835.0,5016835.0,5016835.0,5016830.0,5016830.0,5016830.0,5016830.0,5016830.0,5016830.0,5016830.0,5016830.0,5016830.0,5016830.0,5016830.0,5016830.0,5016830.0,5016830.0,5016830.0,5016830.0,5016830.0,5013708.0,5013708.0,5013708.0,5013708.0,5013708.0,5013708.0,5013708.0,2666093.0,2666093.0,2666093.0,2666093.0,2666093.0,2666093.0,2666093.0,2666093.0,2666093.0,2666006.0,2666006.0,2666006.0,2666006.0,2666006.0,2665948.0,2665948.0,2665948.0,2665948.0,2665948.0,2665948.0,2665948.0,2665948.0,2665948.0,2665948.0,2665948.0,2665948.0,2665948.0,2665948.0,2665948.0,2665948.0,2665945.0,2665945.0,2665943.0,2665943.0,2665943.0,2665943.0,2665943.0
tune_1,Testing/network-cor-forma_eu_27t.txt,0.05,0.05,0.03,50,3,0.8,0.01,pairwise,1,50,892065.0,558.98,5266,0,48371972.0,48371972.0,48371972.0,44009017.0,44009017.0,44009017.0,37614824.0,37614824.0,37614824.0,37614824.0,37614824.0,37614824.0,37614824.0,37614824.0,26260017.0,19012006.0,8880230.0,5590769.0,5590769.0,5258019.0,4708618.0,3443508.0,3443508.0,2897794.0,2897794.0,2897794.0,2897794.0,2897794.0,2897794.0,2897794.0,2897794.0,2897794.0,2897794.0,2897794.0,2897794.0,2897794.0,2897794.0,2897794.0,2897794.0,2897794.0,2897794.0,2897794.0,2897794.0,2897794.0,2897794.0,2897794.0,2897794.0,2897794.0,2897794.0,2897794.0,2897794.0,2897794.0,2897794.0,2897794.0,2897794.0,2897794.0,2897794.0,2897794.0,2897794.0,2897794.0,2897794.0,2897794.0,2897794.0,2897794.0,2880901.0,2880901.0,2880901.0,2880901.0,2880901.0,2880901.0,2880901.0,2880901.0,2880901.0,2880901.0,2880901.0,2880901.0,2880901.0,2880901.0,2880901.0,2880901.0,2880901.0,2880901.0,2880901.0,2880901.0,2880901.0,2880901.0,2880901.0,2880901.0,2880901.0,2880901.0,2880901.0,2880901.0,2880901.0,2880901.0,2880901.0,2880901.0,2880901.0,2878497.0,2878497.0,2878497.0,2878497.0,2878497.0,2878497.0,2878497.0,2878497.0,2878497.0,2878497.0,2878497.0,2878497.0,2878497.0,2878497.0,2878497.0,2878497.0,2878497.0,2878497.0,2878497.0,2878450.0,2878450.0,2878450.0,2878450.0,2878450.0,2878450.0,2878450.0,2878450.0,2876158.0,2876158.0,2876158.0,2876158.0,2876158.0,2876158.0,2876158.0,2876158.0,2876158.0,2876158.0,2876158.0,2876158.0,2876158.0,2876158.0,2876158.0,2876091.0,2876091.0,2876091.0,2876091.0,2876091.0,2876091.0,2876091.0,2876091.0,2876091.0,2876091.0,2876091.0,2876091.0,2876091.0,2876091.0,2876091.0,2873728.0,2873728.0,2873728.0,2873728.0,2873728.0,2873728.0,2873728.0,2873728.0,2873728.0,2873728.0,2873690.0,2873690.0,2873690.0,2873690.0,2873690.0,2873690.0,2873690.0,2873690.0,2873690.0,2873689.0,2873689.0,1848468.0,1848468.0,1848468.0,1848468.0
tune_10,Testing/network-cor-forma_eu_27t.txt,0.05,0.05,0.03,50,3,0.8,0.01,pairwise,1,50,24173646.0,491.23,5273,0,49617003.0,49617003.0,38716912.0,31958068.0,31958068.0,31958068.0,31958068.0,31958068.0,31958068.0,31958068.0,26543100.0,26485333.0,4237669.0,4237669.0,3184654.0,2607564.0,2607564.0,2607564.0,2607564.0,2607564.0,2607564.0,2607564.0,2607564.0,2607564.0,2607564.0,2607564.0,2607564.0,2607564.0,2607564.0,2607564.0,2607564.0,2607564.0,2607564.0,2465515.0,2465515.0,2465515.0,2465515.0,2465515.0,2465515.0,2465515.0,2465515.0,2465515.0,2465515.0,2465515.0,2465515.0,2465515.0,2465515.0,2465515.0,2465515.0,2465515.0,2465515.0,2465515.0,2465515.0,2465515.0,2465515.0,2465443.0,2465443.0,2465443.0,2465443.0,2465443.0,2465443.0,2465443.0,2465443.0,2465443.0,2465443.0,2465443.0,2465443.0,2465443.0,2465443.0,2465443.0,2465443.0,2465443.0,2465418.0,2465418.0,2465418.0,2465418.0,2465418.0,2465418.0,2465418.0,2465418.0,2465418.0,2465418.0,2465418.0,2465418.0,2465418.0,2463271.0,2463271.0,2463271.0,2463271.0,2463271.0,2463271.0,2463271.0,2463271.0,2463271.0,2463271.0,2463271.0,2463271.0,2463271.0,2463271.0,2463271.0,2463271.0,2463271.0,2463271.0,2463271.0,2463271.0,2463271.0,2463271.0,2463271.0,2463271.0,2463271.0,2463271.0,2463271.0,2463271.0,2463271.0,2463271.0,2463271.0,2463271.0,2463271.0,2463271.0,2463271.0,2463271.0,2463271.0,2463271.0,2463271.0,2463271.0,2463271.0,2461100.0,2461100.0,2461100.0,2461100.0,2461100.0,2461100.0,2461100.0,2461100.0,2458930.0,2458930.0,2458930.0,2458930.0,2458930.0,2458930.0,2458930.0,2458930.0,2458930.0,2458930.0,2458930.0,2458930.0,2458930.0,2458930.0,2458930.0,2458930.0,2458930.0,2458930.0,2458924.0,2458924.0,2458924.0,2458760.0,2458760.0,2458760.0,2458760.0,2458760.0,2458760.0,2458760.0,2458760.0,2458760.0,2458760.0,2458760.0,2458760.0,2458760.0,2458760.0,2458760.0,2458760.0,2456591.0,2456591.0,2456591.0,2456591.0,2456591.0,2456591.0,2456591.0,2456591.0,2456591.0,2456591.0,2456591.0,2456591.0,2456591.0,2456591.0,2456591.0
tune_8,Testing/network-cor-forma_eu_27t.txt,0.05,0.05,0.03,50,3,0.8,0.01,pairwise,1,50,5514091.0,520.00,5178,0,48399965.0,46172582.0,35858801.0,35858801.0,24520042.0,24520042.0,24520042.0,24520042.0,24399767.0,24399767.0,24399767.0,24399767.0,13020917.0,8188121.0,3354330.0,3354330.0,3021935.0,3021935.0,3021935.0,3021935.0,3021935.0,3021935.0,3021935.0,3021935.0,3021935.0,3021935.0,3021935.0,3021935.0,3021935.0,3021935.0,3021935.0,3021935.0,3021935.0,3021935.0,3021935.0,3021935.0,3021935.0,3021935.0,3021935.0,3021935.0,3021935.0,3021935.0,3021935.0,3021935.0,2819743.0,2819743.0,2819743.0,2819743.0,2819743.0,2819743.0,2819743.0,2819743.0,2819743.0,2819743.0,2819743.0,2819743.0,2819743.0,2819743.0,2819743.0,2819743.0,2819743.0,2819743.0,2819743.0,2819731.0,2819731.0,2819731.0,2819731.0,2819731.0,2819731.0,2819731.0,2819731.0,2819731.0,2819731.0,2819731.0,2819731.0,2819731.0,2819731.0,2819731.0,2819731.0,2819731.0,2819731.0,2817517.0,2817517.0,2817517.0,2817517.0,2817517.0,2817517.0,2817517.0,2817517.0,2817517.0,2817517.0,2817517.0,2817517.0,2817517.0,2817517.0,2817517.0,2817517.0,2817517.0,2817517.0,2817517.0,2817517.0,2817517.0,2817486.0,2817486.0,2817486.0,2817486.0,2817486.0,2817486.0,2817486.0,2817486.0,2817486.0,2817486.0,2817486.0,2817486.0,2817486.0,2817486.0,2817486.0,2817486.0,2817486.0,2817486.0,2817475.0,2817475.0,2817475.0,2815180.0,2815180.0,2815180.0,2815180.0,2815180.0,2815180.0,2815180.0,2815180.0,2815180.0,2815180.0,2815180.0,2815180.0,2815180.0,2815180.0,2815180.0,2815146.0,2815146.0,2815146.0,2815146.0,2815146.0,2815146.0,2815146.0,2815146.0,2815146.0,2815146.0,2815146.0,2815146.0,2815146.0,2815146.0,2815146.0,2815146.0,2815146.0,2815146.0,2815146.0,2812843.0,2812843.0,2812843.0,2812843.0,2812843.0,2812843.0,2812843.0,2812843.0,2812843.0,2812843.0,2812843.0,2812843.0,2812843.0,2812843.0,2812843.0,2812843.0,2812813.0,2812813.0,2812813.0,2812813.0,2812813.0,2812813.0,2812813.0,2812813.0,2812813.0,2812813.0,2812813.0,2812813.0,2812813.0,2812813.0
tune_2,Testing/network-cor-forma_eu_27t.txt,0.05,0.05,0.03,50,3,0.8,0.01,components,0,50,6986.0,512.63,5130,193,1679.0,1701.0,1789.0,1794.0,1960.0,1960.0,1960.0,2031.0,2031.0,2031.0,2031.0,2031.0,5736.0,5736.0,5756.0,5766.0,5766.0,5766.0,5770.0,5772.0,5780.0,5788.0,5794.0,5794.0,5810.0,5810.0,5810.0,5819.0,5828.0,5828.0,5828.0,5834.0,5839.0,5839.0,5842.0,5844.0,5848.0,5858.0,5858.0,5858.0,5858.0,5860.0,5863.0,5867.0,5871.0,5874.0,5874.0,5879.0,5879.0,5883.0,5885.0,5890.0,5890.0,5894.0,5896.0,5897.0,5897.0,5903.0,5904.0,5904.0,5905.0,5909.0,5909.0,5911.0,5913.0,5914.0,5914.0,5915.0,5915.0,5918.0,5920.0,5920.0,5921.0,5921.0,5923.0,5925.0,5926.0,5928.0,5928.0,5928.0,5929.0,5932.0,5932.0,5932.0,5933.0,5935.0,5935.0,5937.0,5937.0,5938.0,5938.0,5939.0,5939.0,5940.0,5940.0,5940.0,5940.0,5941.0,5941.0,5941.0,5942.0,5942.0,5942.0,5942.0,5942.0,5943.0,5943.0,5943.0,5944.0,5944.0,5944.0,5944.0,5944.0,5944.0,5944.0,5944.0,5944.0,5944.0,5944.0,5944.0,5944.0,5944.0,5944.0,5944.0,5944.0,5944.0,5944.0,5944.0,5944.0,5944.0,5944.0,5944.0,5944.0,5944.0,5944.0,5944.0,5944.0,5944.0,5944.0,5944.0,5944.0,5944.0,5944.0,5944.0,5944.0,5944.0,5944.0,5944.0,5944.0,5945.0,5945.0,5945.0,5945.0,5945.0,5945.0,5946.0,5946.0,5946.0,5946.0,5946.0,5946.0,5946.0,5946.0,5946.0,5946.0,5946.0,5946.0,5946.0,5946.0,5947.0,5947.0,5947.0,5947.0,5947.0,5947.0,5947.0,5947.0,5947.0,5947.0,5947.0,5947.0,5947.0,5947.0,5947.0,5947.0,5947.0,5947.0,5947.0,5947.0,5947.0,5947.0,5947.0,5947.0,5948.0,5948.0,5948.0,5948.0,5948.0,5948.0,5948.0
tune_3,Testing/network-cor-forma_eu_27t.txt,0.05,0.05,0.03,50,3,0.8,0.01,components,0,50,5962.0,506.10,5213,145,1450.0,2469.0,2469.0,2469.0,2469.0,2580.0,2580.0,2580.0,5780.0,5780.0,5784.0,6692.0,6692.0,7017.0,7017.0,7017.0,7017.0,7017.0,7725.0,7725.0,7725.0,7725.0,7725.0,7725.0,7725.0,7725.0,7725.0,7725.0,7725.0,7725.0,7725.0,7725.0,7725.0,7725.0,7725.0,7725.0,7725.0,7725.0,7725.0,7725.0,7725.0,7725.0,7725.0,7725.0,7725.0,7725.0,7725.0,7725.0,7725.0,7725.0,7725.0,7725.0,7725.0,7725.0,7725.0,7725.0,7725.0,7725.0,7725.0,7725.0,7725.0,7725.0,7725.0,7725.0,7725.0,7725.0,7725.0,7725.0,7725.0,7725.0,7725.0,7725.0,7725.0,7725.0,7725.0,7725.0,7725.0,7725.0,7725.0,7725.0,7725.0,7725.0,7725.0,7725.0,7725.0,7725.0,7725.0,7725.0,7725.0,7725.0,7725.0,7725.0,7725.0,7725.0,7725.0,7725.0,7725.0,7725.0,7725.0,7725.0,7725.0,7725.0,7725.0,7725.0,7725.0,7725.0,7725.0,7725.0,7725.0,7725.0,7725.0,7725.0,7725.0,7725.0,7725.0,7725.0,7725.0,7725.0,7725.0,7725.0,7725.0,7726.0,7726.0,7726.0,7735.0,7735.0,7735.0,7735.0,7735.0,7736.0,7736.0,7736.0,7736.0,7736.0,7736.0,7736.0,7736.0,7736.0,7736.0,7736.0,7736.0,7736.0,7736.0,7736.0,7736.0,7737.0,7737.0,7737.0,7737.0,7737.0,7737.0,7737.0,7737.0,7737.0,7737.0,7737.0,7737.0,7737.0,7737.0,7737.0,7737.0,7737.0,7737.0,7737.0,7737.0,7737.0,7737.0,7737.0,7737.0,7737.0,7737.0,7737.0,7737.0,7737.0,7737.0,7737.0,7737.0,7737.0,7737.0,7737.0,7737.0,7737.0,7737.0,7737.0,7737.0,7737.0,7737.0,7737.0,7737.0,7737.0,7737.0,7737.0,7737.0,7737.0,7737.0,7737.0,7737.0,7737.0,7737.0,7737.0
tune_9,Testing/network-cor-forma_eu_27t.txt,0.05,0.05,0.03,50,3,0.8,0.01,pairwise,1,50,3616748.0,539.56,5214,0,46752337.0,45630672.0,45630672.0,26506717.0,26506717.0,26506717.0,9470712.0,9470712.0,9470712.0,6712392.0,3593527.0,2466881.0,2104074.0,2104074.0,2104074.0,2104074.0,2104074.0,2104074.0,2104074.0,2104074.0,2104074.0,2104074.0,2104074.0,2104074.0,2104074.0,2104074.0,2104074.0,2104074.0,2104074.0,2104074.0,2104074.0,2104074.0,2104074.0,2104074.0,2104074.0,2104074.0,2104074.0,2104074.0,2104074.0,2104074.0,2104074.0,2104074.0,2104074.0,2104074.0,2104074.0,2104074.0,2104074.0,2104074.0,2104074.0,2104074.0,2104074.0,2104074.0,2104074.0,2104074.0,2104074.0,2104074.0,2104074.0,2104074.0,2104074.0,2104074.0,2104021.0,2104021.0,2104021.0,2104021.0,2104021.0,2104021.0,2104021.0,2104021.0,2104021.0,2104021.0,2104021.0,2104021.0,2104021.0,2104021.0,2104021.0,2104021.0,2104021.0,2104021.0,2104021.0,2104021.0,2104021.0,2104021.0,2104021.0,2104021.0,2104021.0,2104021.0,2104021.0,2104021.0,2104021.0,2104021.0,2104021.0,2104021.0,2104021.0,2102054.0,2102054.0,2102054.0,2102054.0,2102054.0,2102054.0,2102054.0,2102054.0,2102054.0,2102054.0,2102054.0,2102054.0,2102054.0,2102054.0,2102054.0,2102054.0,2102054.0,2102054.0,2102054.0,2102054.0,2102054.0,2102054.0,2102054.0,2102051.0,2102051.0,2102038.0,2102038.0,2102038.0,2102038.0,2102038.0,2102038.0,2100101.0,2100101.0,2100101.0,2100101.0,2100101.0,2100101.0,2100101.0,2100101.0,2100101.0,2100095.0,2100095.0,2100095.0,2100095.0,2100095.0,2100095.0,2100095.0,2100095.0,2100095.0,2100095.0,2100095.0,2100095.0,2100094.0,2100094.0,2100092.0,2100092.0,2100092.0,2100092.0,2100092.0,2100092.0,2100092.0,2100092.0,2100092.0,2100092.0,2100092.0,2100092.0,2100092.0,2100092.0,2100092.0,2100092.0,2100092.0,2099839.0,2099839.0,2098127.0,2098127.0,2098127.0,2098127.0,2098127.0,2098127.0,2098127.0,2098127.0,2098127.0,2098127.0,2098127.0,2097889.0,2097889.0,2097889.0,2097889.0,2097889.0,2097889.0,2097889.0,2097889.0
tune_1,Testing/network-cor-forma_eu_27t.txt,0.05,0.05,0.03,50,3,0.8,0.01,components,0,50,7252.0,542.12,5279,21,1433.0,1865.0,1900.0,2291.0,2291.0,2308.0,2308.0,2308.0,5771.0,5771.0,5771.0,5771.0,5782.0,6387.0,6387.0,6387.0,7179.0,7179.0,7179.0,7179.0,7179.0,7791.0,7791.0,7791.0,7791.0,7791.0,7791.0,7791.0,7791.0,7791.0,7791.0,7791.0,7791.0,7791.0,7791.0,7791.0,7791.0,7791.0,7791.0,7791.0,7791.0,7791.0,7791.0,7791.0,7791.0,7791.0,7791.0,7791.0,7791.0,7791.0,7791.0,7791.0,7791.0,7791.0,7791.0,7791.0,7791.0,7791.0,7791.0,7791.0,7791.0,7791.0,7791.0,7791.0,7791.0,7791.0,7791.0,7791.0,7791.0,7791.0,7791.0,7791.0,7791.0,7791.0,7791.0,7791.0,7791.0,7791.0,7791.0,7791.0,7791.0,7791.0,7791.0,7791.0,7791.0,7791.0,7791.0,7791.0,7791.0,7791.0,7791.0,7791.0,7791.0,7791.0,7791.0,7791.0,7791.0,7791.0,7791.0,7791.0,7791.0,7791.0,7791.0,7791.0,7791.0,7791.0,7791.0,7791.0,7791.0,7791.0,7791.0,7791.0,7791.0,7791.0,7791.0,7791.0,7791.0,7791.0,7791.0,7791.0,7791.0,7791.0,7791.0,7791.0,7791.0,7791.0,7791.0,7791.0,7791.0,7791.0,7791.0,7791.0,7791.0,7791.0,7791.0,7791.0,7791.0,7791.0,7791.0,7791.0,7791.0,7791.0,7791.0,7791.0,7791.0,7791.0,7791.0,7791.0,7791.0,7791.0,7791.0,7791.0,7791.0,7791.0,7791.0,7791.0,7791.0,7791.0,7791.0,7791.0,7791.0,7791.0,7791.0,7791.0,7791.0,7791.0,7791.0,7791.0,7791.0,7791.0,7791.0,7791.0,7791.0,7791.0,7791.0,7791.0,7791.0,7791.0,7791.0,7791.0,7791.0,7791.0,7791.0,7791.0,7791.0,7791.0,7791.0,7791.0,7791.0,7791.0,7791.0,7791.0,7791.0,7791.0,7791.0,7791.0,7791.0,7791.0,7791.0,7791.0
tune_4,Testing/network-cor-forma_eu_27t.txt,0.05,0.05,0.03,50,3,0.8,0.01,components,0,50,7211.0,529.87,5213,178,1458.0,1458.0,2209.0,2254.0,2446.0,2446.0,2446.0,2446.0,5771.0,5771.0,5792.0,6232.0,6746.0,7080.0,7080.0,7080.0,7080.0,7080.0,7080.0,7080.0,7080.0,7080.0,7080.0,7080.0,7080.0,7080.0,7080.0,7080.0,7080.0,7080.0,7080.0,7080.0,7080.0,7080.0,7080.0,7080.0,7080.0,7080.0,7080.0,7080.0,7080.0,7080.0,7080.0,7080.0,7080.0,7080.0,7080.0,7080.0,7080.0,7080.0,7080.0,7080.0,7080.0,7080.0,7080.0,7080.0,7080.0,7080.0,7080.0,7080.0,7080.0,7080.0,7080.0,7080.0,7080.0,7080.0,7080.0,7080.0,7080.0,7080.0,7080.0,7080.0,7080.0,7080.0,7080.0,7080.0,7080.0,7080.0,7096.0,7096.0,7096.0,7096.0,7096.0,7096.0,7096.0,7096.0,7096.0,7096.0,7096.0,7096.0,7096.0,7096.0,7096.0,7096.0,7096.0,7096.0,7096.0,7096.0,7096.0,7096.0,7096.0,7096.0,7096.0,7096.0,7096.0,7096.0,7096.0,7096.0,7096.0,7096.0,7096.0,7096.0,7096.0,7096.0,7096.0,7096.0,7096.0,7096.0,7096.0,7096.0,7096.0,7096.0,7096.0,7096.0,7096.0,7096.0,7096.0,7096.0,7096.0,7096.0,7096.0,7096.0,7096.0,7096.0,7096.0,7096.0,7096.0,7096.0,7096.0,7096.0,7096.0,7096.0,7096.0,7096.0,7096.0,7096.0,7096.0,7096.0,7096.0,7096.0,7096.0,7096.0,7096.0,7096.0,7096.0,7096.0,7096.0,7096.0,7096.0,7096.0,7096.0,7096.0,7096.0,7096.0,7096.0,7096.0,7097.0,7097.0,7097.0,7097.0,7097.0,7097.0,7097.0,7097.0,7097.0,7097.0,7097.0,7097.0,7099.0,7099.0,7099.0,7099.0,7099.0,7099.0,7099.0,7099.0,7099.0,7099.0,7099.0,7099.0,7099.0,7099.0,7099.0,7099.0,7099.0,7099.0,7099.0,7099.0,7099.0,7099.0
tune_8,Testing/network-cor-forma_eu_27t.txt,0.05,0.05,0.03,50,3,0.8,0.01,components,0,50,5987.0,498.18,5147,177,1570.0,1570.0,2469.0,2469.0,2469.0,2568.0,2792.0,5784.0,5876.0,6141.0,6438.0,6438.0,6438.0,7128.0,7128.0,7128.0,7128.0,7128.0,7128.0,7128.0,7128.0,7128.0,7128.0,7128.0,7128.0,7128.0,7128.0,7128.0,7128.0,7128.0,7128.0,7128.0,7128.0,7128.0,7128.0,7128.0,7128.0,7128.0,7128.0,7128.0,7128.0,7128.0,7128.0,7128.0,7128.0,7128.0,7128.0,7128.0,7128.0,7128.0,7128.0,7128.0,7128.0,7128.0,7128.0,7128.0,7128.0,7128.0,7128.0,7128.0,7128.0,7128.0,7128.0,7128.0,7128.0,7128.0,7128.0,7128.0,7128.0,7128.0,7128.0,7128.0,7128.0,7128.0,7128.0,7128.0,7128.0,7128.0,7128.0,7128.0,7128.0,7128.0,7128.0,7128.0,7128.0,7128.0,7128.0,7128.0,7128.0,7128.0,7128.0,7128.0,7128.0,7128.0,7128.0,7128.0,7128.0,7128.0,7128.0,7128.0,7128.0,7128.0,7128.0,7128.0,7128.0,7128.0,7128.0,7128.0,7128.0,7128.0,7128.0,7128.0,7128.0,7128.0,7128.0,7128.0,7128.0,7128.0,7128.0,7128.0,7128.0,7128.0,7128.0,7128.0,7128.0,7128.0,7128.0,7128.0,7128.0,7128.0,7128.0,7128.0,7128.0,7128.0,7128.0,7128.0,7128.0,7128.0,7128.0,7128.0,7128.0,7128.0,7128.0,7128.0,7128.0,7128.0,7128.0,7128.0,7128.0,7128.0,7128.0,7128.0,7128.0,7128.0,7128.0,7128.0,7128.0,7128.0,7128.0,7128.0,7128.0,7128.0,7128.0,7128.0,7128.0,7128.0,7128.0,7128.0,7128.0,7128.0,7128.0,7128.0,7128.0,7128.0,7128.0,7128.0,7128.0,7129.0,7129.0,7129.0,7129.0,7129.0,7129.0,7129.0,7129.0,7129.0,7129.0,7129.0,7129.0,7129.0,7129.0,7129.0,7129.0,7129.0,7129.0,7129.0,7129.0,7129.0,7129.0,7129.0
tune_5,Testing/network-cor-forma_eu_27t.txt,0.05,0.05,0.03,50,3,0.8,0.01,components,0,50,7065.0,521.92,5168,163,2199.0,2199.0,2199.0,2199.0,2304.0,2435.0,2435.0,5786.0,5786.0,5786.0,5786.0,5971.0,5971.0,5971.0,6737.0,6737.0,6737.0,6737.0,6737.0,6737.0,6737.0,6737.0,6737.0,6737.0,6737.0,6737.0,6737.0,6737.0,6737.0,6737.0,6737.0,6737.0,6737.0,6737.0,6737.0,6737.0,6737.0,6737.0,6737.0,6737.0,6737.0,6737.0,6737.0,6737.0,6737.0,6737.0,6737.0,6737.0,6737.0,6737.0,6737.0,6737.0,6737.0,6737.0,6737.0,6737.0,6737.0,6737.0,6737.0,6737.0,6737.0,6737.0,6737.0,6737.0,6737.0,6737.0,6737.0,6737.0,6737.0,6737.0,6737.0,6737.0,6737.0,6737.0,6737.0,6737.0,6737.0,6737.0,6737.0,6737.0,6737.0,6737.0,6737.0,6737.0,6737.0,6737.0,6737.0,6737.0,6737.0,6737.0,6737.0,6737.0,6737.0,6737.0,6737.0,6737.0,6737.0,6737.0,6737.0,6737.0,6737.0,6737.0,6737.0,6737.0,6737.0,6739.0,6739.0,6739.0,6739.0,6739.0,6739.0,6739.0,6739.0,6739.0,6739.0,6739.0,6739.0,6739.0,6739.0,6739.0,6739.0,6739.0,6739.0,6739.0,6739.0,6739.0,6739.0,6739.0,6739.0,6739.0,6739.0,6739.0,6739.0,6739.0,6739.0,6739.0,6739.0,6739.0,6739.0,6739.0,6739.0,6739.0,6739.0,6739.0,6739.0,6739.0,6739.0,6739.0,6740.0,6740.0,6740.0,6740.0,6740.0,6740.0,6740.0,6740.0,6740.0,6740.0,6740.0,6740.0,6740.0,6740.0,6740.0,6741.0,6741.0,6741.0,6741.0,6741.0,6741.0,6741.0,6741.0,6741.0,6741.0,6741.0,6741.0,6741.0,6741.0,6741.0,6741.0,6741.0,6741.0,6741.0,6741.0,6741.0,6741.0,6741.0,6741.0,6741.0,6741.0,6741.0,6741.0,6741.0,6741.0,6741.0,6741.0,6741.0,6741.0,6741.0,6741.0,6741.0,0.0
tune_6,Testing/network-cor-forma_eu_27t.txt,0.05,0.05,0.03,50,3,0.8,0.01,components,0,50,5885.0,516.36,5182,172,1515.0,1515.0,1580.0,1580.0,1991.0,1991.0,2325.0,2325.0,2325.0,2325.0,5773.0,5791.0,5791.0,5791.0,5791.0,5796.0,5796.0,5796.0,5797.0,5813.0,5813.0,5813.0,5816.0,5817.0,5828.0,5828.0,5837.0,5837.0,5840.0,5841.0,5841.0,5850.0,5850.0,5853.0,5856.0,5856.0,5858.0,5868.0,5868.0,5868.0,5869.0,5876.0,5877.0,5881.0,5881.0,5882.0,5883.0,5884.0,5890.0,5890.0,5894.0,5894.0,5894.0,5896.0,5897.0,5901.0,5901.0,5902.0,5903.0,5905.0,5906.0,5908.0,5908.0,5908.0,5912.0,5912.0,5912.0,5913.0,5916.0,5916.0,5917.0,5920.0,5920.0,5920.0,5921.0,5921.0,5922.0,5923.0,5923.0,5924.0,5925.0,5925.0,5925.0,5925.0,5926.0,5926.0,5927.0,5927.0,5927.0,5927.0,5927.0,5928.0,5928.0,5928.0,5928.0,5928.0,5928.0,5928.0,5928.0,5928.0,5928.0,5928.0,5928.0,5928.0,5928.0,5928.0,5928.0,5928.0,5928.0,5928.0,5928.0,5928.0,5928.0,5928.0,5928.0,5928.0,5928.0,5929.0,5929.0,5929.0,5929.0,5929.0,5930.0,5930.0,5930.0,5930.0,5930.0,5930.0,5930.0,5930.0,5930.0,5931.0,5931.0,5931.0,5931.0,5931.0,5931.0,5931.0,5931.0,5931.0,5931.0,5933.0,5933.0,5933.0,5933.0,5933.0,5933.0,5933.0,5933.0,5933.0,5933.0,5934.0,5934.0,5934.0,5934.0,5934.0,5934.0,5934.0,5934.0,5934.0,5934.0,5934.0,5934.0,5934.0,5934.0,5934.0,5934.0,5934.0,5934.0,5934.0,5934.0,5934.0,5935.0,5935.0,5935.0,5935.0,5935.0,5935.0,5935.0,5935.0,5935.0,5935.0,5935.0,5935.0,5935.0,5935.0,5935.0,5935.0,5935.0,5935.0,5935.0,5935.0,5935.0,5935.0,5935.0,5935.0,5935.0,5935.0,5935.0,5935.0,0.0
tune_7,Testing/network-cor-forma_eu_27t.txt,0.05,0.05,0.03,50,3,0.8,0.01,components,0,50,6816.0,531.48,5201,199,1776.0,1828.0,2263.0,2263.0,2540.0,2540.0,5777.0,5784.0,5789.0,5915.0,6057.0,6057.0,6700.0,6983.0,7042.0,7042.0,7042.0,7042.0,7042.0,7042.0,7042.0,7042.0,7042.0,7042.0,7042.0,7042.0,7042.0,7042.0,7042.0,7042.0,7042.0,7042.0,7042.0,7042.0,7042.0,7042.0,7042.0,7042.0,7042.0,7042.0,7042.0,7042.0,7042.0,7042.0,7042.0,7042.0,7042.0,7042.0,7042.0,7042.0,7042.0,7042.0,7042.0,7042.0,7042.0,7042.0,7042.0,7042.0,7042.0,7042.0,7042.0,7042.0,7042.0,7042.0,7042.0,7042.0,7042.0,7042.0,7042.0,7042.0,7042.0,7042.0,7042.0,7042.0,7042.0,7042.0,7042.0,7042.0,7042.0,7042.0,7042.0,7042.0,7042.0,7042.0,7042.0,7042.0,7042.0,7042.0,7042.0,7042.0,7086.0,7086.0,7086.0,7086.0,7086.0,7086.0,7086.0,7086.0,7086.0,7086.0,7086.0,7086.0,7086.0,7086.0,7086.0,7086.0,7086.0,7086.0,7086.0,7086.0,7086.0,7086.0,7086.0,7087.0,7087.0,7087.0,7087.0,7087.0,7087.0,7087.0,7087.0,7087.0,7087.0,7087.0,7087.0,7087.0,7087.0,7087.0,7087.0,7087.0,7087.0,7087.0,7087.0,7087.0,7087.0,7087.0,7087.0,7087.0,7087.0,7087.0,7087.0,7087.0,7087.0,7087.0,7087.0,7087.0,7087.0,7087.0,7087.0,7087.0,7087.0,7087.0,7087.0,7087.0,7087.0,7087.0,7087.0,7087.0,7087.0,7087.0,7087.0,7087.0,7087.0,7087.0,7087.0,7087.0,7087.0,7088.0,7088.0,7088.0,7088.0,7088.0,7088.0,7088.0,7088.0,7088.0,7088.0,7088.0,7088.0,7088.0,7088.0,7089.0,7089.0,7089.0,7089.0,7089.0,7089.0,7089.0,7089.0,7089.0,7089.0,7089.0,7089.0,7089.0,7089.0,7089.0,7089.0,7089.0,7089.0,7095.0
tune_10,Testing/network-cor-forma_eu_27t.txt,0.05,0.05,0.03,50,3,0.8,0.01,components,0,50,5893.0,503.34,5151,195,1550.0,1550.0,1624.0,1677.0,1677.0,1712.0,1756.0,5778.0,5778.0,5778.0,5781.0,5781.0,5781.0,5781.0,5784.0,5790.0,5795.0,5806.0,5806.0,5810.0,5817.0,5823.0,5823.0,5832.0,5832.0,5837.0,5839.0,5840.0,5844.0,5851.0,5860.0,5860.0,5861.0,5861.0,5864.0,5865.0,5865.0,5872.0,5875.0,5880.0,5880.0,5880.0,5885.0,5885.0,5887.0,5889.0,5893.0,5893.0,5893.0,5894.0,5896.0,5896.0,5897.0,5899.0,5900.0,5904.0,5904.0,5908.0,5909.0,5909.0,5909.0,5910.0,5913.0,5913.0,5914.0,5917.0,5917.0,5918.0,5921.0,5921.0,5921.0,5921.0,5922.0,5922.0,5923.0,5923.0,5926.0,5926.0,5926.0,5926.0,5928.0,5928.0,5928.0,5928.0,5929.0,5930.0,5930.0,5930.0,5930.0,5930.0,5930.0,5930.0,5930.0,5930.0,5930.0,5930.0,5930.0,5930.0,5930.0,5930.0,5930.0,5930.0,5930.0,5930.0,5930.0,5930.0,5930.0,5930.0,5930.0,5930.0,5930.0,5930.0,5930.0,5931.0,5931.0,5931.0,5933.0,5933.0,5933.0,5933.0,5933.0,5933.0,5933.0,5933.0,5933.0,5933.0,5933.0,5933.0,5933.0,5933.0,5933.0,5933.0,5933.0,5933.0,5933.0,5933.0,5933.0,5933.0,5933.0,5933.0,5933.0,5933.0,5933.0,5933.0,5933.0,5934.0,5934.0,5934.0,5934.0,5934.0,5934.0,5934.0,5934.0,5934.0,5934.0,5934.0,5934.0,5934.0,5934.0,5934.0,5934.0,5934.0,5934.0,5934.0,5934.0,5934.0,5934.0,5934.0,5934.0,5934.0,5934.0,5934.0,5934.0,5934.0,5934.0,5934.0,5934.0,5934.0,5934.0,5934.0,5934.0,5934.0,5934.0,5934.0,5934.0,5934.0,5934.0,5934.0,5934.0,5934.0,5934.0,5935.0,5935.0,5935.0,5935.0,5936.0,5936.0,5936.0,5936.0,5936.0
tune_9,Testing/network-cor-forma_eu_27t.txt,0.05,0.05,0.03,50,3,0.8,0.01,components,0,50,5864.0,529.82,5228,195,1938.0,2009.0,2114.0,2481.0,2481.0,2532.0,5777.0,5779.0,6131.0,6131.0,6438.0,7007.0,7007.0,7540.0,7540.0,7540.0,7540.0,7540.0,7540.0,7540.0,7540.0,7540.0,7540.0,7540.0,7540.0,7540.0,7540.0,7540.0,7540.0,7540.0,7540.0,7540.0,7540.0,7540.0,7540.0,7540.0,7540.0,7540.0,7540.0,7540.0,7540.0,7540.0,7540.0,7540.0,7540.0,7540.0,7540.0,7540.0,7540.0,7540.0,7540.0,7540.0,7540.0,7540.0,7540.0,7540.0,7540.0,7540.0,7540.0,7540.0,7540.0,7540.0,7540.0,7540.0,7540.0,7540.0,7540.0,7540.0,7540.0,7540.0,7540.0,7540.0,7540.0,7540.0,7540.0,7540.0,7540.0,7540.0,7540.0,7540.0,7540.0,7540.0,7540.0,7540.0,7540.0,7540.0,7540.0,7540.0,7540.0,7540.0,7540.0,7540.0,7540.0,7540.0,7540.0,7540.0,7540.0,7540.0,7540.0,7540.0,7540.0,7540.0,7540.0,7540.0,7540.0,7540.0,7540.0,7540.0,7540.0,7540.0,7540.0,7540.0,7540.0,7540.0,7540.0,7540.0,7540.0,7540.0,7540.0,7540.0,7540.0,7540.0,7541.0,7541.0,7541.0,7541.0,7541.0,7541.0,7541.0,7541.0,7541.0,7542.0,7542.0,7542.0,7542.0,7542.0,7542.0,7542.0,7542.0,7542.0,7542.0,7542.0,7542.0,7542.0,7542.0,7542.0,7542.0,7542.0,7542.0,7542.0,7542.0,7542.0,7542.0,7542.0,7542.0,7542.0,7542.0,7542.0,7542.0,7542.0,7542.0,7542.0,7542.0,7542.0,7542.0,7542.0,7542.0,7542.0,7542.0,7542.0,7542.0,7542.0,7542.0,7542.0,7542.0,7542.0,7542.0,7542.0,7542.0,7542.0,7542.0,7542.0,7542.0,7542.0,7542.0,7542.0,7542.0,7542.0,7542.0,7542.0,7542.0,7542.0,7542.0,7542.0,7542.0,7543.0,7543.0,7543.0,7543.0,7543.0,0.0
tune_3,Testing/network-cor-forma_eu_27t.txt,0.05,0.05,0.03,50,3,0.8,0.01,components,1,50,7175.0,537.44,5178,145,1450.0,2469.0,2469.0,2469.0,2469.0,2580.0,2580.0,2580.0,5780.0,5780.0,5784.0,6692.0,6692.0,7017.0,7017.0,7017.0,7017.0,7017.0,7725.0,7725.0,7725.0,7725.0,7725.0,7725.0,7725.0,7725.0,7725.0,7725.0,7725.0,7725.0,7725.0,7725.0,7725.0,7725.0,7725.0,7725.0,7725.0,7725.0,7725.0,7725.0,7725.0,7725.0,7725.0,7725.0,7725.0,7725.0,7725.0,7725.0,7725.0,7725.0,7725.0,7725.0,7725.0,7725.0,7725.0,7725.0,7725.0,7725.0,7725.0,7725.0,7725.0,7725.0,7725.0,7725.0,7725.0,7725.0,7725.0,7725.0,7725.0,7725.0,7725.0,7725.0,7725.0,7725.0,7725.0,7725.0,7725.0,7725.0,7725.0,7725.0,7725.0,7725.0,7725.0,7725.0,7725.0,7725.0,7725.0,7725.0,7725.0,7725.0,7725.0,7725.0,7725.0,7725.0,7725.0,7725.0,7725.0,7725.0,7725.0,7725.0,7725.0,7725.0,7725.0,7725.0,7725.0,7725.0,7725.0,7725.0,7725.0,7725.0,7725.0,7725.0,7725.0,7725.0,7725.0,7725.0,7725.0,7725.0,7725.0,7725.0,7725.0,7726.0,7726.0,7726.0,7735.0,7735.0,7735.0,7735.0,7735.0,7736.0,7736.0,7736.0,7736.0,7736.0,7736.0,7736.0,7736.0,7736.0,7736.0,7736.0,7736.0,7736.0,7736.0,7736.0,7736.0,7737.0,7737.0,7737.0,7737.0,7737.0,7737.0,7737.0,7737.0,7737.0,7737.0,7737.0,7737.0,7737.0,7737.0,7737.0,7737.0,7737.0,7737.0,7737.0,7737.0,7737.0,7737.0,7737.0,7737.0,7737.0,7737.0,7737.0,7737.0,7737.0,7737.0,7737.0,7737.0,7737.0,7737.0,7737.0,7737.0,7737.0,7737.0,7737.0,7737.0,7737.0,7737.0,7737.0,7737.0,7737.0,7737.0,7737.0,7737.0,7737.0,7737.0,7737.0,7737.0,7737.0,7737.0,7737.0
tune_1,Testing/network-cor-forma_eu_27t.txt,0.05,0.05,0.03,50,3,0.8,0.01,components,1,50,7655.0,551.24,5211,21,1433.0,1865.0,1900.0,2291.0,2291.0,2308.0,2308.0,2308.0,5771.0,5771.0,5771.0,5771.0,5782.0,6387.0,6387.0,6387.0,7179.0,7179.0,7179.0,7179.0,7179.0,7791.0,7791.0,7791.0,7791.0,7791.0,7791.0,7791.0,7791.0,7791.0,7791.0,7791.0,7791.0,7791.0,7791.0,7791.0,7791.0,7791.0,7791.0,7791.0,7791.0,7791.0,7791.0,7791.0,7791.0,7791.0,7791.0,7791.0,7791.0,7791.0,7791.0,7791.0,7791.0,7791.0,7791.0,7791.0,7791.0,7791.0,7791.0,7791.0,7791.0,7791.0,7791.0,7791.0,7791.0,7791.0,7791.0,7791.0,7791.0,7791.0,7791.0,7791.0,7791.0,7791.0,7791.0,7791.0,7791.0,7791.0,7791.0,7791.0,7791.0,7791.0,7791.0,7791.0,7791.0,7791.0,7791.0,7791.0,7791.0,7791.0,7791.0,7791.0,7791.0,7791.0,7791.0,7791.0,7791.0,7791.0,7791.0,7791.0,7791.0,7791.0,7791.0,7791.0,7791.0,7791.0,7791.0,7791.0,7791.0,7791.0,7791.0,7791.0,7791.0,7791.0,7791.0,7791.0,7791.0,7791.0,7791.0,7791.0,7791.0,7791.0,7791.0,7791.0,7791.0,7791.0,7791.0,7791.0,7791.0,7791.0,7791.0,7791.0,7791.0,7791.0,7791.0,7791.0,7791.0,7791.0,7791.0,7791.0,7791.0,7791.0,7791.0,7791.0,7791.0,7791.0,7791.0,7791.0,7791.0,7791.0,7791.0,7791.0,7791.0,7791.0,7791.0,7791.0,7791.0,7791.0,7791.0,7791.0,7791.0,7791.0,7791.0,7791.0,7791.0,7791.0,7791.0,7791.0,7791.0,7791.0,7791.0,7791.0,7791.0,7791.0,7791.0,7791.0,7791.0,7791.0,7791.0,7791.0,7791.0,7791.0,7791.0,7791.0,7791.0,7791.0,7791.0,7791.0,7791.0,7791.0,7791.0,7791.0,7791.0,7791.0,7791.0,7791.0,7791.0,7791.0,7791.0,7791.0
tune_2,Testing/network-cor-forma_eu_27t.txt,0.05,0.05,0.03,50,3,0.8,0.01,components,1,50,6818.0,556.68,5167,193,1679.0,1701.0,1789.0,1794.0,1960.0,1960.0,1960.0,2031.0,2031.0,2031.0,2031.0,2031.0,5736.0,5736.0,5756.0,5766.0,5766.0,5766.0,5770.0,5772.0,5780.0,5788.0,5794.0,5794.0,5810.0,5810.0,5810.0,5819.0,5828.0,5828.0,5828.0,5834.0,5839.0,5839.0,5842.0,5844.0,5848.0,5858.0,5858.0,5858.0,5858.0,5860.0,5863.0,5867.0,5871.0,5874.0,5874.0,5879.0,5879.0,5883.0,5885.0,5890.0,5890.0,5894.0,5896.0,5897.0,5897.0,5903.0,5904.0,5904.0,5905.0,5909.0,5909.0,5911.0,5913.0,5914.0,5914.0,5915.0,5915.0,5918.0,5920.0,5920.0,5921.0,5921.0,5923.0,5925.0,5926.0,5928.0,5928.0,5928.0,5929.0,5932.0,5932.0,5932.0,5933.0,5935.0,5935.0,5937.0,5937.0,5938.0,5938.0,5939.0,5939.0,5940.0,5940.0,5940.0,5940.0,5941.0,5941.0,5941.0,5942.0,5942.0,5942.0,5942.0,5942.0,5943.0,5943.0,5943.0,5944.0,5944.0,5944.0,5944.0,5944.0,5944.0,5944.0,5944.0,5944.0,5944.0,5944.0,5944.0,5944.0,5944.0,5944.0,5944.0,5944.0,5944.0,5944.0,5944.0,5944.0,5944.0,5944.0,5944.0,5944.0,5944.0,5944.0,5944.0,5944.0,5944.0,5944.0,5944.0,5944.0,5944.0,5944.0,5944.0,5944.0,5944.0,5944.0,5944.0,5944.0,5945.0,5945.0,5945.0,5945.0,5945.0,5945.0,5946.0,5946.0,5946.0,5946.0,5946.0,5946.0,5946.0,5946.0,5946.0,5946.0,5946.0,5946.0,5946.0,5946.0,5947.0,5947.0,5947.0,5947.0,5947.0,5947.0,5947.0,5947.0,5947.0,5947.0,5947.0,5947.0,5947.0,5947.0,5947.0,5947.0,5947.0,5947.0,5947.0,5947.0,5947.0,5947.0,5947.0,5947.0,5948.0,5948.0,5948.0,5948.0,5948.0,5948.0,5948.0
tune_10,Testing/network-cor-forma_eu_27t.txt,0.05,0.05,0.03,50,3,0.8,0.01,components,1,50,6019.0,504.15,5241,195,1550.0,1550.0,1624.0,1677.0,1677.0,1712.0,1756.0,5778.0,5778.0,5778.0,5781.0,5781.0,5781.0,5781.0,5784.0,5790.0,5795.0,5806.0,5806.0,5810.0,5817.0,5823.0,5823.0,5832.0,5832.0,5837.0,5839.0,5840.0,5844.0,5851.0,5860.0,5860.0,5861.0,5861.0,5864.0,5865.0,5865.0,5872.0,5875.0,5880.0,5880.0,5880.0,5885.0,5885.0,5887.0,5889.0,5893.0,5893.0,5893.0,5894.0,5896.0,5896.0,5897.0,5899.0,5900.0,5904.0,5904.0,5908.0,5909.0,5909.0,5909.0,5910.0,5913.0,5913.0,5914.0,5917.0,5917.0,5918.0,5921.0,5921.0,5921.0,5921.0,5922.0,5922.0,5923.0,5923.0,5926.0,5926.0,5926.0,5926.0,5928.0,5928.0,5928.0,5928.0,5929.0,5930.0,5930.0,5930.0,5930.0,5930.0,5930.0,5930.0,5930.0,5930.0,5930.0,5930.0,5930.0,5930.0,5930.0,5930.0,5930.0,5930.0,5930.0,5930.0,5930.0,5930.0,5930.0,5930.0,5930.0,5930.0,5930.0,5930.0,5930.0,5931.0,5931.0,5931.0,5933.0,5933.0,5933.0,5933.0,5933.0,5933.0,5933.0,5933.0,5933.0,5933.0,5933.0,5933.0,5933.0,5933.0,5933.0,5933.0,5933.0,5933.0,5933.0,5933.0,5933.0,5933.0,5933.0,5933.0,5933.0,5933.0,5933.0,5933.0,5933.0,5934.0,5934.0,5934.0,5934.0,5934.0,5934.0,5934.0,5934.0,5934.0,5934.0,5934.0,5934.0,5934.0,5934.0,5934.0,5934.0,5934.0,5934.0,5934.0,5934.0,5934.0,5934.0,5934.0,5934.0,5934.0,5934.0,5934.0,5934.0,5934.0,5934.0,5934.0,5934.0,5934.0,5934.0,5934.0,5934.0,5934.0,5934.0,5934.0,5934.0,5934.0,5934.0,5934.0,5934.0,5934.0,5934.0,5935.0,5935.0,5935.0,5935.0,5936.0,5936.0,5936.0,5936.0,5936.0
tune_5,Testing/network-cor-forma_eu_27t.txt,0.05,0.05,0.03,50,3,0.8,0.01,components,1,50,6949.0,546.56,5255,163,2199.0,2199.0,2199.0,2199.0,2304.0,2435.0,2435.0,5786.0,5786.0,5786.0,5786.0,5971.0,5971.0,5971.0,6737.0,6737.0,6737.0,6737.0,6737.0,6737.0,6737.0,6737.0,6737.0,6737.0,6737.0,6737.0,6737.0,6737.0,6737.0,6737.0,6737.0,6737.0,6737.0,6737.0,6737.0,6737.0,6737.0,6737.0,6737.0,6737.0,6737.0,6737.0,6737.0,6737.0,6737.0,6737.0,6737.0,6737.0,6737.0,6737.0,6737.0,6737.0,6737.0,6737.0,6737.0,6737.0,6737.0,6737.0,6737.0,6737.0,6737.0,6737.0,6737.0,6737.0,6737.0,6737.0,6737.0,6737.0,6737.0,6737.0,6737.0,6737.0,6737.0,6737.0,6737.0,6737.0,6737.0,6737.0,6737.0,6737.0,6737.0,6737.0,6737.0,6737.0,6737.0,6737.0,6737.0,6737.0,6737.0,6737.0,6737.0,6737.0,6737.0,6737.0,6737.0,6737.0,6737.0,6737.0,6737.0,6737.0,6737.0,6737.0,6737.0,6737.0,6737.0,6739.0,6739.0,6739.0,6739.0,6739.0,6739.0,6739.0,6739.0,6739.0,6739.0,6739.0,6739.0,6739.0,6739.0,6739.0,6739.0,6739.0,6739.0,6739.0,6739.0,6739.0,6739.0,6739.0,6739.0,6739.0,6739.0,6739.0,6739.0,6739.0,6739.0,6739.0,6739.0,6739.0,6739.0,6739.0,6739.0,6739.0,6739.0,6739.0,6739.0,6739.0,6739.0,6739.0,6740.0,6740.0,6740.0,6740.0,6740.0,6740.0,6740.0,6740.0,6740.0,6740.0,6740.0,6740.0,6740.0,6740.0,6740.0,6741.0,6741.0,6741.0,6741.0,6741.0,6741.0,6741.0,6741.0,6741.0,6741.0,6741.0,6741.0,6741.0,6741.0,6741.0,6741.0,6741.0,6741.0,6741.0,6741.0,6741.0,6741.0,6741.0,6741.0,6741.0,6741.0,6741.0,6741.0,6741.0,6741.0,6741.0,6741.0,6741.0,6741.0,6741.0,6741.0,6741.0,0.0
tune_4,Testing/network-cor-forma_eu_27t.txt,0.05,0.05,0.03,50,3,0.8,0.01,components,1,50,7211.0,557.66,5237,178,1458.0,1458.0,2209.0,2254.0,2446.0,2446.0,2446.0,2446.0,5771.0,5771.0,5792.0,6232.0,6746.0,7080.0,7080.0,7080.0,7080.0,7080.0,7080.0,7080.0,7080.0,7080.0,7080.0,7080.0,7080.0,7080.0,7080.0,7080.0,7080.0,7080.0,7080.0,7080.0,7080.0,7080.0,7080.0,7080.0,7080.0,7080.0,7080.0,7080.0,7080.0,7080.0,7080.0,7080.0,7080.0,7080.0,7080.0,7080.0,7080.0,7080.0,7080.0,7080.0,7080.0,7080.0,7080.0,7080.0,7080.0,7080.0,7080.0,7080.0,7080.0,7080.0,7080.0,7080.0,7080.0,7080.0,7080.0,7080.0,7080.0,7080.0,7080.0,7080.0,7080.0,7080.0,7080.0,7080.0,7080.0,7080.0,7096.0,7096.0,7096.0,7096.0,7096.0,7096.0,7096.0,7096.0,7096.0,7096.0,7096.0,7096.0,7096.0,7096.0,7096.0,7096.0,7096.0,7096.0,7096.0,7096.0,7096.0,7096.0,7096.0,7096.0,7096.0,7096.0,7096.0,7096.0,7096.0,7096.0,7096.0,7096.0,7096.0,7096.0,7096.0,7096.0,7096.0,7096.0,7096.0,7096.0,7096.0,7096.0,7096.0,7096.0,7096.0,7096.0,7096.0,7096.0,7096.0,7096.0,7096.0,7096.0,7096.0,7096.0,7096.0,7096.0,7096.0,7096.0,7096.0,7096.0,7096.0,7096.0,7096.0,7096.0,7096.0,7096.0,7096.0,7096.0,7096.0,7096.0,7096.0,7096.0,7096.0,7096.0,7096.0,7096.0,7096.0,7096.0,7096.0,7096.0,7096.0,7096.0,7096.0,7096.0,7096.0,7096.0,7096.0,7096.0,7097.0,7097.0,7097.0,7097.0,7097.0,7097.0,7097.0,7097.0,7097.0,7097.0,7097.0,7097.0,7099.0,7099.0,7099.0,7099.0,7099.0,7099.0,7099.0,7099.0,7099.0,7099.0,7099.0,7099.0,7099.0,7099.0,7099.0,7099.0,7099.0,7099.0,7099.0,7099.0,7099.0,7099.0
tune_8,Testing/network-cor-forma_eu_27t.txt,0.05,0.05,0.03,50,3,0.8,0.01,components,1,50,6958.0,541.39,5189,177,1570.0,1570.0,2469.0,2469.0,2469.0,2568.0,2792.0,5784.0,5876.0,6141.0,6438.0,6438.0,6438.0,7128.0,7128.0,7128.0,7128.0,7128.0,7128.0,7128.0,7128.0,7128.0,7128.0,7128.0,7128.0,7128.0,7128.0,7128.0,7128.0,7128.0,7128.0,7128.0,7128.0,7128.0,7128.0,7128.0,7128.0,7128.0,7128.0,7128.0,7128.0,7128.0,7128.0,7128.0,7128.0,7128.0,7128.0,7128.0,7128.0,7128.0,7128.0,7128.0,7128.0,7128.0,7128.0,7128.0,7128.0,7128.0,7128.0,7128.0,7128.0,7128.0,7128.0,7128.0,7128.0,7128.0,7128.0,7128.0,7128.0,7128.0,7128.0,7128.0,7128.0,7128.0,7128.0,7128.0,7128.0,7128.0,7128.0,7128.0,7128.0,7128.0,7128.0,7128.0,7128.0,7128.0,7128.0,7128.0,7128.0,7128.0,7128.0,7128.0,7128.0,7128.0,7128.0,7128.0,7128.0,7128.0,7128.0,7128.0,7128.0,7128.0,7128.0,7128.0,7128.0,7128.0,7128.0,7128.0,7128.0,7128.0,7128.0,7128.0,7128.0,7128.0,7128.0,7128.0,7128.0,7128.0,7128.0,7128.0,7128.0,7128.0,7128.0,7128.0,7128.0,7128.0,7128.0,7128.0,7128.0,7128.0,7128.0,7128.0,7128.0,7128.0,7128.0,7128.0,7128.0,7128.0,7128.0,7128.0,7128.0,7128.0,7128.0,7128.0,7128.0,7128.0,7128.0,7128.0,7128.0,7128.0,7128.0,7128.0,7128.0,7128.0,7128.0,7128.0,7128.0,7128.0,7128.0,7128.0,7128.0,7128.0,7128.0,7128.0,7128.0,7128.0,7128.0,7128.0,7128.0,7128.0,7128.0,7128.0,7128.0,7128.0,7128.0,7128.0,7128.0,7129.0,7129.0,7129.0,7129.0,7129.0,7129.0,7129.0,7129.0,7129.0,7129.0,7129.0,7129.0,7129.0,7129.0,7129.0,7129.0,7129.0,7129.0,7129.0,7129.0,7129.0,7129.0,7129.0
tune_6,Testing/network-cor-forma_eu_27t.txt,0.05,0.05,0.03,50,3,0.8,0.01,components,1,50,6866.0,552.60,5188,172,1515.0,1515.0,1580.0,1580.0,1991.0,1991.0,2325.0,2325.0,2325.0,2325.0,5773.0,5791.0,5791.0,5791.0,5791.0,5796.0,5796.0,5796.0,5797.0,5813.0,5813.0,5813.0,5816.0,5817.0,5828.0,5828.0,5837.0,5837.0,5840.0,5841.0,5841.0,5850.0,5850.0,5853.0,5856.0,5856.0,5858.0,5868.0,5868.0,5868.0,5869.0,5876.0,5877.0,5881.0,5881.0,5882.0,5883.0,5884.0,5890.0,5890.0,5894.0,5894.0,5894.0,5896.0,5897.0,5901.0,5901.0,5902.0,5903.0,5905.0,5906.0,5908.0,5908.0,5908.0,5912.0,5912.0,5912.0,5913.0,5916.0,5916.0,5917.0,5920.0,5920.0,5920.0,5921.0,5921.0,5922.0,5923.0,5923.0,5924.0,5925.0,5925.0,5925.0,5925.0,5926.0,5926.0,5927.0,5927.0,5927.0,5927.0,5927.0,5928.0,5928.0,5928.0,5928.0,5928.0,5928.0,5928.0,5928.0,5928.0,5928.0,5928.0,5928.0,5928.0,5928.0,5928.0,5928.0,5928.0,5928.0,5928.0,5928.0,5928.0,5928.0,5928.0,5928.0,5928.0,5928.0,5929.0,5929.0,5929.0,5929.0,5929.0,5930.0,5930.0,5930.0,5930.0,5930.0,5930.0,5930.0,5930.0,5930.0,5931.0,5931.0,5931.0,5931.0,5931.0,5931.0,5931.0,5931.0,5931.0,5931.0,5933.0,5933.0,5933.0,5933.0,5933.0,5933.0,5933.0,5933.0,5933.0,5933.0,5934.0,5934.0,5934.0,5934.0,5934.0,5934.0,5934.0,5934.0,5934.0,5934.0,5934.0,5934.0,5934.0,5934.0,5934.0,5934.0,5934.0,5934.0,5934.0,5934.0,5934.0,5935.0,5935.0,5935.0,5935.0,5935.0,5935.0,5935.0,5935.0,5935.0,5935.0,5935.0,5935.0,5935.0,5935.0,5935.0,5935.0,5935.0,5935.0,5935.0,5935.0,5935.0,5935.0,5935.0,5935.0,5935.0,5935.0,5935.0,5935.0,0.0
tune_9,Testing/network-cor-forma_eu_27t.txt,0.05,0.05,0.03,50,3,0.8,0.01,components,1,50,7837.0,545.11,5251,195,1938.0,2009.0,2114.0,2481.0,2481.0,2532.0,5777.0,5779.0,6131.0,6131.0,6438.0,7007.0,7007.0,7540.0,7540.0,7540.0,7540.0,7540.0,7540.0,7540.0,7540.0,7540.0,7540.0,7540.0,7540.0,7540.0,7540.0,7540.0,7540.0,7540.0,7540.0,7540.0,7540.0,7540.0,7540.0,7540.0,7540.0,7540.0,7540.0,7540.0,7540.0,7540.0,7540.0,7540.0,7540.0,7540.0,7540.0,7540.0,7540.0,7540.0,7540.0,7540.0,7540.0,7540.0,7540.0,7540.0,7540.0,7540.0,7540.0,7540.0,7540.0,7540.0,7540.0,7540.0,7540.0,7540.0,7540.0,7540.0,7540.0,7540.0,7540.0,7540.0,7540.0,7540.0,7540.0,7540.0,7540.0,7540.0,7540.0,7540.0,7540.0,7540.0,7540.0,7540.0,7540.0,7540.0,7540.0,7540.0,7540.0,7540.0,7540.0,7540.0,7540.0,7540.0,7540.0,7540.0,7540.0,7540.0,7540.0,7540.0,7540.0,7540.0,7540.0,7540.0,7540.0,7540.0,7540.0,7540.0,7540.0,7540.0,7540.0,7540.0,7540.0,7540.0,7540.0,7540.0,7540.0,7540.0,7540.0,7540.0,7540.0,7540.0,7541.0,7541.0,7541.0,7541.0,7541.0,7541.0,7541.0,7541.0,7541.0,7542.0,7542.0,7542.0,7542.0,7542.0,7542.0,7542.0,7542.0,7542.0,7542.0,7542.0,7542.0,7542.0,7542.0,7542.0,7542.0,7542.0,7542.0,7542.0,7542.0,7542.0,7542.0,7542.0,7542.0,7542.0,7542.0,7542.0,7542.0,7542.0,7542.0,7542.0,7542.0,7542.0,7542.0,7542.0,7542.0,7542.0,7542.0,7542.0,7542.0,7542.0,7542.0,7542.0,7542.0,7542.0,7542.0,7542.0,7542.0,7542.0,7542.0,7542.0,7542.0,7542.0,7542.0,7542.0,7542.0,7542.0,7542.0,7542.0,7542.0,7542.0,7542.0,7542.0,7542.0,7543.0,7543.0,7543.0,7543.0,7543.0,0.0
tune_7,Testing/network-cor-forma_eu_27t.txt,0.05,0.05,0.03,50,3,0.8,0.01,components,1,50,7444.0,561.28,5201,199,1776.0,1828.0,2263.0,2263.0,2540.0,2540.0,5777.0,5784.0,5789.0,5915.0,6057.0,6057.0,6700.0,6983.0,7042.0,7042.0,7042.0,7042.0,7042.0,7042.0,7042.0,7042.0,7042.0,7042.0,7042.0,7042.0,7042.0,7042.0,7042.0,7042.0,7042.0,7042.0,7042.0,7042.0,7042.0,7042.0,7042.0,7042.0,7042.0,7042.0,7042.0,7042.0,7042.0,7042.0,7042.0,7042.0,7042.0,7042.0,7042.0,7042.0,7042.0,7042.0,7042.0,7042.0,7042.0,7042.0,7042.0,7042.0,7042.0,7042.0,7042.0,7042.0,7042.0,7042.0,7042.0,7042.0,7042.0,7042.0,7042.0,7042.0,7042.0,7042.0,7042.0,7042.0,7042.0,7042.0,7042.0,7042.0,7042.0,7042.0,7042.0,7042.0,7042.0,7042.0,7042.0,7042.0,7042.0,7042.0,7042.0,7042.0,7086.0,7086.0,7086.0,7086.0,7086.0,7086.0,7086.0,7086.0,7086.0,7086.0,7086.0,7086.0,7086.0,7086.0,7086.0,7086.0,7086.0,7086.0,7086.0,7086.0,7086.0,7086.0,7086.0,7087.0,7087.0,7087.0,7087.0,7087.0,7087.0,7087.0,7087.0,7087.0,7087.0,7087.0,7087.0,7087.0,7087.0,7087.0,7087.0,7087.0,7087.0,7087.0,7087.0,7087.0,7087.0,7087.0,7087.0,7087.0,7087.0,7087.0,7087.0,7087.0,7087.0,7087.0,7087.0,7087.0,7087.0,7087.0,7087.0,7087.0,7087.0,7087.0,7087.0,7087.0,7087.0,7087.0,7087.0,7087.0,7087.0,7087.0,7087.0,7087.0,7087.0,7087.0,7087.0,7087.0,7087.0,7088.0,7088.0,7088.0,7088.0,7088.0,7088.0,7088.0,7088.0,7088.0,7088.0,7088.0,7088.0,7088.0,7088.0,7089.0,7089.0,7089.0,7089.0,7089.0,7089.0,7089.0,7089.0,7089.0,7089.0,7089.0,7089.0,7089.0,7089.0,7089.0,7089.0,7089.0,7089.0,7095.0
tune_1,Testing/network-cor-forma_eu_27t.txt,0.05,0.05,0.03,50,3,0.8,0.02,largest,0,50,1292.0,541.25,5213,0,7167.0,7167.0,7167.0,7167.0,7167.0,7167.0,7167.0,7167.0,7167.0,6702.0,6702.0,5366.0,3959.0,3291.0,1197.0,1197.0,1197.0,1197.0,1197.0,1197.0,1197.0,1197.0,1197.0,1197.0,1197.0,1197.0,1197.0,1197.0,1197.0,1197.0,1197.0,1197.0,1197.0,1197.0,1197.0,1197.0,1197.0,1197.0,1197.0,1197.0,1197.0,1197.0,1197.0,1197.0,1197.0,1197.0,1197.0,1197.0,1197.0,1197.0,1197.0,1197.0,1197.0,1197.0,1197.0,1197.0,1197.0,1197.0,1197.0,1197.0,1197.0,1197.0,1197.0,1197.0,1197.0,1197.0,1197.0,1197.0,1197.0,1197.0,1197.0,1197.0,1197.0,1189.0,1189.0,1189.0,1189.0,1189.0,1189.0,1189.0,1189.0,1189.0,1189.0,1185.0,1185.0,1185.0,1185.0,1185.0,1185.0,1185.0,1185.0,1185.0,1185.0,1185.0,1185.0,1185.0,1185.0,1185.0,1185.0,1185.0,1185.0,1185.0,1185.0,1185.0,1185.0,1185.0,1185.0,1185.0,1185.0,1185.0,1185.0,1185.0,1185.0,1185.0,1185.0,1185.0,1185.0,1185.0,1185.0,1185.0,1185.0,1185.0,1185.0,1185.0,1185.0,1185.0,1185.0,1185.0,1185.0,1185.0,1185.0,1185.0,1185.0,1185.0,1185.0,1185.0,1185.0,1185.0,1185.0,1185.0,1185.0,1185.0,1185.0,1185.0,1185.0,1185.0,1185.0,1185.0,1185.0,1185.0,1185.0,1184.0,1184.0,1184.0,1184.0,1184.0,1184.0,1184.0,1184.0,1184.0,1184.0,1184.0,1184.0,1184.0,1184.0,1184.0,1184.0,1184.0,1184.0,1184.0,1184.0,1184.0,1184.0,1184.0,1184.0,1184.0,1184.0,1184.0,1184.0,1184.0,1184.0,1184.0,1184.0,1184.0,1184.0,1184.0,1184.0,1184.0,1184.0,1184.0,1184.0,1184.0,1184.0,1184.0,1184.0,1184.0,1184.0,1184.0,1184.0,1184.0,0.0,2312.0
tune_2,Testing/network-cor-forma_eu_27t.txt,0.05,0.05,0.03,50,3,0.8,0.02,largest,0,50,2238.0,550.29,5332,0,9902.0,9902.0,9898.0,9492.0,8268.0,8268.0,8268.0,8074.0,8074.0,8074.0,7652.0,7289.0,5232.0,5232.0,2896.0,2597.0,2538.0,2538.0,2538.0,2538.0,2538.0,2538.0,2538.0,2538.0,2538.0,2538.0,2538.0,2538.0,2538.0,2538.0,2538.0,2538.0,2259.0,2259.0,2259.0,2259.0,2259.0,2259.0,2259.0,2259.0,2259.0,2259.0,2259.0,2259.0,2259.0,2259.0,2259.0,2259.0,946.0,946.0,946.0,946.0,946.0,946.0,946.0,946.0,946.0,946.0,946.0,946.0,946.0,946.0,946.0,946.0,946.0,946.0,946.0,946.0,946.0,946.0,946.0,946.0,946.0,946.0,946.0,946.0,946.0,946.0,946.0,946.0,946.0,946.0,946.0,946.0,946.0,946.0,946.0,946.0,946.0,946.0,946.0,946.0,946.0,946.0,946.0,946.0,946.0,946.0,946.0,946.0,946.0,946.0,946.0,946.0,946.0,946.0,946.0,946.0,946.0,946.0,946.0,946.0,946.0,946.0,946.0,946.0,946.0,946.0,946.0,946.0,946.0,946.0,946.0,946.0,946.0,946.0,946.0,946.0,946.0,946.0,946.0,946.0,946.0,946.0,946.0,946.0,946.0,946.0,946.0,946.0,946.0,946.0,946.0,946.0,946.0,946.0,946.0,946.0,946.0,946.0,946.0,946.0,946.0,946.0,946.0,946.0,946.0,946.0,946.0,946.0,946.0,946.0,946.0,946.0,946.0,946.0,946.0,946.0,946.0,946.0,946.0,946.0,946.0,946.0,946.0,946.0,946.0,946.0,946.0,946.0,946.0,946.0,946.0,946.0,946.0,946.0,946.0,946.0,946.0,946.0,946.0,946.0,946.0,946.0,946.0,946.0,946.0,946.0,946.0,946.0,0.0
tune_3,Testing/network-cor-forma_eu_27t.txt,0.05,0.05,0.03,50,3,0.8,0.02,largest,0,50,2929.0,525.26,5255,0,12031.0,11973.0,9889.0,9655.0,8729.0,8729.0,8715.0,8170.0,8167.0,7931.0,7292.0,7262.0,7262.0,5408.0,2576.0,2447.0,1856.0,1856.0,1856.0,1856.0,1856.0,1856.0,1856.0,1856.0,1856.0,1856.0,1856.0,1856.0,1856.0,1856.0,1856.0,1856.0,1856.0,1856.0,1856.0,1856.0,1856.0,1856.0,1856.0,1856.0,1856.0,1856.0,1856.0,1856.0,1856.0,1856.0,1856.0,1856.0,1856.0,1856.0,1856.0,1856.0,1856.0,1856.0,1856.0,1856.0,1856.0,1856.0,1856.0,1856.0,1856.0,1856.0,1856.0,1856.0,1856.0,1856.0,1856.0,1856.0,1856.0,1856.0,1856.0,1856.0,1856.0,1856.0,1856.0,1856.0,1856.0,1856.0,1856.0,1849.0,1849.0,1849.0,1849.0,1849.0,1849.0,1849.0,1849.0,1849.0,1849.0,1849.0,1849.0,1849.0,1849.0,1849.0,1849.0,1849.0,1849.0,1849.0,1849.0,1849.0,1849.0,1849.0,1849.0,1849.0,1849.0,1849.0,1849.0,1849.0,1849.0,1849.0,1849.0,1849.0,1849.0,1849.0,1849.0,1849.0,1849.0,1849.0,1849.0,1849.0,1849.0,1849.0,1849.0,1849.0,1849.0,1849.0,1849.0,1849.0,1849.0,1849.0,1849.0,1849.0,1849.0,1849.0,1849.0,1849.0,1849.0,1849.0,1849.0,1849.0,1849.0,1849.0,1849.0,1849.0,1849.0,1849.0,1849.0,1849.0,1849.0,1849.0,1849.0,1848.0,1848.0,1848.0,1848.0,1848.0,1848.0,1848.0,1848.0,1848.0,1848.0,1848.0,1848.0,1848.0,1848.0,1848.0,1848.0,1848.0,1848.0,1848.0,1848.0,1847.0,1847.0,1847.0,1847.0,1846.0,1846.0,1846.0,1846.0,1846.0,1846.0,1846.0,1846.0,1846.0,1846.0,1846.0,1846.0,1846.0,1846.0,1846.0,1846.0,1846.0,1846.0,1846.0,1846.0,1846.0,1846.0,1846.0,1846.0,1846.0,0.0
tune_4,Testing/network-cor-forma_eu_27t.txt,0.05,0.05,0.03,50,3,0.8,0.02,largest,0,50,2925.0,532.84,5270,0,11990.0,11883.0,11595.0,8704.0,7554.0,7554.0,7554.0,7554.0,6813.0,6813.0,6813.0,6544.0,5098.0,3133.0,2109.0,2109.0,2046.0,2046.0,2046.0,2046.0,2046.0,2046.0,2046.0,2046.0,2046.0,2046.0,2046.0,2046.0,1832.0,1832.0,1832.0,1832.0,1832.0,1832.0,1832.0,1832.0,1832.0,1832.0,1832.0,1832.0,1832.0,1832.0,1832.0,1832.0,1832.0,1832.0,1832.0,1832.0,1832.0,1832.0,1832.0,1832.0,1832.0,1832.0,1832.0,1832.0,1832.0,1832.0,1832.0,1832.0,1832.0,1832.0,1832.0,1832.0,1832.0,1832.0,1832.0,1832.0,1832.0,1832.0,1809.0,1809.0,1809.0,1809.0,1809.0,1809.0,1809.0,1809.0,1809.0,1765.0,1765.0,1765.0,1765.0,1765.0,1765.0,1765.0,1765.0,1765.0,1765.0,1765.0,1765.0,1765.0,1765.0,1765.0,1765.0,1765.0,1765.0,1765.0,1765.0,1765.0,1765.0,1765.0,1765.0,1765.0,1765.0,1765.0,1765.0,1765.0,1765.0,1765.0,1765.0,1765.0,1765.0,1765.0,1765.0,1765.0,1765.0,1764.0,1764.0,1764.0,1764.0,1764.0,1764.0,1764.0,1764.0,1764.0,1764.0,1764.0,1764.0,1764.0,1764.0,1763.0,1763.0,1763.0,1763.0,1763.0,1763.0,1763.0,1763.0,1763.0,1763.0,1763.0,1763.0,1763.0,1763.0,1763.0,1763.0,1763.0,1762.0,1762.0,1762.0,1762.0,1762.0,1762.0,1762.0,1762.0,1762.0,1762.0,1762.0,1762.0,1762.0,1762.0,1762.0,1762.0,1762.0,1762.0,1762.0,1762.0,1762.0,1762.0,1762.0,1762.0,1762.0,1762.0,1762.0,1762.0,1762.0,1762.0,1762.0,1762.0,1762.0,1762.0,1762.0,1762.0,1762.0,1762.0,1762.0,1762.0,1762.0,1762.0,1762.0,1762.0,1762.0,1762.0,1762.0,1762.0,1762.0,1762.0,1762.0,1762.0
tune_5,Testing/network-cor-forma_eu_27t.txt,0.05,0.05,0.03,50,3,0.8,0.02,largest,0,50,2808.0,540.51,5291,0,11853.0,11853.0,11759.0,9074.0,9074.0,8287.0,7952.0,7628.0,7628.0,7621.0,6490.0,6490.0,6490.0,6490.0,4473.0,4473.0,2491.0,2395.0,2395.0,2395.0,2395.0,2395.0,2395.0,2395.0,2395.0,2395.0,2395.0,2395.0,2395.0,2395.0,2395.0,2395.0,2395.0,2395.0,2395.0,2395.0,2395.0,2395.0,2395.0,2395.0,2395.0,2395.0,2395.0,2395.0,2395.0,2376.0,2376.0,2376.0,2376.0,2376.0,2376.0,2376.0,2376.0,2376.0,2376.0,2376.0,2376.0,2376.0,2376.0,2376.0,2376.0,2376.0,2376.0,2376.0,2376.0,2376.0,2376.0,2376.0,2376.0,2376.0,2376.0,2376.0,2376.0,2376.0,2376.0,2376.0,2376.0,2376.0,2376.0,2376.0,2376.0,2376.0,2376.0,2376.0,2376.0,2376.0,2376.0,2376.0,2376.0,2376.0,2376.0,2376.0,2376.0,2376.0,2376.0,2376.0,2376.0,2376.0,2376.0,2376.0,2376.0,2376.0,2376.0,2376.0,2376.0,2376.0,2376.0,2376.0,2376.0,2376.0,2376.0,2376.0,2376.0,2376.0,2376.0,2376.0,2376.0,2375.0,2375.0,2375.0,2375.0,2375.0,2375.0,2375.0,2375.0,2375.0,2375.0,2375.0,2375.0,2375.0,2375.0,2375.0,2375.0,2375.0,2375.0,2374.0,2374.0,2374.0,2374.0,2374.0,2374.0,2374.0,2374.0,2374.0,2374.0,2374.0,2374.0,2374.0,2374.0,2374.0,2374.0,2374.0,2374.0,2374.0,2374.0,2374.0,2374.0,2374.0,2374.0,2374.0,2374.0,2374.0,2374.0,2374.0,2374.0,2374.0,2374.0,2374.0,2374.0,2374.0,2374.0,2374.0,2374.0,2374.0,2374.0,2374.0,2374.0,2374.0,2374.0,2374.0,2374.0,2374.0,2374.0,2374.0,2374.0,2374.0,2374.0,2374.0,2374.0,2374.0,2374.0,2374.0,2374.0,2374.0,2374.0,2374.0,2374.0,2374.0,2374.0,2374.0
tune_8,Testing/network-cor-forma_eu_27t.txt,0.05,0.05,0.03,50,3,0.8,0.02,largest,0,50,2230.0,528.86,5295,0,9760.0,8719.0,8719.0,8719.0,8154.0,6906.0,6906.0,6906.0,6710.0,6710.0,6710.0,3388.0,3388.0,3388.0,3388.0,3388.0,3388.0,3313.0,2916.0,2916.0,2916.0,2916.0,2916.0,2916.0,2916.0,2916.0,2916.0,2916.0,2916.0,2916.0,2916.0,2916.0,2916.0,2916.0,2916.0,2916.0,2916.0,2916.0,2916.0,2916.0,2916.0,2916.0,2916.0,2916.0,2916.0,2916.0,2916.0,2916.0,2916.0,2916.0,2916.0,2916.0,2916.0,2916.0,2916.0,2916.0,2916.0,2916.0,2916.0,2916.0,2916.0,2916.0,2916.0,2916.0,2873.0,2873.0,2873.0,2873.0,2873.0,2873.0,2873.0,2873.0,2873.0,2873.0,2873.0,2869.0,2865.0,2865.0,2865.0,2865.0,2865.0,2865.0,2865.0,2865.0,2865.0,2865.0,2865.0,2865.0,2865.0,2865.0,2865.0,2865.0,2865.0,2865.0,2865.0,2864.0,2864.0,2864.0,2864.0,2864.0,2864.0,2864.0,2864.0,2864.0,2864.0,2864.0,2864.0,2864.0,2864.0,2864.0,2864.0,2864.0,2864.0,2864.0,2864.0,2864.0,2864.0,2864.0,2864.0,2864.0,2864.0,2864.0,2864.0,2864.0,2863.0,2863.0,2863.0,2863.0,2863.0,2863.0,2863.0,2863.0,2863.0,2863.0,2862.0,2862.0,2862.0,2862.0,2862.0,2862.0,2862.0,2862.0,2862.0,2862.0,2862.0,2862.0,2862.0,2862.0,2862.0,2862.0,2862.0,2862.0,2862.0,2862.0,2862.0,2862.0,2862.0,2862.0,2862.0,2861.0,2861.0,2861.0,2861.0,2861.0,2861.0,2861.0,2861.0,2861.0,2861.0,2861.0,2861.0,2861.0,2861.0,2861.0,2861.0,2861.0,2861.0,2861.0,2861.0,2861.0,2861.0,2861.0,2861.0,2861.0,2861.0,2861.0,2861.0,2861.0,2861.0,2861.0,2861.0,2861.0,2861.0,2861.0,2861.0,2861.0,2861.0,2861.0,2861.0,2861.0
tune_7,Testing/network-cor-forma_eu_27t.txt,0.05,0.05,0.03,50,3,0.8,0.02,largest,0,50,2039.0,537.31,5247,0,11683.0,11683.0,11668.0,11531.0,9710.0,7614.0,7614.0,6992.0,6992.0,6673.0,6673.0,6673.0,5378.0,4209.0,3832.0,3627.0,3627.0,3627.0,3627.0,3627.0,3627.0,3627.0,3627.0,3627.0,3627.0,3627.0,3627.0,3627.0,3627.0,3627.0,3627.0,3627.0,3627.0,3627.0,3627.0,3627.0,3627.0,3627.0,3627.0,3627.0,3627.0,3627.0,3627.0,3627.0,3627.0,3627.0,3627.0,3627.0,3627.0,3627.0,3627.0,3627.0,3627.0,3627.0,3627.0,3627.0,3627.0,3627.0,3627.0,3627.0,3627.0,3627.0,3627.0,3627.0,3627.0,3627.0,3627.0,3627.0,3627.0,3627.0,3627.0,3627.0,3618.0,3618.0,3618.0,3618.0,3618.0,3618.0,3618.0,3618.0,3618.0,3618.0,3618.0,3618.0,3618.0,3618.0,3618.0,3618.0,3618.0,3618.0,3618.0,3618.0,3618.0,3618.0,3618.0,3618.0,3618.0,3618.0,3618.0,3618.0,3618.0,3618.0,3618.0,3618.0,3618.0,3618.0,3618.0,3617.0,3617.0,3617.0,3617.0,3617.0,3617.0,3617.0,3617.0,3617.0,3617.0,3617.0,3617.0,3617.0,3616.0,3616.0,3616.0,3616.0,3616.0,3616.0,3616.0,3616.0,3616.0,3616.0,3616.0,3616.0,3616.0,3616.0,3616.0,3615.0,3615.0,3615.0,3615.0,3615.0,3615.0,3615.0,3615.0,3615.0,3615.0,3615.0,3615.0,3614.0,3614.0,3614.0,3614.0,3614.0,3614.0,3614.0,3614.0,3614.0,3614.0,3614.0,3614.0,3614.0,3614.0,3614.0,3614.0,3614.0,3614.0,3614.0,3614.0,3614.0,3614.0,3614.0,3614.0,3614.0,3614.0,3614.0,3614.0,3614.0,3613.0,3613.0,3613.0,3613.0,3613.0,3613.0,3613.0,3613.0,3613.0,3613.0,3613.0,3613.0,3613.0,3613.0,3613.0,3613.0,3613.0,3613.0,3613.0,3613.0,3613.0,3613.0,3613.0,3612.0
tune_6,Testing/network-cor-forma_eu_27t.txt,0.05,0.05,0.03,50,3,0.8,0.02,largest,0,50,3043.0,542.18,5293,0,11878.0,8060.0,7883.0,7883.0,7883.0,7883.0,7883.0,7714.0,7662.0,7627.0,7627.0,7270.0,4157.0,3007.0,1266.0,1266.0,1266.0,1266.0,1266.0,1266.0,1266.0,1266.0,1266.0,1266.0,1266.0,1266.0,1266.0,1266.0,1266.0,1266.0,1266.0,1266.0,1266.0,1266.0,1266.0,1266.0,1266.0,1266.0,1266.0,1266.0,1266.0,1266.0,1266.0,1266.0,1266.0,1266.0,1266.0,1256.0,1256.0,1256.0,1256.0,1256.0,1256.0,1256.0,1256.0,1256.0,1256.0,1256.0,1256.0,1256.0,1205.0,1205.0,1205.0,1205.0,1205.0,1205.0,1205.0,1205.0,1205.0,1205.0,1205.0,1205.0,1205.0,1205.0,1205.0,1205.0,1205.0,1205.0,1205.0,1205.0,1205.0,1205.0,1205.0,1205.0,1205.0,1205.0,1205.0,1205.0,1205.0,1205.0,1205.0,1205.0,1205.0,1205.0,1205.0,1205.0,1205.0,1205.0,1205.0,1205.0,1205.0,1205.0,1205.0,1205.0,1205.0,1205.0,1205.0,1205.0,1205.0,1205.0,1205.0,1205.0,1205.0,1205.0,1205.0,1205.0,1205.0,1205.0,1205.0,1205.0,1205.0,1205.0,1205.0,1205.0,1205.0,1205.0,1205.0,1205.0,1205.0,1205.0,1205.0,1205.0,1205.0,1205.0,1205.0,1205.0,1205.0,1205.0,1205.0,1205.0,1205.0,1205.0,1205.0,1205.0,1205.0,1205.0,1205.0,1205.0,1205.0,1205.0,1205.0,1205.0,1205.0,1205.0,1205.0,1205.0,1205.0,1205.0,1205.0,1205.0,1205.0,1205.0,1204.0,1204.0,1204.0,1204.0,1204.0,1204.0,1204.0,1204.0,1204.0,1204.0,1204.0,1204.0,1204.0,1204.0,1204.0,1204.0,1204.0,1204.0,1204.0,1204.0,1204.0,1204.0,1204.0,1204.0,1204.0,1204.0,1204.0,1204.0,1204.0,1204.0,1204.0,1204.0,1204.0,1204.0,1204.0,1204.0,1204.0,1204.0
tune_9,Testing/network-cor-forma_eu_27t.txt,0.05,0.05,0.03,50,3,0.8,0.02,largest,0,50,1912.0,538.12,5246,0,11979.0,11979.0,11956.0,11804.0,9589.0,8491.0,8491.0,8491.0,8491.0,8369.0,8287.0,7287.0,7280.0,6301.0,6147.0,5079.0,4996.0,1859.0,1859.0,1859.0,1859.0,1859.0,1859.0,1859.0,1859.0,1859.0,1859.0,1859.0,1859.0,1859.0,1859.0,1859.0,1859.0,1859.0,1859.0,1769.0,1769.0,1769.0,1280.0,1280.0,1280.0,1280.0,1280.0,1280.0,1280.0,1280.0,1280.0,1280.0,1280.0,1280.0,1280.0,1280.0,1280.0,1280.0,1280.0,1280.0,1280.0,1280.0,1280.0,1280.0,1280.0,1280.0,1280.0,1280.0,1272.0,1272.0,1272.0,1272.0,1272.0,1272.0,1272.0,1272.0,1272.0,1272.0,1272.0,1272.0,1272.0,1272.0,1272.0,1272.0,1272.0,1272.0,1272.0,1272.0,1272.0,1272.0,1272.0,1271.0,1271.0,1271.0,1271.0,1271.0,1271.0,1271.0,1271.0,1271.0,1271.0,1271.0,1271.0,1271.0,1271.0,1271.0,1271.0,1271.0,1271.0,1271.0,1271.0,1271.0,1271.0,1271.0,1271.0,1271.0,1271.0,1271.0,1271.0,1271.0,1271.0,1271.0,1271.0,1271.0,1271.0,1271.0,1271.0,1271.0,1271.0,1271.0,1271.0,1271.0,1271.0,1271.0,1271.0,1271.0,1271.0,1271.0,1271.0,1271.0,1271.0,1271.0,1271.0,1271.0,1271.0,1271.0,1271.0,1271.0,1271.0,1271.0,1271.0,1271.0,1271.0,1271.0,1271.0,1271.0,1271.0,1271.0,1271.0,1271.0,1271.0,1270.0,1270.0,1270.0,1270.0,1270.0,1270.0,1270.0,1270.0,1270.0,1270.0,1270.0,1270.0,1270.0,1270.0,1269.0,1269.0,1269.0,1269.0,1269.0,1269.0,1269.0,1269.0,1269.0,1269.0,1269.0,1269.0,1269.0,1269.0,1269.0,1269.0,1269.0,1269.0,1269.0,1269.0,1269.0,1269.0,1269.0,1269.0,1269.0,1269.0,1269.0,1269.0,1269.0
tune_10,Testing/network-cor-forma_eu_27t.txt,0.05,0.05,0.03,50,3,0.8,0.02,largest,0,50,3156.0,537.22,5324,0,11964.0,11964.0,8853.0,8562.0,8444.0,8444.0,8344.0,8344.0,7902.0,7902.0,7902.0,7280.0,4608.0,4608.0,3941.0,2906.0,2906.0,2906.0,2906.0,2906.0,2906.0,2906.0,2906.0,2906.0,2906.0,2906.0,2906.0,2906.0,2906.0,2906.0,2906.0,2906.0,2906.0,2906.0,2898.0,2898.0,2898.0,2898.0,2898.0,2865.0,2865.0,2865.0,2865.0,2865.0,2865.0,2865.0,2865.0,2865.0,2865.0,2865.0,2865.0,2865.0,2865.0,2865.0,2865.0,2842.0,2842.0,2842.0,2842.0,2842.0,2842.0,2842.0,2842.0,2842.0,2842.0,2842.0,2842.0,2842.0,2842.0,2842.0,2842.0,2842.0,2842.0,2842.0,2842.0,2842.0,2842.0,2842.0,2842.0,2842.0,2842.0,2842.0,2842.0,2842.0,2842.0,2842.0,2842.0,2842.0,2842.0,2842.0,2842.0,2842.0,2842.0,2842.0,2842.0,2842.0,2842.0,2842.0,2842.0,2842.0,2842.0,2842.0,2842.0,2842.0,2842.0,2842.0,2842.0,2842.0,2841.0,2841.0,2841.0,2841.0,2841.0,2841.0,2841.0,2841.0,2841.0,2841.0,2841.0,2841.0,2840.0,2840.0,2840.0,2840.0,2840.0,2840.0,2840.0,2840.0,2840.0,2840.0,2840.0,2840.0,2840.0,2840.0,2840.0,2840.0,2840.0,2840.0,2840.0,2840.0,2840.0,2840.0,2840.0,2840.0,2840.0,2840.0,2840.0,2840.0,2840.0,2840.0,2840.0,2840.0,2840.0,2840.0,2840.0,2838.0,2838.0,2838.0,2838.0,2838.0,2838.0,2838.0,2838.0,2838.0,2838.0,2838.0,2838.0,2838.0,2838.0,2838.0,2838.0,2838.0,2838.0,2838.0,2838.0,2838.0,2838.0,2838.0,2838.0,2838.0,2838.0,2838.0,2838.0,2838.0,2838.0,2838.0,2838.0,2838.0,2838.0,2838.0,2838.0,2838.0,2838.0,2838.0,2838.0,2838.0,2838.0,2838.0,2838.0,2838.0
tune_1,Testing/network-cor-forma_eu_27t.txt,0.05,0.05,0.03,50,3,0.8,0.02,largest,1,50,1750.0,582.57,5325,0,7167.0,7167.0,7167.0,7167.0,7167.0,7167.0,7167.0,7167.0,7167.0,6702.0,6702.0,5366.0,3959.0,3291.0,1197.0,1197.0,1197.0,1197.0,1197.0,1197.0,1197.0,1197.0,1197.0,1197.0,1197.0,1197.0,1197.0,1197.0,1197.0,1197.0,1197.0,1197.0,1197.0,1197.0,1197.0,1197.0,1197.0,1197.0,1197.0,1197.0,1197.0,1197.0,1197.0,1197.0,1197.0,1197.0,1197.0,1197.0,1197.0,1197.0,1197.0,1197.0,1197.0,1197.0,1197.0,1197.0,1197.0,1197.0,1197.0,1197.0,1197.0,1197.0,1197.0,1197.0,1197.0,1197.0,1197.0,1197.0,1197.0,1197.0,1197.0,1197.0,1197.0,1189.0,1189.0,1189.0,1189.0,1189.0,1189.0,1189.0,1189.0,1189.0,1189.0,1185.0,1185.0,1185.0,1185.0,1185.0,1185.0,1185.0,1185.0,1185.0,1185.0,1185.0,1185.0,1185.0,1185.0,1185.0,1185.0,1185.0,1185.0,1185.0,1185.0,1185.0,1185.0,1185.0,1185.0,1185.0,1185.0,1185.0,1185.0,1185.0,1185.0,1185.0,1185.0,1185.0,1185.0,1185.0,1185.0,1185.0,1185.0,1185.0,1185.0,1185.0,1185.0,1185.0,1185.0,1185.0,1185.0,1185.0,1185.0,1185.0,1185.0,1185.0,1185.0,1185.0,1185.0,1185.0,1185.0,1185.0,1185.0,1185.0,1185.0,1185.0,1185.0,1185.0,1185.0,1185.0,1185.0,1185.0,1185.0,1184.0,1184.0,1184.0,1184.0,1184.0,1184.0,1184.0,1184.0,1184.0,1184.0,1184.0,1184.0,1184.0,1184.0,1184.0,1184.0,1184.0,1184.0,1184.0,1184.0,1184.0,1184.0,1184.0,1184.0,1184.0,1184.0,1184.0,1184.0,1184.0,1184.0,1184.0,1184.0,1184.0,1184.0,1184.0,1184.0,1184.0,1184.0,1184.0,1184.0,1184.0,1184.0,1184.0,1184.0,1184.0,1184.0,1184.0,1184.0,1184.0,0.0,2312.0
tune_3,Testing/network-cor-forma_eu_27t.txt,0.05,0.05,0.03,50,3,0.8,0.02,largest,1,50,2462.0,554.44,5283,0,12031.0,11973.0,9889.0,9655.0,8729.0,8729.0,8715.0,8170.0,8167.0,7931.0,7292.0,7262.0,7262.0,5408.0,2576.0,2447.0,1856.0,1856.0,1856.0,1856.0,1856.0,1856.0,1856.0,1856.0,1856.0,1856.0,1856.0,1856.0,1856.0,1856.0,1856.0,1856.0,1856.0,1856.0,1856.0,1856.0,1856.0,1856.0,1856.0,1856.0,1856.0,1856.0,1856.0,1856.0,1856.0,1856.0,1856.0,1856.0,1856.0,1856.0,1856.0,1856.0,1856.0,1856.0,1856.0,1856.0,1856.0,1856.0,1856.0,1856.0,1856.0,1856.0,1856.0,1856.0,1856.0,1856.0,1856.0,1856.0,1856.0,1856.0,1856.0,1856.0,1856.0,1856.0,1856.0,1856.0,1856.0,1856.0,1856.0,1849.0,1849.0,1849.0,1849.0,1849.0,1849.0,1849.0,1849.0,1849.0,1849.0,1849.0,1849.0,1849.0,1849.0,1849.0,1849.0,1849.0,1849.0,1849.0,1849.0,1849.0,1849.0,1849.0,1849.0,1849.0,1849.0,1849.0,1849.0,1849.0,1849.0,1849.0,1849.0,1849.0,1849.0,1849.0,1849.0,1849.0,1849.0,1849.0,1849.0,1849.0,1849.0,1849.0,1849.0,1849.0,1849.0,1849.0,1849.0,1849.0,1849.0,1849.0,1849.0,1849.0,1849.0,1849.0,1849.0,1849.0,1849.0,1849.0,1849.0,1849.0,1849.0,1849.0,1849.0,1849.0,1849.0,1849.0,1849.0,1849.0,1849.0,1849.0,1849.0,1848.0,1848.0,1848.0,1848.0,1848.0,1848.0,1848.0,1848.0,1848.0,1848.0,1848.0,1848.0,1848.0,1848.0,1848.0,1848.0,1848.0,1848.0,1848.0,1848.0,1847.0,1847.0,1847.0,1847.0,1846.0,1846.0,1846.0,1846.0,1846.0,1846.0,1846.0,1846.0,1846.0,1846.0,1846.0,1846.0,1846.0,1846.0,1846.0,1846.0,1846.0,1846.0,1846.0,1846.0,1846.0,1846.0,1846.0,1846.0,1846.0,0.0
tune_5,Testing/network-cor-forma_eu_27t.txt,0.05,0.05,0.03,50,3,0.8,0.02,largest,1,50,2316.0,540.67,5200,0,11853.0,11853.0,11759.0,9074.0,9074.0,8287.0,7952.0,7628.0,7628.0,7621.0,6490.0,6490.0,6490.0,6490.0,4473.0,4473.0,2491.0,2395.0,2395.0,2395.0,2395.0,2395.0,2395.0,2395.0,2395.0,2395.0,2395.0,2395.0,2395.0,2395.0,2395.0,2395.0,2395.0,2395.0,2395.0,2395.0,2395.0,2395.0,2395.0,2395.0,2395.0,2395.0,2395.0,2395.0,2395.0,2376.0,2376.0,2376.0,2376.0,2376.0,2376.0,2376.0,2376.0,2376.0,2376.0,2376.0,2376.0,2376.0,2376.0,2376.0,2376.0,2376.0,2376.0,2376.0,2376.0,2376.0,2376.0,2376.0,2376.0,2376.0,2376.0,2376.0,2376.0,2376.0,2376.0,2376.0,2376.0,2376.0,2376.0,2376.0,2376.0,2376.0,2376.0,2376.0,2376.0,2376.0,2376.0,2376.0,2376.0,2376.0,2376.0,2376.0,2376.0,2376.0,2376.0,2376.0,2376.0,2376.0,2376.0,2376.0,2376.0,2376.0,2376.0,2376.0,2376.0,2376.0,2376.0,2376.0,2376.0,2376.0,2376.0,2376.0,2376.0,2376.0,2376.0,2376.0,2376.0,2375.0,2375.0,2375.0,2375.0,2375.0,2375.0,2375.0,2375.0,2375.0,2375.0,2375.0,2375.0,2375.0,2375.0,2375.0,2375.0,2375.0,2375.0,2374.0,2374.0,2374.0,2374.0,2374.0,2374.0,2374.0,2374.0,2374.0,2374.0,2374.0,2374.0,2374.0,2374.0,2374.0,2374.0,2374.0,2374.0,2374.0,2374.0,2374.0,2374.0,2374.0,2374.0,2374.0,2374.0,2374.0,2374.0,2374.0,2374.0,2374.0,2374.0,2374.0,2374.0,2374.0,2374.0,2374.0,2374.0,2374.0,2374.0,2374.0,2374.0,2374.0,2374.0,2374.0,2374.0,2374.0,2374.0,2374.0,2374.0,2374.0,2374.0,2374.0,2374.0,2374.0,2374.0,2374.0,2374.0,2374.0,2374.0,2374.0,2374.0,2374.0,2374.0,2374.0
tune_9,Testing/network-cor-forma_eu_27t.txt,0.05,0.05,0.03,50,3,0.8,0.02,largest,1,50,1912.0,512.89,5193,0,11979.0,11979.0,11956.0,11804.0,9589.0,8491.0,8491.0,8491.0,8491.0,8369.0,8287.0,7287.0,7280.0,6301.0,6147.0,5079.0,4996.0,1859.0,1859.0,1859.0,1859.0,1859.0,1859.0,1859.0,1859.0,1859.0,1859.0,1859.0,1859.0,1859.0,1859.0,1859.0,1859.0,1859.0,1859.0,1769.0,1769.0,1769.0,1280.0,1280.0,1280.0,1280.0,1280.0,1280.0,1280.0,1280.0,1280.0,1280.0,1280.0,1280.0,1280.0,1280.0,1280.0,1280.0,1280.0,1280.0,1280.0,1280.0,1280.0,1280.0,1280.0,1280.0,1280.0,1280.0,1272.0,1272.0,1272.0,1272.0,1272.0,1272.0,1272.0,1272.0,1272.0,1272.0,1272.0,1272.0,1272.0,1272.0,1272.0,1272.0,1272.0,1272.0,1272.0,1272.0,1272.0,1272.0,1272.0,1271.0,1271.0,1271.0,1271.0,1271.0,1271.0,1271.0,1271.0,1271.0,1271.0,1271.0,1271.0,1271.0,1271.0,1271.0,1271.0,1271.0,1271.0,1271.0,1271.0,1271.0,1271.0,1271.0,1271.0,1271.0,1271.0,1271.0,1271.0,1271.0,1271.0,1271.0,1271.0,1271.0,1271.0,1271.0,1271.0,1271.0,1271.0,1271.0,1271.0,1271.0,1271.0,1271.0,1271.0,1271.0,1271.0,1271.0,1271.0,1271.0,1271.0,1271.0,1271.0,1271.0,1271.0,1271.0,1271.0,1271.0,1271.0,1271.0,1271.0,1271.0,1271.0,1271.0,1271.0,1271.0,1271.0,1271.0,1271.0,1271.0,1271.0,1270.0,1270.0,1270.0,1270.0,1270.0,1270.0,1270.0,1270.0,1270.0,1270.0,1270.0,1270.0,1270.0,1270.0,1269.0,1269.0,1269.0,1269.0,1269.0,1269.0,1269.0,1269.0,1269.0,1269.0,1269.0,1269.0,1269.0,1269.0,1269.0,1269.0,1269.0,1269.0,1269.0,1269.0,1269.0,1269.0,1269.0,1269.0,1269.0,1269.0,1269.0,1269.0,1269.0
tune_4,Testing/network-cor-forma_eu_27t.txt,0.05,0.05,0.03,50,3,0.8,0.02,largest,1,50,2925.0,576.13,5267,0,11990.0,11883.0,11595.0,8704.0,7554.0,7554.0,7554.0,7554.0,6813.0,6813.0,6813.0,6544.0,5098.0,3133.0,2109.0,2109.0,2046.0,2046.0,2046.0,2046.0,2046.0,2046.0,2046.0,2046.0,2046.0,2046.0,2046.0,2046.0,1832.0,1832.0,1832.0,1832.0,1832.0,1832.0,1832.0,1832.0,1832.0,1832.0,1832.0,1832.0,1832.0,1832.0,1832.0,1832.0,1832.0,1832.0,1832.0,1832.0,1832.0,1832.0,1832.0,1832.0,1832.0,1832.0,1832.0,1832.0,1832.0,1832.0,1832.0,1832.0,1832.0,1832.0,1832.0,1832.0,1832.0,1832.0,1832.0,1832.0,1832.0,1832.0,1809.0,1809.0,1809.0,1809.0,1809.0,1809.0,1809.0,1809.0,1809.0,1765.0,1765.0,1765.0,1765.0,1765.0,1765.0,1765.0,1765.0,1765.0,1765.0,1765.0,1765.0,1765.0,1765.0,1765.0,1765.0,1765.0,1765.0,1765.0,1765.0,1765.0,1765.0,1765.0,1765.0,1765.0,1765.0,1765.0,1765.0,1765.0,1765.0,1765.0,1765.0,1765.0,1765.0,1765.0,1765.0,1765.0,1765.0,1764.0,1764.0,1764.0,1764.0,1764.0,1764.0,1764.0,1764.0,1764.0,1764.0,1764.0,1764.0,1764.0,1764.0,1763.0,1763.0,1763.0,1763.0,1763.0,1763.0,1763.0,1763.0,1763.0,1763.0,1763.0,1763.0,1763.0,1763.0,1763.0,1763.0,1763.0,1762.0,1762.0,1762.0,1762.0,1762.0,1762.0,1762.0,1762.0,1762.0,1762.0,1762.0,1762.0,1762.0,1762.0,1762.0,1762.0,1762.0,1762.0,1762.0,1762.0,1762.0,1762.0,1762.0,1762.0,1762.0,1762.0,1762.0,1762.0,1762.0,1762.0,1762.0,1762.0,1762.0,1762.0,1762.0,1762.0,1762.0,1762.0,1762.0,1762.0,1762.0,1762.0,1762.0,1762.0,1762.0,1762.0,1762.0,1762.0,1762.0,1762.0,1762.0,1762.0
tune_6,Testing/network-cor-forma_eu_27t.txt,0.05,0.05,0.03,50,3,0.8,0.02,largest,1,50,2543.0,553.39,5281,0,11878.0,8060.0,7883.0,7883.0,7883.0,7883.0,7883.0,7714.0,7662.0,7627.0,7627.0,7270.0,4157.0,3007.0,1266.0,1266.0,1266.0,1266.0,1266.0,1266.0,1266.0,1266.0,1266.0,1266.0,1266.0,1266.0,1266.0,1266.0,1266.0,1266.0,1266.0,1266.0,1266.0,1266.0,1266.0,1266.0,1266.0,1266.0,1266.0,1266.0,1266.0,1266.0,1266.0,1266.0,1266.0,1266.0,1266.0,1256.0,1256.0,1256.0,1256.0,1256.0,1256.0,1256.0,1256.0,1256.0,1256.0,1256.0,1256.0,1256.0,1205.0,1205.0,1205.0,1205.0,1205.0,1205.0,1205.0,1205.0,1205.0,1205.0,1205.0,1205.0,1205.0,1205.0,1205.0,1205.0,1205.0,1205.0,1205.0,1205.0,1205.0,1205.0,1205.0,1205.0,1205.0,1205.0,1205.0,1205.0,1205.0,1205.0,1205.0,1205.0,1205.0,1205.0,1205.0,1205.0,1205.0,1205.0,1205.0,1205.0,1205.0,1205.0,1205.0,1205.0,1205.0,1205.0,1205.0,1205.0,1205.0,1205.0,1205.0,1205.0,1205.0,1205.0,1205.0,1205.0,1205.0,1205.0,1205.0,1205.0,1205.0,1205.0,1205.0,1205.0,1205.0,1205.0,1205.0,1205.0,1205.0,1205.0,1205.0,1205.0,1205.0,1205.0,1205.0,1205.0,1205.0,1205.0,1205.0,1205.0,1205.0,1205.0,1205.0,1205.0,1205.0,1205.0,1205.0,1205.0,1205.0,1205.0,1205.0,1205.0,1205.0,1205.0,1205.0,1205.0,1205.0,1205.0,1205.0,1205.0,1205.0,1205.0,1204.0,1204.0,1204.0,1204.0,1204.0,1204.0,1204.0,1204.0,1204.0,1204.0,1204.0,1204.0,1204.0,1204.0,1204.0,1204.0,1204.0,1204.0,1204.0,1204.0,1204.0,1204.0,1204.0,1204.0,1204.0,1204.0,1204.0,1204.0,1204.0,1204.0,1204.0,1204.0,1204.0,1204.0,1204.0,1204.0,1204.0,1204.0
tune_2,Testing/network-cor-forma_eu_27t.txt,0.05,0.05,0.03,50,3,0.8,0.02,pairwise,0,50,1199775.0,516.25,5237,0,70706686.0,70706686.0,69983130.0,69487254.0,47547976.0,38188876.0,32758434.0,32758434.0,27325120.0,27325120.0,26827960.0,24104987.0,13663210.0,1690809.0,1690809.0,1690809.0,1690809.0,1690809.0,1690809.0,1690809.0,1690809.0,1690809.0,1690809.0,1690809.0,1690809.0,1690809.0,1690809.0,1690809.0,1690809.0,1690809.0,1690809.0,1690809.0,1690809.0,1690809.0,1690809.0,1690809.0,1690809.0,1690809.0,1690809.0,1690809.0,1690809.0,1690809.0,1690809.0,1690809.0,1690809.0,1690809.0,1690809.0,1690809.0,1690809.0,1690809.0,1690809.0,1690809.0,1690809.0,1690809.0,1690809.0,1690809.0,1690809.0,1690809.0,1690809.0,1690809.0,1690809.0,1690809.0,1690809.0,1690809.0,1690809.0,1690809.0,1690809.0,1690809.0,1690809.0,1690809.0,1690809.0,1690809.0,1690809.0,1690809.0,1690809.0,1690809.0,1690809.0,1690809.0,1690809.0,1677109.0,1677109.0,1677109.0,1677109.0,1677109.0,1677109.0,1677109.0,1677109.0,1673661.0,1673661.0,1673661.0,1673661.0,1673661.0,1673661.0,1673661.0,1673661.0,1673661.0,1673661.0,1673661.0,1673661.0,1673661.0,1673661.0,1673661.0,1673661.0,1673661.0,1673661.0,1673661.0,1673661.0,1673661.0,1673661.0,1673661.0,1673661.0,1673661.0,1673661.0,1673657.0,1673657.0,1673657.0,1673657.0,1673657.0,1673657.0,1673657.0,1673657.0,1673657.0,1673657.0,1673657.0,1673657.0,1673657.0,1673657.0,1673657.0,1673657.0,1673657.0,1673657.0,1673657.0,1673657.0,1673657.0,1673657.0,1673657.0,1673657.0,1673657.0,1673657.0,1673657.0,1673657.0,1673657.0,1673657.0,1673657.0,1673657.0,1673657.0,1673657.0,1673657.0,1673657.0,1673657.0,1673657.0,1673657.0,1673657.0,1673657.0,1673568.0,1673568.0,1673568.0,1673568.0,1673568.0,1673568.0,1673568.0,1673568.0,1673568.0,1673568.0,1673568.0,1673568.0,1673568.0,1673568.0,1673568.0,1673568.0,1673568.0,1673568.0
tune_1,Testing/network-cor-forma_eu_27t.txt,0.05,0.05,0.03,50,3,0.8,0.02,pairwise,0,50,2671001.0,523.93,5309,0,48371972.0,48371972.0,48371972.0,44009017.0,44009017.0,44009017.0,37614824.0,37614824.0,37614824.0,37614824.0,37614824.0,37614824.0,37614824.0,37614824.0,26260017.0,19012006.0,8880230.0,5590769.0,5590769.0,5258019.0,4708618.0,3443508.0,3443508.0,2897794.0,2897794.0,2897794.0,2897794.0,2897794.0,2897794.0,2897794.0,2897794.0,2897794.0,2897794.0,2897794.0,2897794.0,2897794.0,2897794.0,2897794.0,2897794.0,2897794.0,2897794.0,2897794.0,2897794.0,2897794.0,2897794.0,2897794.0,2897794.0,2897794.0,2897794.0,2897794.0,2897794.0,2897794.0,2897794.0,2897794.0,2897794.0,2897794.0,2897794.0,2897794.0,2897794.0,2897794.0,2897794.0,2897794.0,2897794.0,2897794.0,2880901.0,2880901.0,2880901.0,2880901.0,2880901.0,2880901.0,2880901.0,2880901.0,2880901.0,2880901.0,2880901.0,2880901.0,2880901.0,2880901.0,2880901.0,2880901.0,2880901.0,2880901.0,2880901.0,2880901.0,2880901.0,2880901.0,2880901.0,2880901.0,2880901.0,2880901.0,2880901.0,2880901.0,2880901.0,2880901.0,2880901.0,2880901.0,2880901.0,2878497.0,2878497.0,2878497.0,2878497.0,2878497.0,2878497.0,2878497.0,2878497.0,2878497.0,2878497.0,2878497.0,2878497.0,2878497.0,2878497.0,2878497.0,2878497.0,2878497.0,2878497.0,2878497.0,2878450.0,2878450.0,2878450.0,2878450.0,2878450.0,2878450.0,2878450.0,2878450.0,2876158.0,2876158.0,2876158.0,2876158.0,2876158.0,2876158.0,2876158.0,2876158.0,2876158.0,2876158.0,2876158.0,2876158.0,2876158.0,2876158.0,2876158.0,2876091.0,2876091.0,2876091.0,2876091.0,2876091.0,2876091.0,2876091.0,2876091.0,2876091.0,2876091.0,2876091.0,2876091.0,2876091.0,2876091.0,2876091.0,2873728.0,2873728.0,2873728.0,2873728.0,2873728.0,2873728.0,2873728.0,2873728.0,2873728.0,2873728.0,2873690.0,2873690.0,2873690.0,2873690.0,2873690.0,2873690.0,2873690.0,2873690.0,2873690.0,2873689.0,2873689.0,1848468.0,1848468.0,1848468.0,1848468.0
tune_7,Testing/network-cor-forma_eu_27t.txt,0.05,0.05,0.03,50,3,0.8,0.02,largest,1,50,2401.0,555.33,5309,0,11683.0,11683.0,11668.0,11531.0,9710.0,7614.0,7614.0,6992.0,6992.0,6673.0,6673.0,6673.0,5378.0,4209.0,3832.0,3627.0,3627.0,3627.0,3627.0,3627.0,3627.0,3627.0,3627.0,3627.0,3627.0,3627.0,3627.0,3627.0,3627.0,3627.0,3627.0,3627.0,3627.0,3627.0,3627.0,3627.0,3627.0,3627.0,3627.0,3627.0,3627.0,3627.0,3627.0,3627.0,3627.0,3627.0,3627.0,3627.0,3627.0,3627.0,3627.0,3627.0,3627.0,3627.0,3627.0,3627.0,3627.0,3627.0,3627.0,3627.0,3627.0,3627.0,3627.0,3627.0,3627.0,3627.0,3627.0,3627.0,3627.0,3627.0,3627.0,3627.0,3618.0,3618.0,3618.0,3618.0,3618.0,3618.0,3618.0,3618.0,3618.0,3618.0,3618.0,3618.0,3618.0,3618.0,3618.0,3618.0,3618.0,3618.0,3618.0,3618.0,3618.0,3618.0,3618.0,3618.0,3618.0,3618.0,3618.0,3618.0,3618.0,3618.0,3618.0,3618.0,3618.0,3618.0,3618.0,3617.0,3617.0,3617.0,3617.0,3617.0,3617.0,3617.0,3617.0,3617.0,3617.0,3617.0,3617.0,3617.0,3616.0,3616.0,3616.0,3616.0,3616.0,3616.0,3616.0,3616.0,3616.0,3616.0,3616.0,3616.0,3616.0,3616.0,3616.0,3615.0,3615.0,3615.0,3615.0,3615.0,3615.0,3615.0,3615.0,3615.0,3615.0,3615.0,3615.0,3614.0,3614.0,3614.0,3614.0,3614.0,3614.0,3614.0,3614.0,3614.0,3614.0,3614.0,3614.0,3614.0,3614.0,3614.0,3614.0,3614.0,3614.0,3614.0,3614.0,3614.0,3614.0,3614.0,3614.0,3614.0,3614.0,3614.0,3614.0,3614.0,3613.0,3613.0,3613.0,3613.0,3613.0,3613.0,3613.0,3613.0,3613.0,3613.0,3613.0,3613.0,3613.0,3613.0,3613.0,3613.0,3613.0,3613.0,3613.0,3613.0,3613.0,3613.0,3613.0,3612.0
tune_8,Testing/network-cor-forma_eu_27t.txt,0.05,0.05,0.03,50,3,0.8,0.02,largest,1,50,2290.0,563.90,5264,0,9760.0,8719.0,8719.0,8719.0,8154.0,6906.0,6906.0,6906.0,6710.0,6710.0,6710.0,3388.0,3388.0,3388.0,3388.0,3388.0,3388.0,3313.0,2916.0,2916.0,2916.0,2916.0,2916.0,2916.0,2916.0,2916.0,2916.0,2916.0,2916.0,2916.0,2916.0,2916.0,2916.0,2916.0,2916.0,2916.0,2916.0,2916.0,2916.0,2916.0,2916.0,2916.0,2916.0,2916.0,2916.0,2916.0,2916.0,2916.0,2916.0,2916.0,2916.0,2916.0,2916.0,2916.0,2916.0,2916.0,2916.0,2916.0,2916.0,2916.0,2916.0,2916.0,2916.0,2916.0,2873.0,2873.0,2873.0,2873.0,2873.0,2873.0,2873.0,2873.0,2873.0,2873.0,2873.0,2869.0,2865.0,2865.0,2865.0,2865.0,2865.0,2865.0,2865.0,2865.0,2865.0,2865.0,2865.0,2865.0,2865.0,2865.0,2865.0,2865.0,2865.0,2865.0,2865.0,2864.0,2864.0,2864.0,2864.0,2864.0,2864.0,2864.0,2864.0,2864.0,2864.0,2864.0,2864.0,2864.0,2864.0,2864.0,2864.0,2864.0,2864.0,2864.0,2864.0,2864.0,2864.0,2864.0,2864.0,2864.0,2864.0,2864.0,2864.0,2864.0,2863.0,2863.0,2863.0,2863.0,2863.0,2863.0,2863.0,2863.0,2863.0,2863.0,2862.0,2862.0,2862.0,2862.0,2862.0,2862.0,2862.0,2862.0,2862.0,2862.0,2862.0,2862.0,2862.0,2862.0,2862.0,2862.0,2862.0,2862.0,2862.0,2862.0,2862.0,2862.0,2862.0,2862.0,2862.0,2861.0,2861.0,2861.0,2861.0,2861.0,2861.0,2861.0,2861.0,2861.0,2861.0,2861.0,2861.0,2861.0,2861.0,2861.0,2861.0,2861.0,2861.0,2861.0,2861.0,2861.0,2861.0,2861.0,2861.0,2861.0,2861.0,2861.0,2861.0,2861.0,2861.0,2861.0,2861.0,2861.0,2861.0,2861.0,2861.0,2861.0,2861.0,2861.0,2861.0,2861.0
tune_4,Testing/network-cor-forma_eu_27t.txt,0.05,0.05,0.03,50,3,0.8,0.02,pairwise,0,50,24229584.0,506.06,5316,0,48488188.0,48488188.0,48488188.0,47382996.0,36172680.0,32583716.0,32583716.0,31218529.0,31218529.0,31218529.0,26703612.0,26703612.0,10470117.0,8836672.0,5031610.0,2424534.0,2055786.0,2055786.0,2055786.0,2055786.0,2055786.0,2055786.0,2055786.0,2055786.0,2055786.0,2055786.0,1978494.0,1978494.0,1978494.0,1978494.0,1978494.0,1978494.0,1978494.0,1978494.0,1978494.0,1584343.0,1584343.0,1584343.0,1584343.0,1584343.0,1584343.0,1584343.0,1584343.0,1584343.0,1584343.0,1584343.0,1584343.0,1584343.0,1584343.0,1584343.0,1584343.0,1584343.0,1584343.0,1577742.0,1577742.0,1577742.0,1577742.0,1577742.0,1577742.0,1577742.0,1577742.0,1527162.0,1527162.0,1527162.0,1527162.0,1527162.0,1527162.0,1527162.0,1527162.0,1527162.0,1527162.0,1527162.0,1527162.0,1527162.0,1527162.0,1527162.0,1527162.0,1527162.0,1527162.0,1527162.0,1527162.0,1527162.0,1527162.0,1527162.0,1527162.0,1527162.0,1527162.0,1527162.0,1527162.0,1527162.0,1527162.0,1527162.0,1527162.0,1527162.0,1527162.0,1527162.0,1527162.0,1527162.0,1527162.0,1527162.0,1527162.0,1527162.0,1527162.0,1527162.0,1527162.0,1527162.0,1527162.0,1527162.0,1527162.0,1527067.0,1527067.0,1527067.0,1527067.0,1527067.0,1527067.0,1527067.0,1527067.0,1527067.0,1527067.0,1527025.0,1527025.0,1527025.0,1527025.0,1527025.0,1527025.0,1525423.0,1525423.0,1525423.0,1525423.0,1525423.0,1525423.0,1525423.0,1525423.0,1525423.0,1525423.0,1525423.0,1525423.0,1525423.0,1525395.0,1525395.0,1525395.0,1525395.0,1525395.0,1525395.0,1525395.0,1525395.0,1525395.0,1525395.0,1525395.0,1525395.0,1525395.0,1525395.0,1525395.0,1525395.0,1525395.0,1525395.0,1525395.0,1525395.0,1525395.0,1525395.0,1525395.0,1525395.0,1525395.0,1525395.0,1525395.0,1525395.0,1525373.0,1525373.0,1525373.0,1525373.0,1525336.0,1973385.0,1973385.0,1973385.0,1973385.0,1973385.0,1973385.0,1973385.0,1973385.0,1973385.0,1973385.0,1973385.0,1973385.0,1973385.0,1973385.0,1973385.0
tune_10,Testing/network-cor-forma_eu_27t.txt,0.05,0.05,0.03,50,3,0.8,0.02,largest,1,50,2293.0,600.73,5306,0,11964.0,11964.0,8853.0,8562.0,8444.0,8444.0,8344.0,8344.0,7902.0,7902.0,7902.0,7280.0,4608.0,4608.0,3941.0,2906.0,2906.0,2906.0,2906.0,2906.0,2906.0,2906.0,2906.0,2906.0,2906.0,2906.0,2906.0,2906.0,2906.0,2906.0,2906.0,2906.0,2906.0,2906.0,2898.0,2898.0,2898.0,2898.0,2898.0,2865.0,2865.0,2865.0,2865.0,2865.0,2865.0,2865.0,2865.0,2865.0,2865.0,2865.0,2865.0,2865.0,2865.0,2865.0,2865.0,2842.0,2842.0,2842.0,2842.0,2842.0,2842.0,2842.0,2842.0,2842.0,2842.0,2842.0,2842.0,2842.0,2842.0,2842.0,2842.0,2842.0,2842.0,2842.0,2842.0,2842.0,2842.0,2842.0,2842.0,2842.0,2842.0,2842.0,2842.0,2842.0,2842.0,2842.0,2842.0,2842.0,2842.0,2842.0,2842.0,2842.0,2842.0,2842.0,2842.0,2842.0,2842.0,2842.0,2842.0,2842.0,2842.0,2842.0,2842.0,2842.0,2842.0,2842.0,2842.0,2842.0,2841.0,2841.0,2841.0,2841.0,2841.0,2841.0,2841.0,2841.0,2841.0,2841.0,2841.0,2841.0,2840.0,2840.0,2840.0,2840.0,2840.0,2840.0,2840.0,2840.0,2840.0,2840.0,2840.0,2840.0,2840.0,2840.0,2840.0,2840.0,2840.0,2840.0,2840.0,2840.0,2840.0,2840.0,2840.0,2840.0,2840.0,2840.0,2840.0,2840.0,2840.0,2840.0,2840.0,2840.0,2840.0,2840.0,2840.0,2838.0,2838.0,2838.0,2838.0,2838.0,2838.0,2838.0,2838.0,2838.0,2838.0,2838.0,2838.0,2838.0,2838.0,2838.0,2838.0,2838.0,2838.0,2838.0,2838.0,2838.0,2838.0,2838.0,2838.0,2838.0,2838.0,2838.0,2838.0,2838.0,2838.0,2838.0,2838.0,2838.0,2838.0,2838.0,2838.0,2838.0,2838.0,2838.0,2838.0,2838.0,2838.0,2838.0,2838.0,2838.0
tune_6,Testing/network-cor-forma_eu_27t.txt,0.05,0.05,0.03,50,3,0.8,0.02,pairwise,0,50,3755086.0,502.33,5256,0,70303020.0,69770449.0,48411207.0,37754271.0,36035318.0,33352468.0,33352468.0,32848364.0,31228611.0,28557111.0,28557111.0,23438392.0,23438392.0,23438392.0,23438392.0,9782455.0,9782455.0,8281194.0,6104530.0,5690989.0,5690989.0,5690989.0,5690989.0,5690989.0,5690989.0,5690989.0,5690989.0,5690989.0,5690989.0,5690989.0,5690989.0,5690989.0,5030161.0,5030161.0,5030161.0,5030161.0,5030161.0,5030161.0,5030161.0,5030161.0,5030161.0,5030161.0,5030161.0,5030161.0,5030161.0,5030161.0,5030161.0,5030161.0,5030161.0,5030161.0,5030161.0,5030161.0,5030161.0,5030161.0,5030161.0,5030161.0,5030161.0,5030161.0,5030161.0,5030161.0,5030161.0,5030161.0,5030161.0,5030161.0,5030161.0,5030161.0,5030161.0,5030161.0,5030161.0,5030161.0,5030161.0,5030161.0,5030161.0,5030161.0,5030161.0,5030161.0,5030161.0,5030161.0,5030161.0,5030161.0,5030161.0,5030161.0,5030161.0,5030161.0,5030161.0,5030161.0,5030161.0,5030161.0,5030161.0,5030161.0,5030161.0,5030161.0,5016880.0,5016880.0,5016880.0,5016880.0,5016880.0,5016880.0,5016880.0,5016880.0,5016880.0,5016880.0,5016880.0,5016880.0,5016880.0,5016880.0,5016880.0,5016868.0,5016868.0,5016868.0,5016868.0,5016868.0,5016868.0,5016868.0,5016868.0,5016835.0,5016835.0,5016835.0,5016835.0,5016835.0,5016835.0,5016835.0,5016835.0,5016835.0,5016835.0,5016835.0,5016835.0,5016835.0,5016835.0,5016835.0,5016830.0,5016830.0,5016830.0,5016830.0,5016830.0,5016830.0,5016830.0,5016830.0,5016830.0,5016830.0,5016830.0,5016830.0,5016830.0,5016830.0,5016830.0,5016830.0,5016830.0,5013708.0,5013708.0,5013708.0,5013708.0,5013708.0,5013708.0,5013708.0,2666093.0,2666093.0,2666093.0,2666093.0,2666093.0,2666093.0,2666093.0,2666093.0,2666093.0,2666006.0,2666006.0,2666006.0,2666006.0,2666006.0,2665948.0,2665948.0,2665948.0,2665948.0,2665948.0,2665948.0,2665948.0,2665948.0,2665948.0,2665948.0,2665948.0,2665948.0,2665948.0,2665948.0,2665948.0,2665948.0,2665945.0,2665945.0,2665943.0,2665943.0,2665943.0,2665943.0,2665943.0
tune_5,Testing/network-cor-forma_eu_27t.txt,0.05,0.05,0.03,50,3,0.8,0.02,pairwise,0,50,2033475.0,516.23,5250,0,51546973.0,49029742.0,49029742.0,49029742.0,47498553.0,38487211.0,37927312.0,36169575.0,36169575.0,33389072.0,33389072.0,26616041.0,26325242.0,5422387.0,5422387.0,4164085.0,4164085.0,4164085.0,4164085.0,4164085.0,4164085.0,4164085.0,4164085.0,4164085.0,4164085.0,4164085.0,4164085.0,4164085.0,4164085.0,4164085.0,4164085.0,4164085.0,4164085.0,4164085.0,4164085.0,4164085.0,4164085.0,4164085.0,4164085.0,3387190.0,3387190.0,3387190.0,3387190.0,3387190.0,3307762.0,3307762.0,3307762.0,2166736.0,2166736.0,2166736.0,2166736.0,2166736.0,2166736.0,2166736.0,2166736.0,2166736.0,2166736.0,2166736.0,2166736.0,2166736.0,2166736.0,2166736.0,2166736.0,2166736.0,2166736.0,2166736.0,2166736.0,2166736.0,2166736.0,2166736.0,2166736.0,2166736.0,2166736.0,2166736.0,2149654.0,2149654.0,2149654.0,2149654.0,2149654.0,2149654.0,2149654.0,2149654.0,2149654.0,2149654.0,2149654.0,2149654.0,2149654.0,2149654.0,2149654.0,2149654.0,2149654.0,2149654.0,2149654.0,2149654.0,2149654.0,2149654.0,2149654.0,2149654.0,2149654.0,2149654.0,2149654.0,2149654.0,2149654.0,2149654.0,2149654.0,2149654.0,2149654.0,2149654.0,2149654.0,2149654.0,2149654.0,2149654.0,2149654.0,2149654.0,2149654.0,2149654.0,2147646.0,2147646.0,2147646.0,2147646.0,2147646.0,2147646.0,2147646.0,2147646.0,2147646.0,2147646.0,2147646.0,2147646.0,2147646.0,2147646.0,2147646.0,2147646.0,2147646.0,2147646.0,2147646.0,2147646.0,2147646.0,2147646.0,2147646.0,2147646.0,2147646.0,2147646.0,2147646.0,2147646.0,2147646.0,2147646.0,2147646.0,2147646.0,2147646.0,2147646.0,2147646.0,2147646.0,2147646.0,2147646.0,2147642.0,2147642.0,2147642.0,3183966.0,3183966.0,3183966.0,3183966.0,3183966.0,3183966.0,3183966.0,3183966.0,3181480.0,3181480.0,3181480.0,3181480.0,3181480.0,3181480.0,3181480.0,3181480.0,3181480.0,3181480.0,3181480.0,3181480.0,3181480.0,3181480.0,3181480.0,3181480.0,3181480.0,3178995.0,3178995.0,3178995.0,3178995.0,3178995.0,3178995.0,3178995.0,3178995.0,3178995.0,3178995.0,3178995.0,3178973.0,3178973.0,3178973.0,3178973.0,3178973.0,3178973.0
tune_7,Testing/network-cor-forma_eu_27t.txt,0.05,0.05,0.03,50,3,0.8,0.02,pairwise,0,50,4096944.0,495.39,5232,-1
tune_8,Testing/network-cor-forma_eu_27t.txt,0.05,0.05,0.03,50,3,0.8,0.02,pairwise,0,50,3515270.0,514.41,5292,0,48399965.0,46172582.0,35858801.0,35858801.0,24520042.0,24520042.0,24520042.0,24520042.0,24399767.0,24399767.0,24399767.0,24399767.0,13020917.0,8188121.0,3354330.0,3354330.0,3021935.0,3021935.0,3021935.0,3021935.0,3021935.0,3021935.0,3021935.0,3021935.0,3021935.0,3021935.0,3021935.0,3021935.0,3021935.0,3021935.0,3021935.0,3021935.0,3021935.0,3021935.0,3021935.0,3021935.0,3021935.0,3021935.0,3021935.0,3021935.0,3021935.0,3021935.0,3021935.0,3021935.0,2819743.0,2819743.0,2819743.0,2819743.0,2819743.0,2819743.0,2819743.0,2819743.0,2819743.0,2819743.0,2819743.0,2819743.0,2819743.0,2819743.0,2819743.0,2819743.0,2819743.0,2819743.0,2819743.0,2819731.0,2819731.0,2819731.0,2819731.0,2819731.0,2819731.0,2819731.0,2819731.0,2819731.0,2819731.0,2819731.0,2819731.0,2819731.0,2819731.0,2819731.0,2819731.0,2819731.0,2819731.0,2817517.0,2817517.0,2817517.0,2817517.0,2817517.0,2817517.0,2817517.0,2817517.0,2817517.0,2817517.0,2817517.0,2817517.0,2817517.0,2817517.0,2817517.0,2817517.0,2817517.0,2817517.0,2817517.0,2817517.0,2817517.0,2817486.0,2817486.0,2817486.0,2817486.0,2817486.0,2817486.0,2817486.0,2817486.0,2817486.0,2817486.0,2817486.0,2817486.0,2817486.0,2817486.0,2817486.0,2817486.0,2817486.0,2817486.0,2817475.0,2817475.0,2817475.0,2815180.0,2815180.0,2815180.0,2815180.0,2815180.0,2815180.0,2815180.0,2815180.0,2815180.0,2815180.0,2815180.0,2815180.0,2815180.0,2815180.0,2815180.0,2815146.0,2815146.0,2815146.0,2815146.0,2815146.0,2815146.0,2815146.0,2815146.0,2815146.0,2815146.0,2815146.0,2815146.0,2815146.0,2815146.0,2815146.0,2815146.0,2815146.0,2815146.0,2815146.0,2812843.0,2812843.0,2812843.0,2812843.0,2812843.0,2812843.0,2812843.0,2812843.0,2812843.0,2812843.0,2812843.0,2812843.0,2812843.0,2812843.0,2812843.0,2812843.0,2812813.0,2812813.0,2812813.0,2812813.0,2812813.0,2812813.0,2812813.0,2812813.0,2812813.0,2812813.0,2812813.0,2812813.0,2812813.0,2812813.0
tune_9,Testing/network-cor-forma_eu_27t.txt,0.05,0.05,0.03,50,3,0.8,0.02,pairwise,0,50,5796291.0,517.48,5242,0,46752337.0,45630672.0,45630672.0,26506717.0,26506717.0,26506717.0,9470712.0,9470712.0,9470712.0,6712392.0,3593527.0,2466881.0,2104074.0,2104074.0,2104074.0,2104074.0,2104074.0,2104074.0,2104074.0,2104074.0,2104074.0,2104074.0,2104074.0,2104074.0,2104074.0,2104074.0,2104074.0,2104074.0,2104074.0,2104074.0,2104074.0,2104074.0,2104074.0,2104074.0,2104074.0,2104074.0,2104074.0,2104074.0,2104074.0,2104074.0,2104074.0,2104074.0,2104074.0,2104074.0,2104074.0,2104074.0,2104074.0,2104074.0,2104074.0,2104074.0,2104074.0,2104074.0,2104074.0,2104074.0,2104074.0,2104074.0,2104074.0,2104074.0,2104074.0,2104074.0,2104021.0,2104021.0,2104021.0,2104021.0,2104021.0,2104021.0,2104021.0,2104021.0,2104021.0,2104021.0,2104021.0,2104021.0,2104021.0,2104021.0,2104021.0,2104021.0,2104021.0,2104021.0,2104021.0,2104021.0,2104021.0,2104021.0,2104021.0,2104021.0,2104021.0,2104021.0,2104021.0,2104021.0,2104021.0,2104021.0,2104021.0,2104021.0,2104021.0,2102054.0,2102054.0,2102054.0,2102054.0,2102054.0,2102054.0,2102054.0,2102054.0,2102054.0,2102054.0,2102054.0,2102054.0,2102054.0,2102054.0,2102054.0,2102054.0,2102054.0,2102054.0,2102054.0,2102054.0,2102054.0,2102054.0,2102054.0,2102051.0,2102051.0,2102038.0,2102038.0,2102038.0,2102038.0,2102038.0,2102038.0,2100101.0,2100101.0,2100101.0,2100101.0,2100101.0,2100101.0,2100101.0,2100101.0,2100101.0,2100095.0,2100095.0,2100095.0,2100095.0,2100095.0,2100095.0,2100095.0,2100095.0,2100095.0,2100095.0,2100095.0,2100095.0,2100094.0,2100094.0,2100092.0,2100092.0,2100092.0,2100092.0,2100092.0,2100092.0,2100092.0,2100092.0,2100092.0,2100092.0,2100092.0,2100092.0,2100092.0,2100092.0,2100092.0,2100092.0,2100092.0,2099839.0,2099839.0,2098127.0,2098127.0,2098127.0,2098127.0,2098127.0,2098127.0,2098127.0,2098127.0,2098127.0,2098127.0,2098127.0,2097889.0,2097889.0,2097889.0,2097889.0,2097889.0,2097889.0,2097889.0,2097889.0
tune_10,Testing/network-cor-forma_eu_27t.txt,0.05,0.05,0.03,50,3,0.8,0.02,pairwise,0,50,1932828.0,526.65,5329,0,49617003.0,49617003.0,38716912.0,31958068.0,31958068.0,31958068.0,31958068.0,31958068.0,31958068.0,31958068.0,26543100.0,26485333.0,4237669.0,4237669.0,3184654.0,2607564.0,2607564.0,2607564.0,2607564.0,2607564.0,2607564.0,2607564.0,2607564.0,2607564.0,2607564.0,2607564.0,2607564.0,2607564.0,2607564.0,2607564.0,2607564.0,2607564.0,2607564.0,2465515.0,2465515.0,2465515.0,2465515.0,2465515.0,2465515.0,2465515.0,2465515.0,2465515.0,2465515.0,2465515.0,2465515.0,2465515.0,2465515.0,2465515.0,2465515.0,2465515.0,2465515.0,2465515.0,2465515.0,2465515.0,2465515.0,2465443.0,2465443.0,2465443.0,2465443.0,2465443.0,2465443.0,2465443.0,2465443.0,2465443.0,2465443.0,2465443.0,2465443.0,2465443.0,2465443.0,2465443.0,2465443.0,2465443.0,2465418.0,2465418.0,2465418.0,2465418.0,2465418.0,2465418.0,2465418.0,2465418.0,2465418.0,2465418.0,2465418.0,2465418.0,2465418.0,2463271.0,2463271.0,2463271.0,2463271.0,2463271.0,2463271.0,2463271.0,2463271.0,2463271.0,2463271.0,2463271.0,2463271.0,2463271.0,2463271.0,2463271.0,2463271.0,2463271.0,2463271.0,2463271.0,2463271.0,2463271.0,2463271.0,2463271.0,2463271.0,2463271.0,2463271.0,2463271.0,2463271.0,2463271.0,2463271.0,2463271.0,2463271.0,2463271.0,2463271.0,2463271.0,2463271.0,2463271.0,2463271.0,2463271.0,2463271.0,2463271.0,2461100.0,2461100.0,2461100.0,2461100.0,2461100.0,2461100.0,2461100.0,2461100.0,2458930.0,2458930.0,2458930.0,2458930.0,2458930.0,2458930.0,2458930.0,2458930.0,2458930.0,2458930.0,2458930.0,2458930.0,2458930.0,2458930.0,2458930.0,2458930.0,2458930.0,2458930.0,2458924.0,2458924.0,2458924.0,2458760.0,2458760.0,2458760.0,2458760.0,2458760.0,2458760.0,2458760.0,2458760.0,2458760.0,2458760.0,2458760.0,2458760.0,2458760.0,2458760.0,2458760.0,2458760.0,2456591.0,2456591.0,2456591.0,2456591.0,2456591.0,2456591.0,2456591.0,2456591.0,2456591.0,2456591.0,2456591.0,2456591.0,2456591.0,2456591.0,2456591.0
tune_2,Testing/network-cor-forma_eu_27t.txt,0.05,0.05,0.03,50,3,0.8,0.02,pairwise,1,50,4346594.0,522.72,5139,0,70706686.0,70706686.0,69983130.0,69487254.0,47547976.0,38188876.0,32758434.0,32758434.0,27325120.0,27325120.0,26827960.0,24104987.0,13663210.0,1690809.0,1690809.0,1690809.0,1690809.0,1690809.0,1690809.0,1690809.0,1690809.0,1690809.0,1690809.0,1690809.0,1690809.0,1690809.0,1690809.0,1690809.0,1690809.0,1690809.0,1690809.0,1690809.0,1690809.0,1690809.0,1690809.0,1690809.0,1690809.0,1690809.0,1690809.0,1690809.0,1690809.0,1690809.0,1690809.0,1690809.0,1690809.0,1690809.0,1690809.0,1690809.0,1690809.0,1690809.0,1690809.0,1690809.0,1690809.0,1690809.0,1690809.0,1690809.0,1690809.0,1690809.0,1690809.0,1690809.0,1690809.0,1690809.0,1690809.0,1690809.0,1690809.0,1690809.0,1690809.0,1690809.0,1690809.0,1690809.0,1690809.0,1690809.0,1690809.0,1690809.0,1690809.0,1690809.0,1690809.0,1690809.0,1690809.0,1677109.0,1677109.0,1677109.0,1677109.0,1677109.0,1677109.0,1677109.0,1677109.0,1673661.0,1673661.0,1673661.0,1673661.0,1673661.0,1673661.0,1673661.0,1673661.0,1673661.0,1673661.0,1673661.0,1673661.0,1673661.0,1673661.0,1673661.0,1673661.0,1673661.0,1673661.0,1673661.0,1673661.0,1673661.0,1673661.0,1673661.0,1673661.0,1673661.0,1673661.0,1673657.0,1673657.0,1673657.0,1673657.0,1673657.0,1673657.0,1673657.0,1673657.0,1673657.0,1673657.0,1673657.0,1673657.0,1673657.0,1673657.0,1673657.0,1673657.0,1673657.0,1673657.0,1673657.0,1673657.0,1673657.0,1673657.0,1673657.0,1673657.0,1673657.0,1673657.0,1673657.0,1673657.0,1673657.0,1673657.0,1673657.0,1673657.0,1673657.0,1673657.0,1673657.0,1673657.0,1673657.0,1673657.0,1673657.0,1673657.0,1673657.0,1673568.0,1673568.0,1673568.0,1673568.0,1673568.0,1673568.0,1673568.0,1673568.0,1673568.0,1673568.0,1673568.0,1673568.0,1673568.0,1673568.0,1673568.0,1673568.0,1673568.0,1673568.0
tune_1,Testing/network-cor-forma_eu_27t.txt,0.05,0.05,0.03,50,3,0.8,0.02,pairwise,1,50,550207.0,533.00,5231,0,48371972.0,48371972.0,48371972.0,44009017.0,44009017.0,44009017.0,37614824.0,37614824.0,37614824.0,37614824.0,37614824.0,37614824.0,37614824.0,37614824.0,26260017.0,19012006.0,8880230.0,5590769.0,5590769.0,5258019.0,4708618.0,3443508.0,3443508.0,2897794.0,2897794.0,2897794.0,2897794.0,2897794.0,2897794.0,2897794.0,2897794.0,2897794.0,2897794.0,2897794.0,2897794.0,2897794.0,2897794.0,2897794.0,2897794.0,2897794.0,2897794.0,2897794.0,2897794.0,2897794.0,2897794.0,2897794.0,2897794.0,2897794.0,2897794.0,2897794.0,2897794.0,2897794.0,2897794.0,2897794.0,2897794.0,2897794.0,2897794.0,2897794.0,2897794.0,2897794.0,2897794.0,2897794.0,2897794.0,2897794.0,2880901.0,2880901.0,2880901.0,2880901.0,2880901.0,2880901.0,2880901.0,2880901.0,2880901.0,2880901.0,2880901.0,2880901.0,2880901.0,2880901.0,2880901.0,2880901.0,2880901.0,2880901.0,2880901.0,2880901.0,2880901.0,2880901.0,2880901.0,2880901.0,2880901.0,2880901.0,2880901.0,2880901.0,2880901.0,2880901.0,2880901.0,2880901.0,2880901.0,2878497.0,2878497.0,2878497.0,2878497.0,2878497.0,2878497.0,2878497.0,2878497.0,2878497.0,2878497.0,2878497.0,2878497.0,2878497.0,2878497.0,2878497.0,2878497.0,2878497.0,2878497.0,2878497.0,2878450.0,2878450.0,2878450.0,2878450.0,2878450.0,2878450.0,2878450.0,2878450.0,2876158.0,2876158.0,2876158.0,2876158.0,2876158.0,2876158.0,2876158.0,2876158.0,2876158.0,2876158.0,2876158.0,2876158.0,2876158.0,2876158.0,2876158.0,2876091.0,2876091.0,2876091.0,2876091.0,2876091.0,2876091.0,2876091.0,2876091.0,2876091.0,2876091.0,2876091.0,2876091.0,2876091.0,2876091.0,2876091.0,2873728.0,2873728.0,2873728.0,2873728.0,2873728.0,2873728.0,2873728.0,2873728.0,2873728.0,2873728.0,2873690.0,2873690.0,2873690.0,2873690.0,2873690.0,2873690.0,2873690.0,2873690.0,2873690.0,2873689.0,2873689.0,1848468.0,1848468.0,1848468.0,1848468.0
tune_3,Testing/network-cor-forma_eu_27t.txt,0.05,0.05,0.03,50,3,0.8,0.02,pairwise,1,50,2470613.0,532.81,5254,0,69995483.0,68946300.0,36255274.0,36255274.0,36255274.0,30715489.0,30715489.0,25001689.0,25001689.0,25001689.0,24687162.0,24687162.0,23857576.0,8004807.0,6201838.0,4420274.0,3392024.0,3392024.0,3392024.0,3392024.0,3392024.0,3392024.0,3392024.0,3392024.0,3392024.0,3392024.0,3392024.0,3392024.0,3392024.0,3392024.0,3392024.0,3392024.0,3392024.0,3392024.0,3392024.0,3392024.0,3392024.0,3392024.0,3392024.0,3392024.0,3392024.0,3392024.0,3392024.0,3392024.0,3392024.0,3392024.0,3392024.0,3392024.0,3392024.0,3392024.0,3392024.0,3392024.0,3392024.0,3392024.0,3392024.0,3392024.0,3392024.0,3392024.0,3392024.0,3392024.0,3392024.0,3392024.0,3392024.0,3392024.0,3392024.0,3392024.0,3392024.0,3392024.0,3392024.0,3392024.0,3392024.0,3392024.0,3392024.0,3391268.0,3391268.0,3391268.0,3391268.0,3391268.0,3391268.0,3384691.0,3384691.0,3384691.0,3384691.0,3384691.0,3384691.0,3384691.0,3384691.0,3384691.0,3384691.0,3384691.0,3384691.0,3384691.0,3384691.0,3384691.0,3384691.0,3384691.0,3384691.0,3384691.0,3384691.0,3384691.0,3384691.0,3384691.0,3384691.0,3384691.0,3384691.0,3384614.0,3384614.0,3382125.0,3382125.0,3382125.0,3382125.0,3382125.0,3382125.0,3382125.0,3382125.0,3382125.0,3382125.0,3382125.0,3382125.0,3382125.0,3382125.0,3382125.0,3382125.0,3382125.0,3382125.0,3382125.0,3382125.0,3382125.0,3382125.0,3382125.0,3382125.0,3382125.0,3382125.0,3382125.0,3382125.0,3382125.0,3382125.0,3382125.0,3382125.0,3379574.0,3379574.0,3379574.0,3379574.0,3379574.0,3379574.0,3379574.0,3379574.0,3379574.0,3379574.0,3379574.0,3379574.0,3379566.0,3379566.0,3379566.0,3379566.0,3379566.0,3379566.0,3379566.0,3379566.0,3379566.0,3379566.0,3379566.0,3379566.0,3379566.0,3379566.0,3379566.0,3379566.0,3379566.0,3379566.0,3379566.0,3379566.0,5074402.0,5074402.0,5074402.0,5074402.0,5074402.0,5074402.0,5074402.0,5074402.0,5074402.0,5074402.0,5074369.0,5074369.0,5074369.0,5074369.0,5074369.0,5074369.0
tune_5,Testing/network-cor-forma_eu_27t.txt,0.05,0.05,0.03,50,3,0.8,0.02,pairwise,1,50,1870209.0,530.17,5258,0,51546973.0,49029742.0,49029742.0,49029742.0,47498553.0,38487211.0,37927312.0,36169575.0,36169575.0,33389072.0,33389072.0,26616041.0,26325242.0,5422387.0,5422387.0,4164085.0,4164085.0,4164085.0,4164085.0,4164085.0,4164085.0,4164085.0,4164085.0,4164085.0,4164085.0,4164085.0,4164085.0,4164085.0,4164085.0,4164085.0,4164085.0,4164085.0,4164085.0,4164085.0,4164085.0,4164085.0,4164085.0,4164085.0,4164085.0,3387190.0,3387190.0,3387190.0,3387190.0,3387190.0,3307762.0,3307762.0,3307762.0,2166736.0,2166736.0,2166736.0,2166736.0,2166736.0,2166736.0,2166736.0,2166736.0,2166736.0,2166736.0,2166736.0,2166736.0,2166736.0,2166736.0,2166736.0,2166736.0,2166736.0,2166736.0,2166736.0,2166736.0,2166736.0,2166736.0,2166736.0,2166736.0,2166736.0,2166736.0,2166736.0,2149654.0,2149654.0,2149654.0,2149654.0,2149654.0,2149654.0,2149654.0,2149654.0,2149654.0,2149654.0,2149654.0,2149654.0,2149654.0,2149654.0,2149654.0,2149654.0,2149654.0,2149654.0,2149654.0,2149654.0,2149654.0,2149654.0,2149654.0,2149654.0,2149654.0,2149654.0,2149654.0,2149654.0,2149654.0,2149654.0,2149654.0,2149654.0,2149654.0,2149654.0,2149654.0,2149654.0,2149654.0,2149654.0,2149654.0,2149654.0,2149654.0,2149654.0,2147646.0,2147646.0,2147646.0,2147646.0,2147646.0,2147646.0,2147646.0,2147646.0,2147646.0,2147646.0,2147646.0,2147646.0,2147646.0,2147646.0,2147646.0,2147646.0,2147646.0,2147646.0,2147646.0,2147646.0,2147646.0,2147646.0,2147646.0,2147646.0,2147646.0,2147646.0,2147646.0,2147646.0,2147646.0,2147646.0,2147646.0,2147646.0,2147646.0,2147646.0,2147646.0,2147646.0,2147646.0,2147646.0,2147642.0,2147642.0,2147642.0,3183966.0,3183966.0,3183966.0,3183966.0,3183966.0,3183966.0,3183966.0,3183966.0,3181480.0,3181480.0,3181480.0,3181480.0,3181480.0,3181480.0,3181480.0,3181480.0,3181480.0,3181480.0,3181480.0,3181480.0,3181480.0,3181480.0,3181480.0,3181480.0,3181480.0,3178995.0,3178995.0,3178995.0,3178995.0,3178995.0,3178995.0,3178995.0,3178995.0,3178995.0,3178995.0,3178995.0,3178973.0,3178973.0,3178973.0,3178973.0,3178973.0,3178973.0
tune_4,Testing/network-cor-forma_eu_27t.txt,0.05,0.05,0.03,50,3,0.8,0.02,pairwise,1,50,4003510.0,551.18,5330,0,48488188.0,48488188.0,48488188.0,47382996.0,36172680.0,32583716.0,32583716.0,31218529.0,31218529.0,31218529.0,26703612.0,26703612.0,10470117.0,8836672.0,5031610.0,2424534.0,2055786.0,2055786.0,2055786.0,2055786.0,2055786.0,2055786.0,2055786.0,2055786.0,2055786.0,2055786.0,1978494.0,1978494.0,1978494.0,1978494.0,1978494.0,1978494.0,1978494.0,1978494.0,1978494.0,1584343.0,1584343.0,1584343.0,1584343.0,1584343.0,1584343.0,1584343.0,1584343.0,1584343.0,1584343.0,1584343.0,1584343.0,1584343.0,1584343.0,1584343.0,1584343.0,1584343.0,1584343.0,1577742.0,1577742.0,1577742.0,1577742.0,1577742.0,1577742.0,1577742.0,1577742.0,1527162.0,1527162.0,1527162.0,1527162.0,1527162.0,1527162.0,1527162.0,1527162.0,1527162.0,1527162.0,1527162.0,1527162.0,1527162.0,1527162.0,1527162.0,1527162.0,1527162.0,1527162.0,1527162.0,1527162.0,1527162.0,1527162.0,1527162.0,1527162.0,1527162.0,1527162.0,1527162.0,1527162.0,1527162.0,1527162.0,1527162.0,1527162.0,1527162.0,1527162.0,1527162.0,1527162.0,1527162.0,1527162.0,1527162.0,1527162.0,1527162.0,1527162.0,1527162.0,1527162.0,1527162.0,1527162.0,1527162.0,1527162.0,1527067.0,1527067.0,1527067.0,1527067.0,1527067.0,1527067.0,1527067.0,1527067.0,1527067.0,1527067.0,1527025.0,1527025.0,1527025.0,1527025.0,1527025.0,1527025.0,1525423.0,1525423.0,1525423.0,1525423.0,1525423.0,1525423.0,1525423.0,1525423.0,1525423.0,1525423.0,1525423.0,1525423.0,1525423.0,1525395.0,1525395.0,1525395.0,1525395.0,1525395.0,1525395.0,1525395.0,1525395.0,1525395.0,1525395.0,1525395.0,1525395.0,1525395.0,1525395.0,1525395.0,1525395.0,1525395.0,1525395.0,1525395.0,1525395.0,1525395.0,1525395.0,1525395.0,1525395.0,1525395.0,1525395.0,1525395.0,1525395.0,1525373.0,1525373.0,1525373.0,1525373.0,1525336.0,1973385.0,1973385.0,1973385.0,1973385.0,1973385.0,1973385.0,1973385.0,1973385.0,1973385.0,1973385.0,1973385.0,1973385.0,1973385.0,1973385.0,1973385.0
tune_6,Testing/network-cor-forma_eu_27t.txt,0.05,0.05,0.03,50,3,0.8,0.02,pairwise,1,50,6169350.0,554.06,5327,0,70303020.0,69770449.0,48411207.0,37754271.0,36035318.0,33352468.0,33352468.0,32848364.0,31228611.0,28557111.0,28557111.0,23438392.0,23438392.0,23438392.0,23438392.0,9782455.0,9782455.0,8281194.0,6104530.0,5690989.0,5690989.0,5690989.0,5690989.0,5690989.0,5690989.0,5690989.0,5690989.0,5690989.0,5690989.0,5690989.0,5690989.0,5690989.0,5030161.0,5030161.0,5030161.0,5030161.0,5030161.0,5030161.0,5030161.0,5030161.0,5030161.0,5030161.0,5030161.0,5030161.0,5030161.0,5030161.0,5030161.0,5030161.0,5030161.0,5030161.0,5030161.0,5030161.0,5030161.0,5030161.0,5030161.0,5030161.0,5030161.0,5030161.0,5030161.0,5030161.0,5030161.0,5030161.0,5030161.0,5030161.0,5030161.0,5030161.0,5030161.0,5030161.0,5030161.0,5030161.0,5030161.0,5030161.0,5030161.0,5030161.0,5030161.0,5030161.0,5030161.0,5030161.0,5030161.0,5030161.0,5030161.0,5030161.0,5030161.0,5030161.0,5030161.0,5030161.0,5030161.0,5030161.0,5030161.0,5030161.0,5030161.0,5030161.0,5016880.0,5016880.0,5016880.0,5016880.0,5016880.0,5016880.0,5016880.0,5016880.0,5016880.0,5016880.0,5016880.0,5016880.0,5016880.0,5016880.0,5016880.0,5016868.0,5016868.0,5016868.0,5016868.0,5016868.0,5016868.0,5016868.0,5016868.0,5016835.0,5016835.0,5016835.0,5016835.0,5016835.0,5016835.0,5016835.0,5016835.0,5016835.0,5016835.0,5016835.0,5016835.0,5016835.0,5016835.0,5016835.0,5016830.0,5016830.0,5016830.0,5016830.0,5016830.0,5016830.0,5016830.0,5016830.0,5016830.0,5016830.0,5016830.0,5016830.0,5016830.0,5016830.0,5016830.0,5016830.0,5016830.0,5013708.0,5013708.0,5013708.0,5013708.0,5013708.0,5013708.0,5013708.0,2666093.0,2666093.0,2666093.0,2666093.0,2666093.0,2666093.0,2666093.0,2666093.0,2666093.0,2666006.0,2666006.0,2666006.0,2666006.0,2666006.0,2665948.0,2665948.0,2665948.0,2665948.0,2665948.0,2665948.0,2665948.0,2665948.0,2665948.0,2665948.0,2665948.0,2665948.0,2665948.0,2665948.0,2665948.0,2665948.0,2665945.0,2665945.0,2665943.0,2665943.0,2665943.0,2665943.0,2665943.0
tune_9,Testing/network-cor-forma_eu_27t.txt,0.05,0.05,0.03,50,3,0.8,0.02,pairwise,1,50,5796291.0,520.45,5289,0,46752337.0,45630672.0,45630672.0,26506717.0,26506717.0,26506717.0,9470712.0,9470712.0,9470712.0,6712392.0,3593527.0,2466881.0,2104074.0,2104074.0,2104074.0,2104074.0,2104074.0,2104074.0,2104074.0,2104074.0,2104074.0,2104074.0,2104074.0,2104074.0,2104074.0,2104074.0,2104074.0,2104074.0,2104074.0,2104074.0,2104074.0,2104074.0,2104074.0,2104074.0,2104074.0,2104074.0,2104074.0,2104074.0,2104074.0,2104074.0,2104074.0,2104074.0,2104074.0,2104074.0,2104074.0,2104074.0,2104074.0,2104074.0,2104074.0,2104074.0,2104074.0,2104074.0,2104074.0,2104074.0,2104074.0,2104074.0,2104074.0,2104074.0,2104074.0,2104074.0,2104021.0,2104021.0,2104021.0,2104021.0,2104021.0,2104021.0,2104021.0,2104021.0,2104021.0,2104021.0,2104021.0,2104021.0,2104021.0,2104021.0,2104021.0,2104021.0,2104021.0,2104021.0,2104021.0,2104021.0,2104021.0,2104021.0,2104021.0,2104021.0,2104021.0,2104021.0,2104021.0,2104021.0,2104021.0,2104021.0,2104021.0,2104021.0,2104021.0,2102054.0,2102054.0,2102054.0,2102054.0,2102054.0,2102054.0,2102054.0,2102054.0,2102054.0,2102054.0,2102054.0,2102054.0,2102054.0,2102054.0,2102054.0,2102054.0,2102054.0,2102054.0,2102054.0,2102054.0,2102054.0,2102054.0,2102054.0,2102051.0,2102051.0,2102038.0,2102038.0,2102038.0,2102038.0,2102038.0,2102038.0,2100101.0,2100101.0,2100101.0,2100101.0,2100101.0,2100101.0,2100101.0,2100101.0,2100101.0,2100095.0,2100095.0,2100095.0,2100095.0,2100095.0,2100095.0,2100095.0,2100095.0,2100095.0,2100095.0,2100095.0,2100095.0,2100094.0,2100094.0,2100092.0,2100092.0,2100092.0,2100092.0,2100092.0,2100092.0,2100092.0,2100092.0,2100092.0,2100092.0,2100092.0,2100092.0,2100092.0,2100092.0,2100092.0,2100092.0,2100092.0,2099839.0,2099839.0,2098127.0,2098127.0,2098127.0,2098127.0,2098127.0,2098127.0,2098127.0,2098127.0,2098127.0,2098127.0,2098127.0,2097889.0,2097889.0,2097889.0,2097889.0,2097889.0,2097889.0,2097889.0,2097889.0
tune_8,Testing/network-cor-forma_eu_27t.txt,0.05,0.05,0.03,50,3,0.8,0.02,pairwise,1,50,3515270.0,558.17,5334,0,48399965.0,46172582.0,35858801.0,35858801.0,24520042.0,24520042.0,24520042.0,24520042.0,24399767.0,24399767.0,24399767.0,24399767.0,13020917.0,8188121.0,3354330.0,3354330.0,3021935.0,3021935.0,3021935.0,3021935.0,3021935.0,3021935.0,3021935.0,3021935.0,3021935.0,3021935.0,3021935.0,3021935.0,3021935.0,3021935.0,3021935.0,3021935.0,3021935.0,3021935.0,3021935.0,3021935.0,3021935.0,3021935.0,3021935.0,3021935.0,3021935.0,3021935.0,3021935.0,3021935.0,2819743.0,2819743.0,2819743.0,2819743.0,2819743.0,2819743.0,2819743.0,2819743.0,2819743.0,2819743.0,2819743.0,2819743.0,2819743.0,2819743.0,2819743.0,2819743.0,2819743.0,2819743.0,2819743.0,2819731.0,2819731.0,2819731.0,2819731.0,2819731.0,2819731.0,2819731.0,2819731.0,2819731.0,2819731.0,2819731.0,2819731.0,2819731.0,2819731.0,2819731.0,2819731.0,2819731.0,2819731.0,2817517.0,2817517.0,2817517.0,2817517.0,2817517.0,2817517.0,2817517.0,2817517.0,2817517.0,2817517.0,2817517.0,2817517.0,2817517.0,2817517.0,2817517.0,2817517.0,2817517.0,2817517.0,2817517.0,2817517.0,2817517.0,2817486.0,2817486.0,2817486.0,2817486.0,2817486.0,2817486.0,2817486.0,2817486.0,2817486.0,2817486.0,2817486.0,2817486.0,2817486.0,2817486.0,2817486.0,2817486.0,2817486.0,2817486.0,2817475.0,2817475.0,2817475.0,2815180.0,2815180.0,2815180.0,2815180.0,2815180.0,2815180.0,2815180.0,2815180.0,2815180.0,2815180.0,2815180.0,2815180.0,2815180.0,2815180.0,2815180.0,2815146.0,2815146.0,2815146.0,2815146.0,2815146.0,2815146.0,2815146.0,2815146.0,2815146.0,2815146.0,2815146.0,2815146.0,2815146.0,2815146.0,2815146.0,2815146.0,2815146.0,2815146.0,2815146.0,2812843.0,2812843.0,2812843.0,2812843.0,2812843.0,2812843.0,2812843.0,2812843.0,2812843.0,2812843.0,2812843.0,2812843.0,2812843.0,2812843.0,2812843.0,2812843.0,2812813.0,2812813.0,2812813.0,2812813.0,2812813.0,2812813.0,2812813.0,2812813.0,2812813.0,2812813.0,2812813.0,2812813.0,2812813.0,2812813.0
tune_10,Testing/network-cor-forma_eu_27t.txt,0.05,0.05,0.03,50,3,0.8,0.02,pairwise,1,50,1058678.0,530.06,5141,0,49617003.0,49617003.0,38716912.0,31958068.0,31958068.0,31958068.0,31958068.0,31958068.0,31958068.0,31958068.0,26543100.0,26485333.0,4237669.0,4237669.0,3184654.0,2607564.0,2607564.0,2607564.0,2607564.0,2607564.0,2607564.0,2607564.0,2607564.0,2607564.0,2607564.0,2607564.0,2607564.0,2607564.0,2607564.0,2607564.0,2607564.0,2607564.0,2607564.0,2465515.0,2465515.0,2465515.0,2465515.0,2465515.0,2465515.0,2465515.0,2465515.0,2465515.0,2465515.0,2465515.0,2465515.0,2465515.0,2465515.0,2465515.0,2465515.0,2465515.0,2465515.0,2465515.0,2465515.0,2465515.0,2465515.0,2465443.0,2465443.0,2465443.0,2465443.0,2465443.0,2465443.0,2465443.0,2465443.0,2465443.0,2465443.0,2465443.0,2465443.0,2465443.0,2465443.0,2465443.0,2465443.0,2465443.0,2465418.0,2465418.0,2465418.0,2465418.0,2465418.0,2465418.0,2465418.0,2465418.0,2465418.0,2465418.0,2465418.0,2465418.0,2465418.0,2463271.0,2463271.0,2463271.0,2463271.0,2463271.0,2463271.0,2463271.0,2463271.0,2463271.0,2463271.0,2463271.0,2463271.0,2463271.0,2463271.0,2463271.0,2463271.0,2463271.0,2463271.0,2463271.0,2463271.0,2463271.0,2463271.0,2463271.0,2463271.0,2463271.0,2463271.0,2463271.0,2463271.0,2463271.0,2463271.0,2463271.0,2463271.0,2463271.0,2463271.0,2463271.0,2463271.0,2463271.0,2463271.0,2463271.0,2463271.0,2463271.0,2461100.0,2461100.0,2461100.0,2461100.0,2461100.0,2461100.0,2461100.0,2461100.0,2458930.0,2458930.0,2458930.0,2458930.0,2458930.0,2458930.0,2458930.0,2458930.0,2458930.0,2458930.0,2458930.0,2458930.0,2458930.0,2458930.0,2458930.0,2458930.0,2458930.0,2458930.0,2458924.0,2458924.0,2458924.0,2458760.0,2458760.0,2458760.0,2458760.0,2458760.0,2458760.0,2458760.0,2458760.0,2458760.0,2458760.0,2458760.0,2458760.0,2458760.0,2458760.0,2458760.0,2458760.0,2456591.0,2456591.0,2456591.0,2456591.0,2456591.0,2456591.0,2456591.0,2456591.0,2456591.0,2456591.0,2456591.0,2456591.0,2456591.0,2456591.0,2456591.0
tune_7,Testing/network-cor-forma_eu_27t.txt,0.05,0.05,0.03,50,3,0.8,0.02,pairwise,1,50,4096944.0,561.32,5333,-1
tune_1,Testing/network-cor-forma_eu_27t.txt,0.05,0.05,0.03,50,3,0.8,0.02,components,0,50,7424.0,526.25,5249,21,1433.0,1865.0,1900.0,2291.0,2291.0,2308.0,2308.0,2308.0,5771.0,5771.0,5771.0,5771.0,5782.0,6387.0,6387.0,6387.0,7179.0,7179.0,7179.0,7179.0,7179.0,7791.0,7791.0,7791.0,7791.0,7791.0,7791.0,7791.0,7791.0,7791.0,7791.0,7791.0,7791.0,7791.0,7791.0,7791.0,7791.0,7791.0,7791.0,7791.0,7791.0,7791.0,7791.0,7791.0,7791.0,7791.0,7791.0,7791.0,7791.0,7791.0,7791.0,7791.0,7791.0,7791.0,7791.0,7791.0,7791.0,7791.0,7791.0,7791.0,7791.0,7791.0,7791.0,7791.0,7791.0,7791.0,7791.0,7791.0,7791.0,7791.0,7791.0,7791.0,7791.0,7791.0,7791.0,7791.0,7791.0,7791.0,7791.0,7791.0,7791.0,7791.0,7791.0,7791.0,7791.0,7791.0,7791.0,7791.0,7791.0,7791.0,7791.0,7791.0,7791.0,7791.0,7791.0,7791.0,7791.0,7791.0,7791.0,7791.0,7791.0,7791.0,7791.0,7791.0,7791.0,7791.0,7791.0,7791.0,7791.0,7791.0,7791.0,7791.0,7791.0,7791.0,7791.0,7791.0,7791.0,7791.0,7791.0,7791.0,7791.0,7791.0,7791.0,7791.0,7791.0,7791.0,7791.0,7791.0,7791.0,7791.0,7791.0,7791.0,7791.0,7791.0,7791.0,7791.0,7791.0,7791.0,7791.0,7791.0,7791.0,7791.0,7791.0,7791.0,7791.0,7791.0,7791.0,7791.0,7791.0,7791.0,7791.0,7791.0,7791.0,7791.0,7791.0,7791.0,7791.0,7791.0,7791.0,7791.0,7791.0,7791.0,7791.0,7791.0,7791.0,7791.0,7791.0,7791.0,7791.0,7791.0,7791.0,7791.0,7791.0,7791.0,7791.0,7791.0,7791.0,7791.0,7791.0,7791.0,7791.0,7791.0,7791.0,7791.0,7791.0,7791.0,7791.0,7791.0,7791.0,7791.0,7791.0,7791.0,7791.0,7791.0,7791.0,7791.0,7791.0,7791.0,7791.0,7791.0
tune_2,Testing/network-cor-forma_eu_27t.txt,0.05,0.05,0.03,50,3,0.8,0.02,components,0,50,7300.0,530.07,5309,193,1679.0,1701.0,1789.0,1794.0,1960.0,1960.0,1960.0,2031.0,2031.0,2031.0,2031.0,2031.0,5736.0,5736.0,5756.0,5766.0,5766.0,5766.0,5770.0,5772.0,5780.0,5788.0,5794.0,5794.0,5810.0,5810.0,5810.0,5819.0,5828.0,5828.0,5828.0,5834.0,5839.0,5839.0,5842.0,5844.0,5848.0,5858.0,5858.0,5858.0,5858.0,5860.0,5863.0,5867.0,5871.0,5874.0,5874.0,5879.0,5879.0,5883.0,5885.0,5890.0,5890.0,5894.0,5896.0,5897.0,5897.0,5903.0,5904.0,5904.0,5905.0,5909.0,5909.0,5911.0,5913.0,5914.0,5914.0,5915.0,5915.0,5918.0,5920.0,5920.0,5921.0,5921.0,5923.0,5925.0,5926.0,5928.0,5928.0,5928.0,5929.0,5932.0,5932.0,5932.0,5933.0,5935.0,5935.0,5937.0,5937.0,5938.0,5938.0,5939.0,5939.0,5940.0,5940.0,5940.0,5940.0,5941.0,5941.0,5941.0,5942.0,5942.0,5942.0,5942.0,5942.0,5943.0,5943.0,5943.0,5944.0,5944.0,5944.0,5944.0,5944.0,5944.0,5944.0,5944.0,5944.0,5944.0,5944.0,5944.0,5944.0,5944.0,5944.0,5944.0,5944.0,5944.0,5944.0,5944.0,5944.0,5944.0,5944.0,5944.0,5944.0,5944.0,5944.0,5944.0,5944.0,5944.0,5944.0,5944.0,5944.0,5944.0,5944.0,5944.0,5944.0,5944.0,5944.0,5944.0,5944.0,5945.0,5945.0,5945.0,5945.0,5945.0,5945.0,5946.0,5946.0,5946.0,5946.0,5946.0,5946.0,5946.0,5946.0,5946.0,5946.0,5946.0,5946.0,5946.0,5946.0,5947.0,5947.0,5947.0,5947.0,5947.0,5947.0,5947.0,5947.0,5947.0,5947.0,5947.0,5947.0,5947.0,5947.0,5947.0,5947.0,5947.0,5947.0,5947.0,5947.0,5947.0,5947.0,5947.0,5947.0,5948.0,5948.0,5948.0,5948.0,5948.0,5948.0,5948.0
tune_3,Testing/network-cor-forma_eu_27t.txt,0.05,0.05,0.03,50,3,0.8,0.02,components,0,50,7335.0,524.82,5179,145,1450.0,2469.0,2469.0,2469.0,2469.0,2580.0,2580.0,2580.0,5780.0,5780.0,5784.0,6692.0,6692.0,7017.0,7017.0,7017.0,7017.0,7017.0,7725.0,7725.0,7725.0,7725.0,7725.0,7725.0,7725.0,7725.0,7725.0,7725.0,7725.0,7725.0,7725.0,7725.0,7725.0,7725.0,7725.0,7725.0,7725.0,7725.0,7725.0,7725.0,7725.0,7725.0,7725.0,7725.0,7725.0,7725.0,7725.0,7725.0,7725.0,7725.0,7725.0,7725.0,7725.0,7725.0,7725.0,7725.0,7725.0,7725.0,7725.0,7725.0,7725.0,7725.0,7725.0,7725.0,7725.0,7725.0,7725.0,7725.0,7725.0,7725.0,7725.0,7725.0,7725.0,7725.0,7725.0,7725.0,7725.0,7725.0,7725.0,7725.0,7725.0,7725.0,7725.0,7725.0,7725.0,7725.0,7725.0,7725.0,7725.0,7725.0,7725.0,7725.0,7725.0,7725.0,7725.0,7725.0,7725.0,7725.0,7725.0,7725.0,7725.0,7725.0,7725.0,7725.0,7725.0,7725.0,7725.0,7725.0,7725.0,7725.0,7725.0,7725.0,7725.0,7725.0,7725.0,7725.0,7725.0,7725.0,7725.0,7725.0,7725.0,7726.0,7726.0,7726.0,7735.0,7735.0,7735.0,7735.0,7735.0,7736.0,7736.0,7736.0,7736.0,7736.0,7736.0,7736.0,7736.0,7736.0,7736.0,7736.0,7736.0,7736.0,7736.0,7736.0,7736.0,7737.0,7737.0,7737.0,7737.0,7737.0,7737.0,7737.0,7737.0,7737.0,7737.0,7737.0,7737.0,7737.0,7737.0,7737.0,7737.0,7737.0,7737.0,7737.0,7737.0,7737.0,7737.0,7737.0,7737.0,7737.0,7737.0,7737.0,7737.0,7737.0,7737.0,7737.0,7737.0,7737.0,7737.0,7737.0,7737.0,7737.0,7737.0,7737.0,7737.0,7737.0,7737.0,7737.0,7737.0,7737.0,7737.0,7737.0,7737.0,7737.0,7737.0,7737.0,7737.0,7737.0,7737.0,7737.0
tune_4,Testing/network-cor-forma_eu_27t.txt,0.05,0.05,0.03,50,3,0.8,0.02,components,0,50,7278.0,548.11,5274,178,1458.0,1458.0,2209.0,2254.0,2446.0,2446.0,2446.0,2446.0,5771.0,5771.0,5792.0,6232.0,6746.0,7080.0,7080.0,7080.0,7080.0,7080.0,7080.0,7080.0,7080.0,7080.0,7080.0,7080.0,7080.0,7080.0,7080.0,7080.0,7080.0,7080.0,7080.0,7080.0,7080.0,7080.0,7080.0,7080.0,7080.0,7080.0,7080.0,7080.0,7080.0,7080.0,7080.0,7080.0,7080.0,7080.0,7080.0,7080.0,7080.0,7080.0,7080.0,7080.0,7080.0,7080.0,7080.0,7080.0,7080.0,7080.0,7080.0,7080.0,7080.0,7080.0,7080.0,7080.0,7080.0,7080.0,7080.0,7080.0,7080.0,7080.0,7080.0,7080.0,7080.0,7080.0,7080.0,7080.0,7080.0,7080.0,7096.0,7096.0,7096.0,7096.0,7096.0,7096.0,7096.0,7096.0,7096.0,7096.0,7096.0,7096.0,7096.0,7096.0,7096.0,7096.0,7096.0,7096.0,7096.0,7096.0,7096.0,7096.0,7096.0,7096.0,7096.0,7096.0,7096.0,7096.0,7096.0,7096.0,7096.0,7096.0,7096.0,7096.0,7096.0,7096.0,7096.0,7096.0,7096.0,7096.0,7096.0,7096.0,7096.0,7096.0,7096.0,7096.0,7096.0,7096.0,7096.0,7096.0,7096.0,7096.0,7096.0,7096.0,7096.0,7096.0,7096.0,7096.0,7096.0,7096.0,7096.0,7096.0,7096.0,7096.0,7096.0,7096.0,7096.0,7096.0,7096.0,7096.0,7096.0,7096.0,7096.0,7096.0,7096.0,7096.0,7096.0,7096.0,7096.0,7096.0,7096.0,7096.0,7096.0,7096.0,7096.0,7096.0,7096.0,7096.0,7097.0,7097.0,7097.0,7097.0,7097.0,7097.0,7097.0,7097.0,7097.0,7097.0,7097.0,7097.0,7099.0,7099.0,7099.0,7099.0,7099.0,7099.0,7099.0,7099.0,7099.0,7099.0,7099.0,7099.0,7099.0,7099.0,7099.0,7099.0,7099.0,7099.0,7099.0,7099.0,7099.0,7099.0
tune_6,Testing/network-cor-forma_eu_27t.txt,0.05,0.05,0.03,50,3,0.8,0.02,components,0,50,6716.0,533.94,5277,172,1515.0,1515.0,1580.0,1580.0,1991.0,1991.0,2325.0,2325.0,2325.0,2325.0,5773.0,5791.0,5791.0,5791.0,5791.0,5796.0,5796.0,5796.0,5797.0,5813.0,5813.0,5813.0,5816.0,5817.0,5828.0,5828.0,5837.0,5837.0,5840.0,5841.0,5841.0,5850.0,5850.0,5853.0,5856.0,5856.0,5858.0,5868.0,5868.0,5868.0,5869.0,5876.0,5877.0,5881.0,5881.0,5882.0,5883.0,5884.0,5890.0,5890.0,5894.0,5894.0,5894.0,5896.0,5897.0,5901.0,5901.0,5902.0,5903.0,5905.0,5906.0,5908.0,5908.0,5908.0,5912.0,5912.0,5912.0,5913.0,5916.0,5916.0,5917.0,5920.0,5920.0,5920.0,5921.0,5921.0,5922.0,5923.0,5923.0,5924.0,5925.0,5925.0,5925.0,5925.0,5926.0,5926.0,5927.0,5927.0,5927.0,5927.0,5927.0,5928.0,5928.0,5928.0,5928.0,5928.0,5928.0,5928.0,5928.0,5928.0,5928.0,5928.0,5928.0,5928.0,5928.0,5928.0,5928.0,5928.0,5928.0,5928.0,5928.0,5928.0,5928.0,5928.0,5928.0,5928.0,5928.0,5929.0,5929.0,5929.0,5929.0,5929.0,5930.0,5930.0,5930.0,5930.0,5930.0,5930.0,5930.0,5930.0,5930.0,5931.0,5931.0,5931.0,5931.0,5931.0,5931.0,5931.0,5931.0,5931.0,5931.0,5933.0,5933.0,5933.0,5933.0,5933.0,5933.0,5933.0,5933.0,5933.0,5933.0,5934.0,5934.0,5934.0,5934.0,5934.0,5934.0,5934.0,5934.0,5934.0,5934.0,5934.0,5934.0,5934.0,5934.0,5934.0,5934.0,5934.0,5934.0,5934.0,5934.0,5934.0,5935.0,5935.0,5935.0,5935.0,5935.0,5935.0,5935.0,5935.0,5935.0,5935.0,5935.0,5935.0,5935.0,5935.0,5935.0,5935.0,5935.0,5935.0,5935.0,5935.0,5935.0,5935.0,5935.0,5935.0,5935.0,5935.0,5935.0,5935.0,0.0
tune_7,Testing/network-cor-forma_eu_27t.txt,0.05,0.05,0.03,50,3,0.8,0.02,components,0,50,7903.0,519.65,5231,199,1776.0,1828.0,2263.0,2263.0,2540.0,2540.0,5777.0,5784.0,5789.0,5915.0,6057.0,6057.0,6700.0,6983.0,7042.0,7042.0,7042.0,7042.0,7042.0,7042.0,7042.0,7042.0,7042.0,7042.0,7042.0,7042.0,7042.0,7042.0,7042.0,7042.0,7042.0,7042.0,7042.0,7042.0,7042.0,7042.0,7042.0,7042.0,7042.0,7042.0,7042.0,7042.0,7042.0,7042.0,7042.0,7042.0,7042.0,7042.0,7042.0,7042.0,7042.0,7042.0,7042.0,7042.0,7042.0,7042.0,7042.0,7042.0,7042.0,7042.0,7042.0,7042.0,7042.0,7042.0,7042.0,7042.0,7042.0,7042.0,7042.0,7042.0,7042.0,7042.0,7042.0,7042.0,7042.0,7042.0,7042.0,7042.0,7042.0,7042.0,7042.0,7042.0,7042.0,7042.0,7042.0,7042.0,7042.0,7042.0,7042.0,7042.0,7086.0,7086.0,7086.0,7086.0,7086.0,7086.0,7086.0,7086.0,7086.0,7086.0,7086.0,7086.0,7086.0,7086.0,7086.0,7086.0,7086.0,7086.0,7086.0,7086.0,7086.0,7086.0,7086.0,7087.0,7087.0,7087.0,7087.0,7087.0,7087.0,7087.0,7087.0,7087.0,7087.0,7087.0,7087.0,7087.0,7087.0,7087.0,7087.0,7087.0,7087.0,7087.0,7087.0,7087.0,7087.0,7087.0,7087.0,7087.0,7087.0,7087.0,7087.0,7087.0,7087.0,7087.0,7087.0,7087.0,7087.0,7087.0,7087.0,7087.0,7087.0,7087.0,7087.0,7087.0,7087.0,7087.0,7087.0,7087.0,7087.0,7087.0,7087.0,7087.0,7087.0,7087.0,7087.0,7087.0,7087.0,7088.0,7088.0,7088.0,7088.0,7088.0,7088.0,7088.0,7088.0,7088.0,7088.0,7088.0,7088.0,7088.0,7088.0,7089.0,7089.0,7089.0,7089.0,7089.0,7089.0,7089.0,7089.0,7089.0,7089.0,7089.0,7089.0,7089.0,7089.0,7089.0,7089.0,7089.0,7089.0,7095.0
tune_5,Testing/network-cor-forma_eu_27t.txt,0.05,0.05,0.03,50,3,0.8,0.02,components,0,50,6903.0,541.11,5255,163,2199.0,2199.0,2199.0,2199.0,2304.0,2435.0,2435.0,5786.0,5786.0,5786.0,5786.0,5971.0,5971.0,5971.0,6737.0,6737.0,6737.0,6737.0,6737.0,6737.0,6737.0,6737.0,6737.0,6737.0,6737.0,6737.0,6737.0,6737.0,6737.0,6737.0,6737.0,6737.0,6737.0,6737.0,6737.0,6737.0,6737.0,6737.0,6737.0,6737.0,6737.0,6737.0,6737.0,6737.0,6737.0,6737.0,6737.0,6737.0,6737.0,6737.0,6737.0,6737.0,6737.0,6737.0,6737.0,6737.0,6737.0,6737.0,6737.0,6737.0,6737.0,6737.0,6737.0,6737.0,6737.0,6737.0,6737.0,6737.0,6737.0,6737.0,6737.0,6737.0,6737.0,6737.0,6737.0,6737.0,6737.0,6737.0,6737.0,6737.0,6737.0,6737.0,6737.0,6737.0,6737.0,6737.0,6737.0,6737.0,6737.0,6737.0,6737.0,6737.0,6737.0,6737.0,6737.0,6737.0,6737.0,6737.0,6737.0,6737.0,6737.0,6737.0,6737.0,6737.0,6737.0,6739.0,6739.0,6739.0,6739.0,6739.0,6739.0,6739.0,6739.0,6739.0,6739.0,6739.0,6739.0,6739.0,6739.0,6739.0,6739.0,6739.0,6739.0,6739.0,6739.0,6739.0,6739.0,6739.0,6739.0,6739.0,6739.0,6739.0,6739.0,6739.0,6739.0,6739.0,6739.0,6739.0,6739.0,6739.0,6739.0,6739.0,6739.0,6739.0,6739.0,6739.0,6739.0,6739.0,6740.0,6740.0,6740.0,6740.0,6740.0,6740.0,6740.0,6740.0,6740.0,6740.0,6740.0,6740.0,6740.0,6740.0,6740.0,6741.0,6741.0,6741.0,6741.0,6741.0,6741.0,6741.0,6741.0,6741.0,6741.0,6741.0,6741.0,6741.0,6741.0,6741.0,6741.0,6741.0,6741.0,6741.0,6741.0,6741.0,6741.0,6741.0,6741.0,6741.0,6741.0,6741.0,6741.0,6741.0,6741.0,6741.0,6741.0,6741.0,6741.0,6741.0,6741.0,6741.0,0.0
tune_8,Testing/network-cor-forma_eu_27t.txt,0.05,0.05,0.03,50,3,0.8,0.02,components,0,50,5827.0,524.36,5258,177,1570.0,1570.0,2469.0,2469.0,2469.0,2568.0,2792.0,5784.0,5876.0,6141.0,6438.0,6438.0,6438.0,7128.0,7128.0,7128.0,7128.0,7128.0,7128.0,7128.0,7128.0,7128.0,7128.0,7128.0,7128.0,7128.0,7128.0,7128.0,7128.0,7128.0,7128.0,7128.0,7128.0,7128.0,7128.0,7128.0,7128.0,7128.0,7128.0,7128.0,7128.0,7128.0,7128.0,7128.0,7128.0,7128.0,7128.0,7128.0,7128.0,7128.0,7128.0,7128.0,7128.0,7128.0,7128.0,7128.0,7128.0,7128.0,7128.0,7128.0,7128.0,7128.0,7128.0,7128.0,7128.0,7128.0,7128.0,7128.0,7128.0,7128.0,7128.0,7128.0,7128.0,7128.0,7128.0,7128.0,7128.0,7128.0,7128.0,7128.0,7128.0,7128.0,7128.0,7128.0,7128.0,7128.0,7128.0,7128.0,7128.0,7128.0,7128.0,7128.0,7128.0,7128.0,7128.0,7128.0,7128.0,7128.0,7128.0,7128.0,7128.0,7128.0,7128.0,7128.0,7128.0,7128.0,7128.0,7128.0,7128.0,7128.0,7128.0,7128.0,7128.0,7128.0,7128.0,7128.0,7128.0,7128.0,7128.0,7128.0,7128.0,7128.0,7128.0,7128.0,7128.0,7128.0,7128.0,7128.0,7128.0,7128.0,7128.0,7128.0,7128.0,7128.0,7128.0,7128.0,7128.0,7128.0,7128.0,7128.0,7128.0,7128.0,7128.0,7128.0,7128.0,7128.0,7128.0,7128.0,7128.0,7128.0,7128.0,7128.0,7128.0,7128.0,7128.0,7128.0,7128.0,7128.0,7128.0,7128.0,7128.0,7128.0,7128.0,7128.0,7128.0,7128.0,7128.0,7128.0,7128.0,7128.0,7128.0,7128.0,7128.0,7128.0,7128.0,7128.0,7128.0,7129.0,7129.0,7129.0,7129.0,7129.0,7129.0,7129.0,7129.0,7129.0,7129.0,7129.0,7129.0,7129.0,7129.0,7129.0,7129.0,7129.0,7129.0,7129.0,7129.0,7129.0,7129.0,7129.0
tune_9,Testing/network-cor-forma_eu_27t.txt,0.05,0.05,0.03,50,3,0.8,0.02,components,0,50,7436.0,541.92,5330,195,1938.0,2009.0,2114.0,2481.0,2481.0,2532.0,5777.0,5779.0,6131.0,6131.0,6438.0,7007.0,7007.0,7540.0,7540.0,7540.0,7540.0,7540.0,7540.0,7540.0,7540.0,7540.0,7540.0,7540.0,7540.0,7540.0,7540.0,7540.0,7540.0,7540.0,7540.0,7540.0,7540.0,7540.0,7540.0,7540.0,7540.0,7540.0,7540.0,7540.0,7540.0,7540.0,7540.0,7540.0,7540.0,7540.0,7540.0,7540.0,7540.0,7540.0,7540.0,7540.0,7540.0,7540.0,7540.0,7540.0,7540.0,7540.0,7540.0,7540.0,7540.0,7540.0,7540.0,7540.0,7540.0,7540.0,7540.0,7540.0,7540.0,7540.0,7540.0,7540.0,7540.0,7540.0,7540.0,7540.0,7540.0,7540.0,7540.0,7540.0,7540.0,7540.0,7540.0,7540.0,7540.0,7540.0,7540.0,7540.0,7540.0,7540.0,7540.0,7540.0,7540.0,7540.0,7540.0,7540.0,7540.0,7540.0,7540.0,7540.0,7540.0,7540.0,7540.0,7540.0,7540.0,7540.0,7540.0,7540.0,7540.0,7540.0,7540.0,7540.0,7540.0,7540.0,7540.0,7540.0,7540.0,7540.0,7540.0,7540.0,7540.0,7540.0,7541.0,7541.0,7541.0,7541.0,7541.0,7541.0,7541.0,7541.0,7541.0,7542.0,7542.0,7542.0,7542.0,7542.0,7542.0,7542.0,7542.0,7542.0,7542.0,7542.0,7542.0,7542.0,7542.0,7542.0,7542.0,7542.0,7542.0,7542.0,7542.0,7542.0,7542.0,7542.0,7542.0,7542.0,7542.0,7542.0,7542.0,7542.0,7542.0,7542.0,7542.0,7542.0,7542.0,7542.0,7542.0,7542.0,7542.0,7542.0,7542.0,7542.0,7542.0,7542.0,7542.0,7542.0,7542.0,7542.0,7542.0,7542.0,7542.0,7542.0,7542.0,7542.0,7542.0,7542.0,7542.0,7542.0,7542.0,7542.0,7542.0,7542.0,7542.0,7542.0,7542.0,7543.0,7543.0,7543.0,7543.0,7543.0,0.0
tune_10,Testing/network-cor-forma_eu_27t.txt,0.05,0.05,0.03,50,3,0.8,0.02,components,0,50,6908.0,518.69,5286,195,1550.0,1550.0,1624.0,1677.0,1677.0,1712.0,1756.0,5778.0,5778.0,5778.0,5781.0,5781.0,5781.0,5781.0,5784.0,5790.0,5795.0,5806.0,5806.0,5810.0,5817.0,5823.0,5823.0,5832.0,5832.0,5837.0,5839.0,5840.0,5844.0,5851.0,5860.0,5860.0,5861.0,5861.0,5864.0,5865.0,5865.0,5872.0,5875.0,5880.0,5880.0,5880.0,5885.0,5885.0,5887.0,5889.0,5893.0,5893.0,5893.0,5894.0,5896.0,5896.0,5897.0,5899.0,5900.0,5904.0,5904.0,5908.0,5909.0,5909.0,5909.0,5910.0,5913.0,5913.0,5914.0,5917.0,5917.0,5918.0,5921.0,5921.0,5921.0,5921.0,5922.0,5922.0,5923.0,5923.0,5926.0,5926.0,5926.0,5926.0,5928.0,5928.0,5928.0,5928.0,5929.0,5930.0,5930.0,5930.0,5930.0,5930.0,5930.0,5930.0,5930.0,5930.0,5930.0,5930.0,5930.0,5930.0,5930.0,5930.0,5930.0,5930.0,5930.0,5930.0,5930.0,5930.0,5930.0,5930.0,5930.0,5930.0,5930.0,5930.0,5930.0,5931.0,5931.0,5931.0,5933.0,5933.0,5933.0,5933.0,5933.0,5933.0,5933.0,5933.0,5933.0,5933.0,5933.0,5933.0,5933.0,5933.0,5933.0,5933.0,5933.0,5933.0,5933.0,5933.0,5933.0,5933.0,5933.0,5933.0,5933.0,5933.0,5933.0,5933.0,5933.0,5934.0,5934.0,5934.0,5934.0,5934.0,5934.0,5934.0,5934.0,5934.0,5934.0,5934.0,5934.0,5934.0,5934.0,5934.0,5934.0,5934.0,5934.0,5934.0,5934.0,5934.0,5934.0,5934.0,5934.0,5934.0,5934.0,5934.0,5934.0,5934.0,5934.0,5934.0,5934.0,5934.0,5934.0,5934.0,5934.0,5934.0,5934.0,5934.0,5934.0,5934.0,5934.0,5934.0,5934.0,5934.0,5934.0,5935.0,5935.0,5935.0,5935.0,5936.0,5936.0,5936.0,5936.0,5936.0
tune_5,Testing/network-cor-forma_eu_27t.txt,0.05,0.05,0.03,50,3,0.8,0.02,components,1,50,6010.0,538.00,5211,163,2199.0,2199.0,2199.0,2199.0,2304.0,2435.0,2435.0,5786.0,5786.0,5786.0,5786.0,5971.0,5971.0,5971.0,6737.0,6737.0,6737.0,6737.0,6737.0,6737.0,6737.0,6737.0,6737.0,6737.0,6737.0,6737.0,6737.0,6737.0,6737.0,6737.0,6737.0,6737.0,6737.0,6737.0,6737.0,6737.0,6737.0,6737.0,6737.0,6737.0,6737.0,6737.0,6737.0,6737.0,6737.0,6737.0,6737.0,6737.0,6737.0,6737.0,6737.0,6737.0,6737.0,6737.0,6737.0,6737.0,6737.0,6737.0,6737.0,6737.0,6737.0,6737.0,6737.0,6737.0,6737.0,6737.0,6737.0,6737.0,6737.0,6737.0,6737.0,6737.0,6737.0,6737.0,6737.0,6737.0,6737.0,6737.0,6737.0,6737.0,6737.0,6737.0,6737.0,6737.0,6737.0,6737.0,6737.0,6737.0,6737.0,6737.0,6737.0,6737.0,6737.0,6737.0,6737.0,6737.0,6737.0,6737.0,6737.0,6737.0,6737.0,6737.0,6737.0,6737.0,6737.0,6739.0,6739.0,6739.0,6739.0,6739.0,6739.0,6739.0,6739.0,6739.0,6739.0,6739.0,6739.0,6739.0,6739.0,6739.0,6739.0,6739.0,6739.0,6739.0,6739.0,6739.0,6739.0,6739.0,6739.0,6739.0,6739.0,6739.0,6739.0,6739.0,6739.0,6739.0,6739.0,6739.0,6739.0,6739.0,6739.0,6739.0,6739.0,6739.0,6739.0,6739.0,6739.0,6739.0,6740.0,6740.0,6740.0,6740.0,6740.0,6740.0,6740.0,6740.0,6740.0,6740.0,6740.0,6740.0,6740.0,6740.0,6740.0,6741.0,6741.0,6741.0,6741.0,6741.0,6741.0,6741.0,6741.0,6741.0,6741.0,6741.0,6741.0,6741.0,6741.0,6741.0,6741.0,6741.0,6741.0,6741.0,6741.0,6741.0,6741.0,6741.0,6741.0,6741.0,6741.0,6741.0,6741.0,6741.0,6741.0,6741.0,6741.0,6741.0,6741.0,6741.0,6741.0,6741.0,0.0
tune_4,Testing/network-cor-forma_eu_27t.txt,0.05,0.05,0.03,50,3,0.8,0.02,components,1,50,7895.0,557.74,5252,178,1458.0,1458.0,2209.0,2254.0,2446.0,2446.0,2446.0,2446.0,5771.0,5771.0,5792.0,6232.0,6746.0,7080.0,7080.0,7080.0,7080.0,7080.0,7080.0,7080.0,7080.0,7080.0,7080.0,7080.0,7080.0,7080.0,7080.0,7080.0,7080.0,7080.0,7080.0,7080.0,7080.0,7080.0,7080.0,7080.0,7080.0,7080.0,7080.0,7080.0,7080.0,7080.0,7080.0,7080.0,7080.0,7080.0,7080.0,7080.0,7080.0,7080.0,7080.0,7080.0,7080.0,7080.0,7080.0,7080.0,7080.0,7080.0,7080.0,7080.0,7080.0,7080.0,7080.0,7080.0,7080.0,7080.0,7080.0,7080.0,7080.0,7080.0,7080.0,7080.0,7080.0,7080.0,7080.0,7080.0,7080.0,7080.0,7096.0,7096.0,7096.0,7096.0,7096.0,7096.0,7096.0,7096.0,7096.0,7096.0,7096.0,7096.0,7096.0,7096.0,7096.0,7096.0,7096.0,7096.0,7096.0,7096.0,7096.0,7096.0,7096.0,7096.0,7096.0,7096.0,7096.0,7096.0,7096.0,7096.0,7096.0,7096.0,7096.0,7096.0,7096.0,7096.0,7096.0,7096.0,7096.0,7096.0,7096.0,7096.0,7096.0,7096.0,7096.0,7096.0,7096.0,7096.0,7096.0,7096.0,7096.0,7096.0,7096.0,7096.0,7096.0,7096.0,7096.0,7096.0,7096.0,7096.0,7096.0,7096.0,7096.0,7096.0,7096.0,7096.0,7096.0,7096.0,7096.0,7096.0,7096.0,7096.0,7096.0,7096.0,7096.0,7096.0,7096.0,7096.0,7096.0,7096.0,7096.0,7096.0,7096.0,7096.0,7096.0,7096.0,7096.0,7096.0,7097.0,7097.0,7097.0,7097.0,7097.0,7097.0,7097.0,7097.0,7097.0,7097.0,7097.0,7097.0,7099.0,7099.0,7099.0,7099.0,7099.0,7099.0,7099.0,7099.0,7099.0,7099.0,7099.0,7099.0,7099.0,7099.0,7099.0,7099.0,7099.0,7099.0,7099.0,7099.0,7099.0,7099.0
tune_6,Testing/network-cor-forma_eu_27t.txt,0.05,0.05,0.03,50,3,0.8,0.02,components,1,50,6999.0,563.55,5255,172,1515.0,1515.0,1580.0,1580.0,1991.0,1991.0,2325.0,2325.0,2325.0,2325.0,5773.0,5791.0,5791.0,5791.0,5791.0,5796.0,5796.0,5796.0,5797.0,5813.0,5813.0,5813.0,5816.0,5817.0,5828.0,5828.0,5837.0,5837.0,5840.0,5841.0,5841.0,5850.0,5850.0,5853.0,5856.0,5856.0,5858.0,5868.0,5868.0,5868.0,5869.0,5876.0,5877.0,5881.0,5881.0,5882.0,5883.0,5884.0,5890.0,5890.0,5894.0,5894.0,5894.0,5896.0,5897.0,5901.0,5901.0,5902.0,5903.0,5905.0,5906.0,5908.0,5908.0,5908.0,5912.0,5912.0,5912.0,5913.0,5916.0,5916.0,5917.0,5920.0,5920.0,5920.0,5921.0,5921.0,5922.0,5923.0,5923.0,5924.0,5925.0,5925.0,5925.0,5925.0,5926.0,5926.0,5927.0,5927.0,5927.0,5927.0,5927.0,5928.0,5928.0,5928.0,5928.0,5928.0,5928.0,5928.0,5928.0,5928.0,5928.0,5928.0,5928.0,5928.0,5928.0,5928.0,5928.0,5928.0,5928.0,5928.0,5928.0,5928.0,5928.0,5928.0,5928.0,5928.0,5928.0,5929.0,5929.0,5929.0,5929.0,5929.0,5930.0,5930.0,5930.0,5930.0,5930.0,5930.0,5930.0,5930.0,5930.0,5931.0,5931.0,5931.0,5931.0,5931.0,5931.0,5931.0,5931.0,5931.0,5931.0,5933.0,5933.0,5933.0,5933.0,5933.0,5933.0,5933.0,5933.0,5933.0,5933.0,5934.0,5934.0,5934.0,5934.0,5934.0,5934.0,5934.0,5934.0,5934.0,5934.0,5934.0,5934.0,5934.0,5934.0,5934.0,5934.0,5934.0,5934.0,5934.0,5934.0,5934.0,5935.0,5935.0,5935.0,5935.0,5935.0,5935.0,5935.0,5935.0,5935.0,5935.0,5935.0,5935.0,5935.0,5935.0,5935.0,5935.0,5935.0,5935.0,5935.0,5935.0,5935.0,5935.0,5935.0,5935.0,5935.0,5935.0,5935.0,5935.0,0.0
tune_9,Testing/network-cor-forma_eu_27t.txt,0.05,0.05,0.03,50,3,0.8,0.02,components,1,50,6989.0,577.03,5288,195,1938.0,2009.0,2114.0,2481.0,2481.0,2532.0,5777.0,5779.0,6131.0,6131.0,6438.0,7007.0,7007.0,7540.0,7540.0,7540.0,7540.0,7540.0,7540.0,7540.0,7540.0,7540.0,7540.0,7540.0,7540.0,7540.0,7540.0,7540.0,7540.0,7540.0,7540.0,7540.0,7540.0,7540.0,7540.0,7540.0,7540.0,7540.0,7540.0,7540.0,7540.0,7540.0,7540.0,7540.0,7540.0,7540.0,7540.0,7540.0,7540.0,7540.0,7540.0,7540.0,7540.0,7540.0,7540.0,7540.0,7540.0,7540.0,7540.0,7540.0,7540.0,7540.0,7540.0,7540.0,7540.0,7540.0,7540.0,7540.0,7540.0,7540.0,7540.0,7540.0,7540.0,7540.0,7540.0,7540.0,7540.0,7540.0,7540.0,7540.0,7540.0,7540.0,7540.0,7540.0,7540.0,7540.0,7540.0,7540.0,7540.0,7540.0,7540.0,7540.0,7540.0,7540.0,7540.0,7540.0,7540.0,7540.0,7540.0,7540.0,7540.0,7540.0,7540.0,7540.0,7540.0,7540.0,7540.0,7540.0,7540.0,7540.0,7540.0,7540.0,7540.0,7540.0,7540.0,7540.0,7540.0,7540.0,7540.0,7540.0,7540.0,7540.0,7541.0,7541.0,7541.0,7541.0,7541.0,7541.0,7541.0,7541.0,7541.0,7542.0,7542.0,7542.0,7542.0,7542.0,7542.0,7542.0,7542.0,7542.0,7542.0,7542.0,7542.0,7542.0,7542.0,7542.0,7542.0,7542.0,7542.0,7542.0,7542.0,7542.0,7542.0,7542.0,7542.0,7542.0,7542.0,7542.0,7542.0,7542.0,7542.0,7542.0,7542.0,7542.0,7542.0,7542.0,7542.0,7542.0,7542.0,7542.0,7542.0,7542.0,7542.0,7542.0,7542.0,7542.0,7542.0,7542.0,7542.0,7542.0,7542.0,7542.0,7542.0,7542.0,7542.0,7542.0,7542.0,7542.0,7542.0,7542.0,7542.0,7542.0,7542.0,7542.0,7542.0,7543.0,7543.0,7543.0,7543.0,7543.0,0.0
tune_8,Testing/network-cor-forma_eu_27t.txt,0.05,0.05,0.03,50,3,0.8,0.02,components,1,50,7053.0,578.05,5355,177,1570.0,1570.0,2469.0,2469.0,2469.0,2568.0,2792.0,5784.0,5876.0,6141.0,6438.0,6438.0,6438.0,7128.0,7128.0,7128.0,7128.0,7128.0,7128.0,7128.0,7128.0,7128.0,7128.0,7128.0,7128.0,7128.0,7128.0,7128.0,7128.0,7128.0,7128.0,7128.0,7128.0,7128.0,7128.0,7128.0,7128.0,7128.0,7128.0,7128.0,7128.0,7128.0,7128.0,7128.0,7128.0,7128.0,7128.0,7128.0,7128.0,7128.0,7128.0,7128.0,7128.0,7128.0,7128.0,7128.0,7128.0,7128.0,7128.0,7128.0,7128.0,7128.0,7128.0,7128.0,7128.0,7128.0,7128.0,7128.0,7128.0,7128.0,7128.0,7128.0,7128.0,7128.0,7128.0,7128.0,7128.0,7128.0,7128.0,7128.0,7128.0,7128.0,7128.0,7128.0,7128.0,7128.0,7128.0,7128.0,7128.0,7128.0,7128.0,7128.0,7128.0,7128.0,7128.0,7128.0,7128.0,7128.0,7128.0,7128.0,7128.0,7128.0,7128.0,7128.0,7128.0,7128.0,7128.0,7128.0,7128.0,7128.0,7128.0,7128.0,7128.0,7128.0,7128.0,7128.0,7128.0,7128.0,7128.0,7128.0,7128.0,7128.0,7128.0,7128.0,7128.0,7128.0,7128.0,7128.0,7128.0,7128.0,7128.0,7128.0,7128.0,7128.0,7128.0,7128.0,7128.0,7128.0,7128.0,7128.0,7128.0,7128.0,7128.0,7128.0,7128.0,7128.0,7128.0,7128.0,7128.0,7128.0,7128.0,7128.0,7128.0,7128.0,7128.0,7128.0,7128.0,7128.0,7128.0,7128.0,7128.0,7128.0,7128.0,7128.0,7128.0,7128.0,7128.0,7128.0,7128.0,7128.0,7128.0,7128.0,7128.0,7128.0,7128.0,7128.0,7128.0,7129.0,7129.0,7129.0,7129.0,7129.0,7129.0,7129.0,7129.0,7129.0,7129.0,7129.0,7129.0,7129.0,7129.0,7129.0,7129.0,7129.0,7129.0,7129.0,7129.0,7129.0,7129.0,7129.0
tune_7,Testing/network-cor-forma_eu_27t.txt,0.05,0.05,0.03,50,3,0.8,0.02,components,1,50,7319.0,581.56,5308,199,1776.0,1828.0,2263.0,2263.0,2540.0,2540.0,5777.0,5784.0,5789.0,5915.0,6057.0,6057.0,6700.0,6983.0,7042.0,7042.0,7042.0,7042.0,7042.0,7042.0,7042.0,7042.0,7042.0,7042.0,7042.0,7042.0,7042.0,7042.0,7042.0,7042.0,7042.0,7042.0,7042.0,7042.0,7042.0,7042.0,7042.0,7042.0,7042.0,7042.0,7042.0,7042.0,7042.0,7042.0,7042.0,7042.0,7042.0,7042.0,7042.0,7042.0,7042.0,7042.0,7042.0,7042.0,7042.0,7042.0,7042.0,7042.0,7042.0,7042.0,7042.0,7042.0,7042.0,7042.0,7042.0,7042.0,7042.0,7042.0,7042.0,7042.0,7042.0,7042.0,7042.0,7042.0,7042.0,7042.0,7042.0,7042.0,7042.0,7042.0,7042.0,7042.0,7042.0,7042.0,7042.0,7042.0,7042.0,7042.0,7042.0,7042.0,7086.0,7086.0,7086.0,7086.0,7086.0,7086.0,7086.0,7086.0,7086.0,7086.0,7086.0,7086.0,7086.0,7086.0,7086.0,7086.0,7086.0,7086.0,7086.0,7086.0,7086.0,7086.0,7086.0,7087.0,7087.0,7087.0,7087.0,7087.0,7087.0,7087.0,7087.0,7087.0,7087.0,7087.0,7087.0,7087.0,7087.0,7087.0,7087.0,7087.0,7087.0,7087.0,7087.0,7087.0,7087.0,7087.0,7087.0,7087.0,7087.0,7087.0,7087.0,7087.0,7087.0,7087.0,7087.0,7087.0,7087.0,7087.0,7087.0,7087.0,7087.0,7087.0,7087.0,7087.0,7087.0,7087.0,7087.0,7087.0,7087.0,7087.0,7087.0,7087.0,7087.0,7087.0,7087.0,7087.0,7087.0,7088.0,7088.0,7088.0,7088.0,7088.0,7088.0,7088.0,7088.0,7088.0,7088.0,7088.0,7088.0,7088.0,7088.0,7089.0,7089.0,7089.0,7089.0,7089.0,7089.0,7089.0,7089.0,7089.0,7089.0,7089.0,7089.0,7089.0,7089.0,7089.0,7089.0,7089.0,7089.0,7095.0
tune_10,Testing/network-cor-forma_eu_27t.txt,0.05,0.05,0.03,50,3,0.8,0.02,components,1,50,7386.0,559.08,5322,195,1550.0,1550.0,1624.0,1677.0,1677.0,1712.0,1756.0,5778.0,5778.0,5778.0,5781.0,5781.0,5781.0,5781.0,5784.0,5790.0,5795.0,5806.0,5806.0,5810.0,5817.0,5823.0,5823.0,5832.0,5832.0,5837.0,5839.0,5840.0,5844.0,5851.0,5860.0,5860.0,5861.0,5861.0,5864.0,5865.0,5865.0,5872.0,5875.0,5880.0,5880.0,5880.0,5885.0,5885.0,5887.0,5889.0,5893.0,5893.0,5893.0,5894.0,5896.0,5896.0,5897.0,5899.0,5900.0,5904.0,5904.0,5908.0,5909.0,5909.0,5909.0,5910.0,5913.0,5913.0,5914.0,5917.0,5917.0,5918.0,5921.0,5921.0,5921.0,5921.0,5922.0,5922.0,5923.0,5923.0,5926.0,5926.0,5926.0,5926.0,5928.0,5928.0,5928.0,5928.0,5929.0,5930.0,5930.0,5930.0,5930.0,5930.0,5930.0,5930.0,5930.0,5930.0,5930.0,5930.0,5930.0,5930.0,5930.0,5930.0,5930.0,5930.0,5930.0,5930.0,5930.0,5930.0,5930.0,5930.0,5930.0,5930.0,5930.0,5930.0,5930.0,5931.0,5931.0,5931.0,5933.0,5933.0,5933.0,5933.0,5933.0,5933.0,5933.0,5933.0,5933.0,5933.0,5933.0,5933.0,5933.0,5933.0,5933.0,5933.0,5933.0,5933.0,5933.0,5933.0,5933.0,5933.0,5933.0,5933.0,5933.0,5933.0,5933.0,5933.0,5933.0,5934.0,5934.0,5934.0,5934.0,5934.0,5934.0,5934.0,5934.0,5934.0,5934.0,5934.0,5934.0,5934.0,5934.0,5934.0,5934.0,5934.0,5934.0,5934.0,5934.0,5934.0,5934.0,5934.0,5934.0,5934.0,5934.0,5934.0,5934.0,5934.0,5934.0,5934.0,5934.0,5934.0,5934.0,5934.0,5934.0,5934.0,5934.0,5934.0,5934.0,5934.0,5934.0,5934.0,5934.0,5934.0,5934.0,5935.0,5935.0,5935.0,5935.0,5936.0,5936.0,5936.0,5936.0,5936.0
tune_1,Testing/network-cor-forma_eu_27t.txt,0.05,0.05,0.03,50,3,0.9,0.01,largest,0,50,6975.0,578.93,5893,0,7167.0,7167.0,7167.0,7167.0,7167.0,7167.0,7167.0,7167.0,7167.0,6702.0,6702.0,5366.0,3959.0,3291.0,1197.0,1197.0,1197.0,1197.0,1197.0,1197.0,1197.0,1197.0,1197.0,1197.0,1197.0,1197.0,1197.0,1197.0,1197.0,1197.0,1197.0,1197.0,1197.0,1197.0,1197.0,1197.0,1197.0,1197.0,1197.0,1197.0,1197.0,1197.0,1197.0,1197.0,1197.0,1197.0,1197.0,1197.0,1197.0,1197.0,1197.0,1197.0,1197.0,1197.0,1197.0,1197.0,1197.0,1197.0,1197.0,1197.0,1197.0,1197.0,1197.0,1197.0,1197.0,1197.0,1197.0,1197.0,1197.0,1197.0,1197.0,1197.0,1197.0,1189.0,1189.0,1189.0,1189.0,1189.0,1189.0,1189.0,1189.0,1189.0,1189.0,1185.0,1185.0,1185.0,1185.0,1185.0,1185.0,1185.0,1185.0,1185.0,1185.0,1185.0,1185.0,1185.0,1185.0,1185.0,1185.0,1185.0,1185.0,1185.0,1185.0,1185.0,1185.0,1185.0,1185.0,1185.0,1185.0,1185.0,1185.0,1185.0,1185.0,1185.0,1185.0,1185.0,1185.0,1185.0,1185.0,1185.0,1185.0,1185.0,1185.0,1185.0,1185.0,1185.0,1185.0,1185.0,1185.0,1185.0,1185.0,1185.0,1185.0,1185.0,1185.0,1185.0,1185.0,1185.0,1185.0,1185.0,1185.0,1185.0,1185.0,1185.0,1185.0,1185.0,1185.0,1185.0,1185.0,1185.0,1185.0,1184.0,1184.0,1184.0,1184.0,1184.0,1184.0,1184.0,1184.0,1184.0,1184.0,1184.0,1184.0,1184.0,1184.0,1184.0,1184.0,1184.0,1184.0,1184.0,1184.0,1184.0,1184.0,1184.0,1184.0,1184.0,1184.0,1184.0,1184.0,1184.0,1184.0,1184.0,1184.0,1184.0,1184.0,1184.0,1184.0,1184.0,1184.0,1184.0,1184.0,1184.0,1184.0,1184.0,1184.0,1184.0,1184.0,1184.0,1184.0,1184.0,0.0,2312.0
tune_2,Testing/network-cor-forma_eu_27t.txt,0.05,0.05,0.03,50,3,0.9,0.01,largest,0,50,2755.0,605.36,5867,0,9902.0,9902.0,9898.0,9492.0,8268.0,8268.0,8268.0,8074.0,8074.0,8074.0,7652.0,7289.0,5232.0,5232.0,2896.0,2597.0,2538.0,2538.0,2538.0,2538.0,2538.0,2538.0,2538.0,2538.0,2538.0,2538.0,2538.0,2538.0,2538.0,2538.0,2538.0,2538.0,2259.0,2259.0,2259.0,2259.0,2259.0,2259.0,2259.0,2259.0,2259.0,2259.0,2259.0,2259.0,2259.0,2259.0,2259.0,2259.0,946.0,946.0,946.0,946.0,946.0,946.0,946.0,946.0,946.0,946.0,946.0,946.0,946.0,946.0,946.0,946.0,946.0,946.0,946.0,946.0,946.0,946.0,946.0,946.0,946.0,946.0,946.0,946.0,946.0,946.0,946.0,946.0,946.0,946.0,946.0,946.0,946.0,946.0,946.0,946.0,946.0,946.0,946.0,946.0,946.0,946.0,946.0,946.0,946.0,946.0,946.0,946.0,946.0,946.0,946.0,946.0,946.0,946.0,946.0,946.0,946.0,946.0,946.0,946.0,946.0,946.0,946.0,946.0,946.0,946.0,946.0,946.0,946.0,946.0,946.0,946.0,946.0,946.0,946.0,946.0,946.0,946.0,946.0,946.0,946.0,946.0,946.0,946.0,946.0,946.0,946.0,946.0,946.0,946.0,946.0,946.0,946.0,946.0,946.0,946.0,946.0,946.0,946.0,946.0,946.0,946.0,946.0,946.0,946.0,946.0,946.0,946.0,946.0,946.0,946.0,946.0,946.0,946.0,946.0,946.0,946.0,946.0,946.0,946.0,946.0,946.0,946.0,946.0,946.0,946.0,946.0,946.0,946.0,946.0,946.0,946.0,946.0,946.0,946.0,946.0,946.0,946.0,946.0,946.0,946.0,946.0,946.0,946.0,946.0,946.0,946.0,946.0,0.0
tune_3,Testing/network-cor-forma_eu_27t.txt,0.05,0.05,0.03,50,3,0.9,0.01,largest,0,50,2271.0,592.98,5839,0,12031.0,11973.0,9889.0,9655.0,8729.0,8729.0,8715.0,8170.0,8167.0,7931.0,7292.0,7262.0,7262.0,5408.0,2576.0,2447.0,1856.0,1856.0,1856.0,1856.0,1856.0,1856.0,1856.0,1856.0,1856.0,1856.0,1856.0,1856.0,1856.0,1856.0,1856.0,1856.0,1856.0,1856.0,1856.0,1856.0,1856.0,1856.0,1856.0,1856.0,1856.0,1856.0,1856.0,1856.0,1856.0,1856.0,1856.0,1856.0,1856.0,1856.0,1856.0,1856.0,1856.0,1856.0,1856.0,1856.0,1856.0,1856.0,1856.0,1856.0,1856.0,1856.0,1856.0,1856.0,1856.0,1856.0,1856.0,1856.0,1856.0,1856.0,1856.0,1856.0,1856.0,1856.0,1856.0,1856.0,1856.0,1856.0,1856.0,1849.0,1849.0,1849.0,1849.0,1849.0,1849.0,1849.0,1849.0,1849.0,1849.0,1849.0,1849.0,1849.0,1849.0,1849.0,1849.0,1849.0,1849.0,1849.0,1849.0,1849.0,1849.0,1849.0,1849.0,1849.0,1849.0,1849.0,1849.0,1849.0,1849.0,1849.0,1849.0,1849.0,1849.0,1849.0,1849.0,1849.0,1849.0,1849.0,1849.0,1849.0,1849.0,1849.0,1849.0,1849.0,1849.0,1849.0,1849.0,1849.0,1849.0,1849.0,1849.0,1849.0,1849.0,1849.0,1849.0,1849.0,1849.0,1849.0,1849.0,1849.0,1849.0,1849.0,1849.0,1849.0,1849.0,1849.0,1849.0,1849.0,1849.0,1849.0,1849.0,1848.0,1848.0,1848.0,1848.0,1848.0,1848.0,1848.0,1848.0,1848.0,1848.0,1848.0,1848.0,1848.0,1848.0,1848.0,1848.0,1848.0,1848.0,1848.0,1848.0,1847.0,1847.0,1847.0,1847.0,1846.0,1846.0,1846.0,1846.0,1846.0,1846.0,1846.0,1846.0,1846.0,1846.0,1846.0,1846.0,1846.0,1846.0,1846.0,1846.0,1846.0,1846.0,1846.0,1846.0,1846.0,1846.0,1846.0,1846.0,1846.0,0.0
tune_7,Testing/network-cor-forma_eu_27t.txt,0.05,0.05,0.03,50,3,0.9,0.01,largest,0,50,3208.0,586.86,5851,0,11683.0,11683.0,11668.0,11531.0,9710.0,7614.0,7614.0,6992.0,6992.0,6673.0,6673.0,6673.0,5378.0,4209.0,3832.0,3627.0,3627.0,3627.0,3627.0,3627.0,3627.0,3627.0,3627.0,3627.0,3627.0,3627.0,3627.0,3627.0,3627.0,3627.0,3627.0,3627.0,3627.0,3627.0,3627.0,3627.0,3627.0,3627.0,3627.0,3627.0,3627.0,3627.0,3627.0,3627.0,3627.0,3627.0,3627.0,3627.0,3627.0,3627.0,3627.0,3627.0,3627.0,3627.0,3627.0,3627.0,3627.0,3627.0,3627.0,3627.0,3627.0,3627.0,3627.0,3627.0,3627.0,3627.0,3627.0,3627.0,3627.0,3627.0,3627.0,3627.0,3618.0,3618.0,3618.0,3618.0,3618.0,3618.0,3618.0,3618.0,3618.0,3618.0,3618.0,3618.0,3618.0,3618.0,3618.0,3618.0,3618.0,3618.0,3618.0,3618.0,3618.0,3618.0,3618.0,3618.0,3618.0,3618.0,3618.0,3618.0,3618.0,3618.0,3618.0,3618.0,3618.0,3618.0,3618.0,3617.0,3617.0,3617.0,3617.0,3617.0,3617.0,3617.0,3617.0,3617.0,3617.0,3617.0,3617.0,3617.0,3616.0,3616.0,3616.0,3616.0,3616.0,3616.0,3616.0,3616.0,3616.0,3616.0,3616.0,3616.0,3616.0,3616.0,3616.0,3615.0,3615.0,3615.0,3615.0,3615.0,3615.0,3615.0,3615.0,3615.0,3615.0,3615.0,3615.0,3614.0,3614.0,3614.0,3614.0,3614.0,3614.0,3614.0,3614.0,3614.0,3614.0,3614.0,3614.0,3614.0,3614.0,3614.0,3614.0,3614.0,3614.0,3614.0,3614.0,3614.0,3614.0,3614.0,3614.0,3614.0,3614.0,3614.0,3614.0,3614.0,3613.0,3613.0,3613.0,3613.0,3613.0,3613.0,3613.0,3613.0,3613.0,3613.0,3613.0,3613.0,3613.0,3613.0,3613.0,3613.0,3613.0,3613.0,3613.0,3613.0,3613.0,3613.0,3613.0,3612.0
tune_5,Testing/network-cor-forma_eu_27t.txt,0.05,0.05,0.03,50,3,0.9,0.01,largest,0,50,3660.0,609.07,5847,0,11853.0,11853.0,11759.0,9074.0,9074.0,8287.0,7952.0,7628.0,7628.0,7621.0,6490.0,6490.0,6490.0,6490.0,4473.0,4473.0,2491.0,2395.0,2395.0,2395.0,2395.0,2395.0,2395.0,2395.0,2395.0,2395.0,2395.0,2395.0,2395.0,2395.0,2395.0,2395.0,2395.0,2395.0,2395.0,2395.0,2395.0,2395.0,2395.0,2395.0,2395.0,2395.0,2395.0,2395.0,2395.0,2376.0,2376.0,2376.0,2376.0,2376.0,2376.0,2376.0,2376.0,2376.0,2376.0,2376.0,2376.0,2376.0,2376.0,2376.0,2376.0,2376.0,2376.0,2376.0,2376.0,2376.0,2376.0,2376.0,2376.0,2376.0,2376.0,2376.0,2376.0,2376.0,2376.0,2376.0,2376.0,2376.0,2376.0,2376.0,2376.0,2376.0,2376.0,2376.0,2376.0,2376.0,2376.0,2376.0,2376.0,2376.0,2376.0,2376.0,2376.0,2376.0,2376.0,2376.0,2376.0,2376.0,2376.0,2376.0,2376.0,2376.0,2376.0,2376.0,2376.0,2376.0,2376.0,2376.0,2376.0,2376.0,2376.0,2376.0,2376.0,2376.0,2376.0,2376.0,2376.0,2375.0,2375.0,2375.0,2375.0,2375.0,2375.0,2375.0,2375.0,2375.0,2375.0,2375.0,2375.0,2375.0,2375.0,2375.0,2375.0,2375.0,2375.0,2374.0,2374.0,2374.0,2374.0,2374.0,2374.0,2374.0,2374.0,2374.0,2374.0,2374.0,2374.0,2374.0,2374.0,2374.0,2374.0,2374.0,2374.0,2374.0,2374.0,2374.0,2374.0,2374.0,2374.0,2374.0,2374.0,2374.0,2374.0,2374.0,2374.0,2374.0,2374.0,2374.0,2374.0,2374.0,2374.0,2374.0,2374.0,2374.0,2374.0,2374.0,2374.0,2374.0,2374.0,2374.0,2374.0,2374.0,2374.0,2374.0,2374.0,2374.0,2374.0,2374.0,2374.0,2374.0,2374.0,2374.0,2374.0,2374.0,2374.0,2374.0,2374.0,2374.0,2374.0,2374.0
tune_4,Testing/network-cor-forma_eu_27t.txt,0.05,0.05,0.03,50,3,0.9,0.01,largest,0,50,1575.0,609.30,5870,0,11990.0,11883.0,11595.0,8704.0,7554.0,7554.0,7554.0,7554.0,6813.0,6813.0,6813.0,6544.0,5098.0,3133.0,2109.0,2109.0,2046.0,2046.0,2046.0,2046.0,2046.0,2046.0,2046.0,2046.0,2046.0,2046.0,2046.0,2046.0,1832.0,1832.0,1832.0,1832.0,1832.0,1832.0,1832.0,1832.0,1832.0,1832.0,1832.0,1832.0,1832.0,1832.0,1832.0,1832.0,1832.0,1832.0,1832.0,1832.0,1832.0,1832.0,1832.0,1832.0,1832.0,1832.0,1832.0,1832.0,1832.0,1832.0,1832.0,1832.0,1832.0,1832.0,1832.0,1832.0,1832.0,1832.0,1832.0,1832.0,1832.0,1832.0,1809.0,1809.0,1809.0,1809.0,1809.0,1809.0,1809.0,1809.0,1809.0,1765.0,1765.0,1765.0,1765.0,1765.0,1765.0,1765.0,1765.0,1765.0,1765.0,1765.0,1765.0,1765.0,1765.0,1765.0,1765.0,1765.0,1765.0,1765.0,1765.0,1765.0,1765.0,1765.0,1765.0,1765.0,1765.0,1765.0,1765.0,1765.0,1765.0,1765.0,1765.0,1765.0,1765.0,1765.0,1765.0,1765.0,1765.0,1764.0,1764.0,1764.0,1764.0,1764.0,1764.0,1764.0,1764.0,1764.0,1764.0,1764.0,1764.0,1764.0,1764.0,1763.0,1763.0,1763.0,1763.0,1763.0,1763.0,1763.0,1763.0,1763.0,1763.0,1763.0,1763.0,1763.0,1763.0,1763.0,1763.0,1763.0,1762.0,1762.0,1762.0,1762.0,1762.0,1762.0,1762.0,1762.0,1762.0,1762.0,1762.0,1762.0,1762.0,1762.0,1762.0,1762.0,1762.0,1762.0,1762.0,1762.0,1762.0,1762.0,1762.0,1762.0,1762.0,1762.0,1762.0,1762.0,1762.0,1762.0,1762.0,1762.0,1762.0,1762.0,1762.0,1762.0,1762.0,1762.0,1762.0,1762.0,1762.0,1762.0,1762.0,1762.0,1762.0,1762.0,1762.0,1762.0,1762.0,1762.0,1762.0,1762.0
tune_6,Testing/network-cor-forma_eu_27t.txt,0.05,0.05,0.03,50,3,0.9,0.01,largest,0,50,2703.0,600.77,5906,0,11878.0,8060.0,7883.0,7883.0,7883.0,7883.0,7883.0,7714.0,7662.0,7627.0,7627.0,7270.0,4157.0,3007.0,1266.0,1266.0,1266.0,1266.0,1266.0,1266.0,1266.0,1266.0,1266.0,1266.0,1266.0,1266.0,1266.0,1266.0,1266.0,1266.0,1266.0,1266.0,1266.0,1266.0,1266.0,1266.0,1266.0,1266.0,1266.0,1266.0,1266.0,1266.0,1266.0,1266.0,1266.0,1266.0,1266.0,1256.0,1256.0,1256.0,1256.0,1256.0,1256.0,1256.0,1256.0,1256.0,1256.0,1256.0,1256.0,1256.0,1205.0,1205.0,1205.0,1205.0,1205.0,1205.0,1205.0,1205.0,1205.0,1205.0,1205.0,1205.0,1205.0,1205.0,1205.0,1205.0,1205.0,1205.0,1205.0,1205.0,1205.0,1205.0,1205.0,1205.0,1205.0,1205.0,1205.0,1205.0,1205.0,1205.0,1205.0,1205.0,1205.0,1205.0,1205.0,1205.0,1205.0,1205.0,1205.0,1205.0,1205.0,1205.0,1205.0,1205.0,1205.0,1205.0,1205.0,1205.0,1205.0,1205.0,1205.0,1205.0,1205.0,1205.0,1205.0,1205.0,1205.0,1205.0,1205.0,1205.0,1205.0,1205.0,1205.0,1205.0,1205.0,1205.0,1205.0,1205.0,1205.0,1205.0,1205.0,1205.0,1205.0,1205.0,1205.0,1205.0,1205.0,1205.0,1205.0,1205.0,1205.0,1205.0,1205.0,1205.0,1205.0,1205.0,1205.0,1205.0,1205.0,1205.0,1205.0,1205.0,1205.0,1205.0,1205.0,1205.0,1205.0,1205.0,1205.0,1205.0,1205.0,1205.0,1204.0,1204.0,1204.0,1204.0,1204.0,1204.0,1204.0,1204.0,1204.0,1204.0,1204.0,1204.0,1204.0,1204.0,1204.0,1204.0,1204.0,1204.0,1204.0,1204.0,1204.0,1204.0,1204.0,1204.0,1204.0,1204.0,1204.0,1204.0,1204.0,1204.0,1204.0,1204.0,1204.0,1204.0,1204.0,1204.0,1204.0,1204.0
tune_8,Testing/network-cor-forma_eu_27t.txt,0.05,0.05,0.03,50,3,0.9,0.01,largest,0,50,2883.0,590.83,5821,0,9760.0,8719.0,8719.0,8719.0,8154.0,6906.0,6906.0,6906.0,6710.0,6710.0,6710.0,3388.0,3388.0,3388.0,3388.0,3388.0,3388.0,3313.0,2916.0,2916.0,2916.0,2916.0,2916.0,2916.0,2916.0,2916.0,2916.0,2916.0,2916.0,2916.0,2916.0,2916.0,2916.0,2916.0,2916.0,2916.0,2916.0,2916.0,2916.0,2916.0,2916.0,2916.0,2916.0,2916.0,2916.0,2916.0,2916.0,2916.0,2916.0,2916.0,2916.0,2916.0,2916.0,2916.0,2916.0,2916.0,2916.0,2916.0,2916.0,2916.0,2916.0,2916.0,2916.0,2916.0,2873.0,2873.0,2873.0,2873.0,2873.0,2873.0,2873.0,2873.0,2873.0,2873.0,2873.0,2869.0,2865.0,2865.0,2865.0,2865.0,2865.0,2865.0,2865.0,2865.0,2865.0,2865.0,2865.0,2865.0,2865.0,2865.0,2865.0,2865.0,2865.0,2865.0,2865.0,2864.0,2864.0,2864.0,2864.0,2864.0,2864.0,2864.0,2864.0,2864.0,2864.0,2864.0,2864.0,2864.0,2864.0,2864.0,2864.0,2864.0,2864.0,2864.0,2864.0,2864.0,2864.0,2864.0,2864.0,2864.0,2864.0,2864.0,2864.0,2864.0,2863.0,2863.0,2863.0,2863.0,2863.0,2863.0,2863.0,2863.0,2863.0,2863.0,2862.0,2862.0,2862.0,2862.0,2862.0,2862.0,2862.0,2862.0,2862.0,2862.0,2862.0,2862.0,2862.0,2862.0,2862.0,2862.0,2862.0,2862.0,2862.0,2862.0,2862.0,2862.0,2862.0,2862.0,2862.0,2861.0,2861.0,2861.0,2861.0,2861.0,2861.0,2861.0,2861.0,2861.0,2861.0,2861.0,2861.0,2861.0,2861.0,2861.0,2861.0,2861.0,2861.0,2861.0,2861.0,2861.0,2861.0,2861.0,2861.0,2861.0,2861.0,2861.0,2861.0,2861.0,2861.0,2861.0,2861.0,2861.0,2861.0,2861.0,2861.0,2861.0,2861.0,2861.0,2861.0,2861.0
tune_10,Testing/network-cor-forma_eu_27t.txt,0.05,0.05,0.03,50,3,0.9,0.01,largest,0,50,2641.0,606.07,5846,0,11964.0,11964.0,8853.0,8562.0,8444.0,8444.0,8344.0,8344.0,7902.0,7902.0,7902.0,7280.0,4608.0,4608.0,3941.0,2906.0,2906.0,2906.0,2906.0,2906.0,2906.0,2906.0,2906.0,2906.0,2906.0,2906.0,2906.0,2906.0,2906.0,2906.0,2906.0,2906.0,2906.0,2906.0,2898.0,2898.0,2898.0,2898.0,2898.0,2865.0,2865.0,2865.0,2865.0,2865.0,2865.0,2865.0,2865.0,2865.0,2865.0,2865.0,2865.0,2865.0,2865.0,2865.0,2865.0,2842.0,2842.0,2842.0,2842.0,2842.0,2842.0,2842.0,2842.0,2842.0,2842.0,2842.0,2842.0,2842.0,2842.0,2842.0,2842.0,2842.0,2842.0,2842.0,2842.0,2842.0,2842.0,2842.0,2842.0,2842.0,2842.0,2842.0,2842.0,2842.0,2842.0,2842.0,2842.0,2842.0,2842.0,2842.0,2842.0,2842.0,2842.0,2842.0,2842.0,2842.0,2842.0,2842.0,2842.0,2842.0,2842.0,2842.0,2842.0,2842.0,2842.0,2842.0,2842.0,2842.0,2841.0,2841.0,2841.0,2841.0,2841.0,2841.0,2841.0,2841.0,2841.0,2841.0,2841.0,2841.0,2840.0,2840.0,2840.0,2840.0,2840.0,2840.0,2840.0,2840.0,2840.0,2840.0,2840.0,2840.0,2840.0,2840.0,2840.0,2840.0,2840.0,2840.0,2840.0,2840.0,2840.0,2840.0,2840.0,2840.0,2840.0,2840.0,2840.0,2840.0,2840.0,2840.0,2840.0,2840.0,2840.0,2840.0,2840.0,2838.0,2838.0,2838.0,2838.0,2838.0,2838.0,2838.0,2838.0,2838.0,2838.0,2838.0,2838.0,2838.0,2838.0,2838.0,2838.0,2838.0,2838.0,2838.0,2838.0,2838.0,2838.0,2838.0,2838.0,2838.0,2838.0,2838.0,2838.0,2838.0,2838.0,2838.0,2838.0,2838.0,2838.0,2838.0,2838.0,2838.0,2838.0,2838.0,2838.0,2838.0,2838.0,2838.0,2838.0,2838.0
tune_9,Testing/network-cor-forma_eu_27t.txt,0.05,0.05,0.03,50,3,0.9,0.01,largest,0,50,1652.0,612.89,5896,0,11979.0,11979.0,11956.0,11804.0,9589.0,8491.0,8491.0,8491.0,8491.0,8369.0,8287.0,7287.0,7280.0,6301.0,6147.0,5079.0,4996.0,1859.0,1859.0,1859.0,1859.0,1859.0,1859.0,1859.0,1859.0,1859.0,1859.0,1859.0,1859.0,1859.0,1859.0,1859.0,1859.0,1859.0,1859.0,1769.0,1769.0,1769.0,1280.0,1280.0,1280.0,1280.0,1280.0,1280.0,1280.0,1280.0,1280.0,1280.0,1280.0,1280.0,1280.0,1280.0,1280.0,1280.0,1280.0,1280.0,1280.0,1280.0,1280.0,1280.0,1280.0,1280.0,1280.0,1280.0,1272.0,1272.0,1272.0,1272.0,1272.0,1272.0,1272.0,1272.0,1272.0,1272.0,1272.0,1272.0,1272.0,1272.0,1272.0,1272.0,1272.0,1272.0,1272.0,1272.0,1272.0,1272.0,1272.0,1271.0,1271.0,1271.0,1271.0,1271.0,1271.0,1271.0,1271.0,1271.0,1271.0,1271.0,1271.0,1271.0,1271.0,1271.0,1271.0,1271.0,1271.0,1271.0,1271.0,1271.0,1271.0,1271.0,1271.0,1271.0,1271.0,1271.0,1271.0,1271.0,1271.0,1271.0,1271.0,1271.0,1271.0,1271.0,1271.0,1271.0,1271.0,1271.0,1271.0,1271.0,1271.0,1271.0,1271.0,1271.0,1271.0,1271.0,1271.0,1271.0,1271.0,1271.0,1271.0,1271.0,1271.0,1271.0,1271.0,1271.0,1271.0,1271.0,1271.0,1271.0,1271.0,1271.0,1271.0,1271.0,1271.0,1271.0,1271.0,1271.0,1271.0,1270.0,1270.0,1270.0,1270.0,1270.0,1270.0,1270.0,1270.0,1270.0,1270.0,1270.0,1270.0,1270.0,1270.0,1269.0,1269.0,1269.0,1269.0,1269.0,1269.0,1269.0,1269.0,1269.0,1269.0,1269.0,1269.0,1269.0,1269.0,1269.0,1269.0,1269.0,1269.0,1269.0,1269.0,1269.0,1269.0,1269.0,1269.0,1269.0,1269.0,1269.0,1269.0,1269.0
tune_1,Testing/network-cor-forma_eu_27t.txt,0.05,0.05,0.03,50,3,0.9,0.01,largest,1,50,2155.0,613.93,5846,0,7167.0,7167.0,7167.0,7167.0,7167.0,7167.0,7167.0,7167.0,7167.0,6702.0,6702.0,5366.0,3959.0,3291.0,1197.0,1197.0,1197.0,1197.0,1197.0,1197.0,1197.0,1197.0,1197.0,1197.0,1197.0,1197.0,1197.0,1197.0,1197.0,1197.0,1197.0,1197.0,1197.0,1197.0,1197.0,1197.0,1197.0,1197.0,1197.0,1197.0,1197.0,1197.0,1197.0,1197.0,1197.0,1197.0,1197.0,1197.0,1197.0,1197.0,1197.0,1197.0,1197.0,1197.0,1197.0,1197.0,1197.0,1197.0,1197.0,1197.0,1197.0,1197.0,1197.0,1197.0,1197.0,1197.0,1197.0,1197.0,1197.0,1197.0,1197.0,1197.0,1197.0,1189.0,1189.0,1189.0,1189.0,1189.0,1189.0,1189.0,1189.0,1189.0,1189.0,1185.0,1185.0,1185.0,1185.0,1185.0,1185.0,1185.0,1185.0,1185.0,1185.0,1185.0,1185.0,1185.0,1185.0,1185.0,1185.0,1185.0,1185.0,1185.0,1185.0,1185.0,1185.0,1185.0,1185.0,1185.0,1185.0,1185.0,1185.0,1185.0,1185.0,1185.0,1185.0,1185.0,1185.0,1185.0,1185.0,1185.0,1185.0,1185.0,1185.0,1185.0,1185.0,1185.0,1185.0,1185.0,1185.0,1185.0,1185.0,1185.0,1185.0,1185.0,1185.0,1185.0,1185.0,1185.0,1185.0,1185.0,1185.0,1185.0,1185.0,1185.0,1185.0,1185.0,1185.0,1185.0,1185.0,1185.0,1185.0,1184.0,1184.0,1184.0,1184.0,1184.0,1184.0,1184.0,1184.0,1184.0,1184.0,1184.0,1184.0,1184.0,1184.0,1184.0,1184.0,1184.0,1184.0,1184.0,1184.0,1184.0,1184.0,1184.0,1184.0,1184.0,1184.0,1184.0,1184.0,1184.0,1184.0,1184.0,1184.0,1184.0,1184.0,1184.0,1184.0,1184.0,1184.0,1184.0,1184.0,1184.0,1184.0,1184.0,1184.0,1184.0,1184.0,1184.0,1184.0,1184.0,0.0,2312.0
tune_2,Testing/network-cor-forma_eu_27t.txt,0.05,0.05,0.03,50,3,0.9,0.01,largest,1,50,2176.0,606.42,5868,0,9902.0,9902.0,9898.0,9492.0,8268.0,8268.0,8268.0,8074.0,8074.0,8074.0,7652.0,7289.0,5232.0,5232.0,2896.0,2597.0,2538.0,2538.0,2538.0,2538.0,2538.0,2538.0,2538.0,2538.0,2538.0,2538.0,2538.0,2538.0,2538.0,2538.0,2538.0,2538.0,2259.0,2259.0,2259.0,2259.0,2259.0,2259.0,2259.0,2259.0,2259.0,2259.0,2259.0,2259.0,2259.0,2259.0,2259.0,2259.0,946.0,946.0,946.0,946.0,946.0,946.0,946.0,946.0,946.0,946.0,946.0,946.0,946.0,946.0,946.0,946.0,946.0,946.0,946.0,946.0,946.0,946.0,946.0,946.0,946.0,946.0,946.0,946.0,946.0,946.0,946.0,946.0,946.0,946.0,946.0,946.0,946.0,946.0,946.0,946.0,946.0,946.0,946.0,946.0,946.0,946.0,946.0,946.0,946.0,946.0,946.0,946.0,946.0,946.0,946.0,946.0,946.0,946.0,946.0,946.0,946.0,946.0,946.0,946.0,946.0,946.0,946.0,946.0,946.0,946.0,946.0,946.0,946.0,946.0,946.0,946.0,946.0,946.0,946.0,946.0,946.0,946.0,946.0,946.0,946.0,946.0,946.0,946.0,946.0,946.0,946.0,946.0,946.0,946.0,946.0,946.0,946.0,946.0,946.0,946.0,946.0,946.0,946.0,946.0,946.0,946.0,946.0,946.0,946.0,946.0,946.0,946.0,946.0,946.0,946.0,946.0,946.0,946.0,946.0,946.0,946.0,946.0,946.0,946.0,946.0,946.0,946.0,946.0,946.0,946.0,946.0,946.0,946.0,946.0,946.0,946.0,946.0,946.0,946.0,946.0,946.0,946.0,946.0,946.0,946.0,946.0,946.0,946.0,946.0,946.0,946.0,946.0,0.0
tune_3,Testing/network-cor-forma_eu_27t.txt,0.05,0.05,0.03,50,3,0.9,0.01,largest,1,50,2271.0,629.79,5956,0,12031.0,11973.0,9889.0,9655.0,8729.0,8729.0,8715.0,8170.0,8167.0,7931.0,7292.0,7262.0,7262.0,5408.0,2576.0,2447.0,1856.0,1856.0,1856.0,1856.0,1856.0,1856.0,1856.0,1856.0,1856.0,1856.0,1856.0,1856.0,1856.0,1856.0,1856.0,1856.0,1856.0,1856.0,1856.0,1856.0,1856.0,1856.0,1856.0,1856.0,1856.0,1856.0,1856.0,1856.0,1856.0,1856.0,1856.0,1856.0,1856.0,1856.0,1856.0,1856.0,1856.0,1856.0,1856.0,1856.0,1856.0,1856.0,1856.0,1856.0,1856.0,1856.0,1856.0,1856.0,1856.0,1856.0,1856.0,1856.0,1856.0,1856.0,1856.0,1856.0,1856.0,1856.0,1856.0,1856.0,1856.0,1856.0,1856.0,1849.0,1849.0,1849.0,1849.0,1849.0,1849.0,1849.0,1849.0,1849.0,1849.0,1849.0,1849.0,1849.0,1849.0,1849.0,1849.0,1849.0,1849.0,1849.0,1849.0,1849.0,1849.0,1849.0,1849.0,1849.0,1849.0,1849.0,1849.0,1849.0,1849.0,1849.0,1849.0,1849.0,1849.0,1849.0,1849.0,1849.0,1849.0,1849.0,1849.0,1849.0,1849.0,1849.0,1849.0,1849.0,1849.0,1849.0,1849.0,1849.0,1849.0,1849.0,1849.0,1849.0,1849.0,1849.0,1849.0,1849.0,1849.0,1849.0,1849.0,1849.0,1849.0,1849.0,1849.0,1849.0,1849.0,1849.0,1849.0,1849.0,1849.0,1849.0,1849.0,1848.0,1848.0,1848.0,1848.0,1848.0,1848.0,1848.0,1848.0,1848.0,1848.0,1848.0,1848.0,1848.0,1848.0,1848.0,1848.0,1848.0,1848.0,1848.0,1848.0,1847.0,1847.0,1847.0,1847.0,1846.0,1846.0,1846.0,1846.0,1846.0,1846.0,1846.0,1846.0,1846.0,1846.0,1846.0,1846.0,1846.0,1846.0,1846.0,1846.0,1846.0,1846.0,1846.0,1846.0,1846.0,1846.0,1846.0,1846.0,1846.0,0.0
tune_7,Testing/network-cor-forma_eu_27t.txt,0.05,0.05,0.03,50,3,0.9,0.01,largest,1,50,6880.0,539.79,5868,0,11683.0,11683.0,11668.0,11531.0,9710.0,7614.0,7614.0,6992.0,6992.0,6673.0,6673.0,6673.0,5378.0,4209.0,3832.0,3627.0,3627.0,3627.0,3627.0,3627.0,3627.0,3627.0,3627.0,3627.0,3627.0,3627.0,3627.0,3627.0,3627.0,3627.0,3627.0,3627.0,3627.0,3627.0,3627.0,3627.0,3627.0,3627.0,3627.0,3627.0,3627.0,3627.0,3627.0,3627.0,3627.0,3627.0,3627.0,3627.0,3627.0,3627.0,3627.0,3627.0,3627.0,3627.0,3627.0,3627.0,3627.0,3627.0,3627.0,3627.0,3627.0,3627.0,3627.0,3627.0,3627.0,3627.0,3627.0,3627.0,3627.0,3627.0,3627.0,3627.0,3618.0,3618.0,3618.0,3618.0,3618.0,3618.0,3618.0,3618.0,3618.0,3618.0,3618.0,3618.0,3618.0,3618.0,3618.0,3618.0,3618.0,3618.0,3618.0,3618.0,3618.0,3618.0,3618.0,3618.0,3618.0,3618.0,3618.0,3618.0,3618.0,3618.0,3618.0,3618.0,3618.0,3618.0,3618.0,3617.0,3617.0,3617.0,3617.0,3617.0,3617.0,3617.0,3617.0,3617.0,3617.0,3617.0,3617.0,3617.0,3616.0,3616.0,3616.0,3616.0,3616.0,3616.0,3616.0,3616.0,3616.0,3616.0,3616.0,3616.0,3616.0,3616.0,3616.0,3615.0,3615.0,3615.0,3615.0,3615.0,3615.0,3615.0,3615.0,3615.0,3615.0,3615.0,3615.0,3614.0,3614.0,3614.0,3614.0,3614.0,3614.0,3614.0,3614.0,3614.0,3614.0,3614.0,3614.0,3614.0,3614.0,3614.0,3614.0,3614.0,3614.0,3614.0,3614.0,3614.0,3614.0,3614.0,3614.0,3614.0,3614.0,3614.0,3614.0,3614.0,3613.0,3613.0,3613.0,3613.0,3613.0,3613.0,3613.0,3613.0,3613.0,3613.0,3613.0,3613.0,3613.0,3613.0,3613.0,3613.0,3613.0,3613.0,3613.0,3613.0,3613.0,3613.0,3613.0,3612.0
tune_4,Testing/network-cor-forma_eu_27t.txt,0.05,0.05,0.03,50,3,0.9,0.01,largest,1,50,2128.0,598.24,5788,0,11990.0,11883.0,11595.0,8704.0,7554.0,7554.0,7554.0,7554.0,6813.0,6813.0,6813.0,6544.0,5098.0,3133.0,2109.0,2109.0,2046.0,2046.0,2046.0,2046.0,2046.0,2046.0,2046.0,2046.0,2046.0,2046.0,2046.0,2046.0,1832.0,1832.0,1832.0,1832.0,1832.0,1832.0,1832.0,1832.0,1832.0,1832.0,1832.0,1832.0,1832.0,1832.0,1832.0,1832.0,1832.0,1832.0,1832.0,1832.0,1832.0,1832.0,1832.0,1832.0,1832.0,1832.0,1832.0,1832.0,1832.0,1832.0,1832.0,1832.0,1832.0,1832.0,1832.0,1832.0,1832.0,1832.0,1832.0,1832.0,1832.0,1832.0,1809.0,1809.0,1809.0,1809.0,1809.0,1809.0,1809.0,1809.0,1809.0,1765.0,1765.0,1765.0,1765.0,1765.0,1765.0,1765.0,1765.0,1765.0,1765.0,1765.0,1765.0,1765.0,1765.0,1765.0,1765.0,1765.0,1765.0,1765.0,1765.0,1765.0,1765.0,1765.0,1765.0,1765.0,1765.0,1765.0,1765.0,1765.0,1765.0,1765.0,1765.0,1765.0,1765.0,1765.0,1765.0,1765.0,1765.0,1764.0,1764.0,1764.0,1764.0,1764.0,1764.0,1764.0,1764.0,1764.0,1764.0,1764.0,1764.0,1764.0,1764.0,1763.0,1763.0,1763.0,1763.0,1763.0,1763.0,1763.0,1763.0,1763.0,1763.0,1763.0,1763.0,1763.0,1763.0,1763.0,1763.0,1763.0,1762.0,1762.0,1762.0,1762.0,1762.0,1762.0,1762.0,1762.0,1762.0,1762.0,1762.0,1762.0,1762.0,1762.0,1762.0,1762.0,1762.0,1762.0,1762.0,1762.0,1762.0,1762.0,1762.0,1762.0,1762.0,1762.0,1762.0,1762.0,1762.0,1762.0,1762.0,1762.0,1762.0,1762.0,1762.0,1762.0,1762.0,1762.0,1762.0,1762.0,1762.0,1762.0,1762.0,1762.0,1762.0,1762.0,1762.0,1762.0,1762.0,1762.0,1762.0,1762.0
tune_8,Testing/network-cor-forma_eu_27t.txt,0.05,0.05,0.03,50,3,0.9,0.01,largest,1,50,2883.0,619.51,5833,0,9760.0,8719.0,8719.0,8719.0,8154.0,6906.0,6906.0,6906.0,6710.0,6710.0,6710.0,3388.0,3388.0,3388.0,3388.0,3388.0,3388.0,3313.0,2916.0,2916.0,2916.0,2916.0,2916.0,2916.0,2916.0,2916.0,2916.0,2916.0,2916.0,2916.0,2916.0,2916.0,2916.0,2916.0,2916.0,2916.0,2916.0,2916.0,2916.0,2916.0,2916.0,2916.0,2916.0,2916.0,2916.0,2916.0,2916.0,2916.0,2916.0,2916.0,2916.0,2916.0,2916.0,2916.0,2916.0,2916.0,2916.0,2916.0,2916.0,2916.0,2916.0,2916.0,2916.0,2916.0,2873.0,2873.0,2873.0,2873.0,2873.0,2873.0,2873.0,2873.0,2873.0,2873.0,2873.0,2869.0,2865.0,2865.0,2865.0,2865.0,2865.0,2865.0,2865.0,2865.0,2865.0,2865.0,2865.0,2865.0,2865.0,2865.0,2865.0,2865.0,2865.0,2865.0,2865.0,2864.0,2864.0,2864.0,2864.0,2864.0,2864.0,2864.0,2864.0,2864.0,2864.0,2864.0,2864.0,2864.0,2864.0,2864.0,2864.0,2864.0,2864.0,2864.0,2864.0,2864.0,2864.0,2864.0,2864.0,2864.0,2864.0,2864.0,2864.0,2864.0,2863.0,2863.0,2863.0,2863.0,2863.0,2863.0,2863.0,2863.0,2863.0,2863.0,2862.0,2862.0,2862.0,2862.0,2862.0,2862.0,2862.0,2862.0,2862.0,2862.0,2862.0,2862.0,2862.0,2862.0,2862.0,2862.0,2862.0,2862.0,2862.0,2862.0,2862.0,2862.0,2862.0,2862.0,2862.0,2861.0,2861.0,2861.0,2861.0,2861.0,2861.0,2861.0,2861.0,2861.0,2861.0,2861.0,2861.0,2861.0,2861.0,2861.0,2861.0,2861.0,2861.0,2861.0,2861.0,2861.0,2861.0,2861.0,2861.0,2861.0,2861.0,2861.0,2861.0,2861.0,2861.0,2861.0,2861.0,2861.0,2861.0,2861.0,2861.0,2861.0,2861.0,2861.0,2861.0,2861.0
tune_10,Testing/network-cor-forma_eu_27t.txt,0.05,0.05,0.03,50,3,0.9,0.01,largest,1,50,902.0,615.11,5850,0,11964.0,11964.0,8853.0,8562.0,8444.0,8444.0,8344.0,8344.0,7902.0,7902.0,7902.0,7280.0,4608.0,4608.0,3941.0,2906.0,2906.0,2906.0,2906.0,2906.0,2906.0,2906.0,2906.0,2906.0,2906.0,2906.0,2906.0,2906.0,2906.0,2906.0,2906.0,2906.0,2906.0,2906.0,2898.0,2898.0,2898.0,2898.0,2898.0,2865.0,2865.0,2865.0,2865.0,2865.0,2865.0,2865.0,2865.0,2865.0,2865.0,2865.0,2865.0,2865.0,2865.0,2865.0,2865.0,2842.0,2842.0,2842.0,2842.0,2842.0,2842.0,2842.0,2842.0,2842.0,2842.0,2842.0,2842.0,2842.0,2842.0,2842.0,2842.0,2842.0,2842.0,2842.0,2842.0,2842.0,2842.0,2842.0,2842.0,2842.0,2842.0,2842.0,2842.0,2842.0,2842.0,2842.0,2842.0,2842.0,2842.0,2842.0,2842.0,2842.0,2842.0,2842.0,2842.0,2842.0,2842.0,2842.0,2842.0,2842.0,2842.0,2842.0,2842.0,2842.0,2842.0,2842.0,2842.0,2842.0,2841.0,2841.0,2841.0,2841.0,2841.0,2841.0,2841.0,2841.0,2841.0,2841.0,2841.0,2841.0,2840.0,2840.0,2840.0,2840.0,2840.0,2840.0,2840.0,2840.0,2840.0,2840.0,2840.0,2840.0,2840.0,2840.0,2840.0,2840.0,2840.0,2840.0,2840.0,2840.0,2840.0,2840.0,2840.0,2840.0,2840.0,2840.0,2840.0,2840.0,2840.0,2840.0,2840.0,2840.0,2840.0,2840.0,2840.0,2838.0,2838.0,2838.0,2838.0,2838.0,2838.0,2838.0,2838.0,2838.0,2838.0,2838.0,2838.0,2838.0,2838.0,2838.0,2838.0,2838.0,2838.0,2838.0,2838.0,2838.0,2838.0,2838.0,2838.0,2838.0,2838.0,2838.0,2838.0,2838.0,2838.0,2838.0,2838.0,2838.0,2838.0,2838.0,2838.0,2838.0,2838.0,2838.0,2838.0,2838.0,2838.0,2838.0,2838.0,2838.0
tune_2,Testing/network-cor-forma_eu_27t.txt,0.05,0.05,0.03,50,3,0.9,0.01,pairwise,0,50,3695585.0,572.52,5840,0,70706686.0,70706686.0,69983130.0,69487254.0,47547976.0,38188876.0,32758434.0,32758434.0,27325120.0,27325120.0,26827960.0,24104987.0,13663210.0,1690809.0,1690809.0,1690809.0,1690809.0,1690809.0,1690809.0,1690809.0,1690809.0,1690809.0,1690809.0,1690809.0,1690809.0,1690809.0,1690809.0,1690809.0,1690809.0,1690809.0,1690809.0,1690809.0,1690809.0,1690809.0,1690809.0,1690809.0,1690809.0,1690809.0,1690809.0,1690809.0,1690809.0,1690809.0,1690809.0,1690809.0,1690809.0,1690809.0,1690809.0,1690809.0,1690809.0,1690809.0,1690809.0,1690809.0,1690809.0,1690809.0,1690809.0,1690809.0,1690809.0,1690809.0,1690809.0,1690809.0,1690809.0,1690809.0,1690809.0,1690809.0,1690809.0,1690809.0,1690809.0,1690809.0,1690809.0,1690809.0,1690809.0,1690809.0,1690809.0,1690809.0,1690809.0,1690809.0,1690809.0,1690809.0,1690809.0,1677109.0,1677109.0,1677109.0,1677109.0,1677109.0,1677109.0,1677109.0,1677109.0,1673661.0,1673661.0,1673661.0,1673661.0,1673661.0,1673661.0,1673661.0,1673661.0,1673661.0,1673661.0,1673661.0,1673661.0,1673661.0,1673661.0,1673661.0,1673661.0,1673661.0,1673661.0,1673661.0,1673661.0,1673661.0,1673661.0,1673661.0,1673661.0,1673661.0,1673661.0,1673657.0,1673657.0,1673657.0,1673657.0,1673657.0,1673657.0,1673657.0,1673657.0,1673657.0,1673657.0,1673657.0,1673657.0,1673657.0,1673657.0,1673657.0,1673657.0,1673657.0,1673657.0,1673657.0,1673657.0,1673657.0,1673657.0,1673657.0,1673657.0,1673657.0,1673657.0,1673657.0,1673657.0,1673657.0,1673657.0,1673657.0,1673657.0,1673657.0,1673657.0,1673657.0,1673657.0,1673657.0,1673657.0,1673657.0,1673657.0,1673657.0,1673568.0,1673568.0,1673568.0,1673568.0,1673568.0,1673568.0,1673568.0,1673568.0,1673568.0,1673568.0,1673568.0,1673568.0,1673568.0,1673568.0,1673568.0,1673568.0,1673568.0,1673568.0
tune_1,Testing/network-cor-forma_eu_27t.txt,0.05,0.05,0.03,50,3,0.9,0.01,pairwise,0,50,2482966.0,584.68,5827,0,48371972.0,48371972.0,48371972.0,44009017.0,44009017.0,44009017.0,37614824.0,37614824.0,37614824.0,37614824.0,37614824.0,37614824.0,37614824.0,37614824.0,26260017.0,19012006.0,8880230.0,5590769.0,5590769.0,5258019.0,4708618.0,3443508.0,3443508.0,2897794.0,2897794.0,2897794.0,2897794.0,2897794.0,2897794.0,2897794.0,2897794.0,2897794.0,2897794.0,2897794.0,2897794.0,2897794.0,2897794.0,2897794.0,2897794.0,2897794.0,2897794.0,2897794.0,2897794.0,2897794.0,2897794.0,2897794.0,2897794.0,2897794.0,2897794.0,2897794.0,2897794.0,2897794.0,2897794.0,2897794.0,2897794.0,2897794.0,2897794.0,2897794.0,2897794.0,2897794.0,2897794.0,2897794.0,2897794.0,2897794.0,2880901.0,2880901.0,2880901.0,2880901.0,2880901.0,2880901.0,2880901.0,2880901.0,2880901.0,2880901.0,2880901.0,2880901.0,2880901.0,2880901.0,2880901.0,2880901.0,2880901.0,2880901.0,2880901.0,2880901.0,2880901.0,2880901.0,2880901.0,2880901.0,2880901.0,2880901.0,2880901.0,2880901.0,2880901.0,2880901.0,2880901.0,2880901.0,2880901.0,2878497.0,2878497.0,2878497.0,2878497.0,2878497.0,2878497.0,2878497.0,2878497.0,2878497.0,2878497.0,2878497.0,2878497.0,2878497.0,2878497.0,2878497.0,2878497.0,2878497.0,2878497.0,2878497.0,2878450.0,2878450.0,2878450.0,2878450.0,2878450.0,2878450.0,2878450.0,2878450.0,2876158.0,2876158.0,2876158.0,2876158.0,2876158.0,2876158.0,2876158.0,2876158.0,2876158.0,2876158.0,2876158.0,2876158.0,2876158.0,2876158.0,2876158.0,2876091.0,2876091.0,2876091.0,2876091.0,2876091.0,2876091.0,2876091.0,2876091.0,2876091.0,2876091.0,2876091.0,2876091.0,2876091.0,2876091.0,2876091.0,2873728.0,2873728.0,2873728.0,2873728.0,2873728.0,2873728.0,2873728.0,2873728.0,2873728.0,2873728.0,2873690.0,2873690.0,2873690.0,2873690.0,2873690.0,2873690.0,2873690.0,2873690.0,2873690.0,2873689.0,2873689.0,1848468.0,1848468.0,1848468.0,1848468.0
tune_3,Testing/network-cor-forma_eu_27t.txt,0.05,0.05,0.03,50,3,0.9,0.01,pairwise,0,50,2255980.0,579.66,5897,0,69995483.0,68946300.0,36255274.0,36255274.0,36255274.0,30715489.0,30715489.0,25001689.0,25001689.0,25001689.0,24687162.0,24687162.0,23857576.0,8004807.0,6201838.0,4420274.0,3392024.0,3392024.0,3392024.0,3392024.0,3392024.0,3392024.0,3392024.0,3392024.0,3392024.0,3392024.0,3392024.0,3392024.0,3392024.0,3392024.0,3392024.0,3392024.0,3392024.0,3392024.0,3392024.0,3392024.0,3392024.0,3392024.0,3392024.0,3392024.0,3392024.0,3392024.0,3392024.0,3392024.0,3392024.0,3392024.0,3392024.0,3392024.0,3392024.0,3392024.0,3392024.0,3392024.0,3392024.0,3392024.0,3392024.0,3392024.0,3392024.0,3392024.0,3392024.0,3392024.0,3392024.0,3392024.0,3392024.0,3392024.0,3392024.0,3392024.0,3392024.0,3392024.0,3392024.0,3392024.0,3392024.0,3392024.0,3392024.0,3391268.0,3391268.0,3391268.0,3391268.0,3391268.0,3391268.0,3384691.0,3384691.0,3384691.0,3384691.0,3384691.0,3384691.0,3384691.0,3384691.0,3384691.0,3384691.0,3384691.0,3384691.0,3384691.0,3384691.0,3384691.0,3384691.0,3384691.0,3384691.0,3384691.0,3384691.0,3384691.0,3384691.0,3384691.0,3384691.0,3384691.0,3384691.0,3384614.0,3384614.0,3382125.0,3382125.0,3382125.0,3382125.0,3382125.0,3382125.0,3382125.0,3382125.0,3382125.0,3382125.0,3382125.0,3382125.0,3382125.0,3382125.0,3382125.0,3382125.0,3382125.0,3382125.0,3382125.0,3382125.0,3382125.0,3382125.0,3382125.0,3382125.0,3382125.0,3382125.0,3382125.0,3382125.0,3382125.0,3382125.0,3382125.0,3382125.0,3379574.0,3379574.0,3379574.0,3379574.0,3379574.0,3379574.0,3379574.0,3379574.0,3379574.0,3379574.0,3379574.0,3379574.0,3379566.0,3379566.0,3379566.0,3379566.0,3379566.0,3379566.0,3379566.0,3379566.0,3379566.0,3379566.0,3379566.0,3379566.0,3379566.0,3379566.0,3379566.0,3379566.0,3379566.0,3379566.0,3379566.0,3379566.0,5074402.0,5074402.0,5074402.0,5074402.0,5074402.0,5074402.0,5074402.0,5074402.0,5074402.0,5074402.0,5074369.0,5074369.0,5074369.0,5074369.0,5074369.0,5074369.0
tune_4,Testing/network-cor-forma_eu_27t.txt,0.05,0.05,0.03,50,3,0.9,0.01,pairwise,0,50,4974626.0,576.45,5844,0,48488188.0,48488188.0,48488188.0,47382996.0,36172680.0,32583716.0,32583716.0,31218529.0,31218529.0,31218529.0,26703612.0,26703612.0,10470117.0,8836672.0,5031610.0,2424534.0,2055786.0,2055786.0,2055786.0,2055786.0,2055786.0,2055786.0,2055786.0,2055786.0,2055786.0,2055786.0,1978494.0,1978494.0,1978494.0,1978494.0,1978494.0,1978494.0,1978494.0,1978494.0,1978494.0,1584343.0,1584343.0,1584343.0,1584343.0,1584343.0,1584343.0,1584343.0,1584343.0,1584343.0,1584343.0,1584343.0,1584343.0,1584343.0,1584343.0,1584343.0,1584343.0,1584343.0,1584343.0,1577742.0,1577742.0,1577742.0,1577742.0,1577742.0,1577742.0,1577742.0,1577742.0,1527162.0,1527162.0,1527162.0,1527162.0,1527162.0,1527162.0,1527162.0,1527162.0,1527162.0,1527162.0,1527162.0,1527162.0,1527162.0,1527162.0,1527162.0,1527162.0,1527162.0,1527162.0,1527162.0,1527162.0,1527162.0,1527162.0,1527162.0,1527162.0,1527162.0,1527162.0,1527162.0,1527162.0,1527162.0,1527162.0,1527162.0,1527162.0,1527162.0,1527162.0,1527162.0,1527162.0,1527162.0,1527162.0,1527162.0,1527162.0,1527162.0,1527162.0,1527162.0,1527162.0,1527162.0,1527162.0,1527162.0,1527162.0,1527067.0,1527067.0,1527067.0,1527067.0,1527067.0,1527067.0,1527067.0,1527067.0,1527067.0,1527067.0,1527025.0,1527025.0,1527025.0,1527025.0,1527025.0,1527025.0,1525423.0,1525423.0,1525423.0,1525423.0,1525423.0,1525423.0,1525423.0,1525423.0,1525423.0,1525423.0,1525423.0,1525423.0,1525423.0,1525395.0,1525395.0,1525395.0,1525395.0,1525395.0,1525395.0,1525395.0,1525395.0,1525395.0,1525395.0,1525395.0,1525395.0,1525395.0,1525395.0,1525395.0,1525395.0,1525395.0,1525395.0,1525395.0,1525395.0,1525395.0,1525395.0,1525395.0,1525395.0,1525395.0,1525395.0,1525395.0,1525395.0,1525373.0,1525373.0,1525373.0,1525373.0,1525336.0,1973385.0,1973385.0,1973385.0,1973385.0,1973385.0,1973385.0,1973385.0,1973385.0,1973385.0,1973385.0,1973385.0,1973385.0,1973385.0,1973385.0,1973385.0
tune_6,Testing/network-cor-forma_eu_27t.txt,0.05,0.05,0.03,50,3,0.9,0.01,pairwise,0,50,1412929.0,574.52,5864,0,70303020.0,69770449.0,48411207.0,37754271.0,36035318.0,33352468.0,33352468.0,32848364.0,31228611.0,28557111.0,28557111.0,23438392.0,23438392.0,23438392.0,23438392.0,9782455.0,9782455.0,8281194.0,6104530.0,5690989.0,5690989.0,5690989.0,5690989.0,5690989.0,5690989.0,5690989.0,5690989.0,5690989.0,5690989.0,5690989.0,5690989.0,5690989.0,5030161.0,5030161.0,5030161.0,5030161.0,5030161.0,5030161.0,5030161.0,5030161.0,5030161.0,5030161.0,5030161.0,5030161.0,5030161.0,5030161.0,5030161.0,5030161.0,5030161.0,5030161.0,5030161.0,5030161.0,5030161.0,5030161.0,5030161.0,5030161.0,5030161.0,5030161.0,5030161.0,5030161.0,5030161.0,5030161.0,5030161.0,5030161.0,5030161.0,5030161.0,5030161.0,5030161.0,5030161.0,5030161.0,5030161.0,5030161.0,5030161.0,5030161.0,5030161.0,5030161.0,5030161.0,5030161.0,5030161.0,5030161.0,5030161.0,5030161.0,5030161.0,5030161.0,5030161.0,5030161.0,5030161.0,5030161.0,5030161.0,5030161.0,5030161.0,5030161.0,5016880.0,5016880.0,5016880.0,5016880.0,5016880.0,5016880.0,5016880.0,5016880.0,5016880.0,5016880.0,5016880.0,5016880.0,5016880.0,5016880.0,5016880.0,5016868.0,5016868.0,5016868.0,5016868.0,5016868.0,5016868.0,5016868.0,5016868.0,5016835.0,5016835.0,5016835.0,5016835.0,5016835.0,5016835.0,5016835.0,5016835.0,5016835.0,5016835.0,5016835.0,5016835.0,5016835.0,5016835.0,5016835.0,5016830.0,5016830.0,5016830.0,5016830.0,5016830.0,5016830.0,5016830.0,5016830.0,5016830.0,5016830.0,5016830.0,5016830.0,5016830.0,5016830.0,5016830.0,5016830.0,5016830.0,5013708.0,5013708.0,5013708.0,5013708.0,5013708.0,5013708.0,5013708.0,2666093.0,2666093.0,2666093.0,2666093.0,2666093.0,2666093.0,2666093.0,2666093.0,2666093.0,2666006.0,2666006.0,2666006.0,2666006.0,2666006.0,2665948.0,2665948.0,2665948.0,2665948.0,2665948.0,2665948.0,2665948.0,2665948.0,2665948.0,2665948.0,2665948.0,2665948.0,2665948.0,2665948.0,2665948.0,2665948.0,2665945.0,2665945.0,2665943.0,2665943.0,2665943.0,2665943.0,2665943.0
tune_5,Testing/network-cor-forma_eu_27t.txt,0.05,0.05,0.03,50,3,0.9,0.01,pairwise,0,50,2868898.0,577.27,5888,0,51546973.0,49029742.0,49029742.0,49029742.0,47498553.0,38487211.0,37927312.0,36169575.0,36169575.0,33389072.0,33389072.0,26616041.0,26325242.0,5422387.0,5422387.0,4164085.0,4164085.0,4164085.0,4164085.0,4164085.0,4164085.0,4164085.0,4164085.0,4164085.0,4164085.0,4164085.0,4164085.0,4164085.0,4164085.0,4164085.0,4164085.0,4164085.0,4164085.0,4164085.0,4164085.0,4164085.0,4164085.0,4164085.0,4164085.0,3387190.0,3387190.0,3387190.0,3387190.0,3387190.0,3307762.0,3307762.0,3307762.0,2166736.0,2166736.0,2166736.0,2166736.0,2166736.0,2166736.0,2166736.0,2166736.0,2166736.0,2166736.0,2166736.0,2166736.0,2166736.0,2166736.0,2166736.0,2166736.0,2166736.0,2166736.0,2166736.0,2166736.0,2166736.0,2166736.0,2166736.0,2166736.0,2166736.0,2166736.0,2166736.0,2149654.0,2149654.0,2149654.0,2149654.0,2149654.0,2149654.0,2149654.0,2149654.0,2149654.0,2149654.0,2149654.0,2149654.0,2149654.0,2149654.0,2149654.0,2149654.0,2149654.0,2149654.0,2149654.0,2149654.0,2149654.0,2149654.0,2149654.0,2149654.0,2149654.0,2149654.0,2149654.0,2149654.0,2149654.0,2149654.0,2149654.0,2149654.0,2149654.0,2149654.0,2149654.0,2149654.0,2149654.0,2149654.0,2149654.0,2149654.0,2149654.0,2149654.0,2147646.0,2147646.0,2147646.0,2147646.0,2147646.0,2147646.0,2147646.0,2147646.0,2147646.0,2147646.0,2147646.0,2147646.0,2147646.0,2147646.0,2147646.0,2147646.0,2147646.0,2147646.0,2147646.0,2147646.0,2147646.0,2147646.0,2147646.0,2147646.0,2147646.0,2147646.0,2147646.0,2147646.0,2147646.0,2147646.0,2147646.0,2147646.0,2147646.0,2147646.0,2147646.0,2147646.0,2147646.0,2147646.0,2147642.0,2147642.0,2147642.0,3183966.0,3183966.0,3183966.0,3183966.0,3183966.0,3183966.0,3183966.0,3183966.0,3181480.0,3181480.0,3181480.0,3181480.0,3181480.0,3181480.0,3181480.0,3181480.0,3181480.0,3181480.0,3181480.0,3181480.0,3181480.0,3181480.0,3181480.0,3181480.0,3181480.0,3178995.0,3178995.0,3178995.0,3178995.0,3178995.0,3178995.0,3178995.0,3178995.0,3178995.0,3178995.0,3178995.0,3178973.0,3178973.0,3178973.0,3178973.0,3178973.0,3178973.0
tune_7,Testing/network-cor-forma_eu_27t.txt,0.05,0.05,0.03,50,3,0.9,0.01,pairwise,0,50,1456456.0,580.82,5917,-1
tune_8,Testing/network-cor-forma_eu_27t.txt,0.05,0.05,0.03,50,3,0.9,0.01,pairwise,0,50,4113520.0,572.99,5868,0,48399965.0,46172582.0,35858801.0,35858801.0,24520042.0,24520042.0,24520042.0,24520042.0,24399767.0,24399767.0,24399767.0,24399767.0,13020917.0,8188121.0,3354330.0,3354330.0,3021935.0,3021935.0,3021935.0,3021935.0,3021935.0,3021935.0,3021935.0,3021935.0,3021935.0,3021935.0,3021935.0,3021935.0,3021935.0,3021935.0,3021935.0,3021935.0,3021935.0,3021935.0,3021935.0,3021935.0,3021935.0,3021935.0,3021935.0,3021935.0,3021935.0,3021935.0,3021935.0,3021935.0,2819743.0,2819743.0,2819743.0,2819743.0,2819743.0,2819743.0,2819743.0,2819743.0,2819743.0,2819743.0,2819743.0,2819743.0,2819743.0,2819743.0,2819743.0,2819743.0,2819743.0,2819743.0,2819743.0,2819731.0,2819731.0,2819731.0,2819731.0,2819731.0,2819731.0,2819731.0,2819731.0,2819731.0,2819731.0,2819731.0,2819731.0,2819731.0,2819731.0,2819731.0,2819731.0,2819731.0,2819731.0,2817517.0,2817517.0,2817517.0,2817517.0,2817517.0,2817517.0,2817517.0,2817517.0,2817517.0,2817517.0,2817517.0,2817517.0,2817517.0,2817517.0,2817517.0,2817517.0,2817517.0,2817517.0,2817517.0,2817517.0,2817517.0,2817486.0,2817486.0,2817486.0,2817486.0,2817486.0,2817486.0,2817486.0,2817486.0,2817486.0,2817486.0,2817486.0,2817486.0,2817486.0,2817486.0,2817486.0,2817486.0,2817486.0,2817486.0,2817475.0,2817475.0,2817475.0,2815180.0,2815180.0,2815180.0,2815180.0,2815180.0,2815180.0,2815180.0,2815180.0,2815180.0,2815180.0,2815180.0,2815180.0,2815180.0,2815180.0,2815180.0,2815146.0,2815146.0,2815146.0,2815146.0,2815146.0,2815146.0,2815146.0,2815146.0,2815146.0,2815146.0,2815146.0,2815146.0,2815146.0,2815146.0,2815146.0,2815146.0,2815146.0,2815146.0,2815146.0,2812843.0,2812843.0,2812843.0,2812843.0,2812843.0,2812843.0,2812843.0,2812843.0,2812843.0,2812843.0,2812843.0,2812843.0,2812843.0,2812843.0,2812843.0,2812843.0,2812813.0,2812813.0,2812813.0,2812813.0,2812813.0,2812813.0,2812813.0,2812813.0,2812813.0,2812813.0,2812813.0,2812813.0,2812813.0,2812813.0
tune_9,Testing/network-cor-forma_eu_27t.txt,0.05,0.05,0.03,50,3,0.9,0.01,pairwise,0,50,3595144.0,559.53,5881,0,46752337.0,45630672.0,45630672.0,26506717.0,26506717.0,26506717.0,9470712.0,9470712.0,9470712.0,6712392.0,3593527.0,2466881.0,2104074.0,2104074.0,2104074.0,2104074.0,2104074.0,2104074.0,2104074.0,2104074.0,2104074.0,2104074.0,2104074.0,2104074.0,2104074.0,2104074.0,2104074.0,2104074.0,2104074.0,2104074.0,2104074.0,2104074.0,2104074.0,2104074.0,2104074.0,2104074.0,2104074.0,2104074.0,2104074.0,2104074.0,2104074.0,2104074.0,2104074.0,2104074.0,2104074.0,2104074.0,2104074.0,2104074.0,2104074.0,2104074.0,2104074.0,2104074.0,2104074.0,2104074.0,2104074.0,2104074.0,2104074.0,2104074.0,2104074.0,2104074.0,2104021.0,2104021.0,2104021.0,2104021.0,2104021.0,2104021.0,2104021.0,2104021.0,2104021.0,2104021.0,2104021.0,2104021.0,2104021.0,2104021.0,2104021.0,2104021.0,2104021.0,2104021.0,2104021.0,2104021.0,2104021.0,2104021.0,2104021.0,2104021.0,2104021.0,2104021.0,2104021.0,2104021.0,2104021.0,2104021.0,2104021.0,2104021.0,2104021.0,2102054.0,2102054.0,2102054.0,2102054.0,2102054.0,2102054.0,2102054.0,2102054.0,2102054.0,2102054.0,2102054.0,2102054.0,2102054.0,2102054.0,2102054.0,2102054.0,2102054.0,2102054.0,2102054.0,2102054.0,2102054.0,2102054.0,2102054.0,2102051.0,2102051.0,2102038.0,2102038.0,2102038.0,2102038.0,2102038.0,2102038.0,2100101.0,2100101.0,2100101.0,2100101.0,2100101.0,2100101.0,2100101.0,2100101.0,2100101.0,2100095.0,2100095.0,2100095.0,2100095.0,2100095.0,2100095.0,2100095.0,2100095.0,2100095.0,2100095.0,2100095.0,2100095.0,2100094.0,2100094.0,2100092.0,2100092.0,2100092.0,2100092.0,2100092.0,2100092.0,2100092.0,2100092.0,2100092.0,2100092.0,2100092.0,2100092.0,2100092.0,2100092.0,2100092.0,2100092.0,2100092.0,2099839.0,2099839.0,2098127.0,2098127.0,2098127.0,2098127.0,2098127.0,2098127.0,2098127.0,2098127.0,2098127.0,2098127.0,2098127.0,2097889.0,2097889.0,2097889.0,2097889.0,2097889.0,2097889.0,2097889.0,2097889.0
tune_10,Testing/network-cor-forma_eu_27t.txt,0.05,0.05,0.03,50,3,0.9,0.01,pairwise,0,50,3082944.0,568.74,5906,0,49617003.0,49617003.0,38716912.0,31958068.0,31958068.0,31958068.0,31958068.0,31958068.0,31958068.0,31958068.0,26543100.0,26485333.0,4237669.0,4237669.0,3184654.0,2607564.0,2607564.0,2607564.0,2607564.0,2607564.0,2607564.0,2607564.0,2607564.0,2607564.0,2607564.0,2607564.0,2607564.0,2607564.0,2607564.0,2607564.0,2607564.0,2607564.0,2607564.0,2465515.0,2465515.0,2465515.0,2465515.0,2465515.0,2465515.0,2465515.0,2465515.0,2465515.0,2465515.0,2465515.0,2465515.0,2465515.0,2465515.0,2465515.0,2465515.0,2465515.0,2465515.0,2465515.0,2465515.0,2465515.0,2465515.0,2465443.0,2465443.0,2465443.0,2465443.0,2465443.0,2465443.0,2465443.0,2465443.0,2465443.0,2465443.0,2465443.0,2465443.0,2465443.0,2465443.0,2465443.0,2465443.0,2465443.0,2465418.0,2465418.0,2465418.0,2465418.0,2465418.0,2465418.0,2465418.0,2465418.0,2465418.0,2465418.0,2465418.0,2465418.0,2465418.0,2463271.0,2463271.0,2463271.0,2463271.0,2463271.0,2463271.0,2463271.0,2463271.0,2463271.0,2463271.0,2463271.0,2463271.0,2463271.0,2463271.0,2463271.0,2463271.0,2463271.0,2463271.0,2463271.0,2463271.0,2463271.0,2463271.0,2463271.0,2463271.0,2463271.0,2463271.0,2463271.0,2463271.0,2463271.0,2463271.0,2463271.0,2463271.0,2463271.0,2463271.0,2463271.0,2463271.0,2463271.0,2463271.0,2463271.0,2463271.0,2463271.0,2461100.0,2461100.0,2461100.0,2461100.0,2461100.0,2461100.0,2461100.0,2461100.0,2458930.0,2458930.0,2458930.0,2458930.0,2458930.0,2458930.0,2458930.0,2458930.0,2458930.0,2458930.0,2458930.0,2458930.0,2458930.0,2458930.0,2458930.0,2458930.0,2458930.0,2458930.0,2458924.0,2458924.0,2458924.0,2458760.0,2458760.0,2458760.0,2458760.0,2458760.0,2458760.0,2458760.0,2458760.0,2458760.0,2458760.0,2458760.0,2458760.0,2458760.0,2458760.0,2458760.0,2458760.0,2456591.0,2456591.0,2456591.0,2456591.0,2456591.0,2456591.0,2456591.0,2456591.0,2456591.0,2456591.0,2456591.0,2456591.0,2456591.0,2456591.0,2456591.0
tune_2,Testing/network-cor-forma_eu_27t.txt,0.05,0.05,0.03,50,3,0.9,0.01,pairwise,1,50,3695585.0,539.28,5847,0,70706686.0,70706686.0,69983130.0,69487254.0,47547976.0,38188876.0,32758434.0,32758434.0,27325120.0,27325120.0,26827960.0,24104987.0,13663210.0,1690809.0,1690809.0,1690809.0,1690809.0,1690809.0,1690809.0,1690809.0,1690809.0,1690809.0,1690809.0,1690809.0,1690809.0,1690809.0,1690809.0,1690809.0,1690809.0,1690809.0,1690809.0,1690809.0,1690809.0,1690809.0,1690809.0,1690809.0,1690809.0,1690809.0,1690809.0,1690809.0,1690809.0,1690809.0,1690809.0,1690809.0,1690809.0,1690809.0,1690809.0,1690809.0,1690809.0,1690809.0,1690809.0,1690809.0,1690809.0,1690809.0,1690809.0,1690809.0,1690809.0,1690809.0,1690809.0,1690809.0,1690809.0,1690809.0,1690809.0,1690809.0,1690809.0,1690809.0,1690809.0,1690809.0,1690809.0,1690809.0,1690809.0,1690809.0,1690809.0,1690809.0,1690809.0,1690809.0,1690809.0,1690809.0,1690809.0,1677109.0,1677109.0,1677109.0,1677109.0,1677109.0,1677109.0,1677109.0,1677109.0,1673661.0,1673661.0,1673661.0,1673661.0,1673661.0,1673661.0,1673661.0,1673661.0,1673661.0,1673661.0,1673661.0,1673661.0,1673661.0,1673661.0,1673661.0,1673661.0,1673661.0,1673661.0,1673661.0,1673661.0,1673661.0,1673661.0,1673661.0,1673661.0,1673661.0,1673661.0,1673657.0,1673657.0,1673657.0,1673657.0,1673657.0,1673657.0,1673657.0,1673657.0,1673657.0,1673657.0,1673657.0,1673657.0,1673657.0,1673657.0,1673657.0,1673657.0,1673657.0,1673657.0,1673657.0,1673657.0,1673657.0,1673657.0,1673657.0,1673657.0,1673657.0,1673657.0,1673657.0,1673657.0,1673657.0,1673657.0,1673657.0,1673657.0,1673657.0,1673657.0,1673657.0,1673657.0,1673657.0,1673657.0,1673657.0,1673657.0,1673657.0,1673568.0,1673568.0,1673568.0,1673568.0,1673568.0,1673568.0,1673568.0,1673568.0,1673568.0,1673568.0,1673568.0,1673568.0,1673568.0,1673568.0,1673568.0,1673568.0,1673568.0,1673568.0
tune_1,Testing/network-cor-forma_eu_27t.txt,0.05,0.05,0.03,50,3,0.9,0.01,pairwise,1,50,2062176.0,595.10,5886,0,48371972.0,48371972.0,48371972.0,44009017.0,44009017.0,44009017.0,37614824.0,37614824.0,37614824.0,37614824.0,37614824.0,37614824.0,37614824.0,37614824.0,26260017.0,19012006.0,8880230.0,5590769.0,5590769.0,5258019.0,4708618.0,3443508.0,3443508.0,2897794.0,2897794.0,2897794.0,2897794.0,2897794.0,2897794.0,2897794.0,2897794.0,2897794.0,2897794.0,2897794.0,2897794.0,2897794.0,2897794.0,2897794.0,2897794.0,2897794.0,2897794.0,2897794.0,2897794.0,2897794.0,2897794.0,2897794.0,2897794.0,2897794.0,2897794.0,2897794.0,2897794.0,2897794.0,2897794.0,2897794.0,2897794.0,2897794.0,2897794.0,2897794.0,2897794.0,2897794.0,2897794.0,2897794.0,2897794.0,2897794.0,2880901.0,2880901.0,2880901.0,2880901.0,2880901.0,2880901.0,2880901.0,2880901.0,2880901.0,2880901.0,2880901.0,2880901.0,2880901.0,2880901.0,2880901.0,2880901.0,2880901.0,2880901.0,2880901.0,2880901.0,2880901.0,2880901.0,2880901.0,2880901.0,2880901.0,2880901.0,2880901.0,2880901.0,2880901.0,2880901.0,2880901.0,2880901.0,2880901.0,2878497.0,2878497.0,2878497.0,2878497.0,2878497.0,2878497.0,2878497.0,2878497.0,2878497.0,2878497.0,2878497.0,2878497.0,2878497.0,2878497.0,2878497.0,2878497.0,2878497.0,2878497.0,2878497.0,2878450.0,2878450.0,2878450.0,2878450.0,2878450.0,2878450.0,2878450.0,2878450.0,2876158.0,2876158.0,2876158.0,2876158.0,2876158.0,2876158.0,2876158.0,2876158.0,2876158.0,2876158.0,2876158.0,2876158.0,2876158.0,2876158.0,2876158.0,2876091.0,2876091.0,2876091.0,2876091.0,2876091.0,2876091.0,2876091.0,2876091.0,2876091.0,2876091.0,2876091.0,2876091.0,2876091.0,2876091.0,2876091.0,2873728.0,2873728.0,2873728.0,2873728.0,2873728.0,2873728.0,2873728.0,2873728.0,2873728.0,2873728.0,2873690.0,2873690.0,2873690.0,2873690.0,2873690.0,2873690.0,2873690.0,2873690.0,2873690.0,2873689.0,2873689.0,1848468.0,1848468.0,1848468.0,1848468.0
tune_5,Testing/network-cor-forma_eu_27t.txt,0.05,0.05,0.03,50,3,0.9,0.01,pairwise,1,50,2352945.0,582.31,5836,0,51546973.0,49029742.0,49029742.0,49029742.0,47498553.0,38487211.0,37927312.0,36169575.0,36169575.0,33389072.0,33389072.0,26616041.0,26325242.0,5422387.0,5422387.0,4164085.0,4164085.0,4164085.0,4164085.0,4164085.0,4164085.0,4164085.0,4164085.0,4164085.0,4164085.0,4164085.0,4164085.0,4164085.0,4164085.0,4164085.0,4164085.0,4164085.0,4164085.0,4164085.0,4164085.0,4164085.0,4164085.0,4164085.0,4164085.0,3387190.0,3387190.0,3387190.0,3387190.0,3387190.0,3307762.0,3307762.0,3307762.0,2166736.0,2166736.0,2166736.0,2166736.0,2166736.0,2166736.0,2166736.0,2166736.0,2166736.0,2166736.0,2166736.0,2166736.0,2166736.0,2166736.0,2166736.0,2166736.0,2166736.0,2166736.0,2166736.0,2166736.0,2166736.0,2166736.0,2166736.0,2166736.0,2166736.0,2166736.0,2166736.0,2149654.0,2149654.0,2149654.0,2149654.0,2149654.0,2149654.0,2149654.0,2149654.0,2149654.0,2149654.0,2149654.0,2149654.0,2149654.0,2149654.0,2149654.0,2149654.0,2149654.0,2149654.0,2149654.0,2149654.0,2149654.0,2149654.0,2149654.0,2149654.0,2149654.0,2149654.0,2149654.0,2149654.0,2149654.0,2149654.0,2149654.0,2149654.0,2149654.0,2149654.0,2149654.0,2149654.0,2149654.0,2149654.0,2149654.0,2149654.0,2149654.0,2149654.0,2147646.0,2147646.0,2147646.0,2147646.0,2147646.0,2147646.0,2147646.0,2147646.0,2147646.0,2147646.0,2147646.0,2147646.0,2147646.0,2147646.0,2147646.0,2147646.0,2147646.0,2147646.0,2147646.0,2147646.0,2147646.0,2147646.0,2147646.0,2147646.0,2147646.0,2147646.0,2147646.0,2147646.0,2147646.0,2147646.0,2147646.0,2147646.0,2147646.0,2147646.0,2147646.0,2147646.0,2147646.0,2147646.0,2147642.0,2147642.0,2147642.0,3183966.0,3183966.0,3183966.0,3183966.0,3183966.0,3183966.0,3183966.0,3183966.0,3181480.0,3181480.0,3181480.0,3181480.0,3181480.0,3181480.0,3181480.0,3181480.0,3181480.0,3181480.0,3181480.0,3181480.0,3181480.0,3181480.0,3181480.0,3181480.0,3181480.0,3178995.0,3178995.0,3178995.0,3178995.0,3178995.0,3178995.0,3178995.0,3178995.0,3178995.0,3178995.0,3178995.0,3178973.0,3178973.0,3178973.0,3178973.0,3178973.0,3178973.0
tune_3,Testing/network-cor-forma_eu_27t.txt,0.05,0.05,0.03,50,3,0.9,0.01,pairwise,1,50,1391088.0,604.76,5903,0,69995483.0,68946300.0,36255274.0,36255274.0,36255274.0,30715489.0,30715489.0,25001689.0,25001689.0,25001689.0,24687162.0,24687162.0,23857576.0,8004807.0,6201838.0,4420274.0,3392024.0,3392024.0,3392024.0,3392024.0,3392024.0,3392024.0,3392024.0,3392024.0,3392024.0,3392024.0,3392024.0,3392024.0,3392024.0,3392024.0,3392024.0,3392024.0,3392024.0,3392024.0,3392024.0,3392024.0,3392024.0,3392024.0,3392024.0,3392024.0,3392024.0,3392024.0,3392024.0,3392024.0,3392024.0,3392024.0,3392024.0,3392024.0,3392024.0,3392024.0,3392024.0,3392024.0,3392024.0,3392024.0,3392024.0,3392024.0,3392024.0,3392024.0,3392024.0,3392024.0,3392024.0,3392024.0,3392024.0,3392024.0,3392024.0,3392024.0,3392024.0,3392024.0,3392024.0,3392024.0,3392024.0,3392024.0,3392024.0,3391268.0,3391268.0,3391268.0,3391268.0,3391268.0,3391268.0,3384691.0,3384691.0,3384691.0,3384691.0,3384691.0,3384691.0,3384691.0,3384691.0,3384691.0,3384691.0,3384691.0,3384691.0,3384691.0,3384691.0,3384691.0,3384691.0,3384691.0,3384691.0,3384691.0,3384691.0,3384691.0,3384691.0,3384691.0,3384691.0,3384691.0,3384691.0,3384614.0,3384614.0,3382125.0,3382125.0,3382125.0,3382125.0,3382125.0,3382125.0,3382125.0,3382125.0,3382125.0,3382125.0,3382125.0,3382125.0,3382125.0,3382125.0,3382125.0,3382125.0,3382125.0,3382125.0,3382125.0,3382125.0,3382125.0,3382125.0,3382125.0,3382125.0,3382125.0,3382125.0,3382125.0,3382125.0,3382125.0,3382125.0,3382125.0,3382125.0,3379574.0,3379574.0,3379574.0,3379574.0,3379574.0,3379574.0,3379574.0,3379574.0,3379574.0,3379574.0,3379574.0,3379574.0,3379566.0,3379566.0,3379566.0,3379566.0,3379566.0,3379566.0,3379566.0,3379566.0,3379566.0,3379566.0,3379566.0,3379566.0,3379566.0,3379566.0,3379566.0,3379566.0,3379566.0,3379566.0,3379566.0,3379566.0,5074402.0,5074402.0,5074402.0,5074402.0,5074402.0,5074402.0,5074402.0,5074402.0,5074402.0,5074402.0,5074369.0,5074369.0,5074369.0,5074369.0,5074369.0,5074369.0
tune_4,Testing/network-cor-forma_eu_27t.txt,0.05,0.05,0.03,50,3,0.9,0.01,pairwise,1,50,2662732.0,599.47,5867,0,48488188.0,48488188.0,48488188.0,47382996.0,36172680.0,32583716.0,32583716.0,31218529.0,31218529.0,31218529.0,26703612.0,26703612.0,10470117.0,8836672.0,5031610.0,2424534.0,2055786.0,2055786.0,2055786.0,2055786.0,2055786.0,2055786.0,2055786.0,2055786.0,2055786.0,2055786.0,1978494.0,1978494.0,1978494.0,1978494.0,1978494.0,1978494.0,1978494.0,1978494.0,1978494.0,1584343.0,1584343.0,1584343.0,1584343.0,1584343.0,1584343.0,1584343.0,1584343.0,1584343.0,1584343.0,1584343.0,1584343.0,1584343.0,1584343.0,1584343.0,1584343.0,1584343.0,1584343.0,1577742.0,1577742.0,1577742.0,1577742.0,1577742.0,1577742.0,1577742.0,1577742.0,1527162.0,1527162.0,1527162.0,1527162.0,1527162.0,1527162.0,1527162.0,1527162.0,1527162.0,1527162.0,1527162.0,1527162.0,1527162.0,1527162.0,1527162.0,1527162.0,1527162.0,1527162.0,1527162.0,1527162.0,1527162.0,1527162.0,1527162.0,1527162.0,1527162.0,1527162.0,1527162.0,1527162.0,1527162.0,1527162.0,1527162.0,1527162.0,1527162.0,1527162.0,1527162.0,1527162.0,1527162.0,1527162.0,1527162.0,1527162.0,1527162.0,1527162.0,1527162.0,1527162.0,1527162.0,1527162.0,1527162.0,1527162.0,1527067.0,1527067.0,1527067.0,1527067.0,1527067.0,1527067.0,1527067.0,1527067.0,1527067.0,1527067.0,1527025.0,1527025.0,1527025.0,1527025.0,1527025.0,1527025.0,1525423.0,1525423.0,1525423.0,1525423.0,1525423.0,1525423.0,1525423.0,1525423.0,1525423.0,1525423.0,1525423.0,1525423.0,1525423.0,1525395.0,1525395.0,1525395.0,1525395.0,1525395.0,1525395.0,1525395.0,1525395.0,1525395.0,1525395.0,1525395.0,1525395.0,1525395.0,1525395.0,1525395.0,1525395.0,1525395.0,1525395.0,1525395.0,1525395.0,1525395.0,1525395.0,1525395.0,1525395.0,1525395.0,1525395.0,1525395.0,1525395.0,1525373.0,1525373.0,1525373.0,1525373.0,1525336.0,1973385.0,1973385.0,1973385.0,1973385.0,1973385.0,1973385.0,1973385.0,1973385.0,1973385.0,1973385.0,1973385.0,1973385.0,1973385.0,1973385.0,1973385.0
tune_6,Testing/network-cor-forma_eu_27t.txt,0.05,0.05,0.03,50,3,0.9,0.01,pairwise,1,50,2406486.0,588.06,5890,0,70303020.0,69770449.0,48411207.0,37754271.0,36035318.0,33352468.0,33352468.0,32848364.0,31228611.0,28557111.0,28557111.0,23438392.0,23438392.0,23438392.0,23438392.0,9782455.0,9782455.0,8281194.0,6104530.0,5690989.0,5690989.0,5690989.0,5690989.0,5690989.0,5690989.0,5690989.0,5690989.0,5690989.0,5690989.0,5690989.0,5690989.0,5690989.0,5030161.0,5030161.0,5030161.0,5030161.0,5030161.0,5030161.0,5030161.0,5030161.0,5030161.0,5030161.0,5030161.0,5030161.0,5030161.0,5030161.0,5030161.0,5030161.0,5030161.0,5030161.0,5030161.0,5030161.0,5030161.0,5030161.0,5030161.0,5030161.0,5030161.0,5030161.0,5030161.0,5030161.0,5030161.0,5030161.0,5030161.0,5030161.0,5030161.0,5030161.0,5030161.0,5030161.0,5030161.0,5030161.0,5030161.0,5030161.0,5030161.0,5030161.0,5030161.0,5030161.0,5030161.0,5030161.0,5030161.0,5030161.0,5030161.0,5030161.0,5030161.0,5030161.0,5030161.0,5030161.0,5030161.0,5030161.0,5030161.0,5030161.0,5030161.0,5030161.0,5016880.0,5016880.0,5016880.0,5016880.0,5016880.0,5016880.0,5016880.0,5016880.0,5016880.0,5016880.0,5016880.0,5016880.0,5016880.0,5016880.0,5016880.0,5016868.0,5016868.0,5016868.0,5016868.0,5016868.0,5016868.0,5016868.0,5016868.0,5016835.0,5016835.0,5016835.0,5016835.0,5016835.0,5016835.0,5016835.0,5016835.0,5016835.0,5016835.0,5016835.0,5016835.0,5016835.0,5016835.0,5016835.0,5016830.0,5016830.0,5016830.0,5016830.0,5016830.0,5016830.0,5016830.0,5016830.0,5016830.0,5016830.0,5016830.0,5016830.0,5016830.0,5016830.0,5016830.0,5016830.0,5016830.0,5013708.0,5013708.0,5013708.0,5013708.0,5013708.0,5013708.0,5013708.0,2666093.0,2666093.0,2666093.0,2666093.0,2666093.0,2666093.0,2666093.0,2666093.0,2666093.0,2666006.0,2666006.0,2666006.0,2666006.0,2666006.0,2665948.0,2665948.0,2665948.0,2665948.0,2665948.0,2665948.0,2665948.0,2665948.0,2665948.0,2665948.0,2665948.0,2665948.0,2665948.0,2665948.0,2665948.0,2665948.0,2665945.0,2665945.0,2665943.0,2665943.0,2665943.0,2665943.0,2665943.0
tune_7,Testing/network-cor-forma_eu_27t.txt,0.05,0.05,0.03,50,3,0.9,0.01,pairwise,1,50,847648.0,592.60,5874,-1
tune_8,Testing/network-cor-forma_eu_27t.txt,0.05,0.05,0.03,50,3,0.9,0.01,pairwise,1,50,4113520.0,600.10,5893,0,48399965.0,46172582.0,35858801.0,35858801.0,24520042.0,24520042.0,24520042.0,24520042.0,24399767.0,24399767.0,24399767.0,24399767.0,13020917.0,8188121.0,3354330.0,3354330.0,3021935.0,3021935.0,3021935.0,3021935.0,3021935.0,3021935.0,3021935.0,3021935.0,3021935.0,3021935.0,3021935.0,3021935.0,3021935.0,3021935.0,3021935.0,3021935.0,3021935.0,3021935.0,3021935.0,3021935.0,3021935.0,3021935.0,3021935.0,3021935.0,3021935.0,3021935.0,3021935.0,3021935.0,2819743.0,2819743.0,2819743.0,2819743.0,2819743.0,2819743.0,2819743.0,2819743.0,2819743.0,2819743.0,2819743.0,2819743.0,2819743.0,2819743.0,2819743.0,2819743.0,2819743.0,2819743.0,2819743.0,2819731.0,2819731.0,2819731.0,2819731.0,2819731.0,2819731.0,2819731.0,2819731.0,2819731.0,2819731.0,2819731.0,2819731.0,2819731.0,2819731.0,2819731.0,2819731.0,2819731.0,2819731.0,2817517.0,2817517.0,2817517.0,2817517.0,2817517.0,2817517.0,2817517.0,2817517.0,2817517.0,2817517.0,2817517.0,2817517.0,2817517.0,2817517.0,2817517.0,2817517.0,2817517.0,2817517.0,2817517.0,2817517.0,2817517.0,2817486.0,2817486.0,2817486.0,2817486.0,2817486.0,2817486.0,2817486.0,2817486.0,2817486.0,2817486.0,2817486.0,2817486.0,2817486.0,2817486.0,2817486.0,2817486.0,2817486.0,2817486.0,2817475.0,2817475.0,2817475.0,2815180.0,2815180.0,2815180.0,2815180.0,2815180.0,2815180.0,2815180.0,2815180.0,2815180.0,2815180.0,2815180.0,2815180.0,2815180.0,2815180.0,2815180.0,2815146.0,2815146.0,2815146.0,2815146.0,2815146.0,2815146.0,2815146.0,2815146.0,2815146.0,2815146.0,2815146.0,2815146.0,2815146.0,2815146.0,2815146.0,2815146.0,2815146.0,2815146.0,2815146.0,2812843.0,2812843.0,2812843.0,2812843.0,2812843.0,2812843.0,2812843.0,2812843.0,2812843.0,2812843.0,2812843.0,2812843.0,2812843.0,2812843.0,2812843.0,2812843.0,2812813.0,2812813.0,2812813.0,2812813.0,2812813.0,2812813.0,2812813.0,2812813.0,2812813.0,2812813.0,2812813.0,2812813.0,2812813.0,2812813.0
tune_10,Testing/network-cor-forma_eu_27t.txt,0.05,0.05,0.03,50,3,0.9,0.01,pairwise,1,50,3075531.0,597.85,5908,0,49617003.0,49617003.0,38716912.0,31958068.0,31958068.0,31958068.0,31958068.0,31958068.0,31958068.0,31958068.0,26543100.0,26485333.0,4237669.0,4237669.0,3184654.0,2607564.0,2607564.0,2607564.0,2607564.0,2607564.0,2607564.0,2607564.0,2607564.0,2607564.0,2607564.0,2607564.0,2607564.0,2607564.0,2607564.0,2607564.0,2607564.0,2607564.0,2607564.0,2465515.0,2465515.0,2465515.0,2465515.0,2465515.0,2465515.0,2465515.0,2465515.0,2465515.0,2465515.0,2465515.0,2465515.0,2465515.0,2465515.0,2465515.0,2465515.0,2465515.0,2465515.0,2465515.0,2465515.0,2465515.0,2465515.0,2465443.0,2465443.0,2465443.0,2465443.0,2465443.0,2465443.0,2465443.0,2465443.0,2465443.0,2465443.0,2465443.0,2465443.0,2465443.0,2465443.0,2465443.0,2465443.0,2465443.0,2465418.0,2465418.0,2465418.0,2465418.0,2465418.0,2465418.0,2465418.0,2465418.0,2465418.0,2465418.0,2465418.0,2465418.0,2465418.0,2463271.0,2463271.0,2463271.0,2463271.0,2463271.0,2463271.0,2463271.0,2463271.0,2463271.0,2463271.0,2463271.0,2463271.0,2463271.0,2463271.0,2463271.0,2463271.0,2463271.0,2463271.0,2463271.0,2463271.0,2463271.0,2463271.0,2463271.0,2463271.0,2463271.0,2463271.0,2463271.0,2463271.0,2463271.0,2463271.0,2463271.0,2463271.0,2463271.0,2463271.0,2463271.0,2463271.0,2463271.0,2463271.0,2463271.0,2463271.0,2463271.0,2461100.0,2461100.0,2461100.0,2461100.0,2461100.0,2461100.0,2461100.0,2461100.0,2458930.0,2458930.0,2458930.0,2458930.0,2458930.0,2458930.0,2458930.0,2458930.0,2458930.0,2458930.0,2458930.0,2458930.0,2458930.0,2458930.0,2458930.0,2458930.0,2458930.0,2458930.0,2458924.0,2458924.0,2458924.0,2458760.0,2458760.0,2458760.0,2458760.0,2458760.0,2458760.0,2458760.0,2458760.0,2458760.0,2458760.0,2458760.0,2458760.0,2458760.0,2458760.0,2458760.0,2458760.0,2456591.0,2456591.0,2456591.0,2456591.0,2456591.0,2456591.0,2456591.0,2456591.0,2456591.0,2456591.0,2456591.0,2456591.0,2456591.0,2456591.0,2456591.0
tune_1,Testing/network-cor-forma_eu_27t.txt,0.05,0.05,0.03,50,3,0.9,0.01,components,0,50,6878.0,598.16,5935,21,1433.0,1865.0,1900.0,2291.0,2291.0,2308.0,2308.0,2308.0,5771.0,5771.0,5771.0,5771.0,5782.0,6387.0,6387.0,6387.0,7179.0,7179.0,7179.0,7179.0,7179.0,7791.0,7791.0,7791.0,7791.0,7791.0,7791.0,7791.0,7791.0,7791.0,7791.0,7791.0,7791.0,7791.0,7791.0,7791.0,7791.0,7791.0,7791.0,7791.0,7791.0,7791.0,7791.0,7791.0,7791.0,7791.0,7791.0,7791.0,7791.0,7791.0,7791.0,7791.0,7791.0,7791.0,7791.0,7791.0,7791.0,7791.0,7791.0,7791.0,7791.0,7791.0,7791.0,7791.0,7791.0,7791.0,7791.0,7791.0,7791.0,7791.0,7791.0,7791.0,7791.0,7791.0,7791.0,7791.0,7791.0,7791.0,7791.0,7791.0,7791.0,7791.0,7791.0,7791.0,7791.0,7791.0,7791.0,7791.0,7791.0,7791.0,7791.0,7791.0,7791.0,7791.0,7791.0,7791.0,7791.0,7791.0,7791.0,7791.0,7791.0,7791.0,7791.0,7791.0,7791.0,7791.0,7791.0,7791.0,7791.0,7791.0,7791.0,7791.0,7791.0,7791.0,7791.0,7791.0,7791.0,7791.0,7791.0,7791.0,7791.0,7791.0,7791.0,7791.0,7791.0,7791.0,7791.0,7791.0,7791.0,7791.0,7791.0,7791.0,7791.0,7791.0,7791.0,7791.0,7791.0,7791.0,7791.0,7791.0,7791.0,7791.0,7791.0,7791.0,7791.0,7791.0,7791.0,7791.0,7791.0,7791.0,7791.0,7791.0,7791.0,7791.0,7791.0,7791.0,7791.0,7791.0,7791.0,7791.0,7791.0,7791.0,7791.0,7791.0,7791.0,7791.0,7791.0,7791.0,7791.0,7791.0,7791.0,7791.0,7791.0,7791.0,7791.0,7791.0,7791.0,7791.0,7791.0,7791.0,7791.0,7791.0,7791.0,7791.0,7791.0,7791.0,7791.0,7791.0,7791.0,7791.0,7791.0,7791.0,7791.0,7791.0,7791.0,7791.0,7791.0,7791.0,7791.0,7791.0
tune_2,Testing/network-cor-forma_eu_27t.txt,0.05,0.05,0.03,50,3,0.9,0.01,components,0,50,7213.0,599.97,5850,193,1679.0,1701.0,1789.0,1794.0,1960.0,1960.0,1960.0,2031.0,2031.0,2031.0,2031.0,2031.0,5736.0,5736.0,5756.0,5766.0,5766.0,5766.0,5770.0,5772.0,5780.0,5788.0,5794.0,5794.0,5810.0,5810.0,5810.0,5819.0,5828.0,5828.0,5828.0,5834.0,5839.0,5839.0,5842.0,5844.0,5848.0,5858.0,5858.0,5858.0,5858.0,5860.0,5863.0,5867.0,5871.0,5874.0,5874.0,5879.0,5879.0,5883.0,5885.0,5890.0,5890.0,5894.0,5896.0,5897.0,5897.0,5903.0,5904.0,5904.0,5905.0,5909.0,5909.0,5911.0,5913.0,5914.0,5914.0,5915.0,5915.0,5918.0,5920.0,5920.0,5921.0,5921.0,5923.0,5925.0,5926.0,5928.0,5928.0,5928.0,5929.0,5932.0,5932.0,5932.0,5933.0,5935.0,5935.0,5937.0,5937.0,5938.0,5938.0,5939.0,5939.0,5940.0,5940.0,5940.0,5940.0,5941.0,5941.0,5941.0,5942.0,5942.0,5942.0,5942.0,5942.0,5943.0,5943.0,5943.0,5944.0,5944.0,5944.0,5944.0,5944.0,5944.0,5944.0,5944.0,5944.0,5944.0,5944.0,5944.0,5944.0,5944.0,5944.0,5944.0,5944.0,5944.0,5944.0,5944.0,5944.0,5944.0,5944.0,5944.0,5944.0,5944.0,5944.0,5944.0,5944.0,5944.0,5944.0,5944.0,5944.0,5944.0,5944.0,5944.0,5944.0,5944.0,5944.0,5944.0,5944.0,5945.0,5945.0,5945.0,5945.0,5945.0,5945.0,5946.0,5946.0,5946.0,5946.0,5946.0,5946.0,5946.0,5946.0,5946.0,5946.0,5946.0,5946.0,5946.0,5946.0,5947.0,5947.0,5947.0,5947.0,5947.0,5947.0,5947.0,5947.0,5947.0,5947.0,5947.0,5947.0,5947.0,5947.0,5947.0,5947.0,5947.0,5947.0,5947.0,5947.0,5947.0,5947.0,5947.0,5947.0,5948.0,5948.0,5948.0,5948.0,5948.0,5948.0,5948.0
tune_3,Testing/network-cor-forma_eu_27t.txt,0.05,0.05,0.03,50,3,0.9,0.01,components,0,50,7131.0,610.12,5854,145,1450.0,2469.0,2469.0,2469.0,2469.0,2580.0,2580.0,2580.0,5780.0,5780.0,5784.0,6692.0,6692.0,7017.0,7017.0,7017.0,7017.0,7017.0,7725.0,7725.0,7725.0,7725.0,7725.0,7725.0,7725.0,7725.0,7725.0,7725.0,7725.0,7725.0,7725.0,7725.0,7725.0,7725.0,7725.0,7725.0,7725.0,7725.0,7725.0,7725.0,7725.0,7725.0,7725.0,7725.0,7725.0,7725.0,7725.0,7725.0,7725.0,7725.0,7725.0,7725.0,7725.0,7725.0,7725.0,7725.0,7725.0,7725.0,7725.0,7725.0,7725.0,7725.0,7725.0,7725.0,7725.0,7725.0,7725.0,7725.0,7725.0,7725.0,7725.0,7725.0,7725.0,7725.0,7725.0,7725.0,7725.0,7725.0,7725.0,7725.0,7725.0,7725.0,7725.0,7725.0,7725.0,7725.0,7725.0,7725.0,7725.0,7725.0,7725.0,7725.0,7725.0,7725.0,7725.0,7725.0,7725.0,7725.0,7725.0,7725.0,7725.0,7725.0,7725.0,7725.0,7725.0,7725.0,7725.0,7725.0,7725.0,7725.0,7725.0,7725.0,7725.0,7725.0,7725.0,7725.0,7725.0,7725.0,7725.0,7725.0,7725.0,7726.0,7726.0,7726.0,7735.0,7735.0,7735.0,7735.0,7735.0,7736.0,7736.0,7736.0,7736.0,7736.0,7736.0,7736.0,7736.0,7736.0,7736.0,7736.0,7736.0,7736.0,7736.0,7736.0,7736.0,7737.0,7737.0,7737.0,7737.0,7737.0,7737.0,7737.0,7737.0,7737.0,7737.0,7737.0,7737.0,7737.0,7737.0,7737.0,7737.0,7737.0,7737.0,7737.0,7737.0,7737.0,7737.0,7737.0,7737.0,7737.0,7737.0,7737.0,7737.0,7737.0,7737.0,7737.0,7737.0,7737.0,7737.0,7737.0,7737.0,7737.0,7737.0,7737.0,7737.0,7737.0,7737.0,7737.0,7737.0,7737.0,7737.0,7737.0,7737.0,7737.0,7737.0,7737.0,7737.0,7737.0,7737.0,7737.0
tune_4,Testing/network-cor-forma_eu_27t.txt,0.05,0.05,0.03,50,3,0.9,0.01,components,0,50,7066.0,597.43,5873,178,1458.0,1458.0,2209.0,2254.0,2446.0,2446.0,2446.0,2446.0,5771.0,5771.0,5792.0,6232.0,6746.0,7080.0,7080.0,7080.0,7080.0,7080.0,7080.0,7080.0,7080.0,7080.0,7080.0,7080.0,7080.0,7080.0,7080.0,7080.0,7080.0,7080.0,7080.0,7080.0,7080.0,7080.0,7080.0,7080.0,7080.0,7080.0,7080.0,7080.0,7080.0,7080.0,7080.0,7080.0,7080.0,7080.0,7080.0,7080.0,7080.0,7080.0,7080.0,7080.0,7080.0,7080.0,7080.0,7080.0,7080.0,7080.0,7080.0,7080.0,7080.0,7080.0,7080.0,7080.0,7080.0,7080.0,7080.0,7080.0,7080.0,7080.0,7080.0,7080.0,7080.0,7080.0,7080.0,7080.0,7080.0,7080.0,7096.0,7096.0,7096.0,7096.0,7096.0,7096.0,7096.0,7096.0,7096.0,7096.0,7096.0,7096.0,7096.0,7096.0,7096.0,7096.0,7096.0,7096.0,7096.0,7096.0,7096.0,7096.0,7096.0,7096.0,7096.0,7096.0,7096.0,7096.0,7096.0,7096.0,7096.0,7096.0,7096.0,7096.0,7096.0,7096.0,7096.0,7096.0,7096.0,7096.0,7096.0,7096.0,7096.0,7096.0,7096.0,7096.0,7096.0,7096.0,7096.0,7096.0,7096.0,7096.0,7096.0,7096.0,7096.0,7096.0,7096.0,7096.0,7096.0,7096.0,7096.0,7096.0,7096.0,7096.0,7096.0,7096.0,7096.0,7096.0,7096.0,7096.0,7096.0,7096.0,7096.0,7096.0,7096.0,7096.0,7096.0,7096.0,7096.0,7096.0,7096.0,7096.0,7096.0,7096.0,7096.0,7096.0,7096.0,7096.0,7097.0,7097.0,7097.0,7097.0,7097.0,7097.0,7097.0,7097.0,7097.0,7097.0,7097.0,7097.0,7099.0,7099.0,7099.0,7099.0,7099.0,7099.0,7099.0,7099.0,7099.0,7099.0,7099.0,7099.0,7099.0,7099.0,7099.0,7099.0,7099.0,7099.0,7099.0,7099.0,7099.0,7099.0
tune_5,Testing/network-cor-forma_eu_27t.txt,0.05,0.05,0.03,50,3,0.9,0.01,components,0,50,5997.0,563.95,5876,163,2199.0,2199.0,2199.0,2199.0,2304.0,2435.0,2435.0,5786.0,5786.0,5786.0,5786.0,5971.0,5971.0,5971.0,6737.0,6737.0,6737.0,6737.0,6737.0,6737.0,6737.0,6737.0,6737.0,6737.0,6737.0,6737.0,6737.0,6737.0,6737.0,6737.0,6737.0,6737.0,6737.0,6737.0,6737.0,6737.0,6737.0,6737.0,6737.0,6737.0,6737.0,6737.0,6737.0,6737.0,6737.0,6737.0,6737.0,6737.0,6737.0,6737.0,6737.0,6737.0,6737.0,6737.0,6737.0,6737.0,6737.0,6737.0,6737.0,6737.0,6737.0,6737.0,6737.0,6737.0,6737.0,6737.0,6737.0,6737.0,6737.0,6737.0,6737.0,6737.0,6737.0,6737.0,6737.0,6737.0,6737.0,6737.0,6737.0,6737.0,6737.0,6737.0,6737.0,6737.0,6737.0,6737.0,6737.0,6737.0,6737.0,6737.0,6737.0,6737.0,6737.0,6737.0,6737.0,6737.0,6737.0,6737.0,6737.0,6737.0,6737.0,6737.0,6737.0,6737.0,6737.0,6739.0,6739.0,6739.0,6739.0,6739.0,6739.0,6739.0,6739.0,6739.0,6739.0,6739.0,6739.0,6739.0,6739.0,6739.0,6739.0,6739.0,6739.0,6739.0,6739.0,6739.0,6739.0,6739.0,6739.0,6739.0,6739.0,6739.0,6739.0,6739.0,6739.0,6739.0,6739.0,6739.0,6739.0,6739.0,6739.0,6739.0,6739.0,6739.0,6739.0,6739.0,6739.0,6739.0,6740.0,6740.0,6740.0,6740.0,6740.0,6740.0,6740.0,6740.0,6740.0,6740.0,6740.0,6740.0,6740.0,6740.0,6740.0,6741.0,6741.0,6741.0,6741.0,6741.0,6741.0,6741.0,6741.0,6741.0,6741.0,6741.0,6741.0,6741.0,6741.0,6741.0,6741.0,6741.0,6741.0,6741.0,6741.0,6741.0,6741.0,6741.0,6741.0,6741.0,6741.0,6741.0,6741.0,6741.0,6741.0,6741.0,6741.0,6741.0,6741.0,6741.0,6741.0,6741.0,0.0
tune_8,Testing/network-cor-forma_eu_27t.txt,0.05,0.05,0.03,50,3,0.9,0.01,components,0,50,7160.0,584.50,5840,177,1570.0,1570.0,2469.0,2469.0,2469.0,2568.0,2792.0,5784.0,5876.0,6141.0,6438.0,6438.0,6438.0,7128.0,7128.0,7128.0,7128.0,7128.0,7128.0,7128.0,7128.0,7128.0,7128.0,7128.0,7128.0,7128.0,7128.0,7128.0,7128.0,7128.0,7128.0,7128.0,7128.0,7128.0,7128.0,7128.0,7128.0,7128.0,7128.0,7128.0,7128.0,7128.0,7128.0,7128.0,7128.0,7128.0,7128.0,7128.0,7128.0,7128.0,7128.0,7128.0,7128.0,7128.0,7128.0,7128.0,7128.0,7128.0,7128.0,7128.0,7128.0,7128.0,7128.0,7128.0,7128.0,7128.0,7128.0,7128.0,7128.0,7128.0,7128.0,7128.0,7128.0,7128.0,7128.0,7128.0,7128.0,7128.0,7128.0,7128.0,7128.0,7128.0,7128.0,7128.0,7128.0,7128.0,7128.0,7128.0,7128.0,7128.0,7128.0,7128.0,7128.0,7128.0,7128.0,7128.0,7128.0,7128.0,7128.0,7128.0,7128.0,7128.0,7128.0,7128.0,7128.0,7128.0,7128.0,7128.0,7128.0,7128.0,7128.0,7128.0,7128.0,7128.0,7128.0,7128.0,7128.0,7128.0,7128.0,7128.0,7128.0,7128.0,7128.0,7128.0,7128.0,7128.0,7128.0,7128.0,7128.0,7128.0,7128.0,7128.0,7128.0,7128.0,7128.0,7128.0,7128.0,7128.0,7128.0,7128.0,7128.0,7128.0,7128.0,7128.0,7128.0,7128.0,7128.0,7128.0,7128.0,7128.0,7128.0,7128.0,7128.0,7128.0,7128.0,7128.0,7128.0,7128.0,7128.0,7128.0,7128.0,7128.0,7128.0,7128.0,7128.0,7128.0,7128.0,7128.0,7128.0,7128.0,7128.0,7128.0,7128.0,7128.0,7128.0,7128.0,7128.0,7129.0,7129.0,7129.0,7129.0,7129.0,7129.0,7129.0,7129.0,7129.0,7129.0,7129.0,7129.0,7129.0,7129.0,7129.0,7129.0,7129.0,7129.0,7129.0,7129.0,7129.0,7129.0,7129.0
tune_6,Testing/network-cor-forma_eu_27t.txt,0.05,0.05,0.03,50,3,0.9,0.01,components,0,50,7207.0,600.92,5934,172,1515.0,1515.0,1580.0,1580.0,1991.0,1991.0,2325.0,2325.0,2325.0,2325.0,5773.0,5791.0,5791.0,5791.0,5791.0,5796.0,5796.0,5796.0,5797.0,5813.0,5813.0,5813.0,5816.0,5817.0,5828.0,5828.0,5837.0,5837.0,5840.0,5841.0,5841.0,5850.0,5850.0,5853.0,5856.0,5856.0,5858.0,5868.0,5868.0,5868.0,5869.0,5876.0,5877.0,5881.0,5881.0,5882.0,5883.0,5884.0,5890.0,5890.0,5894.0,5894.0,5894.0,5896.0,5897.0,5901.0,5901.0,5902.0,5903.0,5905.0,5906.0,5908.0,5908.0,5908.0,5912.0,5912.0,5912.0,5913.0,5916.0,5916.0,5917.0,5920.0,5920.0,5920.0,5921.0,5921.0,5922.0,5923.0,5923.0,5924.0,5925.0,5925.0,5925.0,5925.0,5926.0,5926.0,5927.0,5927.0,5927.0,5927.0,5927.0,5928.0,5928.0,5928.0,5928.0,5928.0,5928.0,5928.0,5928.0,5928.0,5928.0,5928.0,5928.0,5928.0,5928.0,5928.0,5928.0,5928.0,5928.0,5928.0,5928.0,5928.0,5928.0,5928.0,5928.0,5928.0,5928.0,5929.0,5929.0,5929.0,5929.0,5929.0,5930.0,5930.0,5930.0,5930.0,5930.0,5930.0,5930.0,5930.0,5930.0,5931.0,5931.0,5931.0,5931.0,5931.0,5931.0,5931.0,5931.0,5931.0,5931.0,5933.0,5933.0,5933.0,5933.0,5933.0,5933.0,5933.0,5933.0,5933.0,5933.0,5934.0,5934.0,5934.0,5934.0,5934.0,5934.0,5934.0,5934.0,5934.0,5934.0,5934.0,5934.0,5934.0,5934.0,5934.0,5934.0,5934.0,5934.0,5934.0,5934.0,5934.0,5935.0,5935.0,5935.0,5935.0,5935.0,5935.0,5935.0,5935.0,5935.0,5935.0,5935.0,5935.0,5935.0,5935.0,5935.0,5935.0,5935.0,5935.0,5935.0,5935.0,5935.0,5935.0,5935.0,5935.0,5935.0,5935.0,5935.0,5935.0,0.0
tune_7,Testing/network-cor-forma_eu_27t.txt,0.05,0.05,0.03,50,3,0.9,0.01,components,0,50,7164.0,601.03,5929,199,1776.0,1828.0,2263.0,2263.0,2540.0,2540.0,5777.0,5784.0,5789.0,5915.0,6057.0,6057.0,6700.0,6983.0,7042.0,7042.0,7042.0,7042.0,7042.0,7042.0,7042.0,7042.0,7042.0,7042.0,7042.0,7042.0,7042.0,7042.0,7042.0,7042.0,7042.0,7042.0,7042.0,7042.0,7042.0,7042.0,7042.0,7042.0,7042.0,7042.0,7042.0,7042.0,7042.0,7042.0,7042.0,7042.0,7042.0,7042.0,7042.0,7042.0,7042.0,7042.0,7042.0,7042.0,7042.0,7042.0,7042.0,7042.0,7042.0,7042.0,7042.0,7042.0,7042.0,7042.0,7042.0,7042.0,7042.0,7042.0,7042.0,7042.0,7042.0,7042.0,7042.0,7042.0,7042.0,7042.0,7042.0,7042.0,7042.0,7042.0,7042.0,7042.0,7042.0,7042.0,7042.0,7042.0,7042.0,7042.0,7042.0,7042.0,7086.0,7086.0,7086.0,7086.0,7086.0,7086.0,7086.0,7086.0,7086.0,7086.0,7086.0,7086.0,7086.0,7086.0,7086.0,7086.0,7086.0,7086.0,7086.0,7086.0,7086.0,7086.0,7086.0,7087.0,7087.0,7087.0,7087.0,7087.0,7087.0,7087.0,7087.0,7087.0,7087.0,7087.0,7087.0,7087.0,7087.0,7087.0,7087.0,7087.0,7087.0,7087.0,7087.0,7087.0,7087.0,7087.0,7087.0,7087.0,7087.0,7087.0,7087.0,7087.0,7087.0,7087.0,7087.0,7087.0,7087.0,7087.0,7087.0,7087.0,7087.0,7087.0,7087.0,7087.0,7087.0,7087.0,7087.0,7087.0,7087.0,7087.0,7087.0,7087.0,7087.0,7087.0,7087.0,7087.0,7087.0,7088.0,7088.0,7088.0,7088.0,7088.0,7088.0,7088.0,7088.0,7088.0,7088.0,7088.0,7088.0,7088.0,7088.0,7089.0,7089.0,7089.0,7089.0,7089.0,7089.0,7089.0,7089.0,7089.0,7089.0,7089.0,7089.0,7089.0,7089.0,7089.0,7089.0,7089.0,7089.0,7095.0
tune_10,Testing/network-cor-forma_eu_27t.txt,0.05,0.05,0.03,50,3,0.9,0.01,components,0,50,5966.0,559.90,5840,195,1550.0,1550.0,1624.0,1677.0,1677.0,1712.0,1756.0,5778.0,5778.0,5778.0,5781.0,5781.0,5781.0,5781.0,5784.0,5790.0,5795.0,5806.0,5806.0,5810.0,5817.0,5823.0,5823.0,5832.0,5832.0,5837.0,5839.0,5840.0,5844.0,5851.0,5860.0,5860.0,5861.0,5861.0,5864.0,5865.0,5865.0,5872.0,5875.0,5880.0,5880.0,5880.0,5885.0,5885.0,5887.0,5889.0,5893.0,5893.0,5893.0,5894.0,5896.0,5896.0,5897.0,5899.0,5900.0,5904.0,5904.0,5908.0,5909.0,5909.0,5909.0,5910.0,5913.0,5913.0,5914.0,5917.0,5917.0,5918.0,5921.0,5921.0,5921.0,5921.0,5922.0,5922.0,5923.0,5923.0,5926.0,5926.0,5926.0,5926.0,5928.0,5928.0,5928.0,5928.0,5929.0,5930.0,5930.0,5930.0,5930.0,5930.0,5930.0,5930.0,5930.0,5930.0,5930.0,5930.0,5930.0,5930.0,5930.0,5930.0,5930.0,5930.0,5930.0,5930.0,5930.0,5930.0,5930.0,5930.0,5930.0,5930.0,5930.0,5930.0,5930.0,5931.0,5931.0,5931.0,5933.0,5933.0,5933.0,5933.0,5933.0,5933.0,5933.0,5933.0,5933.0,5933.0,5933.0,5933.0,5933.0,5933.0,5933.0,5933.0,5933.0,5933.0,5933.0,5933.0,5933.0,5933.0,5933.0,5933.0,5933.0,5933.0,5933.0,5933.0,5933.0,5934.0,5934.0,5934.0,5934.0,5934.0,5934.0,5934.0,5934.0,5934.0,5934.0,5934.0,5934.0,5934.0,5934.0,5934.0,5934.0,5934.0,5934.0,5934.0,5934.0,5934.0,5934.0,5934.0,5934.0,5934.0,5934.0,5934.0,5934.0,5934.0,5934.0,5934.0,5934.0,5934.0,5934.0,5934.0,5934.0,5934.0,5934.0,5934.0,5934.0,5934.0,5934.0,5934.0,5934.0,5934.0,5934.0,5935.0,5935.0,5935.0,5935.0,5936.0,5936.0,5936.0,5936.0,5936.0
tune_9,Testing/network-cor-forma_eu_27t.txt,0.05,0.05,0.03,50,3,0.9,0.01,components,0,50,6355.0,598.16,5847,195,1938.0,2009.0,2114.0,2481.0,2481.0,2532.0,5777.0,5779.0,6131.0,6131.0,6438.0,7007.0,7007.0,7540.0,7540.0,7540.0,7540.0,7540.0,7540.0,7540.0,7540.0,7540.0,7540.0,7540.0,7540.0,7540.0,7540.0,7540.0,7540.0,7540.0,7540.0,7540.0,7540.0,7540.0,7540.0,7540.0,7540.0,7540.0,7540.0,7540.0,7540.0,7540.0,7540.0,7540.0,7540.0,7540.0,7540.0,7540.0,7540.0,7540.0,7540.0,7540.0,7540.0,7540.0,7540.0,7540.0,7540.0,7540.0,7540.0,7540.0,7540.0,7540.0,7540.0,7540.0,7540.0,7540.0,7540.0,7540.0,7540.0,7540.0,7540.0,7540.0,7540.0,7540.0,7540.0,7540.0,7540.0,7540.0,7540.0,7540.0,7540.0,7540.0,7540.0,7540.0,7540.0,7540.0,7540.0,7540.0,7540.0,7540.0,7540.0,7540.0,7540.0,7540.0,7540.0,7540.0,7540.0,7540.0,7540.0,7540.0,7540.0,7540.0,7540.0,7540.0,7540.0,7540.0,7540.0,7540.0,7540.0,7540.0,7540.0,7540.0,7540.0,7540.0,7540.0,7540.0,7540.0,7540.0,7540.0,7540.0,7540.0,7540.0,7541.0,7541.0,7541.0,7541.0,7541.0,7541.0,7541.0,7541.0,7541.0,7542.0,7542.0,7542.0,7542.0,7542.0,7542.0,7542.0,7542.0,7542.0,7542.0,7542.0,7542.0,7542.0,7542.0,7542.0,7542.0,7542.0,7542.0,7542.0,7542.0,7542.0,7542.0,7542.0,7542.0,7542.0,7542.0,7542.0,7542.0,7542.0,7542.0,7542.0,7542.0,7542.0,7542.0,7542.0,7542.0,7542.0,7542.0,7542.0,7542.0,7542.0,7542.0,7542.0,7542.0,7542.0,7542.0,7542.0,7542.0,7542.0,7542.0,7542.0,7542.0,7542.0,7542.0,7542.0,7542.0,7542.0,7542.0,7542.0,7542.0,7542.0,7542.0,7542.0,7542.0,7543.0,7543.0,7543.0,7543.0,7543.0,0.0
tune_2,Testing/network-cor-forma_eu_27t.txt,0.05,0.05,0.03,50,3,0.9,0.01,components,1,50,6024.0,561.88,5887,193,1679.0,1701.0,1789.0,1794.0,1960.0,1960.0,1960.0,2031.0,2031.0,2031.0,2031.0,2031.0,5736.0,5736.0,5756.0,5766.0,5766.0,5766.0,5770.0,5772.0,5780.0,5788.0,5794.0,5794.0,5810.0,5810.0,5810.0,5819.0,5828.0,5828.0,5828.0,5834.0,5839.0,5839.0,5842.0,5844.0,5848.0,5858.0,5858.0,5858.0,5858.0,5860.0,5863.0,5867.0,5871.0,5874.0,5874.0,5879.0,5879.0,5883.0,5885.0,5890.0,5890.0,5894.0,5896.0,5897.0,5897.0,5903.0,5904.0,5904.0,5905.0,5909.0,5909.0,5911.0,5913.0,5914.0,5914.0,5915.0,5915.0,5918.0,5920.0,5920.0,5921.0,5921.0,5923.0,5925.0,5926.0,5928.0,5928.0,5928.0,5929.0,5932.0,5932.0,5932.0,5933.0,5935.0,5935.0,5937.0,5937.0,5938.0,5938.0,5939.0,5939.0,5940.0,5940.0,5940.0,5940.0,5941.0,5941.0,5941.0,5942.0,5942.0,5942.0,5942.0,5942.0,5943.0,5943.0,5943.0,5944.0,5944.0,5944.0,5944.0,5944.0,5944.0,5944.0,5944.0,5944.0,5944.0,5944.0,5944.0,5944.0,5944.0,5944.0,5944.0,5944.0,5944.0,5944.0,5944.0,5944.0,5944.0,5944.0,5944.0,5944.0,5944.0,5944.0,5944.0,5944.0,5944.0,5944.0,5944.0,5944.0,5944.0,5944.0,5944.0,5944.0,5944.0,5944.0,5944.0,5944.0,5945.0,5945.0,5945.0,5945.0,5945.0,5945.0,5946.0,5946.0,5946.0,5946.0,5946.0,5946.0,5946.0,5946.0,5946.0,5946.0,5946.0,5946.0,5946.0,5946.0,5947.0,5947.0,5947.0,5947.0,5947.0,5947.0,5947.0,5947.0,5947.0,5947.0,5947.0,5947.0,5947.0,5947.0,5947.0,5947.0,5947.0,5947.0,5947.0,5947.0,5947.0,5947.0,5947.0,5947.0,5948.0,5948.0,5948.0,5948.0,5948.0,5948.0,5948.0
tune_1,Testing/network-cor-forma_eu_27t.txt,0.05,0.05,0.03,50,3,0.9,0.01,components,1,50,7135.0,616.87,5821,21,1433.0,1865.0,1900.0,2291.0,2291.0,2308.0,2308.0,2308.0,5771.0,5771.0,5771.0,5771.0,5782.0,6387.0,6387.0,6387.0,7179.0,7179.0,7179.0,7179.0,7179.0,7791.0,7791.0,7791.0,7791.0,7791.0,7791.0,7791.0,7791.0,7791.0,7791.0,7791.0,7791.0,7791.0,7791.0,7791.0,7791.0,7791.0,7791.0,7791.0,7791.0,7791.0,7791.0,7791.0,7791.0,7791.0,7791.0,7791.0,7791.0,7791.0,7791.0,7791.0,7791.0,7791.0,7791.0,7791.0,7791.0,7791.0,7791.0,7791.0,7791.0,7791.0,7791.0,7791.0,7791.0,7791.0,7791.0,7791.0,7791.0,7791.0,7791.0,7791.0,7791.0,7791.0,7791.0,7791.0,7791.0,7791.0,7791.0,7791.0,7791.0,7791.0,7791.0,7791.0,7791.0,7791.0,7791.0,7791.0,7791.0,7791.0,7791.0,7791.0,7791.0,7791.0,7791.0,7791.0,7791.0,7791.0,7791.0,7791.0,7791.0,7791.0,7791.0,7791.0,7791.0,7791.0,7791.0,7791.0,7791.0,7791.0,7791.0,7791.0,7791.0,7791.0,7791.0,7791.0,7791.0,7791.0,7791.0,7791.0,7791.0,7791.0,7791.0,7791.0,7791.0,7791.0,7791.0,7791.0,7791.0,7791.0,7791.0,7791.0,7791.0,7791.0,7791.0,7791.0,7791.0,7791.0,7791.0,7791.0,7791.0,7791.0,7791.0,7791.0,7791.0,7791.0,7791.0,7791.0,7791.0,7791.0,7791.0,7791.0,7791.0,7791.0,7791.0,7791.0,7791.0,7791.0,7791.0,7791.0,7791.0,7791.0,7791.0,7791.0,7791.0,7791.0,7791.0,7791.0,7791.0,7791.0,7791.0,7791.0,7791.0,7791.0,7791.0,7791.0,7791.0,7791.0,7791.0,7791.0,7791.0,7791.0,7791.0,7791.0,7791.0,7791.0,7791.0,7791.0,7791.0,7791.0,7791.0,7791.0,7791.0,7791.0,7791.0,7791.0,7791.0,7791.0,7791.0,7791.0
tune_4,Testing/network-cor-forma_eu_27t.txt,0.05,0.05,0.03,50,3,0.9,0.01,components,1,50,6038.0,568.73,5831,178,1458.0,1458.0,2209.0,2254.0,2446.0,2446.0,2446.0,2446.0,5771.0,5771.0,5792.0,6232.0,6746.0,7080.0,7080.0,7080.0,7080.0,7080.0,7080.0,7080.0,7080.0,7080.0,7080.0,7080.0,7080.0,7080.0,7080.0,7080.0,7080.0,7080.0,7080.0,7080.0,7080.0,7080.0,7080.0,7080.0,7080.0,7080.0,7080.0,7080.0,7080.0,7080.0,7080.0,7080.0,7080.0,7080.0,7080.0,7080.0,7080.0,7080.0,7080.0,7080.0,7080.0,7080.0,7080.0,7080.0,7080.0,7080.0,7080.0,7080.0,7080.0,7080.0,7080.0,7080.0,7080.0,7080.0,7080.0,7080.0,7080.0,7080.0,7080.0,7080.0,7080.0,7080.0,7080.0,7080.0,7080.0,7080.0,7096.0,7096.0,7096.0,7096.0,7096.0,7096.0,7096.0,7096.0,7096.0,7096.0,7096.0,7096.0,7096.0,7096.0,7096.0,7096.0,7096.0,7096.0,7096.0,7096.0,7096.0,7096.0,7096.0,7096.0,7096.0,7096.0,7096.0,7096.0,7096.0,7096.0,7096.0,7096.0,7096.0,7096.0,7096.0,7096.0,7096.0,7096.0,7096.0,7096.0,7096.0,7096.0,7096.0,7096.0,7096.0,7096.0,7096.0,7096.0,7096.0,7096.0,7096.0,7096.0,7096.0,7096.0,7096.0,7096.0,7096.0,7096.0,7096.0,7096.0,7096.0,7096.0,7096.0,7096.0,7096.0,7096.0,7096.0,7096.0,7096.0,7096.0,7096.0,7096.0,7096.0,7096.0,7096.0,7096.0,7096.0,7096.0,7096.0,7096.0,7096.0,7096.0,7096.0,7096.0,7096.0,7096.0,7096.0,7096.0,7097.0,7097.0,7097.0,7097.0,7097.0,7097.0,7097.0,7097.0,7097.0,7097.0,7097.0,7097.0,7099.0,7099.0,7099.0,7099.0,7099.0,7099.0,7099.0,7099.0,7099.0,7099.0,7099.0,7099.0,7099.0,7099.0,7099.0,7099.0,7099.0,7099.0,7099.0,7099.0,7099.0,7099.0
tune_3,Testing/network-cor-forma_eu_27t.txt,0.05,0.05,0.03,50,3,0.9,0.01,components,1,50,7131.0,628.87,5831,145,1450.0,2469.0,2469.0,2469.0,2469.0,2580.0,2580.0,2580.0,5780.0,5780.0,5784.0,6692.0,6692.0,7017.0,7017.0,7017.0,7017.0,7017.0,7725.0,7725.0,7725.0,7725.0,7725.0,7725.0,7725.0,7725.0,7725.0,7725.0,7725.0,7725.0,7725.0,7725.0,7725.0,7725.0,7725.0,7725.0,7725.0,7725.0,7725.0,7725.0,7725.0,7725.0,7725.0,7725.0,7725.0,7725.0,7725.0,7725.0,7725.0,7725.0,7725.0,7725.0,7725.0,7725.0,7725.0,7725.0,7725.0,7725.0,7725.0,7725.0,7725.0,7725.0,7725.0,7725.0,7725.0,7725.0,7725.0,7725.0,7725.0,7725.0,7725.0,7725.0,7725.0,7725.0,7725.0,7725.0,7725.0,7725.0,7725.0,7725.0,7725.0,7725.0,7725.0,7725.0,7725.0,7725.0,7725.0,7725.0,7725.0,7725.0,7725.0,7725.0,7725.0,7725.0,7725.0,7725.0,7725.0,7725.0,7725.0,7725.0,7725.0,7725.0,7725.0,7725.0,7725.0,7725.0,7725.0,7725.0,7725.0,7725.0,7725.0,7725.0,7725.0,7725.0,7725.0,7725.0,7725.0,7725.0,7725.0,7725.0,7725.0,7726.0,7726.0,7726.0,7735.0,7735.0,7735.0,7735.0,7735.0,7736.0,7736.0,7736.0,7736.0,7736.0,7736.0,7736.0,7736.0,7736.0,7736.0,7736.0,7736.0,7736.0,7736.0,7736.0,7736.0,7737.0,7737.0,7737.0,7737.0,7737.0,7737.0,7737.0,7737.0,7737.0,7737.0,7737.0,7737.0,7737.0,7737.0,7737.0,7737.0,7737.0,7737.0,7737.0,7737.0,7737.0,7737.0,7737.0,7737.0,7737.0,7737.0,7737.0,7737.0,7737.0,7737.0,7737.0,7737.0,7737.0,7737.0,7737.0,7737.0,7737.0,7737.0,7737.0,7737.0,7737.0,7737.0,7737.0,7737.0,7737.0,7737.0,7737.0,7737.0,7737.0,7737.0,7737.0,7737.0,7737.0,7737.0,7737.0
tune_6,Testing/network-cor-forma_eu_27t.txt,0.05,0.05,0.03,50,3,0.9,0.01,components,1,50,6040.0,584.68,5892,172,1515.0,1515.0,1580.0,1580.0,1991.0,1991.0,2325.0,2325.0,2325.0,2325.0,5773.0,5791.0,5791.0,5791.0,5791.0,5796.0,5796.0,5796.0,5797.0,5813.0,5813.0,5813.0,5816.0,5817.0,5828.0,5828.0,5837.0,5837.0,5840.0,5841.0,5841.0,5850.0,5850.0,5853.0,5856.0,5856.0,5858.0,5868.0,5868.0,5868.0,5869.0,5876.0,5877.0,5881.0,5881.0,5882.0,5883.0,5884.0,5890.0,5890.0,5894.0,5894.0,5894.0,5896.0,5897.0,5901.0,5901.0,5902.0,5903.0,5905.0,5906.0,5908.0,5908.0,5908.0,5912.0,5912.0,5912.0,5913.0,5916.0,5916.0,5917.0,5920.0,5920.0,5920.0,5921.0,5921.0,5922.0,5923.0,5923.0,5924.0,5925.0,5925.0,5925.0,5925.0,5926.0,5926.0,5927.0,5927.0,5927.0,5927.0,5927.0,5928.0,5928.0,5928.0,5928.0,5928.0,5928.0,5928.0,5928.0,5928.0,5928.0,5928.0,5928.0,5928.0,5928.0,5928.0,5928.0,5928.0,5928.0,5928.0,5928.0,5928.0,5928.0,5928.0,5928.0,5928.0,5928.0,5929.0,5929.0,5929.0,5929.0,5929.0,5930.0,5930.0,5930.0,5930.0,5930.0,5930.0,5930.0,5930.0,5930.0,5931.0,5931.0,5931.0,5931.0,5931.0,5931.0,5931.0,5931.0,5931.0,5931.0,5933.0,5933.0,5933.0,5933.0,5933.0,5933.0,5933.0,5933.0,5933.0,5933.0,5934.0,5934.0,5934.0,5934.0,5934.0,5934.0,5934.0,5934.0,5934.0,5934.0,5934.0,5934.0,5934.0,5934.0,5934.0,5934.0,5934.0,5934.0,5934.0,5934.0,5934.0,5935.0,5935.0,5935.0,5935.0,5935.0,5935.0,5935.0,5935.0,5935.0,5935.0,5935.0,5935.0,5935.0,5935.0,5935.0,5935.0,5935.0,5935.0,5935.0,5935.0,5935.0,5935.0,5935.0,5935.0,5935.0,5935.0,5935.0,5935.0,0.0
tune_5,Testing/network-cor-forma_eu_27t.txt,0.05,0.05,0.03,50,3,0.9,0.01,components,1,50,5997.0,619.00,5922,163,2199.0,2199.0,2199.0,2199.0,2304.0,2435.0,2435.0,5786.0,5786.0,5786.0,5786.0,5971.0,5971.0,5971.0,6737.0,6737.0,6737.0,6737.0,6737.0,6737.0,6737.0,6737.0,6737.0,6737.0,6737.0,6737.0,6737.0,6737.0,6737.0,6737.0,6737.0,6737.0,6737.0,6737.0,6737.0,6737.0,6737.0,6737.0,6737.0,6737.0,6737.0,6737.0,6737.0,6737.0,6737.0,6737.0,6737.0,6737.0,6737.0,6737.0,6737.0,6737.0,6737.0,6737.0,6737.0,6737.0,6737.0,6737.0,6737.0,6737.0,6737.0,6737.0,6737.0,6737.0,6737.0,6737.0,6737.0,6737.0,6737.0,6737.0,6737.0,6737.0,6737.0,6737.0,6737.0,6737.0,6737.0,6737.0,6737.0,6737.0,6737.0,6737.0,6737.0,6737.0,6737.0,6737.0,6737.0,6737.0,6737.0,6737.0,6737.0,6737.0,6737.0,6737.0,6737.0,6737.0,6737.0,6737.0,6737.0,6737.0,6737.0,6737.0,6737.0,6737.0,6737.0,6739.0,6739.0,6739.0,6739.0,6739.0,6739.0,6739.0,6739.0,6739.0,6739.0,6739.0,6739.0,6739.0,6739.0,6739.0,6739.0,6739.0,6739.0,6739.0,6739.0,6739.0,6739.0,6739.0,6739.0,6739.0,6739.0,6739.0,6739.0,6739.0,6739.0,6739.0,6739.0,6739.0,6739.0,6739.0,6739.0,6739.0,6739.0,6739.0,6739.0,6739.0,6739.0,6739.0,6740.0,6740.0,6740.0,6740.0,6740.0,6740.0,6740.0,6740.0,6740.0,6740.0,6740.0,6740.0,6740.0,6740.0,6740.0,6741.0,6741.0,6741.0,6741.0,6741.0,6741.0,6741.0,6741.0,6741.0,6741.0,6741.0,6741.0,6741.0,6741.0,6741.0,6741.0,6741.0,6741.0,6741.0,6741.0,6741.0,6741.0,6741.0,6741.0,6741.0,6741.0,6741.0,6741.0,6741.0,6741.0,6741.0,6741.0,6741.0,6741.0,6741.0,6741.0,6741.0,0.0
tune_7,Testing/network-cor-forma_eu_27t.txt,0.05,0.05,0.03,50,3,0.9,0.01,components,1,50,7164.0,611.39,5889,199,1776.0,1828.0,2263.0,2263.0,2540.0,2540.0,5777.0,5784.0,5789.0,5915.0,6057.0,6057.0,6700.0,6983.0,7042.0,7042.0,7042.0,7042.0,7042.0,7042.0,7042.0,7042.0,7042.0,7042.0,7042.0,7042.0,7042.0,7042.0,7042.0,7042.0,7042.0,7042.0,7042.0,7042.0,7042.0,7042.0,7042.0,7042.0,7042.0,7042.0,7042.0,7042.0,7042.0,7042.0,7042.0,7042.0,7042.0,7042.0,7042.0,7042.0,7042.0,7042.0,7042.0,7042.0,7042.0,7042.0,7042.0,7042.0,7042.0,7042.0,7042.0,7042.0,7042.0,7042.0,7042.0,7042.0,7042.0,7042.0,7042.0,7042.0,7042.0,7042.0,7042.0,7042.0,7042.0,7042.0,7042.0,7042.0,7042.0,7042.0,7042.0,7042.0,7042.0,7042.0,7042.0,7042.0,7042.0,7042.0,7042.0,7042.0,7086.0,7086.0,7086.0,7086.0,7086.0,7086.0,7086.0,7086.0,7086.0,7086.0,7086.0,7086.0,7086.0,7086.0,7086.0,7086.0,7086.0,7086.0,7086.0,7086.0,7086.0,7086.0,7086.0,7087.0,7087.0,7087.0,7087.0,7087.0,7087.0,7087.0,7087.0,7087.0,7087.0,7087.0,7087.0,7087.0,7087.0,7087.0,7087.0,7087.0,7087.0,7087.0,7087.0,7087.0,7087.0,7087.0,7087.0,7087.0,7087.0,7087.0,7087.0,7087.0,7087.0,7087.0,7087.0,7087.0,7087.0,7087.0,7087.0,7087.0,7087.0,7087.0,7087.0,7087.0,7087.0,7087.0,7087.0,7087.0,7087.0,7087.0,7087.0,7087.0,7087.0,7087.0,7087.0,7087.0,7087.0,7088.0,7088.0,7088.0,7088.0,7088.0,7088.0,7088.0,7088.0,7088.0,7088.0,7088.0,7088.0,7088.0,7088.0,7089.0,7089.0,7089.0,7089.0,7089.0,7089.0,7089.0,7089.0,7089.0,7089.0,7089.0,7089.0,7089.0,7089.0,7089.0,7089.0,7089.0,7089.0,7095.0
tune_9,Testing/network-cor-forma_eu_27t.txt,0.05,0.05,0.03,50,3,0.9,0.01,components,1,50,7738.0,588.08,5837,195,1938.0,2009.0,2114.0,2481.0,2481.0,2532.0,5777.0,5779.0,6131.0,6131.0,6438.0,7007.0,7007.0,7540.0,7540.0,7540.0,7540.0,7540.0,7540.0,7540.0,7540.0,7540.0,7540.0,7540.0,7540.0,7540.0,7540.0,7540.0,7540.0,7540.0,7540.0,7540.0,7540.0,7540.0,7540.0,7540.0,7540.0,7540.0,7540.0,7540.0,7540.0,7540.0,7540.0,7540.0,7540.0,7540.0,7540.0,7540.0,7540.0,7540.0,7540.0,7540.0,7540.0,7540.0,7540.0,7540.0,7540.0,7540.0,7540.0,7540.0,7540.0,7540.0,7540.0,7540.0,7540.0,7540.0,7540.0,7540.0,7540.0,7540.0,7540.0,7540.0,7540.0,7540.0,7540.0,7540.0,7540.0,7540.0,7540.0,7540.0,7540.0,7540.0,7540.0,7540.0,7540.0,7540.0,7540.0,7540.0,7540.0,7540.0,7540.0,7540.0,7540.0,7540.0,7540.0,7540.0,7540.0,7540.0,7540.0,7540.0,7540.0,7540.0,7540.0,7540.0,7540.0,7540.0,7540.0,7540.0,7540.0,7540.0,7540.0,7540.0,7540.0,7540.0,7540.0,7540.0,7540.0,7540.0,7540.0,7540.0,7540.0,7540.0,7541.0,7541.0,7541.0,7541.0,7541.0,7541.0,7541.0,7541.0,7541.0,7542.0,7542.0,7542.0,7542.0,7542.0,7542.0,7542.0,7542.0,7542.0,7542.0,7542.0,7542.0,7542.0,7542.0,7542.0,7542.0,7542.0,7542.0,7542.0,7542.0,7542.0,7542.0,7542.0,7542.0,7542.0,7542.0,7542.0,7542.0,7542.0,7542.0,7542.0,7542.0,7542.0,7542.0,7542.0,7542.0,7542.0,7542.0,7542.0,7542.0,7542.0,7542.0,7542.0,7542.0,7542.0,7542.0,7542.0,7542.0,7542.0,7542.0,7542.0,7542.0,7542.0,7542.0,7542.0,7542.0,7542.0,7542.0,7542.0,7542.0,7542.0,7542.0,7542.0,7542.0,7543.0,7543.0,7543.0,7543.0,7543.0,0.0
tune_8,Testing/network-cor-forma_eu_27t.txt,0.05,0.05,0.03,50,3,0.9,0.01,components,1,50,6265.0,601.79,5857,177,1570.0,1570.0,2469.0,2469.0,2469.0,2568.0,2792.0,5784.0,5876.0,6141.0,6438.0,6438.0,6438.0,7128.0,7128.0,7128.0,7128.0,7128.0,7128.0,7128.0,7128.0,7128.0,7128.0,7128.0,7128.0,7128.0,7128.0,7128.0,7128.0,7128.0,7128.0,7128.0,7128.0,7128.0,7128.0,7128.0,7128.0,7128.0,7128.0,7128.0,7128.0,7128.0,7128.0,7128.0,7128.0,7128.0,7128.0,7128.0,7128.0,7128.0,7128.0,7128.0,7128.0,7128.0,7128.0,7128.0,7128.0,7128.0,7128.0,7128.0,7128.0,7128.0,7128.0,7128.0,7128.0,7128.0,7128.0,7128.0,7128.0,7128.0,7128.0,7128.0,7128.0,7128.0,7128.0,7128.0,7128.0,7128.0,7128.0,7128.0,7128.0,7128.0,7128.0,7128.0,7128.0,7128.0,7128.0,7128.0,7128.0,7128.0,7128.0,7128.0,7128.0,7128.0,7128.0,7128.0,7128.0,7128.0,7128.0,7128.0,7128.0,7128.0,7128.0,7128.0,7128.0,7128.0,7128.0,7128.0,7128.0,7128.0,7128.0,7128.0,7128.0,7128.0,7128.0,7128.0,7128.0,7128.0,7128.0,7128.0,7128.0,7128.0,7128.0,7128.0,7128.0,7128.0,7128.0,7128.0,7128.0,7128.0,7128.0,7128.0,7128.0,7128.0,7128.0,7128.0,7128.0,7128.0,7128.0,7128.0,7128.0,7128.0,7128.0,7128.0,7128.0,7128.0,7128.0,7128.0,7128.0,7128.0,7128.0,7128.0,7128.0,7128.0,7128.0,7128.0,7128.0,7128.0,7128.0,7128.0,7128.0,7128.0,7128.0,7128.0,7128.0,7128.0,7128.0,7128.0,7128.0,7128.0,7128.0,7128.0,7128.0,7128.0,7128.0,7128.0,7128.0,7129.0,7129.0,7129.0,7129.0,7129.0,7129.0,7129.0,7129.0,7129.0,7129.0,7129.0,7129.0,7129.0,7129.0,7129.0,7129.0,7129.0,7129.0,7129.0,7129.0,7129.0,7129.0,7129.0
tune_10,Testing/network-cor-forma_eu_27t.txt,0.05,0.05,0.03,50,3,0.9,0.01,components,1,50,7014.0,621.69,5893,195,1550.0,1550.0,1624.0,1677.0,1677.0,1712.0,1756.0,5778.0,5778.0,5778.0,5781.0,5781.0,5781.0,5781.0,5784.0,5790.0,5795.0,5806.0,5806.0,5810.0,5817.0,5823.0,5823.0,5832.0,5832.0,5837.0,5839.0,5840.0,5844.0,5851.0,5860.0,5860.0,5861.0,5861.0,5864.0,5865.0,5865.0,5872.0,5875.0,5880.0,5880.0,5880.0,5885.0,5885.0,5887.0,5889.0,5893.0,5893.0,5893.0,5894.0,5896.0,5896.0,5897.0,5899.0,5900.0,5904.0,5904.0,5908.0,5909.0,5909.0,5909.0,5910.0,5913.0,5913.0,5914.0,5917.0,5917.0,5918.0,5921.0,5921.0,5921.0,5921.0,5922.0,5922.0,5923.0,5923.0,5926.0,5926.0,5926.0,5926.0,5928.0,5928.0,5928.0,5928.0,5929.0,5930.0,5930.0,5930.0,5930.0,5930.0,5930.0,5930.0,5930.0,5930.0,5930.0,5930.0,5930.0,5930.0,5930.0,5930.0,5930.0,5930.0,5930.0,5930.0,5930.0,5930.0,5930.0,5930.0,5930.0,5930.0,5930.0,5930.0,5930.0,5931.0,5931.0,5931.0,5933.0,5933.0,5933.0,5933.0,5933.0,5933.0,5933.0,5933.0,5933.0,5933.0,5933.0,5933.0,5933.0,5933.0,5933.0,5933.0,5933.0,5933.0,5933.0,5933.0,5933.0,5933.0,5933.0,5933.0,5933.0,5933.0,5933.0,5933.0,5933.0,5934.0,5934.0,5934.0,5934.0,5934.0,5934.0,5934.0,5934.0,5934.0,5934.0,5934.0,5934.0,5934.0,5934.0,5934.0,5934.0,5934.0,5934.0,5934.0,5934.0,5934.0,5934.0,5934.0,5934.0,5934.0,5934.0,5934.0,5934.0,5934.0,5934.0,5934.0,5934.0,5934.0,5934.0,5934.0,5934.0,5934.0,5934.0,5934.0,5934.0,5934.0,5934.0,5934.0,5934.0,5934.0,5934.0,5935.0,5935.0,5935.0,5935.0,5936.0,5936.0,5936.0,5936.0,5936.0
tune_1,Testing/network-cor-forma_eu_27t.txt,0.05,0.05,0.03,50,3,0.9,0.02,largest,0,50,2014.0,595.59,5940,0,7167.0,7167.0,7167.0,7167.0,7167.0,7167.0,7167.0,7167.0,7167.0,6702.0,6702.0,5366.0,3959.0,3291.0,1197.0,1197.0,1197.0,1197.0,1197.0,1197.0,1197.0,1197.0,1197.0,1197.0,1197.0,1197.0,1197.0,1197.0,1197.0,1197.0,1197.0,1197.0,1197.0,1197.0,1197.0,1197.0,1197.0,1197.0,1197.0,1197.0,1197.0,1197.0,1197.0,1197.0,1197.0,1197.0,1197.0,1197.0,1197.0,1197.0,1197.0,1197.0,1197.0,1197.0,1197.0,1197.0,1197.0,1197.0,1197.0,1197.0,1197.0,1197.0,1197.0,1197.0,1197.0,1197.0,1197.0,1197.0,1197.0,1197.0,1197.0,1197.0,1197.0,1189.0,1189.0,1189.0,1189.0,1189.0,1189.0,1189.0,1189.0,1189.0,1189.0,1185.0,1185.0,1185.0,1185.0,1185.0,1185.0,1185.0,1185.0,1185.0,1185.0,1185.0,1185.0,1185.0,1185.0,1185.0,1185.0,1185.0,1185.0,1185.0,1185.0,1185.0,1185.0,1185.0,1185.0,1185.0,1185.0,1185.0,1185.0,1185.0,1185.0,1185.0,1185.0,1185.0,1185.0,1185.0,1185.0,1185.0,1185.0,1185.0,1185.0,1185.0,1185.0,1185.0,1185.0,1185.0,1185.0,1185.0,1185.0,1185.0,1185.0,1185.0,1185.0,1185.0,1185.0,1185.0,1185.0,1185.0,1185.0,1185.0,1185.0,1185.0,1185.0,1185.0,1185.0,1185.0,1185.0,1185.0,1185.0,1184.0,1184.0,1184.0,1184.0,1184.0,1184.0,1184.0,1184.0,1184.0,1184.0,1184.0,1184.0,1184.0,1184.0,1184.0,1184.0,1184.0,1184.0,1184.0,1184.0,1184.0,1184.0,1184.0,1184.0,1184.0,1184.0,1184.0,1184.0,1184.0,1184.0,1184.0,1184.0,1184.0,1184.0,1184.0,1184.0,1184.0,1184.0,1184.0,1184.0,1184.0,1184.0,1184.0,1184.0,1184.0,1184.0,1184.0,1184.0,1184.0,0.0,2312.0
tune_3,Testing/network-cor-forma_eu_27t.txt,0.05,0.05,0.03,50,3,0.9,0.02,largest,0,50,7017.0,580.67,5914,0,12031.0,11973.0,9889.0,9655.0,8729.0,8729.0,8715.0,8170.0,8167.0,7931.0,7292.0,7262.0,7262.0,5408.0,2576.0,2447.0,1856.0,1856.0,1856.0,1856.0,1856.0,1856.0,1856.0,1856.0,1856.0,1856.0,1856.0,1856.0,1856.0,1856.0,1856.0,1856.0,1856.0,1856.0,1856.0,1856.0,1856.0,1856.0,1856.0,1856.0,1856.0,1856.0,1856.0,1856.0,1856.0,1856.0,1856.0,1856.0,1856.0,1856.0,1856.0,1856.0,1856.0,1856.0,1856.0,1856.0,1856.0,1856.0,1856.0,1856.0,1856.0,1856.0,1856.0,1856.0,1856.0,1856.0,1856.0,1856.0,1856.0,1856.0,1856.0,1856.0,1856.0,1856.0,1856.0,1856.0,1856.0,1856.0,1856.0,1849.0,1849.0,1849.0,1849.0,1849.0,1849.0,1849.0,1849.0,1849.0,1849.0,1849.0,1849.0,1849.0,1849.0,1849.0,1849.0,1849.0,1849.0,1849.0,1849.0,1849.0,1849.0,1849.0,1849.0,1849.0,1849.0,1849.0,1849.0,1849.0,1849.0,1849.0,1849.0,1849.0,1849.0,1849.0,1849.0,1849.0,1849.0,1849.0,1849.0,1849.0,1849.0,1849.0,1849.0,1849.0,1849.0,1849.0,1849.0,1849.0,1849.0,1849.0,1849.0,1849.0,1849.0,1849.0,1849.0,1849.0,1849.0,1849.0,1849.0,1849.0,1849.0,1849.0,1849.0,1849.0,1849.0,1849.0,1849.0,1849.0,1849.0,1849.0,1849.0,1848.0,1848.0,1848.0,1848.0,1848.0,1848.0,1848.0,1848.0,1848.0,1848.0,1848.0,1848.0,1848.0,1848.0,1848.0,1848.0,1848.0,1848.0,1848.0,1848.0,1847.0,1847.0,1847.0,1847.0,1846.0,1846.0,1846.0,1846.0,1846.0,1846.0,1846.0,1846.0,1846.0,1846.0,1846.0,1846.0,1846.0,1846.0,1846.0,1846.0,1846.0,1846.0,1846.0,1846.0,1846.0,1846.0,1846.0,1846.0,1846.0,0.0
tune_2,Testing/network-cor-forma_eu_27t.txt,0.05,0.05,0.03,50,3,0.9,0.02,largest,0,50,1926.0,604.90,5963,0,9902.0,9902.0,9898.0,9492.0,8268.0,8268.0,8268.0,8074.0,8074.0,8074.0,7652.0,7289.0,5232.0,5232.0,2896.0,2597.0,2538.0,2538.0,2538.0,2538.0,2538.0,2538.0,2538.0,2538.0,2538.0,2538.0,2538.0,2538.0,2538.0,2538.0,2538.0,2538.0,2259.0,2259.0,2259.0,2259.0,2259.0,2259.0,2259.0,2259.0,2259.0,2259.0,2259.0,2259.0,2259.0,2259.0,2259.0,2259.0,946.0,946.0,946.0,946.0,946.0,946.0,946.0,946.0,946.0,946.0,946.0,946.0,946.0,946.0,946.0,946.0,946.0,946.0,946.0,946.0,946.0,946.0,946.0,946.0,946.0,946.0,946.0,946.0,946.0,946.0,946.0,946.0,946.0,946.0,946.0,946.0,946.0,946.0,946.0,946.0,946.0,946.0,946.0,946.0,946.0,946.0,946.0,946.0,946.0,946.0,946.0,946.0,946.0,946.0,946.0,946.0,946.0,946.0,946.0,946.0,946.0,946.0,946.0,946.0,946.0,946.0,946.0,946.0,946.0,946.0,946.0,946.0,946.0,946.0,946.0,946.0,946.0,946.0,946.0,946.0,946.0,946.0,946.0,946.0,946.0,946.0,946.0,946.0,946.0,946.0,946.0,946.0,946.0,946.0,946.0,946.0,946.0,946.0,946.0,946.0,946.0,946.0,946.0,946.0,946.0,946.0,946.0,946.0,946.0,946.0,946.0,946.0,946.0,946.0,946.0,946.0,946.0,946.0,946.0,946.0,946.0,946.0,946.0,946.0,946.0,946.0,946.0,946.0,946.0,946.0,946.0,946.0,946.0,946.0,946.0,946.0,946.0,946.0,946.0,946.0,946.0,946.0,946.0,946.0,946.0,946.0,946.0,946.0,946.0,946.0,946.0,946.0,0.0
tune_4,Testing/network-cor-forma_eu_27t.txt,0.05,0.05,0.03,50,3,0.9,0.02,largest,0,50,2219.0,615.91,5996,0,11990.0,11883.0,11595.0,8704.0,7554.0,7554.0,7554.0,7554.0,6813.0,6813.0,6813.0,6544.0,5098.0,3133.0,2109.0,2109.0,2046.0,2046.0,2046.0,2046.0,2046.0,2046.0,2046.0,2046.0,2046.0,2046.0,2046.0,2046.0,1832.0,1832.0,1832.0,1832.0,1832.0,1832.0,1832.0,1832.0,1832.0,1832.0,1832.0,1832.0,1832.0,1832.0,1832.0,1832.0,1832.0,1832.0,1832.0,1832.0,1832.0,1832.0,1832.0,1832.0,1832.0,1832.0,1832.0,1832.0,1832.0,1832.0,1832.0,1832.0,1832.0,1832.0,1832.0,1832.0,1832.0,1832.0,1832.0,1832.0,1832.0,1832.0,1809.0,1809.0,1809.0,1809.0,1809.0,1809.0,1809.0,1809.0,1809.0,1765.0,1765.0,1765.0,1765.0,1765.0,1765.0,1765.0,1765.0,1765.0,1765.0,1765.0,1765.0,1765.0,1765.0,1765.0,1765.0,1765.0,1765.0,1765.0,1765.0,1765.0,1765.0,1765.0,1765.0,1765.0,1765.0,1765.0,1765.0,1765.0,1765.0,1765.0,1765.0,1765.0,1765.0,1765.0,1765.0,1765.0,1765.0,1764.0,1764.0,1764.0,1764.0,1764.0,1764.0,1764.0,1764.0,1764.0,1764.0,1764.0,1764.0,1764.0,1764.0,1763.0,1763.0,1763.0,1763.0,1763.0,1763.0,1763.0,1763.0,1763.0,1763.0,1763.0,1763.0,1763.0,1763.0,1763.0,1763.0,1763.0,1762.0,1762.0,1762.0,1762.0,1762.0,1762.0,1762.0,1762.0,1762.0,1762.0,1762.0,1762.0,1762.0,1762.0,1762.0,1762.0,1762.0,1762.0,1762.0,1762.0,1762.0,1762.0,1762.0,1762.0,1762.0,1762.0,1762.0,1762.0,1762.0,1762.0,1762.0,1762.0,1762.0,1762.0,1762.0,1762.0,1762.0,1762.0,1762.0,1762.0,1762.0,1762.0,1762.0,1762.0,1762.0,1762.0,1762.0,1762.0,1762.0,1762.0,1762.0,1762.0
tune_5,Testing/network-cor-forma_eu_27t.txt,0.05,0.05,0.03,50,3,0.9,0.02,largest,0,50,2696.0,612.85,5925,0,11853.0,11853.0,11759.0,9074.0,9074.0,8287.0,7952.0,7628.0,7628.0,7621.0,6490.0,6490.0,6490.0,6490.0,4473.0,4473.0,2491.0,2395.0,2395.0,2395.0,2395.0,2395.0,2395.0,2395.0,2395.0,2395.0,2395.0,2395.0,2395.0,2395.0,2395.0,2395.0,2395.0,2395.0,2395.0,2395.0,2395.0,2395.0,2395.0,2395.0,2395.0,2395.0,2395.0,2395.0,2395.0,2376.0,2376.0,2376.0,2376.0,2376.0,2376.0,2376.0,2376.0,2376.0,2376.0,2376.0,2376.0,2376.0,2376.0,2376.0,2376.0,2376.0,2376.0,2376.0,2376.0,2376.0,2376.0,2376.0,2376.0,2376.0,2376.0,2376.0,2376.0,2376.0,2376.0,2376.0,2376.0,2376.0,2376.0,2376.0,2376.0,2376.0,2376.0,2376.0,2376.0,2376.0,2376.0,2376.0,2376.0,2376.0,2376.0,2376.0,2376.0,2376.0,2376.0,2376.0,2376.0,2376.0,2376.0,2376.0,2376.0,2376.0,2376.0,2376.0,2376.0,2376.0,2376.0,2376.0,2376.0,2376.0,2376.0,2376.0,2376.0,2376.0,2376.0,2376.0,2376.0,2375.0,2375.0,2375.0,2375.0,2375.0,2375.0,2375.0,2375.0,2375.0,2375.0,2375.0,2375.0,2375.0,2375.0,2375.0,2375.0,2375.0,2375.0,2374.0,2374.0,2374.0,2374.0,2374.0,2374.0,2374.0,2374.0,2374.0,2374.0,2374.0,2374.0,2374.0,2374.0,2374.0,2374.0,2374.0,2374.0,2374.0,2374.0,2374.0,2374.0,2374.0,2374.0,2374.0,2374.0,2374.0,2374.0,2374.0,2374.0,2374.0,2374.0,2374.0,2374.0,2374.0,2374.0,2374.0,2374.0,2374.0,2374.0,2374.0,2374.0,2374.0,2374.0,2374.0,2374.0,2374.0,2374.0,2374.0,2374.0,2374.0,2374.0,2374.0,2374.0,2374.0,2374.0,2374.0,2374.0,2374.0,2374.0,2374.0,2374.0,2374.0,2374.0,2374.0
tune_6,Testing/network-cor-forma_eu_27t.txt,0.05,0.05,0.03,50,3,0.9,0.02,largest,0,50,2398.0,595.02,5900,0,11878.0,8060.0,7883.0,7883.0,7883.0,7883.0,7883.0,7714.0,7662.0,7627.0,7627.0,7270.0,4157.0,3007.0,1266.0,1266.0,1266.0,1266.0,1266.0,1266.0,1266.0,1266.0,1266.0,1266.0,1266.0,1266.0,1266.0,1266.0,1266.0,1266.0,1266.0,1266.0,1266.0,1266.0,1266.0,1266.0,1266.0,1266.0,1266.0,1266.0,1266.0,1266.0,1266.0,1266.0,1266.0,1266.0,1266.0,1256.0,1256.0,1256.0,1256.0,1256.0,1256.0,1256.0,1256.0,1256.0,1256.0,1256.0,1256.0,1256.0,1205.0,1205.0,1205.0,1205.0,1205.0,1205.0,1205.0,1205.0,1205.0,1205.0,1205.0,1205.0,1205.0,1205.0,1205.0,1205.0,1205.0,1205.0,1205.0,1205.0,1205.0,1205.0,1205.0,1205.0,1205.0,1205.0,1205.0,1205.0,1205.0,1205.0,1205.0,1205.0,1205.0,1205.0,1205.0,1205.0,1205.0,1205.0,1205.0,1205.0,1205.0,1205.0,1205.0,1205.0,1205.0,1205.0,1205.0,1205.0,1205.0,1205.0,1205.0,1205.0,1205.0,1205.0,1205.0,1205.0,1205.0,1205.0,1205.0,1205.0,1205.0,1205.0,1205.0,1205.0,1205.0,1205.0,1205.0,1205.0,1205.0,1205.0,1205.0,1205.0,1205.0,1205.0,1205.0,1205.0,1205.0,1205.0,1205.0,1205.0,1205.0,1205.0,1205.0,1205.0,1205.0,1205.0,1205.0,1205.0,1205.0,1205.0,1205.0,1205.0,1205.0,1205.0,1205.0,1205.0,1205.0,1205.0,1205.0,1205.0,1205.0,1205.0,1204.0,1204.0,1204.0,1204.0,1204.0,1204.0,1204.0,1204.0,1204.0,1204.0,1204.0,1204.0,1204.0,1204.0,1204.0,1204.0,1204.0,1204.0,1204.0,1204.0,1204.0,1204.0,1204.0,1204.0,1204.0,1204.0,1204.0,1204.0,1204.0,1204.0,1204.0,1204.0,1204.0,1204.0,1204.0,1204.0,1204.0,1204.0
tune_7,Testing/network-cor-forma_eu_27t.txt,0.05,0.05,0.03,50,3,0.9,0.02,largest,0,50,2715.0,607.14,5893,0,11683.0,11683.0,11668.0,11531.0,9710.0,7614.0,7614.0,6992.0,6992.0,6673.0,6673.0,6673.0,5378.0,4209.0,3832.0,3627.0,3627.0,3627.0,3627.0,3627.0,3627.0,3627.0,3627.0,3627.0,3627.0,3627.0,3627.0,3627.0,3627.0,3627.0,3627.0,3627.0,3627.0,3627.0,3627.0,3627.0,3627.0,3627.0,3627.0,3627.0,3627.0,3627.0,3627.0,3627.0,3627.0,3627.0,3627.0,3627.0,3627.0,3627.0,3627.0,3627.0,3627.0,3627.0,3627.0,3627.0,3627.0,3627.0,3627.0,3627.0,3627.0,3627.0,3627.0,3627.0,3627.0,3627.0,3627.0,3627.0,3627.0,3627.0,3627.0,3627.0,3618.0,3618.0,3618.0,3618.0,3618.0,3618.0,3618.0,3618.0,3618.0,3618.0,3618.0,3618.0,3618.0,3618.0,3618.0,3618.0,3618.0,3618.0,3618.0,3618.0,3618.0,3618.0,3618.0,3618.0,3618.0,3618.0,3618.0,3618.0,3618.0,3618.0,3618.0,3618.0,3618.0,3618.0,3618.0,3617.0,3617.0,3617.0,3617.0,3617.0,3617.0,3617.0,3617.0,3617.0,3617.0,3617.0,3617.0,3617.0,3616.0,3616.0,3616.0,3616.0,3616.0,3616.0,3616.0,3616.0,3616.0,3616.0,3616.0,3616.0,3616.0,3616.0,3616.0,3615.0,3615.0,3615.0,3615.0,3615.0,3615.0,3615.0,3615.0,3615.0,3615.0,3615.0,3615.0,3614.0,3614.0,3614.0,3614.0,3614.0,3614.0,3614.0,3614.0,3614.0,3614.0,3614.0,3614.0,3614.0,3614.0,3614.0,3614.0,3614.0,3614.0,3614.0,3614.0,3614.0,3614.0,3614.0,3614.0,3614.0,3614.0,3614.0,3614.0,3614.0,3613.0,3613.0,3613.0,3613.0,3613.0,3613.0,3613.0,3613.0,3613.0,3613.0,3613.0,3613.0,3613.0,3613.0,3613.0,3613.0,3613.0,3613.0,3613.0,3613.0,3613.0,3613.0,3613.0,3612.0
tune_8,Testing/network-cor-forma_eu_27t.txt,0.05,0.05,0.03,50,3,0.9,0.02,largest,0,50,2032.0,594.38,5920,0,9760.0,8719.0,8719.0,8719.0,8154.0,6906.0,6906.0,6906.0,6710.0,6710.0,6710.0,3388.0,3388.0,3388.0,3388.0,3388.0,3388.0,3313.0,2916.0,2916.0,2916.0,2916.0,2916.0,2916.0,2916.0,2916.0,2916.0,2916.0,2916.0,2916.0,2916.0,2916.0,2916.0,2916.0,2916.0,2916.0,2916.0,2916.0,2916.0,2916.0,2916.0,2916.0,2916.0,2916.0,2916.0,2916.0,2916.0,2916.0,2916.0,2916.0,2916.0,2916.0,2916.0,2916.0,2916.0,2916.0,2916.0,2916.0,2916.0,2916.0,2916.0,2916.0,2916.0,2916.0,2873.0,2873.0,2873.0,2873.0,2873.0,2873.0,2873.0,2873.0,2873.0,2873.0,2873.0,2869.0,2865.0,2865.0,2865.0,2865.0,2865.0,2865.0,2865.0,2865.0,2865.0,2865.0,2865.0,2865.0,2865.0,2865.0,2865.0,2865.0,2865.0,2865.0,2865.0,2864.0,2864.0,2864.0,2864.0,2864.0,2864.0,2864.0,2864.0,2864.0,2864.0,2864.0,2864.0,2864.0,2864.0,2864.0,2864.0,2864.0,2864.0,2864.0,2864.0,2864.0,2864.0,2864.0,2864.0,2864.0,2864.0,2864.0,2864.0,2864.0,2863.0,2863.0,2863.0,2863.0,2863.0,2863.0,2863.0,2863.0,2863.0,2863.0,2862.0,2862.0,2862.0,2862.0,2862.0,2862.0,2862.0,2862.0,2862.0,2862.0,2862.0,2862.0,2862.0,2862.0,2862.0,2862.0,2862.0,2862.0,2862.0,2862.0,2862.0,2862.0,2862.0,2862.0,2862.0,2861.0,2861.0,2861.0,2861.0,2861.0,2861.0,2861.0,2861.0,2861.0,2861.0,2861.0,2861.0,2861.0,2861.0,2861.0,2861.0,2861.0,2861.0,2861.0,2861.0,2861.0,2861.0,2861.0,2861.0,2861.0,2861.0,2861.0,2861.0,2861.0,2861.0,2861.0,2861.0,2861.0,2861.0,2861.0,2861.0,2861.0,2861.0,2861.0,2861.0,2861.0
tune_9,Testing/network-cor-forma_eu_27t.txt,0.05,0.05,0.03,50,3,0.9,0.02,largest,0,50,1607.0,607.63,5967,0,11979.0,11979.0,11956.0,11804.0,9589.0,8491.0,8491.0,8491.0,8491.0,8369.0,8287.0,7287.0,7280.0,6301.0,6147.0,5079.0,4996.0,1859.0,1859.0,1859.0,1859.0,1859.0,1859.0,1859.0,1859.0,1859.0,1859.0,1859.0,1859.0,1859.0,1859.0,1859.0,1859.0,1859.0,1859.0,1769.0,1769.0,1769.0,1280.0,1280.0,1280.0,1280.0,1280.0,1280.0,1280.0,1280.0,1280.0,1280.0,1280.0,1280.0,1280.0,1280.0,1280.0,1280.0,1280.0,1280.0,1280.0,1280.0,1280.0,1280.0,1280.0,1280.0,1280.0,1280.0,1272.0,1272.0,1272.0,1272.0,1272.0,1272.0,1272.0,1272.0,1272.0,1272.0,1272.0,1272.0,1272.0,1272.0,1272.0,1272.0,1272.0,1272.0,1272.0,1272.0,1272.0,1272.0,1272.0,1271.0,1271.0,1271.0,1271.0,1271.0,1271.0,1271.0,1271.0,1271.0,1271.0,1271.0,1271.0,1271.0,1271.0,1271.0,1271.0,1271.0,1271.0,1271.0,1271.0,1271.0,1271.0,1271.0,1271.0,1271.0,1271.0,1271.0,1271.0,1271.0,1271.0,1271.0,1271.0,1271.0,1271.0,1271.0,1271.0,1271.0,1271.0,1271.0,1271.0,1271.0,1271.0,1271.0,1271.0,1271.0,1271.0,1271.0,1271.0,1271.0,1271.0,1271.0,1271.0,1271.0,1271.0,1271.0,1271.0,1271.0,1271.0,1271.0,1271.0,1271.0,1271.0,1271.0,1271.0,1271.0,1271.0,1271.0,1271.0,1271.0,1271.0,1270.0,1270.0,1270.0,1270.0,1270.0,1270.0,1270.0,1270.0,1270.0,1270.0,1270.0,1270.0,1270.0,1270.0,1269.0,1269.0,1269.0,1269.0,1269.0,1269.0,1269.0,1269.0,1269.0,1269.0,1269.0,1269.0,1269.0,1269.0,1269.0,1269.0,1269.0,1269.0,1269.0,1269.0,1269.0,1269.0,1269.0,1269.0,1269.0,1269.0,1269.0,1269.0,1269.0
tune_10,Testing/network-cor-forma_eu_27t.txt,0.05,0.05,0.03,50,3,0.9,0.02,largest,0,50,1340.0,607.61,6009,0,11964.0,11964.0,8853.0,8562.0,8444.0,8444.0,8344.0,8344.0,7902.0,7902.0,7902.0,7280.0,4608.0,4608.0,3941.0,2906.0,2906.0,2906.0,2906.0,2906.0,2906.0,2906.0,2906.0,2906.0,2906.0,2906.0,2906.0,2906.0,2906.0,2906.0,2906.0,2906.0,2906.0,2906.0,2898.0,2898.0,2898.0,2898.0,2898.0,2865.0,2865.0,2865.0,2865.0,2865.0,2865.0,2865.0,2865.0,2865.0,2865.0,2865.0,2865.0,2865.0,2865.0,2865.0,2865.0,2842.0,2842.0,2842.0,2842.0,2842.0,2842.0,2842.0,2842.0,2842.0,2842.0,2842.0,2842.0,2842.0,2842.0,2842.0,2842.0,2842.0,2842.0,2842.0,2842.0,2842.0,2842.0,2842.0,2842.0,2842.0,2842.0,2842.0,2842.0,2842.0,2842.0,2842.0,2842.0,2842.0,2842.0,2842.0,2842.0,2842.0,2842.0,2842.0,2842.0,2842.0,2842.0,2842.0,2842.0,2842.0,2842.0,2842.0,2842.0,2842.0,2842.0,2842.0,2842.0,2842.0,2841.0,2841.0,2841.0,2841.0,2841.0,2841.0,2841.0,2841.0,2841.0,2841.0,2841.0,2841.0,2840.0,2840.0,2840.0,2840.0,2840.0,2840.0,2840.0,2840.0,2840.0,2840.0,2840.0,2840.0,2840.0,2840.0,2840.0,2840.0,2840.0,2840.0,2840.0,2840.0,2840.0,2840.0,2840.0,2840.0,2840.0,2840.0,2840.0,2840.0,2840.0,2840.0,2840.0,2840.0,2840.0,2840.0,2840.0,2838.0,2838.0,2838.0,2838.0,2838.0,2838.0,2838.0,2838.0,2838.0,2838.0,2838.0,2838.0,2838.0,2838.0,2838.0,2838.0,2838.0,2838.0,2838.0,2838.0,2838.0,2838.0,2838.0,2838.0,2838.0,2838.0,2838.0,2838.0,2838.0,2838.0,2838.0,2838.0,2838.0,2838.0,2838.0,2838.0,2838.0,2838.0,2838.0,2838.0,2838.0,2838.0,2838.0,2838.0,2838.0
tune_1,Testing/network-cor-forma_eu_27t.txt,0.05,0.05,0.03,50,3,0.9,0.02,largest,1,50,2014.0,652.92,5927,0,7167.0,7167.0,7167.0,7167.0,7167.0,7167.0,7167.0,7167.0,7167.0,6702.0,6702.0,5366.0,3959.0,3291.0,1197.0,1197.0,1197.0,1197.0,1197.0,1197.0,1197.0,1197.0,1197.0,1197.0,1197.0,1197.0,1197.0,1197.0,1197.0,1197.0,1197.0,1197.0,1197.0,1197.0,1197.0,1197.0,1197.0,1197.0,1197.0,1197.0,1197.0,1197.0,1197.0,1197.0,1197.0,1197.0,1197.0,1197.0,1197.0,1197.0,1197.0,1197.0,1197.0,1197.0,1197.0,1197.0,1197.0,1197.0,1197.0,1197.0,1197.0,1197.0,1197.0,1197.0,1197.0,1197.0,1197.0,1197.0,1197.0,1197.0,1197.0,1197.0,1197.0,1189.0,1189.0,1189.0,1189.0,1189.0,1189.0,1189.0,1189.0,1189.0,1189.0,1185.0,1185.0,1185.0,1185.0,1185.0,1185.0,1185.0,1185.0,1185.0,1185.0,1185.0,1185.0,1185.0,1185.0,1185.0,1185.0,1185.0,1185.0,1185.0,1185.0,1185.0,1185.0,1185.0,1185.0,1185.0,1185.0,1185.0,1185.0,1185.0,1185.0,1185.0,1185.0,1185.0,1185.0,1185.0,1185.0,1185.0,1185.0,1185.0,1185.0,1185.0,1185.0,1185.0,1185.0,1185.0,1185.0,1185.0,1185.0,1185.0,1185.0,1185.0,1185.0,1185.0,1185.0,1185.0,1185.0,1185.0,1185.0,1185.0,1185.0,1185.0,1185.0,1185.0,1185.0,1185.0,1185.0,1185.0,1185.0,1184.0,1184.0,1184.0,1184.0,1184.0,1184.0,1184.0,1184.0,1184.0,1184.0,1184.0,1184.0,1184.0,1184.0,1184.0,1184.0,1184.0,1184.0,1184.0,1184.0,1184.0,1184.0,1184.0,1184.0,1184.0,1184.0,1184.0,1184.0,1184.0,1184.0,1184.0,1184.0,1184.0,1184.0,1184.0,1184.0,1184.0,1184.0,1184.0,1184.0,1184.0,1184.0,1184.0,1184.0,1184.0,1184.0,1184.0,1184.0,1184.0,0.0,2312.0
tune_2,Testing/network-cor-forma_eu_27t.txt,0.05,0.05,0.03,50,3,0.9,0.02,largest,1,50,1926.0,655.40,5999,0,9902.0,9902.0,9898.0,9492.0,8268.0,8268.0,8268.0,8074.0,8074.0,8074.0,7652.0,7289.0,5232.0,5232.0,2896.0,2597.0,2538.0,2538.0,2538.0,2538.0,2538.0,2538.0,2538.0,2538.0,2538.0,2538.0,2538.0,2538.0,2538.0,2538.0,2538.0,2538.0,2259.0,2259.0,2259.0,2259.0,2259.0,2259.0,2259.0,2259.0,2259.0,2259.0,2259.0,2259.0,2259.0,2259.0,2259.0,2259.0,946.0,946.0,946.0,946.0,946.0,946.0,946.0,946.0,946.0,946.0,946.0,946.0,946.0,946.0,946.0,946.0,946.0,946.0,946.0,946.0,946.0,946.0,946.0,946.0,946.0,946.0,946.0,946.0,946.0,946.0,946.0,946.0,946.0,946.0,946.0,946.0,946.0,946.0,946.0,946.0,946.0,946.0,946.0,946.0,946.0,946.0,946.0,946.0,946.0,946.0,946.0,946.0,946.0,946.0,946.0,946.0,946.0,946.0,946.0,946.0,946.0,946.0,946.0,946.0,946.0,946.0,946.0,946.0,946.0,946.0,946.0,946.0,946.0,946.0,946.0,946.0,946.0,946.0,946.0,946.0,946.0,946.0,946.0,946.0,946.0,946.0,946.0,946.0,946.0,946.0,946.0,946.0,946.0,946.0,946.0,946.0,946.0,946.0,946.0,946.0,946.0,946.0,946.0,946.0,946.0,946.0,946.0,946.0,946.0,946.0,946.0,946.0,946.0,946.0,946.0,946.0,946.0,946.0,946.0,946.0,946.0,946.0,946.0,946.0,946.0,946.0,946.0,946.0,946.0,946.0,946.0,946.0,946.0,946.0,946.0,946.0,946.0,946.0,946.0,946.0,946.0,946.0,946.0,946.0,946.0,946.0,946.0,946.0,946.0,946.0,946.0,946.0,0.0
tune_3,Testing/network-cor-forma_eu_27t.txt,0.05,0.05,0.03,50,3,0.9,0.02,largest,1,50,1884.0,633.06,5960,0,12031.0,11973.0,9889.0,9655.0,8729.0,8729.0,8715.0,8170.0,8167.0,7931.0,7292.0,7262.0,7262.0,5408.0,2576.0,2447.0,1856.0,1856.0,1856.0,1856.0,1856.0,1856.0,1856.0,1856.0,1856.0,1856.0,1856.0,1856.0,1856.0,1856.0,1856.0,1856.0,1856.0,1856.0,1856.0,1856.0,1856.0,1856.0,1856.0,1856.0,1856.0,1856.0,1856.0,1856.0,1856.0,1856.0,1856.0,1856.0,1856.0,1856.0,1856.0,1856.0,1856.0,1856.0,1856.0,1856.0,1856.0,1856.0,1856.0,1856.0,1856.0,1856.0,1856.0,1856.0,1856.0,1856.0,1856.0,1856.0,1856.0,1856.0,1856.0,1856.0,1856.0,1856.0,1856.0,1856.0,1856.0,1856.0,1856.0,1849.0,1849.0,1849.0,1849.0,1849.0,1849.0,1849.0,1849.0,1849.0,1849.0,1849.0,1849.0,1849.0,1849.0,1849.0,1849.0,1849.0,1849.0,1849.0,1849.0,1849.0,1849.0,1849.0,1849.0,1849.0,1849.0,1849.0,1849.0,1849.0,1849.0,1849.0,1849.0,1849.0,1849.0,1849.0,1849.0,1849.0,1849.0,1849.0,1849.0,1849.0,1849.0,1849.0,1849.0,1849.0,1849.0,1849.0,1849.0,1849.0,1849.0,1849.0,1849.0,1849.0,1849.0,1849.0,1849.0,1849.0,1849.0,1849.0,1849.0,1849.0,1849.0,1849.0,1849.0,1849.0,1849.0,1849.0,1849.0,1849.0,1849.0,1849.0,1849.0,1848.0,1848.0,1848.0,1848.0,1848.0,1848.0,1848.0,1848.0,1848.0,1848.0,1848.0,1848.0,1848.0,1848.0,1848.0,1848.0,1848.0,1848.0,1848.0,1848.0,1847.0,1847.0,1847.0,1847.0,1846.0,1846.0,1846.0,1846.0,1846.0,1846.0,1846.0,1846.0,1846.0,1846.0,1846.0,1846.0,1846.0,1846.0,1846.0,1846.0,1846.0,1846.0,1846.0,1846.0,1846.0,1846.0,1846.0,1846.0,1846.0,0.0
tune_4,Testing/network-cor-forma_eu_27t.txt,0.05,0.05,0.03,50,3,0.9,0.02,largest,1,50,2549.0,622.39,5967,0,11990.0,11883.0,11595.0,8704.0,7554.0,7554.0,7554.0,7554.0,6813.0,6813.0,6813.0,6544.0,5098.0,3133.0,2109.0,2109.0,2046.0,2046.0,2046.0,2046.0,2046.0,2046.0,2046.0,2046.0,2046.0,2046.0,2046.0,2046.0,1832.0,1832.0,1832.0,1832.0,1832.0,1832.0,1832.0,1832.0,1832.0,1832.0,1832.0,1832.0,1832.0,1832.0,1832.0,1832.0,1832.0,1832.0,1832.0,1832.0,1832.0,1832.0,1832.0,1832.0,1832.0,1832.0,1832.0,1832.0,1832.0,1832.0,1832.0,1832.0,1832.0,1832.0,1832.0,1832.0,1832.0,1832.0,1832.0,1832.0,1832.0,1832.0,1809.0,1809.0,1809.0,1809.0,1809.0,1809.0,1809.0,1809.0,1809.0,1765.0,1765.0,1765.0,1765.0,1765.0,1765.0,1765.0,1765.0,1765.0,1765.0,1765.0,1765.0,1765.0,1765.0,1765.0,1765.0,1765.0,1765.0,1765.0,1765.0,1765.0,1765.0,1765.0,1765.0,1765.0,1765.0,1765.0,1765.0,1765.0,1765.0,1765.0,1765.0,1765.0,1765.0,1765.0,1765.0,1765.0,1765.0,1764.0,1764.0,1764.0,1764.0,1764.0,1764.0,1764.0,1764.0,1764.0,1764.0,1764.0,1764.0,1764.0,1764.0,1763.0,1763.0,1763.0,1763.0,1763.0,1763.0,1763.0,1763.0,1763.0,1763.0,1763.0,1763.0,1763.0,1763.0,1763.0,1763.0,1763.0,1762.0,1762.0,1762.0,1762.0,1762.0,1762.0,1762.0,1762.0,1762.0,1762.0,1762.0,1762.0,1762.0,1762.0,1762.0,1762.0,1762.0,1762.0,1762.0,1762.0,1762.0,1762.0,1762.0,1762.0,1762.0,1762.0,1762.0,1762.0,1762.0,1762.0,1762.0,1762.0,1762.0,1762.0,1762.0,1762.0,1762.0,1762.0,1762.0,1762.0,1762.0,1762.0,1762.0,1762.0,1762.0,1762.0,1762.0,1762.0,1762.0,1762.0,1762.0,1762.0
tune_5,Testing/network-cor-forma_eu_27t.txt,0.05,0.05,0.03,50,3,0.9,0.02,largest,1,50,3371.0,629.95,5897,0,11853.0,11853.0,11759.0,9074.0,9074.0,8287.0,7952.0,7628.0,7628.0,7621.0,6490.0,6490.0,6490.0,6490.0,4473.0,4473.0,2491.0,2395.0,2395.0,2395.0,2395.0,2395.0,2395.0,2395.0,2395.0,2395.0,2395.0,2395.0,2395.0,2395.0,2395.0,2395.0,2395.0,2395.0,2395.0,2395.0,2395.0,2395.0,2395.0,2395.0,2395.0,2395.0,2395.0,2395.0,2395.0,2376.0,2376.0,2376.0,2376.0,2376.0,2376.0,2376.0,2376.0,2376.0,2376.0,2376.0,2376.0,2376.0,2376.0,2376.0,2376.0,2376.0,2376.0,2376.0,2376.0,2376.0,2376.0,2376.0,2376.0,2376.0,2376.0,2376.0,2376.0,2376.0,2376.0,2376.0,2376.0,2376.0,2376.0,2376.0,2376.0,2376.0,2376.0,2376.0,2376.0,2376.0,2376.0,2376.0,2376.0,2376.0,2376.0,2376.0,2376.0,2376.0,2376.0,2376.0,2376.0,2376.0,2376.0,2376.0,2376.0,2376.0,2376.0,2376.0,2376.0,2376.0,2376.0,2376.0,2376.0,2376.0,2376.0,2376.0,2376.0,2376.0,2376.0,2376.0,2376.0,2375.0,2375.0,2375.0,2375.0,2375.0,2375.0,2375.0,2375.0,2375.0,2375.0,2375.0,2375.0,2375.0,2375.0,2375.0,2375.0,2375.0,2375.0,2374.0,2374.0,2374.0,2374.0,2374.0,2374.0,2374.0,2374.0,2374.0,2374.0,2374.0,2374.0,2374.0,2374.0,2374.0,2374.0,2374.0,2374.0,2374.0,2374.0,2374.0,2374.0,2374.0,2374.0,2374.0,2374.0,2374.0,2374.0,2374.0,2374.0,2374.0,2374.0,2374.0,2374.0,2374.0,2374.0,2374.0,2374.0,2374.0,2374.0,2374.0,2374.0,2374.0,2374.0,2374.0,2374.0,2374.0,2374.0,2374.0,2374.0,2374.0,2374.0,2374.0,2374.0,2374.0,2374.0,2374.0,2374.0,2374.0,2374.0,2374.0,2374.0,2374.0,2374.0,2374.0
tune_6,Testing/network-cor-forma_eu_27t.txt,0.05,0.05,0.03,50,3,0.9,0.02,largest,1,50,1476.0,639.40,5943,0,11878.0,8060.0,7883.0,7883.0,7883.0,7883.0,7883.0,7714.0,7662.0,7627.0,7627.0,7270.0,4157.0,3007.0,1266.0,1266.0,1266.0,1266.0,1266.0,1266.0,1266.0,1266.0,1266.0,1266.0,1266.0,1266.0,1266.0,1266.0,1266.0,1266.0,1266.0,1266.0,1266.0,1266.0,1266.0,1266.0,1266.0,1266.0,1266.0,1266.0,1266.0,1266.0,1266.0,1266.0,1266.0,1266.0,1266.0,1256.0,1256.0,1256.0,1256.0,1256.0,1256.0,1256.0,1256.0,1256.0,1256.0,1256.0,1256.0,1256.0,1205.0,1205.0,1205.0,1205.0,1205.0,1205.0,1205.0,1205.0,1205.0,1205.0,1205.0,1205.0,1205.0,1205.0,1205.0,1205.0,1205.0,1205.0,1205.0,1205.0,1205.0,1205.0,1205.0,1205.0,1205.0,1205.0,1205.0,1205.0,1205.0,1205.0,1205.0,1205.0,1205.0,1205.0,1205.0,1205.0,1205.0,1205.0,1205.0,1205.0,1205.0,1205.0,1205.0,1205.0,1205.0,1205.0,1205.0,1205.0,1205.0,1205.0,1205.0,1205.0,1205.0,1205.0,1205.0,1205.0,1205.0,1205.0,1205.0,1205.0,1205.0,1205.0,1205.0,1205.0,1205.0,1205.0,1205.0,1205.0,1205.0,1205.0,1205.0,1205.0,1205.0,1205.0,1205.0,1205.0,1205.0,1205.0,1205.0,1205.0,1205.0,1205.0,1205.0,1205.0,1205.0,1205.0,1205.0,1205.0,1205.0,1205.0,1205.0,1205.0,1205.0,1205.0,1205.0,1205.0,1205.0,1205.0,1205.0,1205.0,1205.0,1205.0,1204.0,1204.0,1204.0,1204.0,1204.0,1204.0,1204.0,1204.0,1204.0,1204.0,1204.0,1204.0,1204.0,1204.0,1204.0,1204.0,1204.0,1204.0,1204.0,1204.0,1204.0,1204.0,1204.0,1204.0,1204.0,1204.0,1204.0,1204.0,1204.0,1204.0,1204.0,1204.0,1204.0,1204.0,1204.0,1204.0,1204.0,1204.0
tune_7,Testing/network-cor-forma_eu_27t.txt,0.05,0.05,0.03,50,3,0.9,0.02,largest,1,50,2715.0,638.69,5954,0,11683.0,11683.0,11668.0,11531.0,9710.0,7614.0,7614.0,6992.0,6992.0,6673.0,6673.0,6673.0,5378.0,4209.0,3832.0,3627.0,3627.0,3627.0,3627.0,3627.0,3627.0,3627.0,3627.0,3627.0,3627.0,3627.0,3627.0,3627.0,3627.0,3627.0,3627.0,3627.0,3627.0,3627.0,3627.0,3627.0,3627.0,3627.0,3627.0,3627.0,3627.0,3627.0,3627.0,3627.0,3627.0,3627.0,3627.0,3627.0,3627.0,3627.0,3627.0,3627.0,3627.0,3627.0,3627.0,3627.0,3627.0,3627.0,3627.0,3627.0,3627.0,3627.0,3627.0,3627.0,3627.0,3627.0,3627.0,3627.0,3627.0,3627.0,3627.0,3627.0,3618.0,3618.0,3618.0,3618.0,3618.0,3618.0,3618.0,3618.0,3618.0,3618.0,3618.0,3618.0,3618.0,3618.0,3618.0,3618.0,3618.0,3618.0,3618.0,3618.0,3618.0,3618.0,3618.0,3618.0,3618.0,3618.0,3618.0,3618.0,3618.0,3618.0,3618.0,3618.0,3618.0,3618.0,3618.0,3617.0,3617.0,3617.0,3617.0,3617.0,3617.0,3617.0,3617.0,3617.0,3617.0,3617.0,3617.0,3617.0,3616.0,3616.0,3616.0,3616.0,3616.0,3616.0,3616.0,3616.0,3616.0,3616.0,3616.0,3616.0,3616.0,3616.0,3616.0,3615.0,3615.0,3615.0,3615.0,3615.0,3615.0,3615.0,3615.0,3615.0,3615.0,3615.0,3615.0,3614.0,3614.0,3614.0,3614.0,3614.0,3614.0,3614.0,3614.0,3614.0,3614.0,3614.0,3614.0,3614.0,3614.0,3614.0,3614.0,3614.0,3614.0,3614.0,3614.0,3614.0,3614.0,3614.0,3614.0,3614.0,3614.0,3614.0,3614.0,3614.0,3613.0,3613.0,3613.0,3613.0,3613.0,3613.0,3613.0,3613.0,3613.0,3613.0,3613.0,3613.0,3613.0,3613.0,3613.0,3613.0,3613.0,3613.0,3613.0,3613.0,3613.0,3613.0,3613.0,3612.0
tune_1,Testing/network-cor-forma_eu_27t.txt,0.05,0.05,0.03,50,3,0.9,0.02,pairwise,0,50,1946542.0,579.75,5905,0,48371972.0,48371972.0,48371972.0,44009017.0,44009017.0,44009017.0,37614824.0,37614824.0,37614824.0,37614824.0,37614824.0,37614824.0,37614824.0,37614824.0,26260017.0,19012006.0,8880230.0,5590769.0,5590769.0,5258019.0,4708618.0,3443508.0,3443508.0,2897794.0,2897794.0,2897794.0,2897794.0,2897794.0,2897794.0,2897794.0,2897794.0,2897794.0,2897794.0,2897794.0,2897794.0,2897794.0,2897794.0,2897794.0,2897794.0,2897794.0,2897794.0,2897794.0,2897794.0,2897794.0,2897794.0,2897794.0,2897794.0,2897794.0,2897794.0,2897794.0,2897794.0,2897794.0,2897794.0,2897794.0,2897794.0,2897794.0,2897794.0,2897794.0,2897794.0,2897794.0,2897794.0,2897794.0,2897794.0,2897794.0,2880901.0,2880901.0,2880901.0,2880901.0,2880901.0,2880901.0,2880901.0,2880901.0,2880901.0,2880901.0,2880901.0,2880901.0,2880901.0,2880901.0,2880901.0,2880901.0,2880901.0,2880901.0,2880901.0,2880901.0,2880901.0,2880901.0,2880901.0,2880901.0,2880901.0,2880901.0,2880901.0,2880901.0,2880901.0,2880901.0,2880901.0,2880901.0,2880901.0,2878497.0,2878497.0,2878497.0,2878497.0,2878497.0,2878497.0,2878497.0,2878497.0,2878497.0,2878497.0,2878497.0,2878497.0,2878497.0,2878497.0,2878497.0,2878497.0,2878497.0,2878497.0,2878497.0,2878450.0,2878450.0,2878450.0,2878450.0,2878450.0,2878450.0,2878450.0,2878450.0,2876158.0,2876158.0,2876158.0,2876158.0,2876158.0,2876158.0,2876158.0,2876158.0,2876158.0,2876158.0,2876158.0,2876158.0,2876158.0,2876158.0,2876158.0,2876091.0,2876091.0,2876091.0,2876091.0,2876091.0,2876091.0,2876091.0,2876091.0,2876091.0,2876091.0,2876091.0,2876091.0,2876091.0,2876091.0,2876091.0,2873728.0,2873728.0,2873728.0,2873728.0,2873728.0,2873728.0,2873728.0,2873728.0,2873728.0,2873728.0,2873690.0,2873690.0,2873690.0,2873690.0,2873690.0,2873690.0,2873690.0,2873690.0,2873690.0,2873689.0,2873689.0,1848468.0,1848468.0,1848468.0,1848468.0
tune_8,Testing/network-cor-forma_eu_27t.txt,0.05,0.05,0.03,50,3,0.9,0.02,largest,1,50,2719.0,646.49,5898,0,9760.0,8719.0,8719.0,8719.0,8154.0,6906.0,6906.0,6906.0,6710.0,6710.0,6710.0,3388.0,3388.0,3388.0,3388.0,3388.0,3388.0,3313.0,2916.0,2916.0,2916.0,2916.0,2916.0,2916.0,2916.0,2916.0,2916.0,2916.0,2916.0,2916.0,2916.0,2916.0,2916.0,2916.0,2916.0,2916.0,2916.0,2916.0,2916.0,2916.0,2916.0,2916.0,2916.0,2916.0,2916.0,2916.0,2916.0,2916.0,2916.0,2916.0,2916.0,2916.0,2916.0,2916.0,2916.0,2916.0,2916.0,2916.0,2916.0,2916.0,2916.0,2916.0,2916.0,2916.0,2873.0,2873.0,2873.0,2873.0,2873.0,2873.0,2873.0,2873.0,2873.0,2873.0,2873.0,2869.0,2865.0,2865.0,2865.0,2865.0,2865.0,2865.0,2865.0,2865.0,2865.0,2865.0,2865.0,2865.0,2865.0,2865.0,2865.0,2865.0,2865.0,2865.0,2865.0,2864.0,2864.0,2864.0,2864.0,2864.0,2864.0,2864.0,2864.0,2864.0,2864.0,2864.0,2864.0,2864.0,2864.0,2864.0,2864.0,2864.0,2864.0,2864.0,2864.0,2864.0,2864.0,2864.0,2864.0,2864.0,2864.0,2864.0,2864.0,2864.0,2863.0,2863.0,2863.0,2863.0,2863.0,2863.0,2863.0,2863.0,2863.0,2863.0,2862.0,2862.0,2862.0,2862.0,2862.0,2862.0,2862.0,2862.0,2862.0,2862.0,2862.0,2862.0,2862.0,2862.0,2862.0,2862.0,2862.0,2862.0,2862.0,2862.0,2862.0,2862.0,2862.0,2862.0,2862.0,2861.0,2861.0,2861.0,2861.0,2861.0,2861.0,2861.0,2861.0,2861.0,2861.0,2861.0,2861.0,2861.0,2861.0,2861.0,2861.0,2861.0,2861.0,2861.0,2861.0,2861.0,2861.0,2861.0,2861.0,2861.0,2861.0,2861.0,2861.0,2861.0,2861.0,2861.0,2861.0,2861.0,2861.0,2861.0,2861.0,2861.0,2861.0,2861.0,2861.0,2861.0
tune_2,Testing/network-cor-forma_eu_27t.txt,0.05,0.05,0.03,50,3,0.9,0.02,pairwise,0,50,5664323.0,573.57,5938,0,70706686.0,70706686.0,69983130.0,69487254.0,47547976.0,38188876.0,32758434.0,32758434.0,27325120.0,27325120.0,26827960.0,24104987.0,13663210.0,1690809.0,1690809.0,1690809.0,1690809.0,1690809.0,1690809.0,1690809.0,1690809.0,1690809.0,1690809.0,1690809.0,1690809.0,1690809.0,1690809.0,1690809.0,1690809.0,1690809.0,1690809.0,1690809.0,1690809.0,1690809.0,1690809.0,1690809.0,1690809.0,1690809.0,1690809.0,1690809.0,1690809.0,1690809.0,1690809.0,1690809.0,1690809.0,1690809.0,1690809.0,1690809.0,1690809.0,1690809.0,1690809.0,1690809.0,1690809.0,1690809.0,1690809.0,1690809.0,1690809.0,1690809.0,1690809.0,1690809.0,1690809.0,1690809.0,1690809.0,1690809.0,1690809.0,1690809.0,1690809.0,1690809.0,1690809.0,1690809.0,1690809.0,1690809.0,1690809.0,1690809.0,1690809.0,1690809.0,1690809.0,1690809.0,1690809.0,1677109.0,1677109.0,1677109.0,1677109.0,1677109.0,1677109.0,1677109.0,1677109.0,1673661.0,1673661.0,1673661.0,1673661.0,1673661.0,1673661.0,1673661.0,1673661.0,1673661.0,1673661.0,1673661.0,1673661.0,1673661.0,1673661.0,1673661.0,1673661.0,1673661.0,1673661.0,1673661.0,1673661.0,1673661.0,1673661.0,1673661.0,1673661.0,1673661.0,1673661.0,1673657.0,1673657.0,1673657.0,1673657.0,1673657.0,1673657.0,1673657.0,1673657.0,1673657.0,1673657.0,1673657.0,1673657.0,1673657.0,1673657.0,1673657.0,1673657.0,1673657.0,1673657.0,1673657.0,1673657.0,1673657.0,1673657.0,1673657.0,1673657.0,1673657.0,1673657.0,1673657.0,1673657.0,1673657.0,1673657.0,1673657.0,1673657.0,1673657.0,1673657.0,1673657.0,1673657.0,1673657.0,1673657.0,1673657.0,1673657.0,1673657.0,1673568.0,1673568.0,1673568.0,1673568.0,1673568.0,1673568.0,1673568.0,1673568.0,1673568.0,1673568.0,1673568.0,1673568.0,1673568.0,1673568.0,1673568.0,1673568.0,1673568.0,1673568.0
tune_9,Testing/network-cor-forma_eu_27t.txt,0.05,0.05,0.03,50,3,0.9,0.02,largest,1,50,3409.0,639.44,5898,0,11979.0,11979.0,11956.0,11804.0,9589.0,8491.0,8491.0,8491.0,8491.0,8369.0,8287.0,7287.0,7280.0,6301.0,6147.0,5079.0,4996.0,1859.0,1859.0,1859.0,1859.0,1859.0,1859.0,1859.0,1859.0,1859.0,1859.0,1859.0,1859.0,1859.0,1859.0,1859.0,1859.0,1859.0,1859.0,1769.0,1769.0,1769.0,1280.0,1280.0,1280.0,1280.0,1280.0,1280.0,1280.0,1280.0,1280.0,1280.0,1280.0,1280.0,1280.0,1280.0,1280.0,1280.0,1280.0,1280.0,1280.0,1280.0,1280.0,1280.0,1280.0,1280.0,1280.0,1280.0,1272.0,1272.0,1272.0,1272.0,1272.0,1272.0,1272.0,1272.0,1272.0,1272.0,1272.0,1272.0,1272.0,1272.0,1272.0,1272.0,1272.0,1272.0,1272.0,1272.0,1272.0,1272.0,1272.0,1271.0,1271.0,1271.0,1271.0,1271.0,1271.0,1271.0,1271.0,1271.0,1271.0,1271.0,1271.0,1271.0,1271.0,1271.0,1271.0,1271.0,1271.0,1271.0,1271.0,1271.0,1271.0,1271.0,1271.0,1271.0,1271.0,1271.0,1271.0,1271.0,1271.0,1271.0,1271.0,1271.0,1271.0,1271.0,1271.0,1271.0,1271.0,1271.0,1271.0,1271.0,1271.0,1271.0,1271.0,1271.0,1271.0,1271.0,1271.0,1271.0,1271.0,1271.0,1271.0,1271.0,1271.0,1271.0,1271.0,1271.0,1271.0,1271.0,1271.0,1271.0,1271.0,1271.0,1271.0,1271.0,1271.0,1271.0,1271.0,1271.0,1271.0,1270.0,1270.0,1270.0,1270.0,1270.0,1270.0,1270.0,1270.0,1270.0,1270.0,1270.0,1270.0,1270.0,1270.0,1269.0,1269.0,1269.0,1269.0,1269.0,1269.0,1269.0,1269.0,1269.0,1269.0,1269.0,1269.0,1269.0,1269.0,1269.0,1269.0,1269.0,1269.0,1269.0,1269.0,1269.0,1269.0,1269.0,1269.0,1269.0,1269.0,1269.0,1269.0,1269.0
tune_10,Testing/network-cor-forma_eu_27t.txt,0.05,0.05,0.03,50,3,0.9,0.02,largest,1,50,2736.0,636.14,5914,0,11964.0,11964.0,8853.0,8562.0,8444.0,8444.0,8344.0,8344.0,7902.0,7902.0,7902.0,7280.0,4608.0,4608.0,3941.0,2906.0,2906.0,2906.0,2906.0,2906.0,2906.0,2906.0,2906.0,2906.0,2906.0,2906.0,2906.0,2906.0,2906.0,2906.0,2906.0,2906.0,2906.0,2906.0,2898.0,2898.0,2898.0,2898.0,2898.0,2865.0,2865.0,2865.0,2865.0,2865.0,2865.0,2865.0,2865.0,2865.0,2865.0,2865.0,2865.0,2865.0,2865.0,2865.0,2865.0,2842.0,2842.0,2842.0,2842.0,2842.0,2842.0,2842.0,2842.0,2842.0,2842.0,2842.0,2842.0,2842.0,2842.0,2842.0,2842.0,2842.0,2842.0,2842.0,2842.0,2842.0,2842.0,2842.0,2842.0,2842.0,2842.0,2842.0,2842.0,2842.0,2842.0,2842.0,2842.0,2842.0,2842.0,2842.0,2842.0,2842.0,2842.0,2842.0,2842.0,2842.0,2842.0,2842.0,2842.0,2842.0,2842.0,2842.0,2842.0,2842.0,2842.0,2842.0,2842.0,2842.0,2841.0,2841.0,2841.0,2841.0,2841.0,2841.0,2841.0,2841.0,2841.0,2841.0,2841.0,2841.0,2840.0,2840.0,2840.0,2840.0,2840.0,2840.0,2840.0,2840.0,2840.0,2840.0,2840.0,2840.0,2840.0,2840.0,2840.0,2840.0,2840.0,2840.0,2840.0,2840.0,2840.0,2840.0,2840.0,2840.0,2840.0,2840.0,2840.0,2840.0,2840.0,2840.0,2840.0,2840.0,2840.0,2840.0,2840.0,2838.0,2838.0,2838.0,2838.0,2838.0,2838.0,2838.0,2838.0,2838.0,2838.0,2838.0,2838.0,2838.0,2838.0,2838.0,2838.0,2838.0,2838.0,2838.0,2838.0,2838.0,2838.0,2838.0,2838.0,2838.0,2838.0,2838.0,2838.0,2838.0,2838.0,2838.0,2838.0,2838.0,2838.0,2838.0,2838.0,2838.0,2838.0,2838.0,2838.0,2838.0,2838.0,2838.0,2838.0,2838.0
tune_3,Testing/network-cor-forma_eu_27t.txt,0.05,0.05,0.03,50,3,0.9,0.02,pairwise,0,50,1187652.0,578.34,5923,0,69995483.0,68946300.0,36255274.0,36255274.0,36255274.0,30715489.0,30715489.0,25001689.0,25001689.0,25001689.0,24687162.0,24687162.0,23857576.0,8004807.0,6201838.0,4420274.0,3392024.0,3392024.0,3392024.0,3392024.0,3392024.0,3392024.0,3392024.0,3392024.0,3392024.0,3392024.0,3392024.0,3392024.0,3392024.0,3392024.0,3392024.0,3392024.0,3392024.0,3392024.0,3392024.0,3392024.0,3392024.0,3392024.0,3392024.0,3392024.0,3392024.0,3392024.0,3392024.0,3392024.0,3392024.0,3392024.0,3392024.0,3392024.0,3392024.0,3392024.0,3392024.0,3392024.0,3392024.0,3392024.0,3392024.0,3392024.0,3392024.0,3392024.0,3392024.0,3392024.0,3392024.0,3392024.0,3392024.0,3392024.0,3392024.0,3392024.0,3392024.0,3392024.0,3392024.0,3392024.0,3392024.0,3392024.0,3392024.0,3391268.0,3391268.0,3391268.0,3391268.0,3391268.0,3391268.0,3384691.0,3384691.0,3384691.0,3384691.0,3384691.0,3384691.0,3384691.0,3384691.0,3384691.0,3384691.0,3384691.0,3384691.0,3384691.0,3384691.0,3384691.0,3384691.0,3384691.0,3384691.0,3384691.0,3384691.0,3384691.0,3384691.0,3384691.0,3384691.0,3384691.0,3384691.0,3384614.0,3384614.0,3382125.0,3382125.0,3382125.0,3382125.0,3382125.0,3382125.0,3382125.0,3382125.0,3382125.0,3382125.0,3382125.0,3382125.0,3382125.0,3382125.0,3382125.0,3382125.0,3382125.0,3382125.0,3382125.0,3382125.0,3382125.0,3382125.0,3382125.0,3382125.0,3382125.0,3382125.0,3382125.0,3382125.0,3382125.0,3382125.0,3382125.0,3382125.0,3379574.0,3379574.0,3379574.0,3379574.0,3379574.0,3379574.0,3379574.0,3379574.0,3379574.0,3379574.0,3379574.0,3379574.0,3379566.0,3379566.0,3379566.0,3379566.0,3379566.0,3379566.0,3379566.0,3379566.0,3379566.0,3379566.0,3379566.0,3379566.0,3379566.0,3379566.0,3379566.0,3379566.0,3379566.0,3379566.0,3379566.0,3379566.0,5074402.0,5074402.0,5074402.0,5074402.0,5074402.0,5074402.0,5074402.0,5074402.0,5074402.0,5074402.0,5074369.0,5074369.0,5074369.0,5074369.0,5074369.0,5074369.0
tune_4,Testing/network-cor-forma_eu_27t.txt,0.05,0.05,0.03,50,3,0.9,0.02,pairwise,0,50,3655847.0,576.03,5899,0,48488188.0,48488188.0,48488188.0,47382996.0,36172680.0,32583716.0,32583716.0,31218529.0,31218529.0,31218529.0,26703612.0,26703612.0,10470117.0,8836672.0,5031610.0,2424534.0,2055786.0,2055786.0,2055786.0,2055786.0,2055786.0,2055786.0,2055786.0,2055786.0,2055786.0,2055786.0,1978494.0,1978494.0,1978494.0,1978494.0,1978494.0,1978494.0,1978494.0,1978494.0,1978494.0,1584343.0,1584343.0,1584343.0,1584343.0,1584343.0,1584343.0,1584343.0,1584343.0,1584343.0,1584343.0,1584343.0,1584343.0,1584343.0,1584343.0,1584343.0,1584343.0,1584343.0,1584343.0,1577742.0,1577742.0,1577742.0,1577742.0,1577742.0,1577742.0,1577742.0,1577742.0,1527162.0,1527162.0,1527162.0,1527162.0,1527162.0,1527162.0,1527162.0,1527162.0,1527162.0,1527162.0,1527162.0,1527162.0,1527162.0,1527162.0,1527162.0,1527162.0,1527162.0,1527162.0,1527162.0,1527162.0,1527162.0,1527162.0,1527162.0,1527162.0,1527162.0,1527162.0,1527162.0,1527162.0,1527162.0,1527162.0,1527162.0,1527162.0,1527162.0,1527162.0,1527162.0,1527162.0,1527162.0,1527162.0,1527162.0,1527162.0,1527162.0,1527162.0,1527162.0,1527162.0,1527162.0,1527162.0,1527162.0,1527162.0,1527067.0,1527067.0,1527067.0,1527067.0,1527067.0,1527067.0,1527067.0,1527067.0,1527067.0,1527067.0,1527025.0,1527025.0,1527025.0,1527025.0,1527025.0,1527025.0,1525423.0,1525423.0,1525423.0,1525423.0,1525423.0,1525423.0,1525423.0,1525423.0,1525423.0,1525423.0,1525423.0,1525423.0,1525423.0,1525395.0,1525395.0,1525395.0,1525395.0,1525395.0,1525395.0,1525395.0,1525395.0,1525395.0,1525395.0,1525395.0,1525395.0,1525395.0,1525395.0,1525395.0,1525395.0,1525395.0,1525395.0,1525395.0,1525395.0,1525395.0,1525395.0,1525395.0,1525395.0,1525395.0,1525395.0,1525395.0,1525395.0,1525373.0,1525373.0,1525373.0,1525373.0,1525336.0,1973385.0,1973385.0,1973385.0,1973385.0,1973385.0,1973385.0,1973385.0,1973385.0,1973385.0,1973385.0,1973385.0,1973385.0,1973385.0,1973385.0,1973385.0
tune_5,Testing/network-cor-forma_eu_27t.txt,0.05,0.05,0.03,50,3,0.9,0.02,pairwise,0,50,7748083.0,578.56,5970,0,51546973.0,49029742.0,49029742.0,49029742.0,47498553.0,38487211.0,37927312.0,36169575.0,36169575.0,33389072.0,33389072.0,26616041.0,26325242.0,5422387.0,5422387.0,4164085.0,4164085.0,4164085.0,4164085.0,4164085.0,4164085.0,4164085.0,4164085.0,4164085.0,4164085.0,4164085.0,4164085.0,4164085.0,4164085.0,4164085.0,4164085.0,4164085.0,4164085.0,4164085.0,4164085.0,4164085.0,4164085.0,4164085.0,4164085.0,3387190.0,3387190.0,3387190.0,3387190.0,3387190.0,3307762.0,3307762.0,3307762.0,2166736.0,2166736.0,2166736.0,2166736.0,2166736.0,2166736.0,2166736.0,2166736.0,2166736.0,2166736.0,2166736.0,2166736.0,2166736.0,2166736.0,2166736.0,2166736.0,2166736.0,2166736.0,2166736.0,2166736.0,2166736.0,2166736.0,2166736.0,2166736.0,2166736.0,2166736.0,2166736.0,2149654.0,2149654.0,2149654.0,2149654.0,2149654.0,2149654.0,2149654.0,2149654.0,2149654.0,2149654.0,2149654.0,2149654.0,2149654.0,2149654.0,2149654.0,2149654.0,2149654.0,2149654.0,2149654.0,2149654.0,2149654.0,2149654.0,2149654.0,2149654.0,2149654.0,2149654.0,2149654.0,2149654.0,2149654.0,2149654.0,2149654.0,2149654.0,2149654.0,2149654.0,2149654.0,2149654.0,2149654.0,2149654.0,2149654.0,2149654.0,2149654.0,2149654.0,2147646.0,2147646.0,2147646.0,2147646.0,2147646.0,2147646.0,2147646.0,2147646.0,2147646.0,2147646.0,2147646.0,2147646.0,2147646.0,2147646.0,2147646.0,2147646.0,2147646.0,2147646.0,2147646.0,2147646.0,2147646.0,2147646.0,2147646.0,2147646.0,2147646.0,2147646.0,2147646.0,2147646.0,2147646.0,2147646.0,2147646.0,2147646.0,2147646.0,2147646.0,2147646.0,2147646.0,2147646.0,2147646.0,2147642.0,2147642.0,2147642.0,3183966.0,3183966.0,3183966.0,3183966.0,3183966.0,3183966.0,3183966.0,3183966.0,3181480.0,3181480.0,3181480.0,3181480.0,3181480.0,3181480.0,3181480.0,3181480.0,3181480.0,3181480.0,3181480.0,3181480.0,3181480.0,3181480.0,3181480.0,3181480.0,3181480.0,3178995.0,3178995.0,3178995.0,3178995.0,3178995.0,3178995.0,3178995.0,3178995.0,3178995.0,3178995.0,3178995.0,3178973.0,3178973.0,3178973.0,3178973.0,3178973.0,3178973.0
tune_6,Testing/network-cor-forma_eu_27t.txt,0.05,0.05,0.03,50,3,0.9,0.02,pairwise,0,50,3385082.0,572.72,5925,0,70303020.0,69770449.0,48411207.0,37754271.0,36035318.0,33352468.0,33352468.0,32848364.0,31228611.0,28557111.0,28557111.0,23438392.0,23438392.0,23438392.0,23438392.0,9782455.0,9782455.0,8281194.0,6104530.0,5690989.0,5690989.0,5690989.0,5690989.0,5690989.0,5690989.0,5690989.0,5690989.0,5690989.0,5690989.0,5690989.0,5690989.0,5690989.0,5030161.0,5030161.0,5030161.0,5030161.0,5030161.0,5030161.0,5030161.0,5030161.0,5030161.0,5030161.0,5030161.0,5030161.0,5030161.0,5030161.0,5030161.0,5030161.0,5030161.0,5030161.0,5030161.0,5030161.0,5030161.0,5030161.0,5030161.0,5030161.0,5030161.0,5030161.0,5030161.0,5030161.0,5030161.0,5030161.0,5030161.0,5030161.0,5030161.0,5030161.0,5030161.0,5030161.0,5030161.0,5030161.0,5030161.0,5030161.0,5030161.0,5030161.0,5030161.0,5030161.0,5030161.0,5030161.0,5030161.0,5030161.0,5030161.0,5030161.0,5030161.0,5030161.0,5030161.0,5030161.0,5030161.0,5030161.0,5030161.0,5030161.0,5030161.0,5030161.0,5016880.0,5016880.0,5016880.0,5016880.0,5016880.0,5016880.0,5016880.0,5016880.0,5016880.0,5016880.0,5016880.0,5016880.0,5016880.0,5016880.0,5016880.0,5016868.0,5016868.0,5016868.0,5016868.0,5016868.0,5016868.0,5016868.0,5016868.0,5016835.0,5016835.0,5016835.0,5016835.0,5016835.0,5016835.0,5016835.0,5016835.0,5016835.0,5016835.0,5016835.0,5016835.0,5016835.0,5016835.0,5016835.0,5016830.0,5016830.0,5016830.0,5016830.0,5016830.0,5016830.0,5016830.0,5016830.0,5016830.0,5016830.0,5016830.0,5016830.0,5016830.0,5016830.0,5016830.0,5016830.0,5016830.0,5013708.0,5013708.0,5013708.0,5013708.0,5013708.0,5013708.0,5013708.0,2666093.0,2666093.0,2666093.0,2666093.0,2666093.0,2666093.0,2666093.0,2666093.0,2666093.0,2666006.0,2666006.0,2666006.0,2666006.0,2666006.0,2665948.0,2665948.0,2665948.0,2665948.0,2665948.0,2665948.0,2665948.0,2665948.0,2665948.0,2665948.0,2665948.0,2665948.0,2665948.0,2665948.0,2665948.0,2665948.0,2665945.0,2665945.0,2665943.0,2665943.0,2665943.0,2665943.0,2665943.0
tune_7,Testing/network-cor-forma_eu_27t.txt,0.05,0.05,0.03,50,3,0.9,0.02,pairwise,0,50,25554815.0,568.42,5954,-1
tune_8,Testing/network-cor-forma_eu_27t.txt,0.05,0.05,0.03,50,3,0.9,0.02,pairwise,0,50,4088372.0,576.61,5924,0,48399965.0,46172582.0,35858801.0,35858801.0,24520042.0,24520042.0,24520042.0,24520042.0,24399767.0,24399767.0,24399767.0,24399767.0,13020917.0,8188121.0,3354330.0,3354330.0,3021935.0,3021935.0,3021935.0,3021935.0,3021935.0,3021935.0,3021935.0,3021935.0,3021935.0,3021935.0,3021935.0,3021935.0,3021935.0,3021935.0,3021935.0,3021935.0,3021935.0,3021935.0,3021935.0,3021935.0,3021935.0,3021935.0,3021935.0,3021935.0,3021935.0,3021935.0,3021935.0,3021935.0,2819743.0,2819743.0,2819743.0,2819743.0,2819743.0,2819743.0,2819743.0,2819743.0,2819743.0,2819743.0,2819743.0,2819743.0,2819743.0,2819743.0,2819743.0,2819743.0,2819743.0,2819743.0,2819743.0,2819731.0,2819731.0,2819731.0,2819731.0,2819731.0,2819731.0,2819731.0,2819731.0,2819731.0,2819731.0,2819731.0,2819731.0,2819731.0,2819731.0,2819731.0,2819731.0,2819731.0,2819731.0,2817517.0,2817517.0,2817517.0,2817517.0,2817517.0,2817517.0,2817517.0,2817517.0,2817517.0,2817517.0,2817517.0,2817517.0,2817517.0,2817517.0,2817517.0,2817517.0,2817517.0,2817517.0,2817517.0,2817517.0,2817517.0,2817486.0,2817486.0,2817486.0,2817486.0,2817486.0,2817486.0,2817486.0,2817486.0,2817486.0,2817486.0,2817486.0,2817486.0,2817486.0,2817486.0,2817486.0,2817486.0,2817486.0,2817486.0,2817475.0,2817475.0,2817475.0,2815180.0,2815180.0,2815180.0,2815180.0,2815180.0,2815180.0,2815180.0,2815180.0,2815180.0,2815180.0,2815180.0,2815180.0,2815180.0,2815180.0,2815180.0,2815146.0,2815146.0,2815146.0,2815146.0,2815146.0,2815146.0,2815146.0,2815146.0,2815146.0,2815146.0,2815146.0,2815146.0,2815146.0,2815146.0,2815146.0,2815146.0,2815146.0,2815146.0,2815146.0,2812843.0,2812843.0,2812843.0,2812843.0,2812843.0,2812843.0,2812843.0,2812843.0,2812843.0,2812843.0,2812843.0,2812843.0,2812843.0,2812843.0,2812843.0,2812843.0,2812813.0,2812813.0,2812813.0,2812813.0,2812813.0,2812813.0,2812813.0,2812813.0,2812813.0,2812813.0,2812813.0,2812813.0,2812813.0,2812813.0
tune_9,Testing/network-cor-forma_eu_27t.txt,0.05,0.05,0.03,50,3,0.9,0.02,pairwise,0,50,3575677.0,576.69,5902,0,46752337.0,45630672.0,45630672.0,26506717.0,26506717.0,26506717.0,9470712.0,9470712.0,9470712.0,6712392.0,3593527.0,2466881.0,2104074.0,2104074.0,2104074.0,2104074.0,2104074.0,2104074.0,2104074.0,2104074.0,2104074.0,2104074.0,2104074.0,2104074.0,2104074.0,2104074.0,2104074.0,2104074.0,2104074.0,2104074.0,2104074.0,2104074.0,2104074.0,2104074.0,2104074.0,2104074.0,2104074.0,2104074.0,2104074.0,2104074.0,2104074.0,2104074.0,2104074.0,2104074.0,2104074.0,2104074.0,2104074.0,2104074.0,2104074.0,2104074.0,2104074.0,2104074.0,2104074.0,2104074.0,2104074.0,2104074.0,2104074.0,2104074.0,2104074.0,2104074.0,2104021.0,2104021.0,2104021.0,2104021.0,2104021.0,2104021.0,2104021.0,2104021.0,2104021.0,2104021.0,2104021.0,2104021.0,2104021.0,2104021.0,2104021.0,2104021.0,2104021.0,2104021.0,2104021.0,2104021.0,2104021.0,2104021.0,2104021.0,2104021.0,2104021.0,2104021.0,2104021.0,2104021.0,2104021.0,2104021.0,2104021.0,2104021.0,2104021.0,2102054.0,2102054.0,2102054.0,2102054.0,2102054.0,2102054.0,2102054.0,2102054.0,2102054.0,2102054.0,2102054.0,2102054.0,2102054.0,2102054.0,2102054.0,2102054.0,2102054.0,2102054.0,2102054.0,2102054.0,2102054.0,2102054.0,2102054.0,2102051.0,2102051.0,2102038.0,2102038.0,2102038.0,2102038.0,2102038.0,2102038.0,2100101.0,2100101.0,2100101.0,2100101.0,2100101.0,2100101.0,2100101.0,2100101.0,2100101.0,2100095.0,2100095.0,2100095.0,2100095.0,2100095.0,2100095.0,2100095.0,2100095.0,2100095.0,2100095.0,2100095.0,2100095.0,2100094.0,2100094.0,2100092.0,2100092.0,2100092.0,2100092.0,2100092.0,2100092.0,2100092.0,2100092.0,2100092.0,2100092.0,2100092.0,2100092.0,2100092.0,2100092.0,2100092.0,2100092.0,2100092.0,2099839.0,2099839.0,2098127.0,2098127.0,2098127.0,2098127.0,2098127.0,2098127.0,2098127.0,2098127.0,2098127.0,2098127.0,2098127.0,2097889.0,2097889.0,2097889.0,2097889.0,2097889.0,2097889.0,2097889.0,2097889.0
tune_10,Testing/network-cor-forma_eu_27t.txt,0.05,0.05,0.03,50,3,0.9,0.02,pairwise,0,50,2700704.0,577.17,5951,0,49617003.0,49617003.0,38716912.0,31958068.0,31958068.0,31958068.0,31958068.0,31958068.0,31958068.0,31958068.0,26543100.0,26485333.0,4237669.0,4237669.0,3184654.0,2607564.0,2607564.0,2607564.0,2607564.0,2607564.0,2607564.0,2607564.0,2607564.0,2607564.0,2607564.0,2607564.0,2607564.0,2607564.0,2607564.0,2607564.0,2607564.0,2607564.0,2607564.0,2465515.0,2465515.0,2465515.0,2465515.0,2465515.0,2465515.0,2465515.0,2465515.0,2465515.0,2465515.0,2465515.0,2465515.0,2465515.0,2465515.0,2465515.0,2465515.0,2465515.0,2465515.0,2465515.0,2465515.0,2465515.0,2465515.0,2465443.0,2465443.0,2465443.0,2465443.0,2465443.0,2465443.0,2465443.0,2465443.0,2465443.0,2465443.0,2465443.0,2465443.0,2465443.0,2465443.0,2465443.0,2465443.0,2465443.0,2465418.0,2465418.0,2465418.0,2465418.0,2465418.0,2465418.0,2465418.0,2465418.0,2465418.0,2465418.0,2465418.0,2465418.0,2465418.0,2463271.0,2463271.0,2463271.0,2463271.0,2463271.0,2463271.0,2463271.0,2463271.0,2463271.0,2463271.0,2463271.0,2463271.0,2463271.0,2463271.0,2463271.0,2463271.0,2463271.0,2463271.0,2463271.0,2463271.0,2463271.0,2463271.0,2463271.0,2463271.0,2463271.0,2463271.0,2463271.0,2463271.0,2463271.0,2463271.0,2463271.0,2463271.0,2463271.0,2463271.0,2463271.0,2463271.0,2463271.0,2463271.0,2463271.0,2463271.0,2463271.0,2461100.0,2461100.0,2461100.0,2461100.0,2461100.0,2461100.0,2461100.0,2461100.0,2458930.0,2458930.0,2458930.0,2458930.0,2458930.0,2458930.0,2458930.0,2458930.0,2458930.0,2458930.0,2458930.0,2458930.0,2458930.0,2458930.0,2458930.0,2458930.0,2458930.0,2458930.0,2458924.0,2458924.0,2458924.0,2458760.0,2458760.0,2458760.0,2458760.0,2458760.0,2458760.0,2458760.0,2458760.0,2458760.0,2458760.0,2458760.0,2458760.0,2458760.0,2458760.0,2458760.0,2458760.0,2456591.0,2456591.0,2456591.0,2456591.0,2456591.0,2456591.0,2456591.0,2456591.0,2456591.0,2456591.0,2456591.0,2456591.0,2456591.0,2456591.0,2456591.0
tune_2,Testing/network-cor-forma_eu_27t.txt,0.05,0.05,0.03,50,3,0.9,0.02,pairwise,1,50,2772331.0,594.09,5886,0,70706686.0,70706686.0,69983130.0,69487254.0,47547976.0,38188876.0,32758434.0,32758434.0,27325120.0,27325120.0,26827960.0,24104987.0,13663210.0,1690809.0,1690809.0,1690809.0,1690809.0,1690809.0,1690809.0,1690809.0,1690809.0,1690809.0,1690809.0,1690809.0,1690809.0,1690809.0,1690809.0,1690809.0,1690809.0,1690809.0,1690809.0,1690809.0,1690809.0,1690809.0,1690809.0,1690809.0,1690809.0,1690809.0,1690809.0,1690809.0,1690809.0,1690809.0,1690809.0,1690809.0,1690809.0,1690809.0,1690809.0,1690809.0,1690809.0,1690809.0,1690809.0,1690809.0,1690809.0,1690809.0,1690809.0,1690809.0,1690809.0,1690809.0,1690809.0,1690809.0,1690809.0,1690809.0,1690809.0,1690809.0,1690809.0,1690809.0,1690809.0,1690809.0,1690809.0,1690809.0,1690809.0,1690809.0,1690809.0,1690809.0,1690809.0,1690809.0,1690809.0,1690809.0,1690809.0,1677109.0,1677109.0,1677109.0,1677109.0,1677109.0,1677109.0,1677109.0,1677109.0,1673661.0,1673661.0,1673661.0,1673661.0,1673661.0,1673661.0,1673661.0,1673661.0,1673661.0,1673661.0,1673661.0,1673661.0,1673661.0,1673661.0,1673661.0,1673661.0,1673661.0,1673661.0,1673661.0,1673661.0,1673661.0,1673661.0,1673661.0,1673661.0,1673661.0,1673661.0,1673657.0,1673657.0,1673657.0,1673657.0,1673657.0,1673657.0,1673657.0,1673657.0,1673657.0,1673657.0,1673657.0,1673657.0,1673657.0,1673657.0,1673657.0,1673657.0,1673657.0,1673657.0,1673657.0,1673657.0,1673657.0,1673657.0,1673657.0,1673657.0,1673657.0,1673657.0,1673657.0,1673657.0,1673657.0,1673657.0,1673657.0,1673657.0,1673657.0,1673657.0,1673657.0,1673657.0,1673657.0,1673657.0,1673657.0,1673657.0,1673657.0,1673568.0,1673568.0,1673568.0,1673568.0,1673568.0,1673568.0,1673568.0,1673568.0,1673568.0,1673568.0,1673568.0,1673568.0,1673568.0,1673568.0,1673568.0,1673568.0,1673568.0,1673568.0
tune_1,Testing/network-cor-forma_eu_27t.txt,0.05,0.05,0.03,50,3,0.9,0.02,pairwise,1,50,1568764.0,614.20,5902,0,48371972.0,48371972.0,48371972.0,44009017.0,44009017.0,44009017.0,37614824.0,37614824.0,37614824.0,37614824.0,37614824.0,37614824.0,37614824.0,37614824.0,26260017.0,19012006.0,8880230.0,5590769.0,5590769.0,5258019.0,4708618.0,3443508.0,3443508.0,2897794.0,2897794.0,2897794.0,2897794.0,2897794.0,2897794.0,2897794.0,2897794.0,2897794.0,2897794.0,2897794.0,2897794.0,2897794.0,2897794.0,2897794.0,2897794.0,2897794.0,2897794.0,2897794.0,2897794.0,2897794.0,2897794.0,2897794.0,2897794.0,2897794.0,2897794.0,2897794.0,2897794.0,2897794.0,2897794.0,2897794.0,2897794.0,2897794.0,2897794.0,2897794.0,2897794.0,2897794.0,2897794.0,2897794.0,2897794.0,2897794.0,2880901.0,2880901.0,2880901.0,2880901.0,2880901.0,2880901.0,2880901.0,2880901.0,2880901.0,2880901.0,2880901.0,2880901.0,2880901.0,2880901.0,2880901.0,2880901.0,2880901.0,2880901.0,2880901.0,2880901.0,2880901.0,2880901.0,2880901.0,2880901.0,2880901.0,2880901.0,2880901.0,2880901.0,2880901.0,2880901.0,2880901.0,2880901.0,2880901.0,2878497.0,2878497.0,2878497.0,2878497.0,2878497.0,2878497.0,2878497.0,2878497.0,2878497.0,2878497.0,2878497.0,2878497.0,2878497.0,2878497.0,2878497.0,2878497.0,2878497.0,2878497.0,2878497.0,2878450.0,2878450.0,2878450.0,2878450.0,2878450.0,2878450.0,2878450.0,2878450.0,2876158.0,2876158.0,2876158.0,2876158.0,2876158.0,2876158.0,2876158.0,2876158.0,2876158.0,2876158.0,2876158.0,2876158.0,2876158.0,2876158.0,2876158.0,2876091.0,2876091.0,2876091.0,2876091.0,2876091.0,2876091.0,2876091.0,2876091.0,2876091.0,2876091.0,2876091.0,2876091.0,2876091.0,2876091.0,2876091.0,2873728.0,2873728.0,2873728.0,2873728.0,2873728.0,2873728.0,2873728.0,2873728.0,2873728.0,2873728.0,2873690.0,2873690.0,2873690.0,2873690.0,2873690.0,2873690.0,2873690.0,2873690.0,2873690.0,2873689.0,2873689.0,1848468.0,1848468.0,1848468.0,1848468.0
tune_3,Testing/network-cor-forma_eu_27t.txt,0.05,0.05,0.03,50,3,0.9,0.02,pairwise,1,50,3919777.0,606.49,5991,0,69995483.0,68946300.0,36255274.0,36255274.0,36255274.0,30715489.0,30715489.0,25001689.0,25001689.0,25001689.0,24687162.0,24687162.0,23857576.0,8004807.0,6201838.0,4420274.0,3392024.0,3392024.0,3392024.0,3392024.0,3392024.0,3392024.0,3392024.0,3392024.0,3392024.0,3392024.0,3392024.0,3392024.0,3392024.0,3392024.0,3392024.0,3392024.0,3392024.0,3392024.0,3392024.0,3392024.0,3392024.0,3392024.0,3392024.0,3392024.0,3392024.0,3392024.0,3392024.0,3392024.0,3392024.0,3392024.0,3392024.0,3392024.0,3392024.0,3392024.0,3392024.0,3392024.0,3392024.0,3392024.0,3392024.0,3392024.0,3392024.0,3392024.0,3392024.0,3392024.0,3392024.0,3392024.0,3392024.0,3392024.0,3392024.0,3392024.0,3392024.0,3392024.0,3392024.0,3392024.0,3392024.0,3392024.0,3392024.0,3391268.0,3391268.0,3391268.0,3391268.0,3391268.0,3391268.0,3384691.0,3384691.0,3384691.0,3384691.0,3384691.0,3384691.0,3384691.0,3384691.0,3384691.0,3384691.0,3384691.0,3384691.0,3384691.0,3384691.0,3384691.0,3384691.0,3384691.0,3384691.0,3384691.0,3384691.0,3384691.0,3384691.0,3384691.0,3384691.0,3384691.0,3384691.0,3384614.0,3384614.0,3382125.0,3382125.0,3382125.0,3382125.0,3382125.0,3382125.0,3382125.0,3382125.0,3382125.0,3382125.0,3382125.0,3382125.0,3382125.0,3382125.0,3382125.0,3382125.0,3382125.0,3382125.0,3382125.0,3382125.0,3382125.0,3382125.0,3382125.0,3382125.0,3382125.0,3382125.0,3382125.0,3382125.0,3382125.0,3382125.0,3382125.0,3382125.0,3379574.0,3379574.0,3379574.0,3379574.0,3379574.0,3379574.0,3379574.0,3379574.0,3379574.0,3379574.0,3379574.0,3379574.0,3379566.0,3379566.0,3379566.0,3379566.0,3379566.0,3379566.0,3379566.0,3379566.0,3379566.0,3379566.0,3379566.0,3379566.0,3379566.0,3379566.0,3379566.0,3379566.0,3379566.0,3379566.0,3379566.0,3379566.0,5074402.0,5074402.0,5074402.0,5074402.0,5074402.0,5074402.0,5074402.0,5074402.0,5074402.0,5074402.0,5074369.0,5074369.0,5074369.0,5074369.0,5074369.0,5074369.0
tune_4,Testing/network-cor-forma_eu_27t.txt,0.05,0.05,0.03,50,3,0.9,0.02,pairwise,1,50,3655847.0,621.42,5894,0,48488188.0,48488188.0,48488188.0,47382996.0,36172680.0,32583716.0,32583716.0,31218529.0,31218529.0,31218529.0,26703612.0,26703612.0,10470117.0,8836672.0,5031610.0,2424534.0,2055786.0,2055786.0,2055786.0,2055786.0,2055786.0,2055786.0,2055786.0,2055786.0,2055786.0,2055786.0,1978494.0,1978494.0,1978494.0,1978494.0,1978494.0,1978494.0,1978494.0,1978494.0,1978494.0,1584343.0,1584343.0,1584343.0,1584343.0,1584343.0,1584343.0,1584343.0,1584343.0,1584343.0,1584343.0,1584343.0,1584343.0,1584343.0,1584343.0,1584343.0,1584343.0,1584343.0,1584343.0,1577742.0,1577742.0,1577742.0,1577742.0,1577742.0,1577742.0,1577742.0,1577742.0,1527162.0,1527162.0,1527162.0,1527162.0,1527162.0,1527162.0,1527162.0,1527162.0,1527162.0,1527162.0,1527162.0,1527162.0,1527162.0,1527162.0,1527162.0,1527162.0,1527162.0,1527162.0,1527162.0,1527162.0,1527162.0,1527162.0,1527162.0,1527162.0,1527162.0,1527162.0,1527162.0,1527162.0,1527162.0,1527162.0,1527162.0,1527162.0,1527162.0,1527162.0,1527162.0,1527162.0,1527162.0,1527162.0,1527162.0,1527162.0,1527162.0,1527162.0,1527162.0,1527162.0,1527162.0,1527162.0,1527162.0,1527162.0,1527067.0,1527067.0,1527067.0,1527067.0,1527067.0,1527067.0,1527067.0,1527067.0,1527067.0,1527067.0,1527025.0,1527025.0,1527025.0,1527025.0,1527025.0,1527025.0,1525423.0,1525423.0,1525423.0,1525423.0,1525423.0,1525423.0,1525423.0,1525423.0,1525423.0,1525423.0,1525423.0,1525423.0,1525423.0,1525395.0,1525395.0,1525395.0,1525395.0,1525395.0,1525395.0,1525395.0,1525395.0,1525395.0,1525395.0,1525395.0,1525395.0,1525395.0,1525395.0,1525395.0,1525395.0,1525395.0,1525395.0,1525395.0,1525395.0,1525395.0,1525395.0,1525395.0,1525395.0,1525395.0,1525395.0,1525395.0,1525395.0,1525373.0,1525373.0,1525373.0,1525373.0,1525336.0,1973385.0,1973385.0,1973385.0,1973385.0,1973385.0,1973385.0,1973385.0,1973385.0,1973385.0,1973385.0,1973385.0,1973385.0,1973385.0,1973385.0,1973385.0
tune_8,Testing/network-cor-forma_eu_27t.txt,0.05,0.05,0.03,50,3,0.9,0.02,pairwise,1,50,4088372.0,614.64,5987,0,48399965.0,46172582.0,35858801.0,35858801.0,24520042.0,24520042.0,24520042.0,24520042.0,24399767.0,24399767.0,24399767.0,24399767.0,13020917.0,8188121.0,3354330.0,3354330.0,3021935.0,3021935.0,3021935.0,3021935.0,3021935.0,3021935.0,3021935.0,3021935.0,3021935.0,3021935.0,3021935.0,3021935.0,3021935.0,3021935.0,3021935.0,3021935.0,3021935.0,3021935.0,3021935.0,3021935.0,3021935.0,3021935.0,3021935.0,3021935.0,3021935.0,3021935.0,3021935.0,3021935.0,2819743.0,2819743.0,2819743.0,2819743.0,2819743.0,2819743.0,2819743.0,2819743.0,2819743.0,2819743.0,2819743.0,2819743.0,2819743.0,2819743.0,2819743.0,2819743.0,2819743.0,2819743.0,2819743.0,2819731.0,2819731.0,2819731.0,2819731.0,2819731.0,2819731.0,2819731.0,2819731.0,2819731.0,2819731.0,2819731.0,2819731.0,2819731.0,2819731.0,2819731.0,2819731.0,2819731.0,2819731.0,2817517.0,2817517.0,2817517.0,2817517.0,2817517.0,2817517.0,2817517.0,2817517.0,2817517.0,2817517.0,2817517.0,2817517.0,2817517.0,2817517.0,2817517.0,2817517.0,2817517.0,2817517.0,2817517.0,2817517.0,2817517.0,2817486.0,2817486.0,2817486.0,2817486.0,2817486.0,2817486.0,2817486.0,2817486.0,2817486.0,2817486.0,2817486.0,2817486.0,2817486.0,2817486.0,2817486.0,2817486.0,2817486.0,2817486.0,2817475.0,2817475.0,2817475.0,2815180.0,2815180.0,2815180.0,2815180.0,2815180.0,2815180.0,2815180.0,2815180.0,2815180.0,2815180.0,2815180.0,2815180.0,2815180.0,2815180.0,2815180.0,2815146.0,2815146.0,2815146.0,2815146.0,2815146.0,2815146.0,2815146.0,2815146.0,2815146.0,2815146.0,2815146.0,2815146.0,2815146.0,2815146.0,2815146.0,2815146.0,2815146.0,2815146.0,2815146.0,2812843.0,2812843.0,2812843.0,2812843.0,2812843.0,2812843.0,2812843.0,2812843.0,2812843.0,2812843.0,2812843.0,2812843.0,2812843.0,2812843.0,2812843.0,2812843.0,2812813.0,2812813.0,2812813.0,2812813.0,2812813.0,2812813.0,2812813.0,2812813.0,2812813.0,2812813.0,2812813.0,2812813.0,2812813.0,2812813.0
tune_7,Testing/network-cor-forma_eu_27t.txt,0.05,0.05,0.03,50,3,0.9,0.02,pairwise,1,50,5168207.0,628.73,5927,-1
tune_9,Testing/network-cor-forma_eu_27t.txt,0.05,0.05,0.03,50,3,0.9,0.02,pairwise,1,50,3876602.0,614.96,5939,0,46752337.0,45630672.0,45630672.0,26506717.0,26506717.0,26506717.0,9470712.0,9470712.0,9470712.0,6712392.0,3593527.0,2466881.0,2104074.0,2104074.0,2104074.0,2104074.0,2104074.0,2104074.0,2104074.0,2104074.0,2104074.0,2104074.0,2104074.0,2104074.0,2104074.0,2104074.0,2104074.0,2104074.0,2104074.0,2104074.0,2104074.0,2104074.0,2104074.0,2104074.0,2104074.0,2104074.0,2104074.0,2104074.0,2104074.0,2104074.0,2104074.0,2104074.0,2104074.0,2104074.0,2104074.0,2104074.0,2104074.0,2104074.0,2104074.0,2104074.0,2104074.0,2104074.0,2104074.0,2104074.0,2104074.0,2104074.0,2104074.0,2104074.0,2104074.0,2104074.0,2104021.0,2104021.0,2104021.0,2104021.0,2104021.0,2104021.0,2104021.0,2104021.0,2104021.0,2104021.0,2104021.0,2104021.0,2104021.0,2104021.0,2104021.0,2104021.0,2104021.0,2104021.0,2104021.0,2104021.0,2104021.0,2104021.0,2104021.0,2104021.0,2104021.0,2104021.0,2104021.0,2104021.0,2104021.0,2104021.0,2104021.0,2104021.0,2104021.0,2102054.0,2102054.0,2102054.0,2102054.0,2102054.0,2102054.0,2102054.0,2102054.0,2102054.0,2102054.0,2102054.0,2102054.0,2102054.0,2102054.0,2102054.0,2102054.0,2102054.0,2102054.0,2102054.0,2102054.0,2102054.0,2102054.0,2102054.0,2102051.0,2102051.0,2102038.0,2102038.0,2102038.0,2102038.0,2102038.0,2102038.0,2100101.0,2100101.0,2100101.0,2100101.0,2100101.0,2100101.0,2100101.0,2100101.0,2100101.0,2100095.0,2100095.0,2100095.0,2100095.0,2100095.0,2100095.0,2100095.0,2100095.0,2100095.0,2100095.0,2100095.0,2100095.0,2100094.0,2100094.0,2100092.0,2100092.0,2100092.0,2100092.0,2100092.0,2100092.0,2100092.0,2100092.0,2100092.0,2100092.0,2100092.0,2100092.0,2100092.0,2100092.0,2100092.0,2100092.0,2100092.0,2099839.0,2099839.0,2098127.0,2098127.0,2098127.0,2098127.0,2098127.0,2098127.0,2098127.0,2098127.0,2098127.0,2098127.0,2098127.0,2097889.0,2097889.0,2097889.0,2097889.0,2097889.0,2097889.0,2097889.0,2097889.0
tune_1,Testing/network-cor-forma_eu_27t.txt,0.05,0.05,0.03,50,3,0.9,0.02,components,0,50,6584.0,592.03,5913,21,1433.0,1865.0,1900.0,2291.0,2291.0,2308.0,2308.0,2308.0,5771.0,5771.0,5771.0,5771.0,5782.0,6387.0,6387.0,6387.0,7179.0,7179.0,7179.0,7179.0,7179.0,7791.0,7791.0,7791.0,7791.0,7791.0,7791.0,7791.0,7791.0,7791.0,7791.0,7791.0,7791.0,7791.0,7791.0,7791.0,7791.0,7791.0,7791.0,7791.0,7791.0,7791.0,7791.0,7791.0,7791.0,7791.0,7791.0,7791.0,7791.0,7791.0,7791.0,7791.0,7791.0,7791.0,7791.0,7791.0,7791.0,7791.0,7791.0,7791.0,7791.0,7791.0,7791.0,7791.0,7791.0,7791.0,7791.0,7791.0,7791.0,7791.0,7791.0,7791.0,7791.0,7791.0,7791.0,7791.0,7791.0,7791.0,7791.0,7791.0,7791.0,7791.0,7791.0,7791.0,7791.0,7791.0,7791.0,7791.0,7791.0,7791.0,7791.0,7791.0,7791.0,7791.0,7791.0,7791.0,7791.0,7791.0,7791.0,7791.0,7791.0,7791.0,7791.0,7791.0,7791.0,7791.0,7791.0,7791.0,7791.0,7791.0,7791.0,7791.0,7791.0,7791.0,7791.0,7791.0,7791.0,7791.0,7791.0,7791.0,7791.0,7791.0,7791.0,7791.0,7791.0,7791.0,7791.0,7791.0,7791.0,7791.0,7791.0,7791.0,7791.0,7791.0,7791.0,7791.0,7791.0,7791.0,7791.0,7791.0,7791.0,7791.0,7791.0,7791.0,7791.0,7791.0,7791.0,7791.0,7791.0,7791.0,7791.0,7791.0,7791.0,7791.0,7791.0,7791.0,7791.0,7791.0,7791.0,7791.0,7791.0,7791.0,7791.0,7791.0,7791.0,7791.0,7791.0,7791.0,7791.0,7791.0,7791.0,7791.0,7791.0,7791.0,7791.0,7791.0,7791.0,7791.0,7791.0,7791.0,7791.0,7791.0,7791.0,7791.0,7791.0,7791.0,7791.0,7791.0,7791.0,7791.0,7791.0,7791.0,7791.0,7791.0,7791.0,7791.0,7791.0,7791.0,7791.0,7791.0
tune_10,Testing/network-cor-forma_eu_27t.txt,0.05,0.05,0.03,50,3,0.9,0.02,pairwise,1,50,2700704.0,618.11,5936,0,49617003.0,49617003.0,38716912.0,31958068.0,31958068.0,31958068.0,31958068.0,31958068.0,31958068.0,31958068.0,26543100.0,26485333.0,4237669.0,4237669.0,3184654.0,2607564.0,2607564.0,2607564.0,2607564.0,2607564.0,2607564.0,2607564.0,2607564.0,2607564.0,2607564.0,2607564.0,2607564.0,2607564.0,2607564.0,2607564.0,2607564.0,2607564.0,2607564.0,2465515.0,2465515.0,2465515.0,2465515.0,2465515.0,2465515.0,2465515.0,2465515.0,2465515.0,2465515.0,2465515.0,2465515.0,2465515.0,2465515.0,2465515.0,2465515.0,2465515.0,2465515.0,2465515.0,2465515.0,2465515.0,2465515.0,2465443.0,2465443.0,2465443.0,2465443.0,2465443.0,2465443.0,2465443.0,2465443.0,2465443.0,2465443.0,2465443.0,2465443.0,2465443.0,2465443.0,2465443.0,2465443.0,2465443.0,2465418.0,2465418.0,2465418.0,2465418.0,2465418.0,2465418.0,2465418.0,2465418.0,2465418.0,2465418.0,2465418.0,2465418.0,2465418.0,2463271.0,2463271.0,2463271.0,2463271.0,2463271.0,2463271.0,2463271.0,2463271.0,2463271.0,2463271.0,2463271.0,2463271.0,2463271.0,2463271.0,2463271.0,2463271.0,2463271.0,2463271.0,2463271.0,2463271.0,2463271.0,2463271.0,2463271.0,2463271.0,2463271.0,2463271.0,2463271.0,2463271.0,2463271.0,2463271.0,2463271.0,2463271.0,2463271.0,2463271.0,2463271.0,2463271.0,2463271.0,2463271.0,2463271.0,2463271.0,2463271.0,2461100.0,2461100.0,2461100.0,2461100.0,2461100.0,2461100.0,2461100.0,2461100.0,2458930.0,2458930.0,2458930.0,2458930.0,2458930.0,2458930.0,2458930.0,2458930.0,2458930.0,2458930.0,2458930.0,2458930.0,2458930.0,2458930.0,2458930.0,2458930.0,2458930.0,2458930.0,2458924.0,2458924.0,2458924.0,2458760.0,2458760.0,2458760.0,2458760.0,2458760.0,2458760.0,2458760.0,2458760.0,2458760.0,2458760.0,2458760.0,2458760.0,2458760.0,2458760.0,2458760.0,2458760.0,2456591.0,2456591.0,2456591.0,2456591.0,2456591.0,2456591.0,2456591.0,2456591.0,2456591.0,2456591.0,2456591.0,2456591.0,2456591.0,2456591.0,2456591.0
tune_2,Testing/network-cor-forma_eu_27t.txt,0.05,0.05,0.03,50,3,0.9,0.02,components,0,50,7213.0,603.45,5951,193,1679.0,1701.0,1789.0,1794.0,1960.0,1960.0,1960.0,2031.0,2031.0,2031.0,2031.0,2031.0,5736.0,5736.0,5756.0,5766.0,5766.0,5766.0,5770.0,5772.0,5780.0,5788.0,5794.0,5794.0,5810.0,5810.0,5810.0,5819.0,5828.0,5828.0,5828.0,5834.0,5839.0,5839.0,5842.0,5844.0,5848.0,5858.0,5858.0,5858.0,5858.0,5860.0,5863.0,5867.0,5871.0,5874.0,5874.0,5879.0,5879.0,5883.0,5885.0,5890.0,5890.0,5894.0,5896.0,5897.0,5897.0,5903.0,5904.0,5904.0,5905.0,5909.0,5909.0,5911.0,5913.0,5914.0,5914.0,5915.0,5915.0,5918.0,5920.0,5920.0,5921.0,5921.0,5923.0,5925.0,5926.0,5928.0,5928.0,5928.0,5929.0,5932.0,5932.0,5932.0,5933.0,5935.0,5935.0,5937.0,5937.0,5938.0,5938.0,5939.0,5939.0,5940.0,5940.0,5940.0,5940.0,5941.0,5941.0,5941.0,5942.0,5942.0,5942.0,5942.0,5942.0,5943.0,5943.0,5943.0,5944.0,5944.0,5944.0,5944.0,5944.0,5944.0,5944.0,5944.0,5944.0,5944.0,5944.0,5944.0,5944.0,5944.0,5944.0,5944.0,5944.0,5944.0,5944.0,5944.0,5944.0,5944.0,5944.0,5944.0,5944.0,5944.0,5944.0,5944.0,5944.0,5944.0,5944.0,5944.0,5944.0,5944.0,5944.0,5944.0,5944.0,5944.0,5944.0,5944.0,5944.0,5945.0,5945.0,5945.0,5945.0,5945.0,5945.0,5946.0,5946.0,5946.0,5946.0,5946.0,5946.0,5946.0,5946.0,5946.0,5946.0,5946.0,5946.0,5946.0,5946.0,5947.0,5947.0,5947.0,5947.0,5947.0,5947.0,5947.0,5947.0,5947.0,5947.0,5947.0,5947.0,5947.0,5947.0,5947.0,5947.0,5947.0,5947.0,5947.0,5947.0,5947.0,5947.0,5947.0,5947.0,5948.0,5948.0,5948.0,5948.0,5948.0,5948.0,5948.0
tune_3,Testing/network-cor-forma_eu_27t.txt,0.05,0.05,0.03,50,3,0.9,0.02,components,0,50,6752.0,593.36,5910,145,1450.0,2469.0,2469.0,2469.0,2469.0,2580.0,2580.0,2580.0,5780.0,5780.0,5784.0,6692.0,6692.0,7017.0,7017.0,7017.0,7017.0,7017.0,7725.0,7725.0,7725.0,7725.0,7725.0,7725.0,7725.0,7725.0,7725.0,7725.0,7725.0,7725.0,7725.0,7725.0,7725.0,7725.0,7725.0,7725.0,7725.0,7725.0,7725.0,7725.0,7725.0,7725.0,7725.0,7725.0,7725.0,7725.0,7725.0,7725.0,7725.0,7725.0,7725.0,7725.0,7725.0,7725.0,7725.0,7725.0,7725.0,7725.0,7725.0,7725.0,7725.0,7725.0,7725.0,7725.0,7725.0,7725.0,7725.0,7725.0,7725.0,7725.0,7725.0,7725.0,7725.0,7725.0,7725.0,7725.0,7725.0,7725.0,7725.0,7725.0,7725.0,7725.0,7725.0,7725.0,7725.0,7725.0,7725.0,7725.0,7725.0,7725.0,7725.0,7725.0,7725.0,7725.0,7725.0,7725.0,7725.0,7725.0,7725.0,7725.0,7725.0,7725.0,7725.0,7725.0,7725.0,7725.0,7725.0,7725.0,7725.0,7725.0,7725.0,7725.0,7725.0,7725.0,7725.0,7725.0,7725.0,7725.0,7725.0,7725.0,7725.0,7726.0,7726.0,7726.0,7735.0,7735.0,7735.0,7735.0,7735.0,7736.0,7736.0,7736.0,7736.0,7736.0,7736.0,7736.0,7736.0,7736.0,7736.0,7736.0,7736.0,7736.0,7736.0,7736.0,7736.0,7737.0,7737.0,7737.0,7737.0,7737.0,7737.0,7737.0,7737.0,7737.0,7737.0,7737.0,7737.0,7737.0,7737.0,7737.0,7737.0,7737.0,7737.0,7737.0,7737.0,7737.0,7737.0,7737.0,7737.0,7737.0,7737.0,7737.0,7737.0,7737.0,7737.0,7737.0,7737.0,7737.0,7737.0,7737.0,7737.0,7737.0,7737.0,7737.0,7737.0,7737.0,7737.0,7737.0,7737.0,7737.0,7737.0,7737.0,7737.0,7737.0,7737.0,7737.0,7737.0,7737.0,7737.0,7737.0
tune_5,Testing/network-cor-forma_eu_27t.txt,0.05,0.05,0.03,50,3,0.9,0.02,components,0,50,5883.0,587.43,5947,163,2199.0,2199.0,2199.0,2199.0,2304.0,2435.0,2435.0,5786.0,5786.0,5786.0,5786.0,5971.0,5971.0,5971.0,6737.0,6737.0,6737.0,6737.0,6737.0,6737.0,6737.0,6737.0,6737.0,6737.0,6737.0,6737.0,6737.0,6737.0,6737.0,6737.0,6737.0,6737.0,6737.0,6737.0,6737.0,6737.0,6737.0,6737.0,6737.0,6737.0,6737.0,6737.0,6737.0,6737.0,6737.0,6737.0,6737.0,6737.0,6737.0,6737.0,6737.0,6737.0,6737.0,6737.0,6737.0,6737.0,6737.0,6737.0,6737.0,6737.0,6737.0,6737.0,6737.0,6737.0,6737.0,6737.0,6737.0,6737.0,6737.0,6737.0,6737.0,6737.0,6737.0,6737.0,6737.0,6737.0,6737.0,6737.0,6737.0,6737.0,6737.0,6737.0,6737.0,6737.0,6737.0,6737.0,6737.0,6737.0,6737.0,6737.0,6737.0,6737.0,6737.0,6737.0,6737.0,6737.0,6737.0,6737.0,6737.0,6737.0,6737.0,6737.0,6737.0,6737.0,6737.0,6739.0,6739.0,6739.0,6739.0,6739.0,6739.0,6739.0,6739.0,6739.0,6739.0,6739.0,6739.0,6739.0,6739.0,6739.0,6739.0,6739.0,6739.0,6739.0,6739.0,6739.0,6739.0,6739.0,6739.0,6739.0,6739.0,6739.0,6739.0,6739.0,6739.0,6739.0,6739.0,6739.0,6739.0,6739.0,6739.0,6739.0,6739.0,6739.0,6739.0,6739.0,6739.0,6739.0,6740.0,6740.0,6740.0,6740.0,6740.0,6740.0,6740.0,6740.0,6740.0,6740.0,6740.0,6740.0,6740.0,6740.0,6740.0,6741.0,6741.0,6741.0,6741.0,6741.0,6741.0,6741.0,6741.0,6741.0,6741.0,6741.0,6741.0,6741.0,6741.0,6741.0,6741.0,6741.0,6741.0,6741.0,6741.0,6741.0,6741.0,6741.0,6741.0,6741.0,6741.0,6741.0,6741.0,6741.0,6741.0,6741.0,6741.0,6741.0,6741.0,6741.0,6741.0,6741.0,0.0
tune_4,Testing/network-cor-forma_eu_27t.txt,0.05,0.05,0.03,50,3,0.9,0.02,components,0,50,7621.0,611.57,5948,178,1458.0,1458.0,2209.0,2254.0,2446.0,2446.0,2446.0,2446.0,5771.0,5771.0,5792.0,6232.0,6746.0,7080.0,7080.0,7080.0,7080.0,7080.0,7080.0,7080.0,7080.0,7080.0,7080.0,7080.0,7080.0,7080.0,7080.0,7080.0,7080.0,7080.0,7080.0,7080.0,7080.0,7080.0,7080.0,7080.0,7080.0,7080.0,7080.0,7080.0,7080.0,7080.0,7080.0,7080.0,7080.0,7080.0,7080.0,7080.0,7080.0,7080.0,7080.0,7080.0,7080.0,7080.0,7080.0,7080.0,7080.0,7080.0,7080.0,7080.0,7080.0,7080.0,7080.0,7080.0,7080.0,7080.0,7080.0,7080.0,7080.0,7080.0,7080.0,7080.0,7080.0,7080.0,7080.0,7080.0,7080.0,7080.0,7096.0,7096.0,7096.0,7096.0,7096.0,7096.0,7096.0,7096.0,7096.0,7096.0,7096.0,7096.0,7096.0,7096.0,7096.0,7096.0,7096.0,7096.0,7096.0,7096.0,7096.0,7096.0,7096.0,7096.0,7096.0,7096.0,7096.0,7096.0,7096.0,7096.0,7096.0,7096.0,7096.0,7096.0,7096.0,7096.0,7096.0,7096.0,7096.0,7096.0,7096.0,7096.0,7096.0,7096.0,7096.0,7096.0,7096.0,7096.0,7096.0,7096.0,7096.0,7096.0,7096.0,7096.0,7096.0,7096.0,7096.0,7096.0,7096.0,7096.0,7096.0,7096.0,7096.0,7096.0,7096.0,7096.0,7096.0,7096.0,7096.0,7096.0,7096.0,7096.0,7096.0,7096.0,7096.0,7096.0,7096.0,7096.0,7096.0,7096.0,7096.0,7096.0,7096.0,7096.0,7096.0,7096.0,7096.0,7096.0,7097.0,7097.0,7097.0,7097.0,7097.0,7097.0,7097.0,7097.0,7097.0,7097.0,7097.0,7097.0,7099.0,7099.0,7099.0,7099.0,7099.0,7099.0,7099.0,7099.0,7099.0,7099.0,7099.0,7099.0,7099.0,7099.0,7099.0,7099.0,7099.0,7099.0,7099.0,7099.0,7099.0,7099.0
tune_6,Testing/network-cor-forma_eu_27t.txt,0.05,0.05,0.03,50,3,0.9,0.02,components,0,50,6688.0,592.49,5938,172,1515.0,1515.0,1580.0,1580.0,1991.0,1991.0,2325.0,2325.0,2325.0,2325.0,5773.0,5791.0,5791.0,5791.0,5791.0,5796.0,5796.0,5796.0,5797.0,5813.0,5813.0,5813.0,5816.0,5817.0,5828.0,5828.0,5837.0,5837.0,5840.0,5841.0,5841.0,5850.0,5850.0,5853.0,5856.0,5856.0,5858.0,5868.0,5868.0,5868.0,5869.0,5876.0,5877.0,5881.0,5881.0,5882.0,5883.0,5884.0,5890.0,5890.0,5894.0,5894.0,5894.0,5896.0,5897.0,5901.0,5901.0,5902.0,5903.0,5905.0,5906.0,5908.0,5908.0,5908.0,5912.0,5912.0,5912.0,5913.0,5916.0,5916.0,5917.0,5920.0,5920.0,5920.0,5921.0,5921.0,5922.0,5923.0,5923.0,5924.0,5925.0,5925.0,5925.0,5925.0,5926.0,5926.0,5927.0,5927.0,5927.0,5927.0,5927.0,5928.0,5928.0,5928.0,5928.0,5928.0,5928.0,5928.0,5928.0,5928.0,5928.0,5928.0,5928.0,5928.0,5928.0,5928.0,5928.0,5928.0,5928.0,5928.0,5928.0,5928.0,5928.0,5928.0,5928.0,5928.0,5928.0,5929.0,5929.0,5929.0,5929.0,5929.0,5930.0,5930.0,5930.0,5930.0,5930.0,5930.0,5930.0,5930.0,5930.0,5931.0,5931.0,5931.0,5931.0,5931.0,5931.0,5931.0,5931.0,5931.0,5931.0,5933.0,5933.0,5933.0,5933.0,5933.0,5933.0,5933.0,5933.0,5933.0,5933.0,5934.0,5934.0,5934.0,5934.0,5934.0,5934.0,5934.0,5934.0,5934.0,5934.0,5934.0,5934.0,5934.0,5934.0,5934.0,5934.0,5934.0,5934.0,5934.0,5934.0,5934.0,5935.0,5935.0,5935.0,5935.0,5935.0,5935.0,5935.0,5935.0,5935.0,5935.0,5935.0,5935.0,5935.0,5935.0,5935.0,5935.0,5935.0,5935.0,5935.0,5935.0,5935.0,5935.0,5935.0,5935.0,5935.0,5935.0,5935.0,5935.0,0.0
tune_7,Testing/network-cor-forma_eu_27t.txt,0.05,0.05,0.03,50,3,0.9,0.02,components,0,50,7640.0,595.41,5899,199,1776.0,1828.0,2263.0,2263.0,2540.0,2540.0,5777.0,5784.0,5789.0,5915.0,6057.0,6057.0,6700.0,6983.0,7042.0,7042.0,7042.0,7042.0,7042.0,7042.0,7042.0,7042.0,7042.0,7042.0,7042.0,7042.0,7042.0,7042.0,7042.0,7042.0,7042.0,7042.0,7042.0,7042.0,7042.0,7042.0,7042.0,7042.0,7042.0,7042.0,7042.0,7042.0,7042.0,7042.0,7042.0,7042.0,7042.0,7042.0,7042.0,7042.0,7042.0,7042.0,7042.0,7042.0,7042.0,7042.0,7042.0,7042.0,7042.0,7042.0,7042.0,7042.0,7042.0,7042.0,7042.0,7042.0,7042.0,7042.0,7042.0,7042.0,7042.0,7042.0,7042.0,7042.0,7042.0,7042.0,7042.0,7042.0,7042.0,7042.0,7042.0,7042.0,7042.0,7042.0,7042.0,7042.0,7042.0,7042.0,7042.0,7042.0,7086.0,7086.0,7086.0,7086.0,7086.0,7086.0,7086.0,7086.0,7086.0,7086.0,7086.0,7086.0,7086.0,7086.0,7086.0,7086.0,7086.0,7086.0,7086.0,7086.0,7086.0,7086.0,7086.0,7087.0,7087.0,7087.0,7087.0,7087.0,7087.0,7087.0,7087.0,7087.0,7087.0,7087.0,7087.0,7087.0,7087.0,7087.0,7087.0,7087.0,7087.0,7087.0,7087.0,7087.0,7087.0,7087.0,7087.0,7087.0,7087.0,7087.0,7087.0,7087.0,7087.0,7087.0,7087.0,7087.0,7087.0,7087.0,7087.0,7087.0,7087.0,7087.0,7087.0,7087.0,7087.0,7087.0,7087.0,7087.0,7087.0,7087.0,7087.0,7087.0,7087.0,7087.0,7087.0,7087.0,7087.0,7088.0,7088.0,7088.0,7088.0,7088.0,7088.0,7088.0,7088.0,7088.0,7088.0,7088.0,7088.0,7088.0,7088.0,7089.0,7089.0,7089.0,7089.0,7089.0,7089.0,7089.0,7089.0,7089.0,7089.0,7089.0,7089.0,7089.0,7089.0,7089.0,7089.0,7089.0,7089.0,7095.0
tune_8,Testing/network-cor-forma_eu_27t.txt,0.05,0.05,0.03,50,3,0.9,0.02,components,0,50,6873.0,609.88,5949,177,1570.0,1570.0,2469.0,2469.0,2469.0,2568.0,2792.0,5784.0,5876.0,6141.0,6438.0,6438.0,6438.0,7128.0,7128.0,7128.0,7128.0,7128.0,7128.0,7128.0,7128.0,7128.0,7128.0,7128.0,7128.0,7128.0,7128.0,7128.0,7128.0,7128.0,7128.0,7128.0,7128.0,7128.0,7128.0,7128.0,7128.0,7128.0,7128.0,7128.0,7128.0,7128.0,7128.0,7128.0,7128.0,7128.0,7128.0,7128.0,7128.0,7128.0,7128.0,7128.0,7128.0,7128.0,7128.0,7128.0,7128.0,7128.0,7128.0,7128.0,7128.0,7128.0,7128.0,7128.0,7128.0,7128.0,7128.0,7128.0,7128.0,7128.0,7128.0,7128.0,7128.0,7128.0,7128.0,7128.0,7128.0,7128.0,7128.0,7128.0,7128.0,7128.0,7128.0,7128.0,7128.0,7128.0,7128.0,7128.0,7128.0,7128.0,7128.0,7128.0,7128.0,7128.0,7128.0,7128.0,7128.0,7128.0,7128.0,7128.0,7128.0,7128.0,7128.0,7128.0,7128.0,7128.0,7128.0,7128.0,7128.0,7128.0,7128.0,7128.0,7128.0,7128.0,7128.0,7128.0,7128.0,7128.0,7128.0,7128.0,7128.0,7128.0,7128.0,7128.0,7128.0,7128.0,7128.0,7128.0,7128.0,7128.0,7128.0,7128.0,7128.0,7128.0,7128.0,7128.0,7128.0,7128.0,7128.0,7128.0,7128.0,7128.0,7128.0,7128.0,7128.0,7128.0,7128.0,7128.0,7128.0,7128.0,7128.0,7128.0,7128.0,7128.0,7128.0,7128.0,7128.0,7128.0,7128.0,7128.0,7128.0,7128.0,7128.0,7128.0,7128.0,7128.0,7128.0,7128.0,7128.0,7128.0,7128.0,7128.0,7128.0,7128.0,7128.0,7128.0,7128.0,7129.0,7129.0,7129.0,7129.0,7129.0,7129.0,7129.0,7129.0,7129.0,7129.0,7129.0,7129.0,7129.0,7129.0,7129.0,7129.0,7129.0,7129.0,7129.0,7129.0,7129.0,7129.0,7129.0
tune_9,Testing/network-cor-forma_eu_27t.txt,0.05,0.05,0.03,50,3,0.9,0.02,components,0,50,5859.0,587.50,5909,195,1938.0,2009.0,2114.0,2481.0,2481.0,2532.0,5777.0,5779.0,6131.0,6131.0,6438.0,7007.0,7007.0,7540.0,7540.0,7540.0,7540.0,7540.0,7540.0,7540.0,7540.0,7540.0,7540.0,7540.0,7540.0,7540.0,7540.0,7540.0,7540.0,7540.0,7540.0,7540.0,7540.0,7540.0,7540.0,7540.0,7540.0,7540.0,7540.0,7540.0,7540.0,7540.0,7540.0,7540.0,7540.0,7540.0,7540.0,7540.0,7540.0,7540.0,7540.0,7540.0,7540.0,7540.0,7540.0,7540.0,7540.0,7540.0,7540.0,7540.0,7540.0,7540.0,7540.0,7540.0,7540.0,7540.0,7540.0,7540.0,7540.0,7540.0,7540.0,7540.0,7540.0,7540.0,7540.0,7540.0,7540.0,7540.0,7540.0,7540.0,7540.0,7540.0,7540.0,7540.0,7540.0,7540.0,7540.0,7540.0,7540.0,7540.0,7540.0,7540.0,7540.0,7540.0,7540.0,7540.0,7540.0,7540.0,7540.0,7540.0,7540.0,7540.0,7540.0,7540.0,7540.0,7540.0,7540.0,7540.0,7540.0,7540.0,7540.0,7540.0,7540.0,7540.0,7540.0,7540.0,7540.0,7540.0,7540.0,7540.0,7540.0,7540.0,7541.0,7541.0,7541.0,7541.0,7541.0,7541.0,7541.0,7541.0,7541.0,7542.0,7542.0,7542.0,7542.0,7542.0,7542.0,7542.0,7542.0,7542.0,7542.0,7542.0,7542.0,7542.0,7542.0,7542.0,7542.0,7542.0,7542.0,7542.0,7542.0,7542.0,7542.0,7542.0,7542.0,7542.0,7542.0,7542.0,7542.0,7542.0,7542.0,7542.0,7542.0,7542.0,7542.0,7542.0,7542.0,7542.0,7542.0,7542.0,7542.0,7542.0,7542.0,7542.0,7542.0,7542.0,7542.0,7542.0,7542.0,7542.0,7542.0,7542.0,7542.0,7542.0,7542.0,7542.0,7542.0,7542.0,7542.0,7542.0,7542.0,7542.0,7542.0,7542.0,7542.0,7543.0,7543.0,7543.0,7543.0,7543.0,0.0
tune_10,Testing/network-cor-forma_eu_27t.txt,0.05,0.05,0.03,50,3,0.9,0.02,components,0,50,5837.0,597.70,5961,195,1550.0,1550.0,1624.0,1677.0,1677.0,1712.0,1756.0,5778.0,5778.0,5778.0,5781.0,5781.0,5781.0,5781.0,5784.0,5790.0,5795.0,5806.0,5806.0,5810.0,5817.0,5823.0,5823.0,5832.0,5832.0,5837.0,5839.0,5840.0,5844.0,5851.0,5860.0,5860.0,5861.0,5861.0,5864.0,5865.0,5865.0,5872.0,5875.0,5880.0,5880.0,5880.0,5885.0,5885.0,5887.0,5889.0,5893.0,5893.0,5893.0,5894.0,5896.0,5896.0,5897.0,5899.0,5900.0,5904.0,5904.0,5908.0,5909.0,5909.0,5909.0,5910.0,5913.0,5913.0,5914.0,5917.0,5917.0,5918.0,5921.0,5921.0,5921.0,5921.0,5922.0,5922.0,5923.0,5923.0,5926.0,5926.0,5926.0,5926.0,5928.0,5928.0,5928.0,5928.0,5929.0,5930.0,5930.0,5930.0,5930.0,5930.0,5930.0,5930.0,5930.0,5930.0,5930.0,5930.0,5930.0,5930.0,5930.0,5930.0,5930.0,5930.0,5930.0,5930.0,5930.0,5930.0,5930.0,5930.0,5930.0,5930.0,5930.0,5930.0,5930.0,5931.0,5931.0,5931.0,5933.0,5933.0,5933.0,5933.0,5933.0,5933.0,5933.0,5933.0,5933.0,5933.0,5933.0,5933.0,5933.0,5933.0,5933.0,5933.0,5933.0,5933.0,5933.0,5933.0,5933.0,5933.0,5933.0,5933.0,5933.0,5933.0,5933.0,5933.0,5933.0,5934.0,5934.0,5934.0,5934.0,5934.0,5934.0,5934.0,5934.0,5934.0,5934.0,5934.0,5934.0,5934.0,5934.0,5934.0,5934.0,5934.0,5934.0,5934.0,5934.0,5934.0,5934.0,5934.0,5934.0,5934.0,5934.0,5934.0,5934.0,5934.0,5934.0,5934.0,5934.0,5934.0,5934.0,5934.0,5934.0,5934.0,5934.0,5934.0,5934.0,5934.0,5934.0,5934.0,5934.0,5934.0,5934.0,5935.0,5935.0,5935.0,5935.0,5936.0,5936.0,5936.0,5936.0,5936.0
tune_1,Testing/network-cor-forma_eu_27t.txt,0.05,0.05,0.03,50,3,0.9,0.02,components,1,50,7368.0,634.17,5942,21,1433.0,1865.0,1900.0,2291.0,2291.0,2308.0,2308.0,2308.0,5771.0,5771.0,5771.0,5771.0,5782.0,6387.0,6387.0,6387.0,7179.0,7179.0,7179.0,7179.0,7179.0,7791.0,7791.0,7791.0,7791.0,7791.0,7791.0,7791.0,7791.0,7791.0,7791.0,7791.0,7791.0,7791.0,7791.0,7791.0,7791.0,7791.0,7791.0,7791.0,7791.0,7791.0,7791.0,7791.0,7791.0,7791.0,7791.0,7791.0,7791.0,7791.0,7791.0,7791.0,7791.0,7791.0,7791.0,7791.0,7791.0,7791.0,7791.0,7791.0,7791.0,7791.0,7791.0,7791.0,7791.0,7791.0,7791.0,7791.0,7791.0,7791.0,7791.0,7791.0,7791.0,7791.0,7791.0,7791.0,7791.0,7791.0,7791.0,7791.0,7791.0,7791.0,7791.0,7791.0,7791.0,7791.0,7791.0,7791.0,7791.0,7791.0,7791.0,7791.0,7791.0,7791.0,7791.0,7791.0,7791.0,7791.0,7791.0,7791.0,7791.0,7791.0,7791.0,7791.0,7791.0,7791.0,7791.0,7791.0,7791.0,7791.0,7791.0,7791.0,7791.0,7791.0,7791.0,7791.0,7791.0,7791.0,7791.0,7791.0,7791.0,7791.0,7791.0,7791.0,7791.0,7791.0,7791.0,7791.0,7791.0,7791.0,7791.0,7791.0,7791.0,7791.0,7791.0,7791.0,7791.0,7791.0,7791.0,7791.0,7791.0,7791.0,7791.0,7791.0,7791.0,7791.0,7791.0,7791.0,7791.0,7791.0,7791.0,7791.0,7791.0,7791.0,7791.0,7791.0,7791.0,7791.0,7791.0,7791.0,7791.0,7791.0,7791.0,7791.0,7791.0,7791.0,7791.0,7791.0,7791.0,7791.0,7791.0,7791.0,7791.0,7791.0,7791.0,7791.0,7791.0,7791.0,7791.0,7791.0,7791.0,7791.0,7791.0,7791.0,7791.0,7791.0,7791.0,7791.0,7791.0,7791.0,7791.0,7791.0,7791.0,7791.0,7791.0,7791.0,7791.0,7791.0,7791.0,7791.0
tune_4,Testing/network-cor-forma_eu_27t.txt,0.05,0.05,0.03,50,3,0.9,0.02,components,1,50,6024.0,585.40,5900,178,1458.0,1458.0,2209.0,2254.0,2446.0,2446.0,2446.0,2446.0,5771.0,5771.0,5792.0,6232.0,6746.0,7080.0,7080.0,7080.0,7080.0,7080.0,7080.0,7080.0,7080.0,7080.0,7080.0,7080.0,7080.0,7080.0,7080.0,7080.0,7080.0,7080.0,7080.0,7080.0,7080.0,7080.0,7080.0,7080.0,7080.0,7080.0,7080.0,7080.0,7080.0,7080.0,7080.0,7080.0,7080.0,7080.0,7080.0,7080.0,7080.0,7080.0,7080.0,7080.0,7080.0,7080.0,7080.0,7080.0,7080.0,7080.0,7080.0,7080.0,7080.0,7080.0,7080.0,7080.0,7080.0,7080.0,7080.0,7080.0,7080.0,7080.0,7080.0,7080.0,7080.0,7080.0,7080.0,7080.0,7080.0,7080.0,7096.0,7096.0,7096.0,7096.0,7096.0,7096.0,7096.0,7096.0,7096.0,7096.0,7096.0,7096.0,7096.0,7096.0,7096.0,7096.0,7096.0,7096.0,7096.0,7096.0,7096.0,7096.0,7096.0,7096.0,7096.0,7096.0,7096.0,7096.0,7096.0,7096.0,7096.0,7096.0,7096.0,7096.0,7096.0,7096.0,7096.0,7096.0,7096.0,7096.0,7096.0,7096.0,7096.0,7096.0,7096.0,7096.0,7096.0,7096.0,7096.0,7096.0,7096.0,7096.0,7096.0,7096.0,7096.0,7096.0,7096.0,7096.0,7096.0,7096.0,7096.0,7096.0,7096.0,7096.0,7096.0,7096.0,7096.0,7096.0,7096.0,7096.0,7096.0,7096.0,7096.0,7096.0,7096.0,7096.0,7096.0,7096.0,7096.0,7096.0,7096.0,7096.0,7096.0,7096.0,7096.0,7096.0,7096.0,7096.0,7097.0,7097.0,7097.0,7097.0,7097.0,7097.0,7097.0,7097.0,7097.0,7097.0,7097.0,7097.0,7099.0,7099.0,7099.0,7099.0,7099.0,7099.0,7099.0,7099.0,7099.0,7099.0,7099.0,7099.0,7099.0,7099.0,7099.0,7099.0,7099.0,7099.0,7099.0,7099.0,7099.0,7099.0
tune_3,Testing/network-cor-forma_eu_27t.txt,0.05,0.05,0.03,50,3,0.9,0.02,components,1,50,5986.0,605.99,5960,145,1450.0,2469.0,2469.0,2469.0,2469.0,2580.0,2580.0,2580.0,5780.0,5780.0,5784.0,6692.0,6692.0,7017.0,7017.0,7017.0,7017.0,7017.0,7725.0,7725.0,7725.0,7725.0,7725.0,7725.0,7725.0,7725.0,7725.0,7725.0,7725.0,7725.0,7725.0,7725.0,7725.0,7725.0,7725.0,7725.0,7725.0,7725.0,7725.0,7725.0,7725.0,7725.0,7725.0,7725.0,7725.0,7725.0,7725.0,7725.0,7725.0,7725.0,7725.0,7725.0,7725.0,7725.0,7725.0,7725.0,7725.0,7725.0,7725.0,7725.0,7725.0,7725.0,7725.0,7725.0,7725.0,7725.0,7725.0,7725.0,7725.0,7725.0,7725.0,7725.0,7725.0,7725.0,7725.0,7725.0,7725.0,7725.0,7725.0,7725.0,7725.0,7725.0,7725.0,7725.0,7725.0,7725.0,7725.0,7725.0,7725.0,7725.0,7725.0,7725.0,7725.0,7725.0,7725.0,7725.0,7725.0,7725.0,7725.0,7725.0,7725.0,7725.0,7725.0,7725.0,7725.0,7725.0,7725.0,7725.0,7725.0,7725.0,7725.0,7725.0,7725.0,7725.0,7725.0,7725.0,7725.0,7725.0,7725.0,7725.0,7725.0,7726.0,7726.0,7726.0,7735.0,7735.0,7735.0,7735.0,7735.0,7736.0,7736.0,7736.0,7736.0,7736.0,7736.0,7736.0,7736.0,7736.0,7736.0,7736.0,7736.0,7736.0,7736.0,7736.0,7736.0,7737.0,7737.0,7737.0,7737.0,7737.0,7737.0,7737.0,7737.0,7737.0,7737.0,7737.0,7737.0,7737.0,7737.0,7737.0,7737.0,7737.0,7737.0,7737.0,7737.0,7737.0,7737.0,7737.0,7737.0,7737.0,7737.0,7737.0,7737.0,7737.0,7737.0,7737.0,7737.0,7737.0,7737.0,7737.0,7737.0,7737.0,7737.0,7737.0,7737.0,7737.0,7737.0,7737.0,7737.0,7737.0,7737.0,7737.0,7737.0,7737.0,7737.0,7737.0,7737.0,7737.0,7737.0,7737.0
tune_2,Testing/network-cor-forma_eu_27t.txt,0.05,0.05,0.03,50,3,0.9,0.02,components,1,50,7213.0,630.06,5932,193,1679.0,1701.0,1789.0,1794.0,1960.0,1960.0,1960.0,2031.0,2031.0,2031.0,2031.0,2031.0,5736.0,5736.0,5756.0,5766.0,5766.0,5766.0,5770.0,5772.0,5780.0,5788.0,5794.0,5794.0,5810.0,5810.0,5810.0,5819.0,5828.0,5828.0,5828.0,5834.0,5839.0,5839.0,5842.0,5844.0,5848.0,5858.0,5858.0,5858.0,5858.0,5860.0,5863.0,5867.0,5871.0,5874.0,5874.0,5879.0,5879.0,5883.0,5885.0,5890.0,5890.0,5894.0,5896.0,5897.0,5897.0,5903.0,5904.0,5904.0,5905.0,5909.0,5909.0,5911.0,5913.0,5914.0,5914.0,5915.0,5915.0,5918.0,5920.0,5920.0,5921.0,5921.0,5923.0,5925.0,5926.0,5928.0,5928.0,5928.0,5929.0,5932.0,5932.0,5932.0,5933.0,5935.0,5935.0,5937.0,5937.0,5938.0,5938.0,5939.0,5939.0,5940.0,5940.0,5940.0,5940.0,5941.0,5941.0,5941.0,5942.0,5942.0,5942.0,5942.0,5942.0,5943.0,5943.0,5943.0,5944.0,5944.0,5944.0,5944.0,5944.0,5944.0,5944.0,5944.0,5944.0,5944.0,5944.0,5944.0,5944.0,5944.0,5944.0,5944.0,5944.0,5944.0,5944.0,5944.0,5944.0,5944.0,5944.0,5944.0,5944.0,5944.0,5944.0,5944.0,5944.0,5944.0,5944.0,5944.0,5944.0,5944.0,5944.0,5944.0,5944.0,5944.0,5944.0,5944.0,5944.0,5945.0,5945.0,5945.0,5945.0,5945.0,5945.0,5946.0,5946.0,5946.0,5946.0,5946.0,5946.0,5946.0,5946.0,5946.0,5946.0,5946.0,5946.0,5946.0,5946.0,5947.0,5947.0,5947.0,5947.0,5947.0,5947.0,5947.0,5947.0,5947.0,5947.0,5947.0,5947.0,5947.0,5947.0,5947.0,5947.0,5947.0,5947.0,5947.0,5947.0,5947.0,5947.0,5947.0,5947.0,5948.0,5948.0,5948.0,5948.0,5948.0,5948.0,5948.0
tune_8,Testing/network-cor-forma_eu_27t.txt,0.05,0.05,0.03,50,3,0.9,0.02,components,1,50,6018.0,619.54,5917,177,1570.0,1570.0,2469.0,2469.0,2469.0,2568.0,2792.0,5784.0,5876.0,6141.0,6438.0,6438.0,6438.0,7128.0,7128.0,7128.0,7128.0,7128.0,7128.0,7128.0,7128.0,7128.0,7128.0,7128.0,7128.0,7128.0,7128.0,7128.0,7128.0,7128.0,7128.0,7128.0,7128.0,7128.0,7128.0,7128.0,7128.0,7128.0,7128.0,7128.0,7128.0,7128.0,7128.0,7128.0,7128.0,7128.0,7128.0,7128.0,7128.0,7128.0,7128.0,7128.0,7128.0,7128.0,7128.0,7128.0,7128.0,7128.0,7128.0,7128.0,7128.0,7128.0,7128.0,7128.0,7128.0,7128.0,7128.0,7128.0,7128.0,7128.0,7128.0,7128.0,7128.0,7128.0,7128.0,7128.0,7128.0,7128.0,7128.0,7128.0,7128.0,7128.0,7128.0,7128.0,7128.0,7128.0,7128.0,7128.0,7128.0,7128.0,7128.0,7128.0,7128.0,7128.0,7128.0,7128.0,7128.0,7128.0,7128.0,7128.0,7128.0,7128.0,7128.0,7128.0,7128.0,7128.0,7128.0,7128.0,7128.0,7128.0,7128.0,7128.0,7128.0,7128.0,7128.0,7128.0,7128.0,7128.0,7128.0,7128.0,7128.0,7128.0,7128.0,7128.0,7128.0,7128.0,7128.0,7128.0,7128.0,7128.0,7128.0,7128.0,7128.0,7128.0,7128.0,7128.0,7128.0,7128.0,7128.0,7128.0,7128.0,7128.0,7128.0,7128.0,7128.0,7128.0,7128.0,7128.0,7128.0,7128.0,7128.0,7128.0,7128.0,7128.0,7128.0,7128.0,7128.0,7128.0,7128.0,7128.0,7128.0,7128.0,7128.0,7128.0,7128.0,7128.0,7128.0,7128.0,7128.0,7128.0,7128.0,7128.0,7128.0,7128.0,7128.0,7128.0,7128.0,7129.0,7129.0,7129.0,7129.0,7129.0,7129.0,7129.0,7129.0,7129.0,7129.0,7129.0,7129.0,7129.0,7129.0,7129.0,7129.0,7129.0,7129.0,7129.0,7129.0,7129.0,7129.0,7129.0
tune_7,Testing/network-cor-forma_eu_27t.txt,0.05,0.05,0.03,50,3,0.9,0.02,components,1,50,7736.0,630.25,5987,199,1776.0,1828.0,2263.0,2263.0,2540.0,2540.0,5777.0,5784.0,5789.0,5915.0,6057.0,6057.0,6700.0,6983.0,7042.0,7042.0,7042.0,7042.0,7042.0,7042.0,7042.0,7042.0,7042.0,7042.0,7042.0,7042.0,7042.0,7042.0,7042.0,7042.0,7042.0,7042.0,7042.0,7042.0,7042.0,7042.0,7042.0,7042.0,7042.0,7042.0,7042.0,7042.0,7042.0,7042.0,7042.0,7042.0,7042.0,7042.0,7042.0,7042.0,7042.0,7042.0,7042.0,7042.0,7042.0,7042.0,7042.0,7042.0,7042.0,7042.0,7042.0,7042.0,7042.0,7042.0,7042.0,7042.0,7042.0,7042.0,7042.0,7042.0,7042.0,7042.0,7042.0,7042.0,7042.0,7042.0,7042.0,7042.0,7042.0,7042.0,7042.0,7042.0,7042.0,7042.0,7042.0,7042.0,7042.0,7042.0,7042.0,7042.0,7086.0,7086.0,7086.0,7086.0,7086.0,7086.0,7086.0,7086.0,7086.0,7086.0,7086.0,7086.0,7086.0,7086.0,7086.0,7086.0,7086.0,7086.0,7086.0,7086.0,7086.0,7086.0,7086.0,7087.0,7087.0,7087.0,7087.0,7087.0,7087.0,7087.0,7087.0,7087.0,7087.0,7087.0,7087.0,7087.0,7087.0,7087.0,7087.0,7087.0,7087.0,7087.0,7087.0,7087.0,7087.0,7087.0,7087.0,7087.0,7087.0,7087.0,7087.0,7087.0,7087.0,7087.0,7087.0,7087.0,7087.0,7087.0,7087.0,7087.0,7087.0,7087.0,7087.0,7087.0,7087.0,7087.0,7087.0,7087.0,7087.0,7087.0,7087.0,7087.0,7087.0,7087.0,7087.0,7087.0,7087.0,7088.0,7088.0,7088.0,7088.0,7088.0,7088.0,7088.0,7088.0,7088.0,7088.0,7088.0,7088.0,7088.0,7088.0,7089.0,7089.0,7089.0,7089.0,7089.0,7089.0,7089.0,7089.0,7089.0,7089.0,7089.0,7089.0,7089.0,7089.0,7089.0,7089.0,7089.0,7089.0,7095.0
tune_9,Testing/network-cor-forma_eu_27t.txt,0.05,0.05,0.03,50,3,0.9,0.02,components,1,50,7794.0,630.92,5982,195,1938.0,2009.0,2114.0,2481.0,2481.0,2532.0,5777.0,5779.0,6131.0,6131.0,6438.0,7007.0,7007.0,7540.0,7540.0,7540.0,7540.0,7540.0,7540.0,7540.0,7540.0,7540.0,7540.0,7540.0,7540.0,7540.0,7540.0,7540.0,7540.0,7540.0,7540.0,7540.0,7540.0,7540.0,7540.0,7540.0,7540.0,7540.0,7540.0,7540.0,7540.0,7540.0,7540.0,7540.0,7540.0,7540.0,7540.0,7540.0,7540.0,7540.0,7540.0,7540.0,7540.0,7540.0,7540.0,7540.0,7540.0,7540.0,7540.0,7540.0,7540.0,7540.0,7540.0,7540.0,7540.0,7540.0,7540.0,7540.0,7540.0,7540.0,7540.0,7540.0,7540.0,7540.0,7540.0,7540.0,7540.0,7540.0,7540.0,7540.0,7540.0,7540.0,7540.0,7540.0,7540.0,7540.0,7540.0,7540.0,7540.0,7540.0,7540.0,7540.0,7540.0,7540.0,7540.0,7540.0,7540.0,7540.0,7540.0,7540.0,7540.0,7540.0,7540.0,7540.0,7540.0,7540.0,7540.0,7540.0,7540.0,7540.0,7540.0,7540.0,7540.0,7540.0,7540.0,7540.0,7540.0,7540.0,7540.0,7540.0,7540.0,7540.0,7541.0,7541.0,7541.0,7541.0,7541.0,7541.0,7541.0,7541.0,7541.0,7542.0,7542.0,7542.0,7542.0,7542.0,7542.0,7542.0,7542.0,7542.0,7542.0,7542.0,7542.0,7542.0,7542.0,7542.0,7542.0,7542.0,7542.0,7542.0,7542.0,7542.0,7542.0,7542.0,7542.0,7542.0,7542.0,7542.0,7542.0,7542.0,7542.0,7542.0,7542.0,7542.0,7542.0,7542.0,7542.0,7542.0,7542.0,7542.0,7542.0,7542.0,7542.0,7542.0,7542.0,7542.0,7542.0,7542.0,7542.0,7542.0,7542.0,7542.0,7542.0,7542.0,7542.0,7542.0,7542.0,7542.0,7542.0,7542.0,7542.0,7542.0,7542.0,7542.0,7542.0,7543.0,7543.0,7543.0,7543.0,7543.0,0.0
tune_10,Testing/network-cor-forma_eu_27t.txt,0.05,0.05,0.03,50,3,0.9,0.02,components,1,50,7375.0,625.85,5873,195,1550.0,1550.0,1624.0,1677.0,1677.0,1712.0,1756.0,5778.0,5778.0,5778.0,5781.0,5781.0,5781.0,5781.0,5784.0,5790.0,5795.0,5806.0,5806.0,5810.0,5817.0,5823.0,5823.0,5832.0,5832.0,5837.0,5839.0,5840.0,5844.0,5851.0,5860.0,5860.0,5861.0,5861.0,5864.0,5865.0,5865.0,5872.0,5875.0,5880.0,5880.0,5880.0,5885.0,5885.0,5887.0,5889.0,5893.0,5893.0,5893.0,5894.0,5896.0,5896.0,5897.0,5899.0,5900.0,5904.0,5904.0,5908.0,5909.0,5909.0,5909.0,5910.0,5913.0,5913.0,5914.0,5917.0,5917.0,5918.0,5921.0,5921.0,5921.0,5921.0,5922.0,5922.0,5923.0,5923.0,5926.0,5926.0,5926.0,5926.0,5928.0,5928.0,5928.0,5928.0,5929.0,5930.0,5930.0,5930.0,5930.0,5930.0,5930.0,5930.0,5930.0,5930.0,5930.0,5930.0,5930.0,5930.0,5930.0,5930.0,5930.0,5930.0,5930.0,5930.0,5930.0,5930.0,5930.0,5930.0,5930.0,5930.0,5930.0,5930.0,5930.0,5931.0,5931.0,5931.0,5933.0,5933.0,5933.0,5933.0,5933.0,5933.0,5933.0,5933.0,5933.0,5933.0,5933.0,5933.0,5933.0,5933.0,5933.0,5933.0,5933.0,5933.0,5933.0,5933.0,5933.0,5933.0,5933.0,5933.0,5933.0,5933.0,5933.0,5933.0,5933.0,5934.0,5934.0,5934.0,5934.0,5934.0,5934.0,5934.0,5934.0,5934.0,5934.0,5934.0,5934.0,5934.0,5934.0,5934.0,5934.0,5934.0,5934.0,5934.0,5934.0,5934.0,5934.0,5934.0,5934.0,5934.0,5934.0,5934.0,5934.0,5934.0,5934.0,5934.0,5934.0,5934.0,5934.0,5934.0,5934.0,5934.0,5934.0,5934.0,5934.0,5934.0,5934.0,5934.0,5934.0,5934.0,5934.0,5935.0,5935.0,5935.0,5935.0,5936.0,5936.0,5936.0,5936.0,5936.0
tune_1,Testing/network-cor-forma_eu_27t.txt,0.05,0.05,0.03,50,5,0.8,0.01,largest,0,50,3698.0,331.92,3258,0,7167.0,7167.0,7167.0,7167.0,7167.0,7167.0,7167.0,7167.0,7167.0,6702.0,6702.0,5366.0,3959.0,3291.0,1197.0,1197.0,1197.0,1197.0,1197.0,1197.0,1197.0,1197.0,1197.0,1197.0,1197.0,1197.0,1197.0,1197.0,1197.0,1197.0,1197.0,1197.0,1197.0,1197.0,1197.0,1197.0,1197.0,1197.0,1197.0,1197.0,1197.0,1197.0,1197.0,1197.0,1197.0,1197.0,1197.0,1197.0,1197.0,1197.0,1197.0,1197.0,1197.0,1197.0,1197.0,1197.0,1197.0,1197.0,1197.0,1197.0,1197.0,1197.0,1197.0,1197.0,1197.0,1197.0,1197.0,1197.0,1197.0,1197.0,1197.0,1197.0,1197.0,1189.0,1189.0,1189.0,1189.0,1189.0,1189.0,1189.0,1189.0,1189.0,1189.0,1185.0,1185.0,1185.0,1185.0,1185.0,1185.0,1185.0,1185.0,1185.0,1185.0,1185.0,1185.0,1185.0,1185.0,1185.0,1185.0,1185.0,1185.0,1185.0,1185.0,1185.0,1185.0,1185.0,1185.0,1185.0,1185.0,1185.0,1185.0,1185.0,1185.0,1185.0,1185.0,1185.0,1185.0,1185.0,1185.0,1185.0,1185.0,1185.0,1185.0,1185.0,1185.0,1185.0,1185.0,1185.0,1185.0,1185.0,1185.0,1185.0,1185.0,1185.0,1185.0,1185.0,1185.0,1185.0,1185.0,1185.0,1185.0,1185.0,1185.0,1185.0,1185.0,1185.0,1185.0,1185.0,1185.0,1185.0,1185.0,1184.0,1184.0,1184.0,1184.0,1184.0,1184.0,1184.0,1184.0,1184.0,1184.0,1184.0,1184.0,1184.0,1184.0,1184.0,1184.0,1184.0,1184.0,1184.0,1184.0,1184.0,1184.0,1184.0,1184.0,1184.0,1184.0,1184.0,1184.0,1184.0,1184.0,1184.0,1184.0,1184.0,1184.0,1184.0,1184.0,1184.0,1184.0,1184.0,1184.0,1184.0,1184.0,1184.0,1184.0,1184.0,1184.0,1184.0,1184.0,1184.0,0.0,2312.0
tune_2,Testing/network-cor-forma_eu_27t.txt,0.05,0.05,0.03,50,5,0.8,0.01,largest,0,50,3561.0,340.40,3289,0,9902.0,9902.0,9898.0,9492.0,8268.0,8268.0,8268.0,8074.0,8074.0,8074.0,7652.0,7289.0,5232.0,5232.0,2896.0,2597.0,2538.0,2538.0,2538.0,2538.0,2538.0,2538.0,2538.0,2538.0,2538.0,2538.0,2538.0,2538.0,2538.0,2538.0,2538.0,2538.0,2259.0,2259.0,2259.0,2259.0,2259.0,2259.0,2259.0,2259.0,2259.0,2259.0,2259.0,2259.0,2259.0,2259.0,2259.0,2259.0,946.0,946.0,946.0,946.0,946.0,946.0,946.0,946.0,946.0,946.0,946.0,946.0,946.0,946.0,946.0,946.0,946.0,946.0,946.0,946.0,946.0,946.0,946.0,946.0,946.0,946.0,946.0,946.0,946.0,946.0,946.0,946.0,946.0,946.0,946.0,946.0,946.0,946.0,946.0,946.0,946.0,946.0,946.0,946.0,946.0,946.0,946.0,946.0,946.0,946.0,946.0,946.0,946.0,946.0,946.0,946.0,946.0,946.0,946.0,946.0,946.0,946.0,946.0,946.0,946.0,946.0,946.0,946.0,946.0,946.0,946.0,946.0,946.0,946.0,946.0,946.0,946.0,946.0,946.0,946.0,946.0,946.0,946.0,946.0,946.0,946.0,946.0,946.0,946.0,946.0,946.0,946.0,946.0,946.0,946.0,946.0,946.0,946.0,946.0,946.0,946.0,946.0,946.0,946.0,946.0,946.0,946.0,946.0,946.0,946.0,946.0,946.0,946.0,946.0,946.0,946.0,946.0,946.0,946.0,946.0,946.0,946.0,946.0,946.0,946.0,946.0,946.0,946.0,946.0,946.0,946.0,946.0,946.0,946.0,946.0,946.0,946.0,946.0,946.0,946.0,946.0,946.0,946.0,946.0,946.0,946.0,946.0,946.0,946.0,946.0,946.0,946.0,0.0
tune_3,Testing/network-cor-forma_eu_27t.txt,0.05,0.05,0.03,50,5,0.8,0.01,largest,0,50,7058.0,316.93,3270,0,12031.0,11973.0,9889.0,9655.0,8729.0,8729.0,8715.0,8170.0,8167.0,7931.0,7292.0,7262.0,7262.0,5408.0,2576.0,2447.0,1856.0,1856.0,1856.0,1856.0,1856.0,1856.0,1856.0,1856.0,1856.0,1856.0,1856.0,1856.0,1856.0,1856.0,1856.0,1856.0,1856.0,1856.0,1856.0,1856.0,1856.0,1856.0,1856.0,1856.0,1856.0,1856.0,1856.0,1856.0,1856.0,1856.0,1856.0,1856.0,1856.0,1856.0,1856.0,1856.0,1856.0,1856.0,1856.0,1856.0,1856.0,1856.0,1856.0,1856.0,1856.0,1856.0,1856.0,1856.0,1856.0,1856.0,1856.0,1856.0,1856.0,1856.0,1856.0,1856.0,1856.0,1856.0,1856.0,1856.0,1856.0,1856.0,1856.0,1849.0,1849.0,1849.0,1849.0,1849.0,1849.0,1849.0,1849.0,1849.0,1849.0,1849.0,1849.0,1849.0,1849.0,1849.0,1849.0,1849.0,1849.0,1849.0,1849.0,1849.0,1849.0,1849.0,1849.0,1849.0,1849.0,1849.0,1849.0,1849.0,1849.0,1849.0,1849.0,1849.0,1849.0,1849.0,1849.0,1849.0,1849.0,1849.0,1849.0,1849.0,1849.0,1849.0,1849.0,1849.0,1849.0,1849.0,1849.0,1849.0,1849.0,1849.0,1849.0,1849.0,1849.0,1849.0,1849.0,1849.0,1849.0,1849.0,1849.0,1849.0,1849.0,1849.0,1849.0,1849.0,1849.0,1849.0,1849.0,1849.0,1849.0,1849.0,1849.0,1848.0,1848.0,1848.0,1848.0,1848.0,1848.0,1848.0,1848.0,1848.0,1848.0,1848.0,1848.0,1848.0,1848.0,1848.0,1848.0,1848.0,1848.0,1848.0,1848.0,1847.0,1847.0,1847.0,1847.0,1846.0,1846.0,1846.0,1846.0,1846.0,1846.0,1846.0,1846.0,1846.0,1846.0,1846.0,1846.0,1846.0,1846.0,1846.0,1846.0,1846.0,1846.0,1846.0,1846.0,1846.0,1846.0,1846.0,1846.0,1846.0,0.0
tune_4,Testing/network-cor-forma_eu_27t.txt,0.05,0.05,0.03,50,5,0.8,0.01,largest,0,50,2275.0,337.36,3260,0,11990.0,11883.0,11595.0,8704.0,7554.0,7554.0,7554.0,7554.0,6813.0,6813.0,6813.0,6544.0,5098.0,3133.0,2109.0,2109.0,2046.0,2046.0,2046.0,2046.0,2046.0,2046.0,2046.0,2046.0,2046.0,2046.0,2046.0,2046.0,1832.0,1832.0,1832.0,1832.0,1832.0,1832.0,1832.0,1832.0,1832.0,1832.0,1832.0,1832.0,1832.0,1832.0,1832.0,1832.0,1832.0,1832.0,1832.0,1832.0,1832.0,1832.0,1832.0,1832.0,1832.0,1832.0,1832.0,1832.0,1832.0,1832.0,1832.0,1832.0,1832.0,1832.0,1832.0,1832.0,1832.0,1832.0,1832.0,1832.0,1832.0,1832.0,1809.0,1809.0,1809.0,1809.0,1809.0,1809.0,1809.0,1809.0,1809.0,1765.0,1765.0,1765.0,1765.0,1765.0,1765.0,1765.0,1765.0,1765.0,1765.0,1765.0,1765.0,1765.0,1765.0,1765.0,1765.0,1765.0,1765.0,1765.0,1765.0,1765.0,1765.0,1765.0,1765.0,1765.0,1765.0,1765.0,1765.0,1765.0,1765.0,1765.0,1765.0,1765.0,1765.0,1765.0,1765.0,1765.0,1765.0,1764.0,1764.0,1764.0,1764.0,1764.0,1764.0,1764.0,1764.0,1764.0,1764.0,1764.0,1764.0,1764.0,1764.0,1763.0,1763.0,1763.0,1763.0,1763.0,1763.0,1763.0,1763.0,1763.0,1763.0,1763.0,1763.0,1763.0,1763.0,1763.0,1763.0,1763.0,1762.0,1762.0,1762.0,1762.0,1762.0,1762.0,1762.0,1762.0,1762.0,1762.0,1762.0,1762.0,1762.0,1762.0,1762.0,1762.0,1762.0,1762.0,1762.0,1762.0,1762.0,1762.0,1762.0,1762.0,1762.0,1762.0,1762.0,1762.0,1762.0,1762.0,1762.0,1762.0,1762.0,1762.0,1762.0,1762.0,1762.0,1762.0,1762.0,1762.0,1762.0,1762.0,1762.0,1762.0,1762.0,1762.0,1762.0,1762.0,1762.0,1762.0,1762.0,1762.0
tune_5,Testing/network-cor-forma_eu_27t.txt,0.05,0.05,0.03,50,5,0.8,0.01,largest,0,50,2218.0,336.15,3255,0,11853.0,11853.0,11759.0,9074.0,9074.0,8287.0,7952.0,7628.0,7628.0,7621.0,6490.0,6490.0,6490.0,6490.0,4473.0,4473.0,2491.0,2395.0,2395.0,2395.0,2395.0,2395.0,2395.0,2395.0,2395.0,2395.0,2395.0,2395.0,2395.0,2395.0,2395.0,2395.0,2395.0,2395.0,2395.0,2395.0,2395.0,2395.0,2395.0,2395.0,2395.0,2395.0,2395.0,2395.0,2395.0,2376.0,2376.0,2376.0,2376.0,2376.0,2376.0,2376.0,2376.0,2376.0,2376.0,2376.0,2376.0,2376.0,2376.0,2376.0,2376.0,2376.0,2376.0,2376.0,2376.0,2376.0,2376.0,2376.0,2376.0,2376.0,2376.0,2376.0,2376.0,2376.0,2376.0,2376.0,2376.0,2376.0,2376.0,2376.0,2376.0,2376.0,2376.0,2376.0,2376.0,2376.0,2376.0,2376.0,2376.0,2376.0,2376.0,2376.0,2376.0,2376.0,2376.0,2376.0,2376.0,2376.0,2376.0,2376.0,2376.0,2376.0,2376.0,2376.0,2376.0,2376.0,2376.0,2376.0,2376.0,2376.0,2376.0,2376.0,2376.0,2376.0,2376.0,2376.0,2376.0,2375.0,2375.0,2375.0,2375.0,2375.0,2375.0,2375.0,2375.0,2375.0,2375.0,2375.0,2375.0,2375.0,2375.0,2375.0,2375.0,2375.0,2375.0,2374.0,2374.0,2374.0,2374.0,2374.0,2374.0,2374.0,2374.0,2374.0,2374.0,2374.0,2374.0,2374.0,2374.0,2374.0,2374.0,2374.0,2374.0,2374.0,2374.0,2374.0,2374.0,2374.0,2374.0,2374.0,2374.0,2374.0,2374.0,2374.0,2374.0,2374.0,2374.0,2374.0,2374.0,2374.0,2374.0,2374.0,2374.0,2374.0,2374.0,2374.0,2374.0,2374.0,2374.0,2374.0,2374.0,2374.0,2374.0,2374.0,2374.0,2374.0,2374.0,2374.0,2374.0,2374.0,2374.0,2374.0,2374.0,2374.0,2374.0,2374.0,2374.0,2374.0,2374.0,2374.0
tune_6,Testing/network-cor-forma_eu_27t.txt,0.05,0.05,0.03,50,5,0.8,0.01,largest,0,50,2198.0,332.22,3314,0,11878.0,8060.0,7883.0,7883.0,7883.0,7883.0,7883.0,7714.0,7662.0,7627.0,7627.0,7270.0,4157.0,3007.0,1266.0,1266.0,1266.0,1266.0,1266.0,1266.0,1266.0,1266.0,1266.0,1266.0,1266.0,1266.0,1266.0,1266.0,1266.0,1266.0,1266.0,1266.0,1266.0,1266.0,1266.0,1266.0,1266.0,1266.0,1266.0,1266.0,1266.0,1266.0,1266.0,1266.0,1266.0,1266.0,1266.0,1256.0,1256.0,1256.0,1256.0,1256.0,1256.0,1256.0,1256.0,1256.0,1256.0,1256.0,1256.0,1256.0,1205.0,1205.0,1205.0,1205.0,1205.0,1205.0,1205.0,1205.0,1205.0,1205.0,1205.0,1205.0,1205.0,1205.0,1205.0,1205.0,1205.0,1205.0,1205.0,1205.0,1205.0,1205.0,1205.0,1205.0,1205.0,1205.0,1205.0,1205.0,1205.0,1205.0,1205.0,1205.0,1205.0,1205.0,1205.0,1205.0,1205.0,1205.0,1205.0,1205.0,1205.0,1205.0,1205.0,1205.0,1205.0,1205.0,1205.0,1205.0,1205.0,1205.0,1205.0,1205.0,1205.0,1205.0,1205.0,1205.0,1205.0,1205.0,1205.0,1205.0,1205.0,1205.0,1205.0,1205.0,1205.0,1205.0,1205.0,1205.0,1205.0,1205.0,1205.0,1205.0,1205.0,1205.0,1205.0,1205.0,1205.0,1205.0,1205.0,1205.0,1205.0,1205.0,1205.0,1205.0,1205.0,1205.0,1205.0,1205.0,1205.0,1205.0,1205.0,1205.0,1205.0,1205.0,1205.0,1205.0,1205.0,1205.0,1205.0,1205.0,1205.0,1205.0,1204.0,1204.0,1204.0,1204.0,1204.0,1204.0,1204.0,1204.0,1204.0,1204.0,1204.0,1204.0,1204.0,1204.0,1204.0,1204.0,1204.0,1204.0,1204.0,1204.0,1204.0,1204.0,1204.0,1204.0,1204.0,1204.0,1204.0,1204.0,1204.0,1204.0,1204.0,1204.0,1204.0,1204.0,1204.0,1204.0,1204.0,1204.0
tune_7,Testing/network-cor-forma_eu_27t.txt,0.05,0.05,0.03,50,5,0.8,0.01,largest,0,50,2693.0,328.22,3277,0,11683.0,11683.0,11668.0,11531.0,9710.0,7614.0,7614.0,6992.0,6992.0,6673.0,6673.0,6673.0,5378.0,4209.0,3832.0,3627.0,3627.0,3627.0,3627.0,3627.0,3627.0,3627.0,3627.0,3627.0,3627.0,3627.0,3627.0,3627.0,3627.0,3627.0,3627.0,3627.0,3627.0,3627.0,3627.0,3627.0,3627.0,3627.0,3627.0,3627.0,3627.0,3627.0,3627.0,3627.0,3627.0,3627.0,3627.0,3627.0,3627.0,3627.0,3627.0,3627.0,3627.0,3627.0,3627.0,3627.0,3627.0,3627.0,3627.0,3627.0,3627.0,3627.0,3627.0,3627.0,3627.0,3627.0,3627.0,3627.0,3627.0,3627.0,3627.0,3627.0,3618.0,3618.0,3618.0,3618.0,3618.0,3618.0,3618.0,3618.0,3618.0,3618.0,3618.0,3618.0,3618.0,3618.0,3618.0,3618.0,3618.0,3618.0,3618.0,3618.0,3618.0,3618.0,3618.0,3618.0,3618.0,3618.0,3618.0,3618.0,3618.0,3618.0,3618.0,3618.0,3618.0,3618.0,3618.0,3617.0,3617.0,3617.0,3617.0,3617.0,3617.0,3617.0,3617.0,3617.0,3617.0,3617.0,3617.0,3617.0,3616.0,3616.0,3616.0,3616.0,3616.0,3616.0,3616.0,3616.0,3616.0,3616.0,3616.0,3616.0,3616.0,3616.0,3616.0,3615.0,3615.0,3615.0,3615.0,3615.0,3615.0,3615.0,3615.0,3615.0,3615.0,3615.0,3615.0,3614.0,3614.0,3614.0,3614.0,3614.0,3614.0,3614.0,3614.0,3614.0,3614.0,3614.0,3614.0,3614.0,3614.0,3614.0,3614.0,3614.0,3614.0,3614.0,3614.0,3614.0,3614.0,3614.0,3614.0,3614.0,3614.0,3614.0,3614.0,3614.0,3613.0,3613.0,3613.0,3613.0,3613.0,3613.0,3613.0,3613.0,3613.0,3613.0,3613.0,3613.0,3613.0,3613.0,3613.0,3613.0,3613.0,3613.0,3613.0,3613.0,3613.0,3613.0,3613.0,3612.0
tune_9,Testing/network-cor-forma_eu_27t.txt,0.05,0.05,0.03,50,5,0.8,0.01,largest,0,50,2772.0,324.25,3246,0,11979.0,11979.0,11956.0,11804.0,9589.0,8491.0,8491.0,8491.0,8491.0,8369.0,8287.0,7287.0,7280.0,6301.0,6147.0,5079.0,4996.0,1859.0,1859.0,1859.0,1859.0,1859.0,1859.0,1859.0,1859.0,1859.0,1859.0,1859.0,1859.0,1859.0,1859.0,1859.0,1859.0,1859.0,1859.0,1769.0,1769.0,1769.0,1280.0,1280.0,1280.0,1280.0,1280.0,1280.0,1280.0,1280.0,1280.0,1280.0,1280.0,1280.0,1280.0,1280.0,1280.0,1280.0,1280.0,1280.0,1280.0,1280.0,1280.0,1280.0,1280.0,1280.0,1280.0,1280.0,1272.0,1272.0,1272.0,1272.0,1272.0,1272.0,1272.0,1272.0,1272.0,1272.0,1272.0,1272.0,1272.0,1272.0,1272.0,1272.0,1272.0,1272.0,1272.0,1272.0,1272.0,1272.0,1272.0,1271.0,1271.0,1271.0,1271.0,1271.0,1271.0,1271.0,1271.0,1271.0,1271.0,1271.0,1271.0,1271.0,1271.0,1271.0,1271.0,1271.0,1271.0,1271.0,1271.0,1271.0,1271.0,1271.0,1271.0,1271.0,1271.0,1271.0,1271.0,1271.0,1271.0,1271.0,1271.0,1271.0,1271.0,1271.0,1271.0,1271.0,1271.0,1271.0,1271.0,1271.0,1271.0,1271.0,1271.0,1271.0,1271.0,1271.0,1271.0,1271.0,1271.0,1271.0,1271.0,1271.0,1271.0,1271.0,1271.0,1271.0,1271.0,1271.0,1271.0,1271.0,1271.0,1271.0,1271.0,1271.0,1271.0,1271.0,1271.0,1271.0,1271.0,1270.0,1270.0,1270.0,1270.0,1270.0,1270.0,1270.0,1270.0,1270.0,1270.0,1270.0,1270.0,1270.0,1270.0,1269.0,1269.0,1269.0,1269.0,1269.0,1269.0,1269.0,1269.0,1269.0,1269.0,1269.0,1269.0,1269.0,1269.0,1269.0,1269.0,1269.0,1269.0,1269.0,1269.0,1269.0,1269.0,1269.0,1269.0,1269.0,1269.0,1269.0,1269.0,1269.0
tune_10,Testing/network-cor-forma_eu_27t.txt,0.05,0.05,0.03,50,5,0.8,0.01,largest,0,50,7076.0,318.54,3304,0,11964.0,11964.0,8853.0,8562.0,8444.0,8444.0,8344.0,8344.0,7902.0,7902.0,7902.0,7280.0,4608.0,4608.0,3941.0,2906.0,2906.0,2906.0,2906.0,2906.0,2906.0,2906.0,2906.0,2906.0,2906.0,2906.0,2906.0,2906.0,2906.0,2906.0,2906.0,2906.0,2906.0,2906.0,2898.0,2898.0,2898.0,2898.0,2898.0,2865.0,2865.0,2865.0,2865.0,2865.0,2865.0,2865.0,2865.0,2865.0,2865.0,2865.0,2865.0,2865.0,2865.0,2865.0,2865.0,2842.0,2842.0,2842.0,2842.0,2842.0,2842.0,2842.0,2842.0,2842.0,2842.0,2842.0,2842.0,2842.0,2842.0,2842.0,2842.0,2842.0,2842.0,2842.0,2842.0,2842.0,2842.0,2842.0,2842.0,2842.0,2842.0,2842.0,2842.0,2842.0,2842.0,2842.0,2842.0,2842.0,2842.0,2842.0,2842.0,2842.0,2842.0,2842.0,2842.0,2842.0,2842.0,2842.0,2842.0,2842.0,2842.0,2842.0,2842.0,2842.0,2842.0,2842.0,2842.0,2842.0,2841.0,2841.0,2841.0,2841.0,2841.0,2841.0,2841.0,2841.0,2841.0,2841.0,2841.0,2841.0,2840.0,2840.0,2840.0,2840.0,2840.0,2840.0,2840.0,2840.0,2840.0,2840.0,2840.0,2840.0,2840.0,2840.0,2840.0,2840.0,2840.0,2840.0,2840.0,2840.0,2840.0,2840.0,2840.0,2840.0,2840.0,2840.0,2840.0,2840.0,2840.0,2840.0,2840.0,2840.0,2840.0,2840.0,2840.0,2838.0,2838.0,2838.0,2838.0,2838.0,2838.0,2838.0,2838.0,2838.0,2838.0,2838.0,2838.0,2838.0,2838.0,2838.0,2838.0,2838.0,2838.0,2838.0,2838.0,2838.0,2838.0,2838.0,2838.0,2838.0,2838.0,2838.0,2838.0,2838.0,2838.0,2838.0,2838.0,2838.0,2838.0,2838.0,2838.0,2838.0,2838.0,2838.0,2838.0,2838.0,2838.0,2838.0,2838.0,2838.0
tune_8,Testing/network-cor-forma_eu_27t.txt,0.05,0.05,0.03,50,5,0.8,0.01,largest,0,50,2420.0,332.97,3296,0,9760.0,8719.0,8719.0,8719.0,8154.0,6906.0,6906.0,6906.0,6710.0,6710.0,6710.0,3388.0,3388.0,3388.0,3388.0,3388.0,3388.0,3313.0,2916.0,2916.0,2916.0,2916.0,2916.0,2916.0,2916.0,2916.0,2916.0,2916.0,2916.0,2916.0,2916.0,2916.0,2916.0,2916.0,2916.0,2916.0,2916.0,2916.0,2916.0,2916.0,2916.0,2916.0,2916.0,2916.0,2916.0,2916.0,2916.0,2916.0,2916.0,2916.0,2916.0,2916.0,2916.0,2916.0,2916.0,2916.0,2916.0,2916.0,2916.0,2916.0,2916.0,2916.0,2916.0,2916.0,2873.0,2873.0,2873.0,2873.0,2873.0,2873.0,2873.0,2873.0,2873.0,2873.0,2873.0,2869.0,2865.0,2865.0,2865.0,2865.0,2865.0,2865.0,2865.0,2865.0,2865.0,2865.0,2865.0,2865.0,2865.0,2865.0,2865.0,2865.0,2865.0,2865.0,2865.0,2864.0,2864.0,2864.0,2864.0,2864.0,2864.0,2864.0,2864.0,2864.0,2864.0,2864.0,2864.0,2864.0,2864.0,2864.0,2864.0,2864.0,2864.0,2864.0,2864.0,2864.0,2864.0,2864.0,2864.0,2864.0,2864.0,2864.0,2864.0,2864.0,2863.0,2863.0,2863.0,2863.0,2863.0,2863.0,2863.0,2863.0,2863.0,2863.0,2862.0,2862.0,2862.0,2862.0,2862.0,2862.0,2862.0,2862.0,2862.0,2862.0,2862.0,2862.0,2862.0,2862.0,2862.0,2862.0,2862.0,2862.0,2862.0,2862.0,2862.0,2862.0,2862.0,2862.0,2862.0,2861.0,2861.0,2861.0,2861.0,2861.0,2861.0,2861.0,2861.0,2861.0,2861.0,2861.0,2861.0,2861.0,2861.0,2861.0,2861.0,2861.0,2861.0,2861.0,2861.0,2861.0,2861.0,2861.0,2861.0,2861.0,2861.0,2861.0,2861.0,2861.0,2861.0,2861.0,2861.0,2861.0,2861.0,2861.0,2861.0,2861.0,2861.0,2861.0,2861.0,2861.0
tune_1,Testing/network-cor-forma_eu_27t.txt,0.05,0.05,0.03,50,5,0.8,0.01,largest,1,50,2660.0,340.10,3307,0,7167.0,7167.0,7167.0,7167.0,7167.0,7167.0,7167.0,7167.0,7167.0,6702.0,6702.0,5366.0,3959.0,3291.0,1197.0,1197.0,1197.0,1197.0,1197.0,1197.0,1197.0,1197.0,1197.0,1197.0,1197.0,1197.0,1197.0,1197.0,1197.0,1197.0,1197.0,1197.0,1197.0,1197.0,1197.0,1197.0,1197.0,1197.0,1197.0,1197.0,1197.0,1197.0,1197.0,1197.0,1197.0,1197.0,1197.0,1197.0,1197.0,1197.0,1197.0,1197.0,1197.0,1197.0,1197.0,1197.0,1197.0,1197.0,1197.0,1197.0,1197.0,1197.0,1197.0,1197.0,1197.0,1197.0,1197.0,1197.0,1197.0,1197.0,1197.0,1197.0,1197.0,1189.0,1189.0,1189.0,1189.0,1189.0,1189.0,1189.0,1189.0,1189.0,1189.0,1185.0,1185.0,1185.0,1185.0,1185.0,1185.0,1185.0,1185.0,1185.0,1185.0,1185.0,1185.0,1185.0,1185.0,1185.0,1185.0,1185.0,1185.0,1185.0,1185.0,1185.0,1185.0,1185.0,1185.0,1185.0,1185.0,1185.0,1185.0,1185.0,1185.0,1185.0,1185.0,1185.0,1185.0,1185.0,1185.0,1185.0,1185.0,1185.0,1185.0,1185.0,1185.0,1185.0,1185.0,1185.0,1185.0,1185.0,1185.0,1185.0,1185.0,1185.0,1185.0,1185.0,1185.0,1185.0,1185.0,1185.0,1185.0,1185.0,1185.0,1185.0,1185.0,1185.0,1185.0,1185.0,1185.0,1185.0,1185.0,1184.0,1184.0,1184.0,1184.0,1184.0,1184.0,1184.0,1184.0,1184.0,1184.0,1184.0,1184.0,1184.0,1184.0,1184.0,1184.0,1184.0,1184.0,1184.0,1184.0,1184.0,1184.0,1184.0,1184.0,1184.0,1184.0,1184.0,1184.0,1184.0,1184.0,1184.0,1184.0,1184.0,1184.0,1184.0,1184.0,1184.0,1184.0,1184.0,1184.0,1184.0,1184.0,1184.0,1184.0,1184.0,1184.0,1184.0,1184.0,1184.0,0.0,2312.0
tune_2,Testing/network-cor-forma_eu_27t.txt,0.05,0.05,0.03,50,5,0.8,0.01,largest,1,50,3218.0,321.90,3330,0,9902.0,9902.0,9898.0,9492.0,8268.0,8268.0,8268.0,8074.0,8074.0,8074.0,7652.0,7289.0,5232.0,5232.0,2896.0,2597.0,2538.0,2538.0,2538.0,2538.0,2538.0,2538.0,2538.0,2538.0,2538.0,2538.0,2538.0,2538.0,2538.0,2538.0,2538.0,2538.0,2259.0,2259.0,2259.0,2259.0,2259.0,2259.0,2259.0,2259.0,2259.0,2259.0,2259.0,2259.0,2259.0,2259.0,2259.0,2259.0,946.0,946.0,946.0,946.0,946.0,946.0,946.0,946.0,946.0,946.0,946.0,946.0,946.0,946.0,946.0,946.0,946.0,946.0,946.0,946.0,946.0,946.0,946.0,946.0,946.0,946.0,946.0,946.0,946.0,946.0,946.0,946.0,946.0,946.0,946.0,946.0,946.0,946.0,946.0,946.0,946.0,946.0,946.0,946.0,946.0,946.0,946.0,946.0,946.0,946.0,946.0,946.0,946.0,946.0,946.0,946.0,946.0,946.0,946.0,946.0,946.0,946.0,946.0,946.0,946.0,946.0,946.0,946.0,946.0,946.0,946.0,946.0,946.0,946.0,946.0,946.0,946.0,946.0,946.0,946.0,946.0,946.0,946.0,946.0,946.0,946.0,946.0,946.0,946.0,946.0,946.0,946.0,946.0,946.0,946.0,946.0,946.0,946.0,946.0,946.0,946.0,946.0,946.0,946.0,946.0,946.0,946.0,946.0,946.0,946.0,946.0,946.0,946.0,946.0,946.0,946.0,946.0,946.0,946.0,946.0,946.0,946.0,946.0,946.0,946.0,946.0,946.0,946.0,946.0,946.0,946.0,946.0,946.0,946.0,946.0,946.0,946.0,946.0,946.0,946.0,946.0,946.0,946.0,946.0,946.0,946.0,946.0,946.0,946.0,946.0,946.0,946.0,0.0
tune_3,Testing/network-cor-forma_eu_27t.txt,0.05,0.05,0.03,50,5,0.8,0.01,largest,1,50,3483.0,331.12,3247,0,12031.0,11973.0,9889.0,9655.0,8729.0,8729.0,8715.0,8170.0,8167.0,7931.0,7292.0,7262.0,7262.0,5408.0,2576.0,2447.0,1856.0,1856.0,1856.0,1856.0,1856.0,1856.0,1856.0,1856.0,1856.0,1856.0,1856.0,1856.0,1856.0,1856.0,1856.0,1856.0,1856.0,1856.0,1856.0,1856.0,1856.0,1856.0,1856.0,1856.0,1856.0,1856.0,1856.0,1856.0,1856.0,1856.0,1856.0,1856.0,1856.0,1856.0,1856.0,1856.0,1856.0,1856.0,1856.0,1856.0,1856.0,1856.0,1856.0,1856.0,1856.0,1856.0,1856.0,1856.0,1856.0,1856.0,1856.0,1856.0,1856.0,1856.0,1856.0,1856.0,1856.0,1856.0,1856.0,1856.0,1856.0,1856.0,1856.0,1849.0,1849.0,1849.0,1849.0,1849.0,1849.0,1849.0,1849.0,1849.0,1849.0,1849.0,1849.0,1849.0,1849.0,1849.0,1849.0,1849.0,1849.0,1849.0,1849.0,1849.0,1849.0,1849.0,1849.0,1849.0,1849.0,1849.0,1849.0,1849.0,1849.0,1849.0,1849.0,1849.0,1849.0,1849.0,1849.0,1849.0,1849.0,1849.0,1849.0,1849.0,1849.0,1849.0,1849.0,1849.0,1849.0,1849.0,1849.0,1849.0,1849.0,1849.0,1849.0,1849.0,1849.0,1849.0,1849.0,1849.0,1849.0,1849.0,1849.0,1849.0,1849.0,1849.0,1849.0,1849.0,1849.0,1849.0,1849.0,1849.0,1849.0,1849.0,1849.0,1848.0,1848.0,1848.0,1848.0,1848.0,1848.0,1848.0,1848.0,1848.0,1848.0,1848.0,1848.0,1848.0,1848.0,1848.0,1848.0,1848.0,1848.0,1848.0,1848.0,1847.0,1847.0,1847.0,1847.0,1846.0,1846.0,1846.0,1846.0,1846.0,1846.0,1846.0,1846.0,1846.0,1846.0,1846.0,1846.0,1846.0,1846.0,1846.0,1846.0,1846.0,1846.0,1846.0,1846.0,1846.0,1846.0,1846.0,1846.0,1846.0,0.0
tune_4,Testing/network-cor-forma_eu_27t.txt,0.05,0.05,0.03,50,5,0.8,0.01,largest,1,50,3630.0,352.29,3256,0,11990.0,11883.0,11595.0,8704.0,7554.0,7554.0,7554.0,7554.0,6813.0,6813.0,6813.0,6544.0,5098.0,3133.0,2109.0,2109.0,2046.0,2046.0,2046.0,2046.0,2046.0,2046.0,2046.0,2046.0,2046.0,2046.0,2046.0,2046.0,1832.0,1832.0,1832.0,1832.0,1832.0,1832.0,1832.0,1832.0,1832.0,1832.0,1832.0,1832.0,1832.0,1832.0,1832.0,1832.0,1832.0,1832.0,1832.0,1832.0,1832.0,1832.0,1832.0,1832.0,1832.0,1832.0,1832.0,1832.0,1832.0,1832.0,1832.0,1832.0,1832.0,1832.0,1832.0,1832.0,1832.0,1832.0,1832.0,1832.0,1832.0,1832.0,1809.0,1809.0,1809.0,1809.0,1809.0,1809.0,1809.0,1809.0,1809.0,1765.0,1765.0,1765.0,1765.0,1765.0,1765.0,1765.0,1765.0,1765.0,1765.0,1765.0,1765.0,1765.0,1765.0,1765.0,1765.0,1765.0,1765.0,1765.0,1765.0,1765.0,1765.0,1765.0,1765.0,1765.0,1765.0,1765.0,1765.0,1765.0,1765.0,1765.0,1765.0,1765.0,1765.0,1765.0,1765.0,1765.0,1765.0,1764.0,1764.0,1764.0,1764.0,1764.0,1764.0,1764.0,1764.0,1764.0,1764.0,1764.0,1764.0,1764.0,1764.0,1763.0,1763.0,1763.0,1763.0,1763.0,1763.0,1763.0,1763.0,1763.0,1763.0,1763.0,1763.0,1763.0,1763.0,1763.0,1763.0,1763.0,1762.0,1762.0,1762.0,1762.0,1762.0,1762.0,1762.0,1762.0,1762.0,1762.0,1762.0,1762.0,1762.0,1762.0,1762.0,1762.0,1762.0,1762.0,1762.0,1762.0,1762.0,1762.0,1762.0,1762.0,1762.0,1762.0,1762.0,1762.0,1762.0,1762.0,1762.0,1762.0,1762.0,1762.0,1762.0,1762.0,1762.0,1762.0,1762.0,1762.0,1762.0,1762.0,1762.0,1762.0,1762.0,1762.0,1762.0,1762.0,1762.0,1762.0,1762.0,1762.0
tune_6,Testing/network-cor-forma_eu_27t.txt,0.05,0.05,0.03,50,5,0.8,0.01,largest,1,50,1824.0,330.30,3218,0,11878.0,8060.0,7883.0,7883.0,7883.0,7883.0,7883.0,7714.0,7662.0,7627.0,7627.0,7270.0,4157.0,3007.0,1266.0,1266.0,1266.0,1266.0,1266.0,1266.0,1266.0,1266.0,1266.0,1266.0,1266.0,1266.0,1266.0,1266.0,1266.0,1266.0,1266.0,1266.0,1266.0,1266.0,1266.0,1266.0,1266.0,1266.0,1266.0,1266.0,1266.0,1266.0,1266.0,1266.0,1266.0,1266.0,1266.0,1256.0,1256.0,1256.0,1256.0,1256.0,1256.0,1256.0,1256.0,1256.0,1256.0,1256.0,1256.0,1256.0,1205.0,1205.0,1205.0,1205.0,1205.0,1205.0,1205.0,1205.0,1205.0,1205.0,1205.0,1205.0,1205.0,1205.0,1205.0,1205.0,1205.0,1205.0,1205.0,1205.0,1205.0,1205.0,1205.0,1205.0,1205.0,1205.0,1205.0,1205.0,1205.0,1205.0,1205.0,1205.0,1205.0,1205.0,1205.0,1205.0,1205.0,1205.0,1205.0,1205.0,1205.0,1205.0,1205.0,1205.0,1205.0,1205.0,1205.0,1205.0,1205.0,1205.0,1205.0,1205.0,1205.0,1205.0,1205.0,1205.0,1205.0,1205.0,1205.0,1205.0,1205.0,1205.0,1205.0,1205.0,1205.0,1205.0,1205.0,1205.0,1205.0,1205.0,1205.0,1205.0,1205.0,1205.0,1205.0,1205.0,1205.0,1205.0,1205.0,1205.0,1205.0,1205.0,1205.0,1205.0,1205.0,1205.0,1205.0,1205.0,1205.0,1205.0,1205.0,1205.0,1205.0,1205.0,1205.0,1205.0,1205.0,1205.0,1205.0,1205.0,1205.0,1205.0,1204.0,1204.0,1204.0,1204.0,1204.0,1204.0,1204.0,1204.0,1204.0,1204.0,1204.0,1204.0,1204.0,1204.0,1204.0,1204.0,1204.0,1204.0,1204.0,1204.0,1204.0,1204.0,1204.0,1204.0,1204.0,1204.0,1204.0,1204.0,1204.0,1204.0,1204.0,1204.0,1204.0,1204.0,1204.0,1204.0,1204.0,1204.0
tune_7,Testing/network-cor-forma_eu_27t.txt,0.05,0.05,0.03,50,5,0.8,0.01,largest,1,50,2785.0,342.70,3270,0,11683.0,11683.0,11668.0,11531.0,9710.0,7614.0,7614.0,6992.0,6992.0,6673.0,6673.0,6673.0,5378.0,4209.0,3832.0,3627.0,3627.0,3627.0,3627.0,3627.0,3627.0,3627.0,3627.0,3627.0,3627.0,3627.0,3627.0,3627.0,3627.0,3627.0,3627.0,3627.0,3627.0,3627.0,3627.0,3627.0,3627.0,3627.0,3627.0,3627.0,3627.0,3627.0,3627.0,3627.0,3627.0,3627.0,3627.0,3627.0,3627.0,3627.0,3627.0,3627.0,3627.0,3627.0,3627.0,3627.0,3627.0,3627.0,3627.0,3627.0,3627.0,3627.0,3627.0,3627.0,3627.0,3627.0,3627.0,3627.0,3627.0,3627.0,3627.0,3627.0,3618.0,3618.0,3618.0,3618.0,3618.0,3618.0,3618.0,3618.0,3618.0,3618.0,3618.0,3618.0,3618.0,3618.0,3618.0,3618.0,3618.0,3618.0,3618.0,3618.0,3618.0,3618.0,3618.0,3618.0,3618.0,3618.0,3618.0,3618.0,3618.0,3618.0,3618.0,3618.0,3618.0,3618.0,3618.0,3617.0,3617.0,3617.0,3617.0,3617.0,3617.0,3617.0,3617.0,3617.0,3617.0,3617.0,3617.0,3617.0,3616.0,3616.0,3616.0,3616.0,3616.0,3616.0,3616.0,3616.0,3616.0,3616.0,3616.0,3616.0,3616.0,3616.0,3616.0,3615.0,3615.0,3615.0,3615.0,3615.0,3615.0,3615.0,3615.0,3615.0,3615.0,3615.0,3615.0,3614.0,3614.0,3614.0,3614.0,3614.0,3614.0,3614.0,3614.0,3614.0,3614.0,3614.0,3614.0,3614.0,3614.0,3614.0,3614.0,3614.0,3614.0,3614.0,3614.0,3614.0,3614.0,3614.0,3614.0,3614.0,3614.0,3614.0,3614.0,3614.0,3613.0,3613.0,3613.0,3613.0,3613.0,3613.0,3613.0,3613.0,3613.0,3613.0,3613.0,3613.0,3613.0,3613.0,3613.0,3613.0,3613.0,3613.0,3613.0,3613.0,3613.0,3613.0,3613.0,3612.0
tune_8,Testing/network-cor-forma_eu_27t.txt,0.05,0.05,0.03,50,5,0.8,0.01,largest,1,50,2420.0,340.97,3269,0,9760.0,8719.0,8719.0,8719.0,8154.0,6906.0,6906.0,6906.0,6710.0,6710.0,6710.0,3388.0,3388.0,3388.0,3388.0,3388.0,3388.0,3313.0,2916.0,2916.0,2916.0,2916.0,2916.0,2916.0,2916.0,2916.0,2916.0,2916.0,2916.0,2916.0,2916.0,2916.0,2916.0,2916.0,2916.0,2916.0,2916.0,2916.0,2916.0,2916.0,2916.0,2916.0,2916.0,2916.0,2916.0,2916.0,2916.0,2916.0,2916.0,2916.0,2916.0,2916.0,2916.0,2916.0,2916.0,2916.0,2916.0,2916.0,2916.0,2916.0,2916.0,2916.0,2916.0,2916.0,2873.0,2873.0,2873.0,2873.0,2873.0,2873.0,2873.0,2873.0,2873.0,2873.0,2873.0,2869.0,2865.0,2865.0,2865.0,2865.0,2865.0,2865.0,2865.0,2865.0,2865.0,2865.0,2865.0,2865.0,2865.0,2865.0,2865.0,2865.0,2865.0,2865.0,2865.0,2864.0,2864.0,2864.0,2864.0,2864.0,2864.0,2864.0,2864.0,2864.0,2864.0,2864.0,2864.0,2864.0,2864.0,2864.0,2864.0,2864.0,2864.0,2864.0,2864.0,2864.0,2864.0,2864.0,2864.0,2864.0,2864.0,2864.0,2864.0,2864.0,2863.0,2863.0,2863.0,2863.0,2863.0,2863.0,2863.0,2863.0,2863.0,2863.0,2862.0,2862.0,2862.0,2862.0,2862.0,2862.0,2862.0,2862.0,2862.0,2862.0,2862.0,2862.0,2862.0,2862.0,2862.0,2862.0,2862.0,2862.0,2862.0,2862.0,2862.0,2862.0,2862.0,2862.0,2862.0,2861.0,2861.0,2861.0,2861.0,2861.0,2861.0,2861.0,2861.0,2861.0,2861.0,2861.0,2861.0,2861.0,2861.0,2861.0,2861.0,2861.0,2861.0,2861.0,2861.0,2861.0,2861.0,2861.0,2861.0,2861.0,2861.0,2861.0,2861.0,2861.0,2861.0,2861.0,2861.0,2861.0,2861.0,2861.0,2861.0,2861.0,2861.0,2861.0,2861.0,2861.0
tune_1,Testing/network-cor-forma_eu_27t.txt,0.05,0.05,0.03,50,5,0.8,0.01,pairwise,0,50,25298260.0,286.05,3282,0,48371972.0,48371972.0,48371972.0,44009017.0,44009017.0,44009017.0,37614824.0,37614824.0,37614824.0,37614824.0,37614824.0,37614824.0,37614824.0,37614824.0,26260017.0,19012006.0,8880230.0,5590769.0,5590769.0,5258019.0,4708618.0,3443508.0,3443508.0,2897794.0,2897794.0,2897794.0,2897794.0,2897794.0,2897794.0,2897794.0,2897794.0,2897794.0,2897794.0,2897794.0,2897794.0,2897794.0,2897794.0,2897794.0,2897794.0,2897794.0,2897794.0,2897794.0,2897794.0,2897794.0,2897794.0,2897794.0,2897794.0,2897794.0,2897794.0,2897794.0,2897794.0,2897794.0,2897794.0,2897794.0,2897794.0,2897794.0,2897794.0,2897794.0,2897794.0,2897794.0,2897794.0,2897794.0,2897794.0,2897794.0,2880901.0,2880901.0,2880901.0,2880901.0,2880901.0,2880901.0,2880901.0,2880901.0,2880901.0,2880901.0,2880901.0,2880901.0,2880901.0,2880901.0,2880901.0,2880901.0,2880901.0,2880901.0,2880901.0,2880901.0,2880901.0,2880901.0,2880901.0,2880901.0,2880901.0,2880901.0,2880901.0,2880901.0,2880901.0,2880901.0,2880901.0,2880901.0,2880901.0,2878497.0,2878497.0,2878497.0,2878497.0,2878497.0,2878497.0,2878497.0,2878497.0,2878497.0,2878497.0,2878497.0,2878497.0,2878497.0,2878497.0,2878497.0,2878497.0,2878497.0,2878497.0,2878497.0,2878450.0,2878450.0,2878450.0,2878450.0,2878450.0,2878450.0,2878450.0,2878450.0,2876158.0,2876158.0,2876158.0,2876158.0,2876158.0,2876158.0,2876158.0,2876158.0,2876158.0,2876158.0,2876158.0,2876158.0,2876158.0,2876158.0,2876158.0,2876091.0,2876091.0,2876091.0,2876091.0,2876091.0,2876091.0,2876091.0,2876091.0,2876091.0,2876091.0,2876091.0,2876091.0,2876091.0,2876091.0,2876091.0,2873728.0,2873728.0,2873728.0,2873728.0,2873728.0,2873728.0,2873728.0,2873728.0,2873728.0,2873728.0,2873690.0,2873690.0,2873690.0,2873690.0,2873690.0,2873690.0,2873690.0,2873690.0,2873690.0,2873689.0,2873689.0,1848468.0,1848468.0,1848468.0,1848468.0
tune_2,Testing/network-cor-forma_eu_27t.txt,0.05,0.05,0.03,50,5,0.8,0.01,pairwise,0,50,784710.0,321.21,3296,0,70706686.0,70706686.0,69983130.0,69487254.0,47547976.0,38188876.0,32758434.0,32758434.0,27325120.0,27325120.0,26827960.0,24104987.0,13663210.0,1690809.0,1690809.0,1690809.0,1690809.0,1690809.0,1690809.0,1690809.0,1690809.0,1690809.0,1690809.0,1690809.0,1690809.0,1690809.0,1690809.0,1690809.0,1690809.0,1690809.0,1690809.0,1690809.0,1690809.0,1690809.0,1690809.0,1690809.0,1690809.0,1690809.0,1690809.0,1690809.0,1690809.0,1690809.0,1690809.0,1690809.0,1690809.0,1690809.0,1690809.0,1690809.0,1690809.0,1690809.0,1690809.0,1690809.0,1690809.0,1690809.0,1690809.0,1690809.0,1690809.0,1690809.0,1690809.0,1690809.0,1690809.0,1690809.0,1690809.0,1690809.0,1690809.0,1690809.0,1690809.0,1690809.0,1690809.0,1690809.0,1690809.0,1690809.0,1690809.0,1690809.0,1690809.0,1690809.0,1690809.0,1690809.0,1690809.0,1677109.0,1677109.0,1677109.0,1677109.0,1677109.0,1677109.0,1677109.0,1677109.0,1673661.0,1673661.0,1673661.0,1673661.0,1673661.0,1673661.0,1673661.0,1673661.0,1673661.0,1673661.0,1673661.0,1673661.0,1673661.0,1673661.0,1673661.0,1673661.0,1673661.0,1673661.0,1673661.0,1673661.0,1673661.0,1673661.0,1673661.0,1673661.0,1673661.0,1673661.0,1673657.0,1673657.0,1673657.0,1673657.0,1673657.0,1673657.0,1673657.0,1673657.0,1673657.0,1673657.0,1673657.0,1673657.0,1673657.0,1673657.0,1673657.0,1673657.0,1673657.0,1673657.0,1673657.0,1673657.0,1673657.0,1673657.0,1673657.0,1673657.0,1673657.0,1673657.0,1673657.0,1673657.0,1673657.0,1673657.0,1673657.0,1673657.0,1673657.0,1673657.0,1673657.0,1673657.0,1673657.0,1673657.0,1673657.0,1673657.0,1673657.0,1673568.0,1673568.0,1673568.0,1673568.0,1673568.0,1673568.0,1673568.0,1673568.0,1673568.0,1673568.0,1673568.0,1673568.0,1673568.0,1673568.0,1673568.0,1673568.0,1673568.0,1673568.0
tune_9,Testing/network-cor-forma_eu_27t.txt,0.05,0.05,0.03,50,5,0.8,0.01,largest,1,50,3010.0,333.22,3189,0,11979.0,11979.0,11956.0,11804.0,9589.0,8491.0,8491.0,8491.0,8491.0,8369.0,8287.0,7287.0,7280.0,6301.0,6147.0,5079.0,4996.0,1859.0,1859.0,1859.0,1859.0,1859.0,1859.0,1859.0,1859.0,1859.0,1859.0,1859.0,1859.0,1859.0,1859.0,1859.0,1859.0,1859.0,1859.0,1769.0,1769.0,1769.0,1280.0,1280.0,1280.0,1280.0,1280.0,1280.0,1280.0,1280.0,1280.0,1280.0,1280.0,1280.0,1280.0,1280.0,1280.0,1280.0,1280.0,1280.0,1280.0,1280.0,1280.0,1280.0,1280.0,1280.0,1280.0,1280.0,1272.0,1272.0,1272.0,1272.0,1272.0,1272.0,1272.0,1272.0,1272.0,1272.0,1272.0,1272.0,1272.0,1272.0,1272.0,1272.0,1272.0,1272.0,1272.0,1272.0,1272.0,1272.0,1272.0,1271.0,1271.0,1271.0,1271.0,1271.0,1271.0,1271.0,1271.0,1271.0,1271.0,1271.0,1271.0,1271.0,1271.0,1271.0,1271.0,1271.0,1271.0,1271.0,1271.0,1271.0,1271.0,1271.0,1271.0,1271.0,1271.0,1271.0,1271.0,1271.0,1271.0,1271.0,1271.0,1271.0,1271.0,1271.0,1271.0,1271.0,1271.0,1271.0,1271.0,1271.0,1271.0,1271.0,1271.0,1271.0,1271.0,1271.0,1271.0,1271.0,1271.0,1271.0,1271.0,1271.0,1271.0,1271.0,1271.0,1271.0,1271.0,1271.0,1271.0,1271.0,1271.0,1271.0,1271.0,1271.0,1271.0,1271.0,1271.0,1271.0,1271.0,1270.0,1270.0,1270.0,1270.0,1270.0,1270.0,1270.0,1270.0,1270.0,1270.0,1270.0,1270.0,1270.0,1270.0,1269.0,1269.0,1269.0,1269.0,1269.0,1269.0,1269.0,1269.0,1269.0,1269.0,1269.0,1269.0,1269.0,1269.0,1269.0,1269.0,1269.0,1269.0,1269.0,1269.0,1269.0,1269.0,1269.0,1269.0,1269.0,1269.0,1269.0,1269.0,1269.0
tune_10,Testing/network-cor-forma_eu_27t.txt,0.05,0.05,0.03,50,5,0.8,0.01,largest,1,50,3010.0,356.31,3347,0,11964.0,11964.0,8853.0,8562.0,8444.0,8444.0,8344.0,8344.0,7902.0,7902.0,7902.0,7280.0,4608.0,4608.0,3941.0,2906.0,2906.0,2906.0,2906.0,2906.0,2906.0,2906.0,2906.0,2906.0,2906.0,2906.0,2906.0,2906.0,2906.0,2906.0,2906.0,2906.0,2906.0,2906.0,2898.0,2898.0,2898.0,2898.0,2898.0,2865.0,2865.0,2865.0,2865.0,2865.0,2865.0,2865.0,2865.0,2865.0,2865.0,2865.0,2865.0,2865.0,2865.0,2865.0,2865.0,2842.0,2842.0,2842.0,2842.0,2842.0,2842.0,2842.0,2842.0,2842.0,2842.0,2842.0,2842.0,2842.0,2842.0,2842.0,2842.0,2842.0,2842.0,2842.0,2842.0,2842.0,2842.0,2842.0,2842.0,2842.0,2842.0,2842.0,2842.0,2842.0,2842.0,2842.0,2842.0,2842.0,2842.0,2842.0,2842.0,2842.0,2842.0,2842.0,2842.0,2842.0,2842.0,2842.0,2842.0,2842.0,2842.0,2842.0,2842.0,2842.0,2842.0,2842.0,2842.0,2842.0,2841.0,2841.0,2841.0,2841.0,2841.0,2841.0,2841.0,2841.0,2841.0,2841.0,2841.0,2841.0,2840.0,2840.0,2840.0,2840.0,2840.0,2840.0,2840.0,2840.0,2840.0,2840.0,2840.0,2840.0,2840.0,2840.0,2840.0,2840.0,2840.0,2840.0,2840.0,2840.0,2840.0,2840.0,2840.0,2840.0,2840.0,2840.0,2840.0,2840.0,2840.0,2840.0,2840.0,2840.0,2840.0,2840.0,2840.0,2838.0,2838.0,2838.0,2838.0,2838.0,2838.0,2838.0,2838.0,2838.0,2838.0,2838.0,2838.0,2838.0,2838.0,2838.0,2838.0,2838.0,2838.0,2838.0,2838.0,2838.0,2838.0,2838.0,2838.0,2838.0,2838.0,2838.0,2838.0,2838.0,2838.0,2838.0,2838.0,2838.0,2838.0,2838.0,2838.0,2838.0,2838.0,2838.0,2838.0,2838.0,2838.0,2838.0,2838.0,2838.0
tune_3,Testing/network-cor-forma_eu_27t.txt,0.05,0.05,0.03,50,5,0.8,0.01,pairwise,0,50,3445445.0,323.21,3310,0,69995483.0,68946300.0,36255274.0,36255274.0,36255274.0,30715489.0,30715489.0,25001689.0,25001689.0,25001689.0,24687162.0,24687162.0,23857576.0,8004807.0,6201838.0,4420274.0,3392024.0,3392024.0,3392024.0,3392024.0,3392024.0,3392024.0,3392024.0,3392024.0,3392024.0,3392024.0,3392024.0,3392024.0,3392024.0,3392024.0,3392024.0,3392024.0,3392024.0,3392024.0,3392024.0,3392024.0,3392024.0,3392024.0,3392024.0,3392024.0,3392024.0,3392024.0,3392024.0,3392024.0,3392024.0,3392024.0,3392024.0,3392024.0,3392024.0,3392024.0,3392024.0,3392024.0,3392024.0,3392024.0,3392024.0,3392024.0,3392024.0,3392024.0,3392024.0,3392024.0,3392024.0,3392024.0,3392024.0,3392024.0,3392024.0,3392024.0,3392024.0,3392024.0,3392024.0,3392024.0,3392024.0,3392024.0,3392024.0,3391268.0,3391268.0,3391268.0,3391268.0,3391268.0,3391268.0,3384691.0,3384691.0,3384691.0,3384691.0,3384691.0,3384691.0,3384691.0,3384691.0,3384691.0,3384691.0,3384691.0,3384691.0,3384691.0,3384691.0,3384691.0,3384691.0,3384691.0,3384691.0,3384691.0,3384691.0,3384691.0,3384691.0,3384691.0,3384691.0,3384691.0,3384691.0,3384614.0,3384614.0,3382125.0,3382125.0,3382125.0,3382125.0,3382125.0,3382125.0,3382125.0,3382125.0,3382125.0,3382125.0,3382125.0,3382125.0,3382125.0,3382125.0,3382125.0,3382125.0,3382125.0,3382125.0,3382125.0,3382125.0,3382125.0,3382125.0,3382125.0,3382125.0,3382125.0,3382125.0,3382125.0,3382125.0,3382125.0,3382125.0,3382125.0,3382125.0,3379574.0,3379574.0,3379574.0,3379574.0,3379574.0,3379574.0,3379574.0,3379574.0,3379574.0,3379574.0,3379574.0,3379574.0,3379566.0,3379566.0,3379566.0,3379566.0,3379566.0,3379566.0,3379566.0,3379566.0,3379566.0,3379566.0,3379566.0,3379566.0,3379566.0,3379566.0,3379566.0,3379566.0,3379566.0,3379566.0,3379566.0,3379566.0,5074402.0,5074402.0,5074402.0,5074402.0,5074402.0,5074402.0,5074402.0,5074402.0,5074402.0,5074402.0,5074369.0,5074369.0,5074369.0,5074369.0,5074369.0,5074369.0
tune_4,Testing/network-cor-forma_eu_27t.txt,0.05,0.05,0.03,50,5,0.8,0.01,pairwise,0,50,5312427.0,318.53,3264,0,48488188.0,48488188.0,48488188.0,47382996.0,36172680.0,32583716.0,32583716.0,31218529.0,31218529.0,31218529.0,26703612.0,26703612.0,10470117.0,8836672.0,5031610.0,2424534.0,2055786.0,2055786.0,2055786.0,2055786.0,2055786.0,2055786.0,2055786.0,2055786.0,2055786.0,2055786.0,1978494.0,1978494.0,1978494.0,1978494.0,1978494.0,1978494.0,1978494.0,1978494.0,1978494.0,1584343.0,1584343.0,1584343.0,1584343.0,1584343.0,1584343.0,1584343.0,1584343.0,1584343.0,1584343.0,1584343.0,1584343.0,1584343.0,1584343.0,1584343.0,1584343.0,1584343.0,1584343.0,1577742.0,1577742.0,1577742.0,1577742.0,1577742.0,1577742.0,1577742.0,1577742.0,1527162.0,1527162.0,1527162.0,1527162.0,1527162.0,1527162.0,1527162.0,1527162.0,1527162.0,1527162.0,1527162.0,1527162.0,1527162.0,1527162.0,1527162.0,1527162.0,1527162.0,1527162.0,1527162.0,1527162.0,1527162.0,1527162.0,1527162.0,1527162.0,1527162.0,1527162.0,1527162.0,1527162.0,1527162.0,1527162.0,1527162.0,1527162.0,1527162.0,1527162.0,1527162.0,1527162.0,1527162.0,1527162.0,1527162.0,1527162.0,1527162.0,1527162.0,1527162.0,1527162.0,1527162.0,1527162.0,1527162.0,1527162.0,1527067.0,1527067.0,1527067.0,1527067.0,1527067.0,1527067.0,1527067.0,1527067.0,1527067.0,1527067.0,1527025.0,1527025.0,1527025.0,1527025.0,1527025.0,1527025.0,1525423.0,1525423.0,1525423.0,1525423.0,1525423.0,1525423.0,1525423.0,1525423.0,1525423.0,1525423.0,1525423.0,1525423.0,1525423.0,1525395.0,1525395.0,1525395.0,1525395.0,1525395.0,1525395.0,1525395.0,1525395.0,1525395.0,1525395.0,1525395.0,1525395.0,1525395.0,1525395.0,1525395.0,1525395.0,1525395.0,1525395.0,1525395.0,1525395.0,1525395.0,1525395.0,1525395.0,1525395.0,1525395.0,1525395.0,1525395.0,1525395.0,1525373.0,1525373.0,1525373.0,1525373.0,1525336.0,1973385.0,1973385.0,1973385.0,1973385.0,1973385.0,1973385.0,1973385.0,1973385.0,1973385.0,1973385.0,1973385.0,1973385.0,1973385.0,1973385.0,1973385.0
tune_5,Testing/network-cor-forma_eu_27t.txt,0.05,0.05,0.03,50,5,0.8,0.01,pairwise,0,50,2940421.0,319.88,3318,0,51546973.0,49029742.0,49029742.0,49029742.0,47498553.0,38487211.0,37927312.0,36169575.0,36169575.0,33389072.0,33389072.0,26616041.0,26325242.0,5422387.0,5422387.0,4164085.0,4164085.0,4164085.0,4164085.0,4164085.0,4164085.0,4164085.0,4164085.0,4164085.0,4164085.0,4164085.0,4164085.0,4164085.0,4164085.0,4164085.0,4164085.0,4164085.0,4164085.0,4164085.0,4164085.0,4164085.0,4164085.0,4164085.0,4164085.0,3387190.0,3387190.0,3387190.0,3387190.0,3387190.0,3307762.0,3307762.0,3307762.0,2166736.0,2166736.0,2166736.0,2166736.0,2166736.0,2166736.0,2166736.0,2166736.0,2166736.0,2166736.0,2166736.0,2166736.0,2166736.0,2166736.0,2166736.0,2166736.0,2166736.0,2166736.0,2166736.0,2166736.0,2166736.0,2166736.0,2166736.0,2166736.0,2166736.0,2166736.0,2166736.0,2149654.0,2149654.0,2149654.0,2149654.0,2149654.0,2149654.0,2149654.0,2149654.0,2149654.0,2149654.0,2149654.0,2149654.0,2149654.0,2149654.0,2149654.0,2149654.0,2149654.0,2149654.0,2149654.0,2149654.0,2149654.0,2149654.0,2149654.0,2149654.0,2149654.0,2149654.0,2149654.0,2149654.0,2149654.0,2149654.0,2149654.0,2149654.0,2149654.0,2149654.0,2149654.0,2149654.0,2149654.0,2149654.0,2149654.0,2149654.0,2149654.0,2149654.0,2147646.0,2147646.0,2147646.0,2147646.0,2147646.0,2147646.0,2147646.0,2147646.0,2147646.0,2147646.0,2147646.0,2147646.0,2147646.0,2147646.0,2147646.0,2147646.0,2147646.0,2147646.0,2147646.0,2147646.0,2147646.0,2147646.0,2147646.0,2147646.0,2147646.0,2147646.0,2147646.0,2147646.0,2147646.0,2147646.0,2147646.0,2147646.0,2147646.0,2147646.0,2147646.0,2147646.0,2147646.0,2147646.0,2147642.0,2147642.0,2147642.0,3183966.0,3183966.0,3183966.0,3183966.0,3183966.0,3183966.0,3183966.0,3183966.0,3181480.0,3181480.0,3181480.0,3181480.0,3181480.0,3181480.0,3181480.0,3181480.0,3181480.0,3181480.0,3181480.0,3181480.0,3181480.0,3181480.0,3181480.0,3181480.0,3181480.0,3178995.0,3178995.0,3178995.0,3178995.0,3178995.0,3178995.0,3178995.0,3178995.0,3178995.0,3178995.0,3178995.0,3178973.0,3178973.0,3178973.0,3178973.0,3178973.0,3178973.0
tune_6,Testing/network-cor-forma_eu_27t.txt,0.05,0.05,0.03,50,5,0.8,0.01,pairwise,0,50,934712.0,316.23,3281,0,70303020.0,69770449.0,48411207.0,37754271.0,36035318.0,33352468.0,33352468.0,32848364.0,31228611.0,28557111.0,28557111.0,23438392.0,23438392.0,23438392.0,23438392.0,9782455.0,9782455.0,8281194.0,6104530.0,5690989.0,5690989.0,5690989.0,5690989.0,5690989.0,5690989.0,5690989.0,5690989.0,5690989.0,5690989.0,5690989.0,5690989.0,5690989.0,5030161.0,5030161.0,5030161.0,5030161.0,5030161.0,5030161.0,5030161.0,5030161.0,5030161.0,5030161.0,5030161.0,5030161.0,5030161.0,5030161.0,5030161.0,5030161.0,5030161.0,5030161.0,5030161.0,5030161.0,5030161.0,5030161.0,5030161.0,5030161.0,5030161.0,5030161.0,5030161.0,5030161.0,5030161.0,5030161.0,5030161.0,5030161.0,5030161.0,5030161.0,5030161.0,5030161.0,5030161.0,5030161.0,5030161.0,5030161.0,5030161.0,5030161.0,5030161.0,5030161.0,5030161.0,5030161.0,5030161.0,5030161.0,5030161.0,5030161.0,5030161.0,5030161.0,5030161.0,5030161.0,5030161.0,5030161.0,5030161.0,5030161.0,5030161.0,5030161.0,5016880.0,5016880.0,5016880.0,5016880.0,5016880.0,5016880.0,5016880.0,5016880.0,5016880.0,5016880.0,5016880.0,5016880.0,5016880.0,5016880.0,5016880.0,5016868.0,5016868.0,5016868.0,5016868.0,5016868.0,5016868.0,5016868.0,5016868.0,5016835.0,5016835.0,5016835.0,5016835.0,5016835.0,5016835.0,5016835.0,5016835.0,5016835.0,5016835.0,5016835.0,5016835.0,5016835.0,5016835.0,5016835.0,5016830.0,5016830.0,5016830.0,5016830.0,5016830.0,5016830.0,5016830.0,5016830.0,5016830.0,5016830.0,5016830.0,5016830.0,5016830.0,5016830.0,5016830.0,5016830.0,5016830.0,5013708.0,5013708.0,5013708.0,5013708.0,5013708.0,5013708.0,5013708.0,2666093.0,2666093.0,2666093.0,2666093.0,2666093.0,2666093.0,2666093.0,2666093.0,2666093.0,2666006.0,2666006.0,2666006.0,2666006.0,2666006.0,2665948.0,2665948.0,2665948.0,2665948.0,2665948.0,2665948.0,2665948.0,2665948.0,2665948.0,2665948.0,2665948.0,2665948.0,2665948.0,2665948.0,2665948.0,2665948.0,2665945.0,2665945.0,2665943.0,2665943.0,2665943.0,2665943.0,2665943.0
tune_8,Testing/network-cor-forma_eu_27t.txt,0.05,0.05,0.03,50,5,0.8,0.01,pairwise,0,50,25036152.0,280.65,3319,0,48399965.0,46172582.0,35858801.0,35858801.0,24520042.0,24520042.0,24520042.0,24520042.0,24399767.0,24399767.0,24399767.0,24399767.0,13020917.0,8188121.0,3354330.0,3354330.0,3021935.0,3021935.0,3021935.0,3021935.0,3021935.0,3021935.0,3021935.0,3021935.0,3021935.0,3021935.0,3021935.0,3021935.0,3021935.0,3021935.0,3021935.0,3021935.0,3021935.0,3021935.0,3021935.0,3021935.0,3021935.0,3021935.0,3021935.0,3021935.0,3021935.0,3021935.0,3021935.0,3021935.0,2819743.0,2819743.0,2819743.0,2819743.0,2819743.0,2819743.0,2819743.0,2819743.0,2819743.0,2819743.0,2819743.0,2819743.0,2819743.0,2819743.0,2819743.0,2819743.0,2819743.0,2819743.0,2819743.0,2819731.0,2819731.0,2819731.0,2819731.0,2819731.0,2819731.0,2819731.0,2819731.0,2819731.0,2819731.0,2819731.0,2819731.0,2819731.0,2819731.0,2819731.0,2819731.0,2819731.0,2819731.0,2817517.0,2817517.0,2817517.0,2817517.0,2817517.0,2817517.0,2817517.0,2817517.0,2817517.0,2817517.0,2817517.0,2817517.0,2817517.0,2817517.0,2817517.0,2817517.0,2817517.0,2817517.0,2817517.0,2817517.0,2817517.0,2817486.0,2817486.0,2817486.0,2817486.0,2817486.0,2817486.0,2817486.0,2817486.0,2817486.0,2817486.0,2817486.0,2817486.0,2817486.0,2817486.0,2817486.0,2817486.0,2817486.0,2817486.0,2817475.0,2817475.0,2817475.0,2815180.0,2815180.0,2815180.0,2815180.0,2815180.0,2815180.0,2815180.0,2815180.0,2815180.0,2815180.0,2815180.0,2815180.0,2815180.0,2815180.0,2815180.0,2815146.0,2815146.0,2815146.0,2815146.0,2815146.0,2815146.0,2815146.0,2815146.0,2815146.0,2815146.0,2815146.0,2815146.0,2815146.0,2815146.0,2815146.0,2815146.0,2815146.0,2815146.0,2815146.0,2812843.0,2812843.0,2812843.0,2812843.0,2812843.0,2812843.0,2812843.0,2812843.0,2812843.0,2812843.0,2812843.0,2812843.0,2812843.0,2812843.0,2812843.0,2812843.0,2812813.0,2812813.0,2812813.0,2812813.0,2812813.0,2812813.0,2812813.0,2812813.0,2812813.0,2812813.0,2812813.0,2812813.0,2812813.0,2812813.0
tune_7,Testing/network-cor-forma_eu_27t.txt,0.05,0.05,0.03,50,5,0.8,0.01,pairwise,0,50,2295942.0,316.49,3278,-1
tune_9,Testing/network-cor-forma_eu_27t.txt,0.05,0.05,0.03,50,5,0.8,0.01,pairwise,0,50,24711448.0,307.93,3315,0,46752337.0,45630672.0,45630672.0,26506717.0,26506717.0,26506717.0,9470712.0,9470712.0,9470712.0,6712392.0,3593527.0,2466881.0,2104074.0,2104074.0,2104074.0,2104074.0,2104074.0,2104074.0,2104074.0,2104074.0,2104074.0,2104074.0,2104074.0,2104074.0,2104074.0,2104074.0,2104074.0,2104074.0,2104074.0,2104074.0,2104074.0,2104074.0,2104074.0,2104074.0,2104074.0,2104074.0,2104074.0,2104074.0,2104074.0,2104074.0,2104074.0,2104074.0,2104074.0,2104074.0,2104074.0,2104074.0,2104074.0,2104074.0,2104074.0,2104074.0,2104074.0,2104074.0,2104074.0,2104074.0,2104074.0,2104074.0,2104074.0,2104074.0,2104074.0,2104074.0,2104021.0,2104021.0,2104021.0,2104021.0,2104021.0,2104021.0,2104021.0,2104021.0,2104021.0,2104021.0,2104021.0,2104021.0,2104021.0,2104021.0,2104021.0,2104021.0,2104021.0,2104021.0,2104021.0,2104021.0,2104021.0,2104021.0,2104021.0,2104021.0,2104021.0,2104021.0,2104021.0,2104021.0,2104021.0,2104021.0,2104021.0,2104021.0,2104021.0,2102054.0,2102054.0,2102054.0,2102054.0,2102054.0,2102054.0,2102054.0,2102054.0,2102054.0,2102054.0,2102054.0,2102054.0,2102054.0,2102054.0,2102054.0,2102054.0,2102054.0,2102054.0,2102054.0,2102054.0,2102054.0,2102054.0,2102054.0,2102051.0,2102051.0,2102038.0,2102038.0,2102038.0,2102038.0,2102038.0,2102038.0,2100101.0,2100101.0,2100101.0,2100101.0,2100101.0,2100101.0,2100101.0,2100101.0,2100101.0,2100095.0,2100095.0,2100095.0,2100095.0,2100095.0,2100095.0,2100095.0,2100095.0,2100095.0,2100095.0,2100095.0,2100095.0,2100094.0,2100094.0,2100092.0,2100092.0,2100092.0,2100092.0,2100092.0,2100092.0,2100092.0,2100092.0,2100092.0,2100092.0,2100092.0,2100092.0,2100092.0,2100092.0,2100092.0,2100092.0,2100092.0,2099839.0,2099839.0,2098127.0,2098127.0,2098127.0,2098127.0,2098127.0,2098127.0,2098127.0,2098127.0,2098127.0,2098127.0,2098127.0,2097889.0,2097889.0,2097889.0,2097889.0,2097889.0,2097889.0,2097889.0,2097889.0
tune_10,Testing/network-cor-forma_eu_27t.txt,0.05,0.05,0.03,50,5,0.8,0.01,pairwise,0,50,3563628.0,315.83,3295,0,49617003.0,49617003.0,38716912.0,31958068.0,31958068.0,31958068.0,31958068.0,31958068.0,31958068.0,31958068.0,26543100.0,26485333.0,4237669.0,4237669.0,3184654.0,2607564.0,2607564.0,2607564.0,2607564.0,2607564.0,2607564.0,2607564.0,2607564.0,2607564.0,2607564.0,2607564.0,2607564.0,2607564.0,2607564.0,2607564.0,2607564.0,2607564.0,2607564.0,2465515.0,2465515.0,2465515.0,2465515.0,2465515.0,2465515.0,2465515.0,2465515.0,2465515.0,2465515.0,2465515.0,2465515.0,2465515.0,2465515.0,2465515.0,2465515.0,2465515.0,2465515.0,2465515.0,2465515.0,2465515.0,2465515.0,2465443.0,2465443.0,2465443.0,2465443.0,2465443.0,2465443.0,2465443.0,2465443.0,2465443.0,2465443.0,2465443.0,2465443.0,2465443.0,2465443.0,2465443.0,2465443.0,2465443.0,2465418.0,2465418.0,2465418.0,2465418.0,2465418.0,2465418.0,2465418.0,2465418.0,2465418.0,2465418.0,2465418.0,2465418.0,2465418.0,2463271.0,2463271.0,2463271.0,2463271.0,2463271.0,2463271.0,2463271.0,2463271.0,2463271.0,2463271.0,2463271.0,2463271.0,2463271.0,2463271.0,2463271.0,2463271.0,2463271.0,2463271.0,2463271.0,2463271.0,2463271.0,2463271.0,2463271.0,2463271.0,2463271.0,2463271.0,2463271.0,2463271.0,2463271.0,2463271.0,2463271.0,2463271.0,2463271.0,2463271.0,2463271.0,2463271.0,2463271.0,2463271.0,2463271.0,2463271.0,2463271.0,2461100.0,2461100.0,2461100.0,2461100.0,2461100.0,2461100.0,2461100.0,2461100.0,2458930.0,2458930.0,2458930.0,2458930.0,2458930.0,2458930.0,2458930.0,2458930.0,2458930.0,2458930.0,2458930.0,2458930.0,2458930.0,2458930.0,2458930.0,2458930.0,2458930.0,2458930.0,2458924.0,2458924.0,2458924.0,2458760.0,2458760.0,2458760.0,2458760.0,2458760.0,2458760.0,2458760.0,2458760.0,2458760.0,2458760.0,2458760.0,2458760.0,2458760.0,2458760.0,2458760.0,2458760.0,2456591.0,2456591.0,2456591.0,2456591.0,2456591.0,2456591.0,2456591.0,2456591.0,2456591.0,2456591.0,2456591.0,2456591.0,2456591.0,2456591.0,2456591.0
tune_1,Testing/network-cor-forma_eu_27t.txt,0.05,0.05,0.03,50,5,0.8,0.01,pairwise,1,50,2340209.0,334.20,3286,0,48371972.0,48371972.0,48371972.0,44009017.0,44009017.0,44009017.0,37614824.0,37614824.0,37614824.0,37614824.0,37614824.0,37614824.0,37614824.0,37614824.0,26260017.0,19012006.0,8880230.0,5590769.0,5590769.0,5258019.0,4708618.0,3443508.0,3443508.0,2897794.0,2897794.0,2897794.0,2897794.0,2897794.0,2897794.0,2897794.0,2897794.0,2897794.0,2897794.0,2897794.0,2897794.0,2897794.0,2897794.0,2897794.0,2897794.0,2897794.0,2897794.0,2897794.0,2897794.0,2897794.0,2897794.0,2897794.0,2897794.0,2897794.0,2897794.0,2897794.0,2897794.0,2897794.0,2897794.0,2897794.0,2897794.0,2897794.0,2897794.0,2897794.0,2897794.0,2897794.0,2897794.0,2897794.0,2897794.0,2897794.0,2880901.0,2880901.0,2880901.0,2880901.0,2880901.0,2880901.0,2880901.0,2880901.0,2880901.0,2880901.0,2880901.0,2880901.0,2880901.0,2880901.0,2880901.0,2880901.0,2880901.0,2880901.0,2880901.0,2880901.0,2880901.0,2880901.0,2880901.0,2880901.0,2880901.0,2880901.0,2880901.0,2880901.0,2880901.0,2880901.0,2880901.0,2880901.0,2880901.0,2878497.0,2878497.0,2878497.0,2878497.0,2878497.0,2878497.0,2878497.0,2878497.0,2878497.0,2878497.0,2878497.0,2878497.0,2878497.0,2878497.0,2878497.0,2878497.0,2878497.0,2878497.0,2878497.0,2878450.0,2878450.0,2878450.0,2878450.0,2878450.0,2878450.0,2878450.0,2878450.0,2876158.0,2876158.0,2876158.0,2876158.0,2876158.0,2876158.0,2876158.0,2876158.0,2876158.0,2876158.0,2876158.0,2876158.0,2876158.0,2876158.0,2876158.0,2876091.0,2876091.0,2876091.0,2876091.0,2876091.0,2876091.0,2876091.0,2876091.0,2876091.0,2876091.0,2876091.0,2876091.0,2876091.0,2876091.0,2876091.0,2873728.0,2873728.0,2873728.0,2873728.0,2873728.0,2873728.0,2873728.0,2873728.0,2873728.0,2873728.0,2873690.0,2873690.0,2873690.0,2873690.0,2873690.0,2873690.0,2873690.0,2873690.0,2873690.0,2873689.0,2873689.0,1848468.0,1848468.0,1848468.0,1848468.0
tune_3,Testing/network-cor-forma_eu_27t.txt,0.05,0.05,0.03,50,5,0.8,0.01,pairwise,1,50,3445445.0,303.71,3262,0,69995483.0,68946300.0,36255274.0,36255274.0,36255274.0,30715489.0,30715489.0,25001689.0,25001689.0,25001689.0,24687162.0,24687162.0,23857576.0,8004807.0,6201838.0,4420274.0,3392024.0,3392024.0,3392024.0,3392024.0,3392024.0,3392024.0,3392024.0,3392024.0,3392024.0,3392024.0,3392024.0,3392024.0,3392024.0,3392024.0,3392024.0,3392024.0,3392024.0,3392024.0,3392024.0,3392024.0,3392024.0,3392024.0,3392024.0,3392024.0,3392024.0,3392024.0,3392024.0,3392024.0,3392024.0,3392024.0,3392024.0,3392024.0,3392024.0,3392024.0,3392024.0,3392024.0,3392024.0,3392024.0,3392024.0,3392024.0,3392024.0,3392024.0,3392024.0,3392024.0,3392024.0,3392024.0,3392024.0,3392024.0,3392024.0,3392024.0,3392024.0,3392024.0,3392024.0,3392024.0,3392024.0,3392024.0,3392024.0,3391268.0,3391268.0,3391268.0,3391268.0,3391268.0,3391268.0,3384691.0,3384691.0,3384691.0,3384691.0,3384691.0,3384691.0,3384691.0,3384691.0,3384691.0,3384691.0,3384691.0,3384691.0,3384691.0,3384691.0,3384691.0,3384691.0,3384691.0,3384691.0,3384691.0,3384691.0,3384691.0,3384691.0,3384691.0,3384691.0,3384691.0,3384691.0,3384614.0,3384614.0,3382125.0,3382125.0,3382125.0,3382125.0,3382125.0,3382125.0,3382125.0,3382125.0,3382125.0,3382125.0,3382125.0,3382125.0,3382125.0,3382125.0,3382125.0,3382125.0,3382125.0,3382125.0,3382125.0,3382125.0,3382125.0,3382125.0,3382125.0,3382125.0,3382125.0,3382125.0,3382125.0,3382125.0,3382125.0,3382125.0,3382125.0,3382125.0,3379574.0,3379574.0,3379574.0,3379574.0,3379574.0,3379574.0,3379574.0,3379574.0,3379574.0,3379574.0,3379574.0,3379574.0,3379566.0,3379566.0,3379566.0,3379566.0,3379566.0,3379566.0,3379566.0,3379566.0,3379566.0,3379566.0,3379566.0,3379566.0,3379566.0,3379566.0,3379566.0,3379566.0,3379566.0,3379566.0,3379566.0,3379566.0,5074402.0,5074402.0,5074402.0,5074402.0,5074402.0,5074402.0,5074402.0,5074402.0,5074402.0,5074402.0,5074369.0,5074369.0,5074369.0,5074369.0,5074369.0,5074369.0
tune_2,Testing/network-cor-forma_eu_27t.txt,0.05,0.05,0.03,50,5,0.8,0.01,pairwise,1,50,2178719.0,328.53,3316,0,70706686.0,70706686.0,69983130.0,69487254.0,47547976.0,38188876.0,32758434.0,32758434.0,27325120.0,27325120.0,26827960.0,24104987.0,13663210.0,1690809.0,1690809.0,1690809.0,1690809.0,1690809.0,1690809.0,1690809.0,1690809.0,1690809.0,1690809.0,1690809.0,1690809.0,1690809.0,1690809.0,1690809.0,1690809.0,1690809.0,1690809.0,1690809.0,1690809.0,1690809.0,1690809.0,1690809.0,1690809.0,1690809.0,1690809.0,1690809.0,1690809.0,1690809.0,1690809.0,1690809.0,1690809.0,1690809.0,1690809.0,1690809.0,1690809.0,1690809.0,1690809.0,1690809.0,1690809.0,1690809.0,1690809.0,1690809.0,1690809.0,1690809.0,1690809.0,1690809.0,1690809.0,1690809.0,1690809.0,1690809.0,1690809.0,1690809.0,1690809.0,1690809.0,1690809.0,1690809.0,1690809.0,1690809.0,1690809.0,1690809.0,1690809.0,1690809.0,1690809.0,1690809.0,1690809.0,1677109.0,1677109.0,1677109.0,1677109.0,1677109.0,1677109.0,1677109.0,1677109.0,1673661.0,1673661.0,1673661.0,1673661.0,1673661.0,1673661.0,1673661.0,1673661.0,1673661.0,1673661.0,1673661.0,1673661.0,1673661.0,1673661.0,1673661.0,1673661.0,1673661.0,1673661.0,1673661.0,1673661.0,1673661.0,1673661.0,1673661.0,1673661.0,1673661.0,1673661.0,1673657.0,1673657.0,1673657.0,1673657.0,1673657.0,1673657.0,1673657.0,1673657.0,1673657.0,1673657.0,1673657.0,1673657.0,1673657.0,1673657.0,1673657.0,1673657.0,1673657.0,1673657.0,1673657.0,1673657.0,1673657.0,1673657.0,1673657.0,1673657.0,1673657.0,1673657.0,1673657.0,1673657.0,1673657.0,1673657.0,1673657.0,1673657.0,1673657.0,1673657.0,1673657.0,1673657.0,1673657.0,1673657.0,1673657.0,1673657.0,1673657.0,1673568.0,1673568.0,1673568.0,1673568.0,1673568.0,1673568.0,1673568.0,1673568.0,1673568.0,1673568.0,1673568.0,1673568.0,1673568.0,1673568.0,1673568.0,1673568.0,1673568.0,1673568.0
tune_5,Testing/network-cor-forma_eu_27t.txt,0.05,0.05,0.03,50,5,0.8,0.01,pairwise,1,50,2940421.0,315.34,3305,0,51546973.0,49029742.0,49029742.0,49029742.0,47498553.0,38487211.0,37927312.0,36169575.0,36169575.0,33389072.0,33389072.0,26616041.0,26325242.0,5422387.0,5422387.0,4164085.0,4164085.0,4164085.0,4164085.0,4164085.0,4164085.0,4164085.0,4164085.0,4164085.0,4164085.0,4164085.0,4164085.0,4164085.0,4164085.0,4164085.0,4164085.0,4164085.0,4164085.0,4164085.0,4164085.0,4164085.0,4164085.0,4164085.0,4164085.0,3387190.0,3387190.0,3387190.0,3387190.0,3387190.0,3307762.0,3307762.0,3307762.0,2166736.0,2166736.0,2166736.0,2166736.0,2166736.0,2166736.0,2166736.0,2166736.0,2166736.0,2166736.0,2166736.0,2166736.0,2166736.0,2166736.0,2166736.0,2166736.0,2166736.0,2166736.0,2166736.0,2166736.0,2166736.0,2166736.0,2166736.0,2166736.0,2166736.0,2166736.0,2166736.0,2149654.0,2149654.0,2149654.0,2149654.0,2149654.0,2149654.0,2149654.0,2149654.0,2149654.0,2149654.0,2149654.0,2149654.0,2149654.0,2149654.0,2149654.0,2149654.0,2149654.0,2149654.0,2149654.0,2149654.0,2149654.0,2149654.0,2149654.0,2149654.0,2149654.0,2149654.0,2149654.0,2149654.0,2149654.0,2149654.0,2149654.0,2149654.0,2149654.0,2149654.0,2149654.0,2149654.0,2149654.0,2149654.0,2149654.0,2149654.0,2149654.0,2149654.0,2147646.0,2147646.0,2147646.0,2147646.0,2147646.0,2147646.0,2147646.0,2147646.0,2147646.0,2147646.0,2147646.0,2147646.0,2147646.0,2147646.0,2147646.0,2147646.0,2147646.0,2147646.0,2147646.0,2147646.0,2147646.0,2147646.0,2147646.0,2147646.0,2147646.0,2147646.0,2147646.0,2147646.0,2147646.0,2147646.0,2147646.0,2147646.0,2147646.0,2147646.0,2147646.0,2147646.0,2147646.0,2147646.0,2147642.0,2147642.0,2147642.0,3183966.0,3183966.0,3183966.0,3183966.0,3183966.0,3183966.0,3183966.0,3183966.0,3181480.0,3181480.0,3181480.0,3181480.0,3181480.0,3181480.0,3181480.0,3181480.0,3181480.0,3181480.0,3181480.0,3181480.0,3181480.0,3181480.0,3181480.0,3181480.0,3181480.0,3178995.0,3178995.0,3178995.0,3178995.0,3178995.0,3178995.0,3178995.0,3178995.0,3178995.0,3178995.0,3178995.0,3178973.0,3178973.0,3178973.0,3178973.0,3178973.0,3178973.0
tune_4,Testing/network-cor-forma_eu_27t.txt,0.05,0.05,0.03,50,5,0.8,0.01,pairwise,1,50,5294501.0,331.99,3294,0,48488188.0,48488188.0,48488188.0,47382996.0,36172680.0,32583716.0,32583716.0,31218529.0,31218529.0,31218529.0,26703612.0,26703612.0,10470117.0,8836672.0,5031610.0,2424534.0,2055786.0,2055786.0,2055786.0,2055786.0,2055786.0,2055786.0,2055786.0,2055786.0,2055786.0,2055786.0,1978494.0,1978494.0,1978494.0,1978494.0,1978494.0,1978494.0,1978494.0,1978494.0,1978494.0,1584343.0,1584343.0,1584343.0,1584343.0,1584343.0,1584343.0,1584343.0,1584343.0,1584343.0,1584343.0,1584343.0,1584343.0,1584343.0,1584343.0,1584343.0,1584343.0,1584343.0,1584343.0,1577742.0,1577742.0,1577742.0,1577742.0,1577742.0,1577742.0,1577742.0,1577742.0,1527162.0,1527162.0,1527162.0,1527162.0,1527162.0,1527162.0,1527162.0,1527162.0,1527162.0,1527162.0,1527162.0,1527162.0,1527162.0,1527162.0,1527162.0,1527162.0,1527162.0,1527162.0,1527162.0,1527162.0,1527162.0,1527162.0,1527162.0,1527162.0,1527162.0,1527162.0,1527162.0,1527162.0,1527162.0,1527162.0,1527162.0,1527162.0,1527162.0,1527162.0,1527162.0,1527162.0,1527162.0,1527162.0,1527162.0,1527162.0,1527162.0,1527162.0,1527162.0,1527162.0,1527162.0,1527162.0,1527162.0,1527162.0,1527067.0,1527067.0,1527067.0,1527067.0,1527067.0,1527067.0,1527067.0,1527067.0,1527067.0,1527067.0,1527025.0,1527025.0,1527025.0,1527025.0,1527025.0,1527025.0,1525423.0,1525423.0,1525423.0,1525423.0,1525423.0,1525423.0,1525423.0,1525423.0,1525423.0,1525423.0,1525423.0,1525423.0,1525423.0,1525395.0,1525395.0,1525395.0,1525395.0,1525395.0,1525395.0,1525395.0,1525395.0,1525395.0,1525395.0,1525395.0,1525395.0,1525395.0,1525395.0,1525395.0,1525395.0,1525395.0,1525395.0,1525395.0,1525395.0,1525395.0,1525395.0,1525395.0,1525395.0,1525395.0,1525395.0,1525395.0,1525395.0,1525373.0,1525373.0,1525373.0,1525373.0,1525336.0,1973385.0,1973385.0,1973385.0,1973385.0,1973385.0,1973385.0,1973385.0,1973385.0,1973385.0,1973385.0,1973385.0,1973385.0,1973385.0,1973385.0,1973385.0
tune_7,Testing/network-cor-forma_eu_27t.txt,0.05,0.05,0.03,50,5,0.8,0.01,pairwise,1,50,8199997.0,334.51,3301,-1
tune_8,Testing/network-cor-forma_eu_27t.txt,0.05,0.05,0.03,50,5,0.8,0.01,pairwise,1,50,3941166.0,319.15,3233,0,48399965.0,46172582.0,35858801.0,35858801.0,24520042.0,24520042.0,24520042.0,24520042.0,24399767.0,24399767.0,24399767.0,24399767.0,13020917.0,8188121.0,3354330.0,3354330.0,3021935.0,3021935.0,3021935.0,3021935.0,3021935.0,3021935.0,3021935.0,3021935.0,3021935.0,3021935.0,3021935.0,3021935.0,3021935.0,3021935.0,3021935.0,3021935.0,3021935.0,3021935.0,3021935.0,3021935.0,3021935.0,3021935.0,3021935.0,3021935.0,3021935.0,3021935.0,3021935.0,3021935.0,2819743.0,2819743.0,2819743.0,2819743.0,2819743.0,2819743.0,2819743.0,2819743.0,2819743.0,2819743.0,2819743.0,2819743.0,2819743.0,2819743.0,2819743.0,2819743.0,2819743.0,2819743.0,2819743.0,2819731.0,2819731.0,2819731.0,2819731.0,2819731.0,2819731.0,2819731.0,2819731.0,2819731.0,2819731.0,2819731.0,2819731.0,2819731.0,2819731.0,2819731.0,2819731.0,2819731.0,2819731.0,2817517.0,2817517.0,2817517.0,2817517.0,2817517.0,2817517.0,2817517.0,2817517.0,2817517.0,2817517.0,2817517.0,2817517.0,2817517.0,2817517.0,2817517.0,2817517.0,2817517.0,2817517.0,2817517.0,2817517.0,2817517.0,2817486.0,2817486.0,2817486.0,2817486.0,2817486.0,2817486.0,2817486.0,2817486.0,2817486.0,2817486.0,2817486.0,2817486.0,2817486.0,2817486.0,2817486.0,2817486.0,2817486.0,2817486.0,2817475.0,2817475.0,2817475.0,2815180.0,2815180.0,2815180.0,2815180.0,2815180.0,2815180.0,2815180.0,2815180.0,2815180.0,2815180.0,2815180.0,2815180.0,2815180.0,2815180.0,2815180.0,2815146.0,2815146.0,2815146.0,2815146.0,2815146.0,2815146.0,2815146.0,2815146.0,2815146.0,2815146.0,2815146.0,2815146.0,2815146.0,2815146.0,2815146.0,2815146.0,2815146.0,2815146.0,2815146.0,2812843.0,2812843.0,2812843.0,2812843.0,2812843.0,2812843.0,2812843.0,2812843.0,2812843.0,2812843.0,2812843.0,2812843.0,2812843.0,2812843.0,2812843.0,2812843.0,2812813.0,2812813.0,2812813.0,2812813.0,2812813.0,2812813.0,2812813.0,2812813.0,2812813.0,2812813.0,2812813.0,2812813.0,2812813.0,2812813.0
tune_10,Testing/network-cor-forma_eu_27t.txt,0.05,0.05,0.03,50,5,0.8,0.01,pairwise,1,50,5344897.0,326.65,3230,0,49617003.0,49617003.0,38716912.0,31958068.0,31958068.0,31958068.0,31958068.0,31958068.0,31958068.0,31958068.0,26543100.0,26485333.0,4237669.0,4237669.0,3184654.0,2607564.0,2607564.0,2607564.0,2607564.0,2607564.0,2607564.0,2607564.0,2607564.0,2607564.0,2607564.0,2607564.0,2607564.0,2607564.0,2607564.0,2607564.0,2607564.0,2607564.0,2607564.0,2465515.0,2465515.0,2465515.0,2465515.0,2465515.0,2465515.0,2465515.0,2465515.0,2465515.0,2465515.0,2465515.0,2465515.0,2465515.0,2465515.0,2465515.0,2465515.0,2465515.0,2465515.0,2465515.0,2465515.0,2465515.0,2465515.0,2465443.0,2465443.0,2465443.0,2465443.0,2465443.0,2465443.0,2465443.0,2465443.0,2465443.0,2465443.0,2465443.0,2465443.0,2465443.0,2465443.0,2465443.0,2465443.0,2465443.0,2465418.0,2465418.0,2465418.0,2465418.0,2465418.0,2465418.0,2465418.0,2465418.0,2465418.0,2465418.0,2465418.0,2465418.0,2465418.0,2463271.0,2463271.0,2463271.0,2463271.0,2463271.0,2463271.0,2463271.0,2463271.0,2463271.0,2463271.0,2463271.0,2463271.0,2463271.0,2463271.0,2463271.0,2463271.0,2463271.0,2463271.0,2463271.0,2463271.0,2463271.0,2463271.0,2463271.0,2463271.0,2463271.0,2463271.0,2463271.0,2463271.0,2463271.0,2463271.0,2463271.0,2463271.0,2463271.0,2463271.0,2463271.0,2463271.0,2463271.0,2463271.0,2463271.0,2463271.0,2463271.0,2461100.0,2461100.0,2461100.0,2461100.0,2461100.0,2461100.0,2461100.0,2461100.0,2458930.0,2458930.0,2458930.0,2458930.0,2458930.0,2458930.0,2458930.0,2458930.0,2458930.0,2458930.0,2458930.0,2458930.0,2458930.0,2458930.0,2458930.0,2458930.0,2458930.0,2458930.0,2458924.0,2458924.0,2458924.0,2458760.0,2458760.0,2458760.0,2458760.0,2458760.0,2458760.0,2458760.0,2458760.0,2458760.0,2458760.0,2458760.0,2458760.0,2458760.0,2458760.0,2458760.0,2458760.0,2456591.0,2456591.0,2456591.0,2456591.0,2456591.0,2456591.0,2456591.0,2456591.0,2456591.0,2456591.0,2456591.0,2456591.0,2456591.0,2456591.0,2456591.0
tune_1,Testing/network-cor-forma_eu_27t.txt,0.05,0.05,0.03,50,5,0.8,0.01,components,0,50,6957.0,324.19,3241,21,1433.0,1865.0,1900.0,2291.0,2291.0,2308.0,2308.0,2308.0,5771.0,5771.0,5771.0,5771.0,5782.0,6387.0,6387.0,6387.0,7179.0,7179.0,7179.0,7179.0,7179.0,7791.0,7791.0,7791.0,7791.0,7791.0,7791.0,7791.0,7791.0,7791.0,7791.0,7791.0,7791.0,7791.0,7791.0,7791.0,7791.0,7791.0,7791.0,7791.0,7791.0,7791.0,7791.0,7791.0,7791.0,7791.0,7791.0,7791.0,7791.0,7791.0,7791.0,7791.0,7791.0,7791.0,7791.0,7791.0,7791.0,7791.0,7791.0,7791.0,7791.0,7791.0,7791.0,7791.0,7791.0,7791.0,7791.0,7791.0,7791.0,7791.0,7791.0,7791.0,7791.0,7791.0,7791.0,7791.0,7791.0,7791.0,7791.0,7791.0,7791.0,7791.0,7791.0,7791.0,7791.0,7791.0,7791.0,7791.0,7791.0,7791.0,7791.0,7791.0,7791.0,7791.0,7791.0,7791.0,7791.0,7791.0,7791.0,7791.0,7791.0,7791.0,7791.0,7791.0,7791.0,7791.0,7791.0,7791.0,7791.0,7791.0,7791.0,7791.0,7791.0,7791.0,7791.0,7791.0,7791.0,7791.0,7791.0,7791.0,7791.0,7791.0,7791.0,7791.0,7791.0,7791.0,7791.0,7791.0,7791.0,7791.0,7791.0,7791.0,7791.0,7791.0,7791.0,7791.0,7791.0,7791.0,7791.0,7791.0,7791.0,7791.0,7791.0,7791.0,7791.0,7791.0,7791.0,7791.0,7791.0,7791.0,7791.0,7791.0,7791.0,7791.0,7791.0,7791.0,7791.0,7791.0,7791.0,7791.0,7791.0,7791.0,7791.0,7791.0,7791.0,7791.0,7791.0,7791.0,7791.0,7791.0,7791.0,7791.0,7791.0,7791.0,7791.0,7791.0,7791.0,7791.0,7791.0,7791.0,7791.0,7791.0,7791.0,7791.0,7791.0,7791.0,7791.0,7791.0,7791.0,7791.0,7791.0,7791.0,7791.0,7791.0,7791.0,7791.0,7791.0,7791.0,7791.0,7791.0
tune_2,Testing/network-cor-forma_eu_27t.txt,0.05,0.05,0.03,50,5,0.8,0.01,components,0,50,7383.0,325.88,3256,193,1679.0,1701.0,1789.0,1794.0,1960.0,1960.0,1960.0,2031.0,2031.0,2031.0,2031.0,2031.0,5736.0,5736.0,5756.0,5766.0,5766.0,5766.0,5770.0,5772.0,5780.0,5788.0,5794.0,5794.0,5810.0,5810.0,5810.0,5819.0,5828.0,5828.0,5828.0,5834.0,5839.0,5839.0,5842.0,5844.0,5848.0,5858.0,5858.0,5858.0,5858.0,5860.0,5863.0,5867.0,5871.0,5874.0,5874.0,5879.0,5879.0,5883.0,5885.0,5890.0,5890.0,5894.0,5896.0,5897.0,5897.0,5903.0,5904.0,5904.0,5905.0,5909.0,5909.0,5911.0,5913.0,5914.0,5914.0,5915.0,5915.0,5918.0,5920.0,5920.0,5921.0,5921.0,5923.0,5925.0,5926.0,5928.0,5928.0,5928.0,5929.0,5932.0,5932.0,5932.0,5933.0,5935.0,5935.0,5937.0,5937.0,5938.0,5938.0,5939.0,5939.0,5940.0,5940.0,5940.0,5940.0,5941.0,5941.0,5941.0,5942.0,5942.0,5942.0,5942.0,5942.0,5943.0,5943.0,5943.0,5944.0,5944.0,5944.0,5944.0,5944.0,5944.0,5944.0,5944.0,5944.0,5944.0,5944.0,5944.0,5944.0,5944.0,5944.0,5944.0,5944.0,5944.0,5944.0,5944.0,5944.0,5944.0,5944.0,5944.0,5944.0,5944.0,5944.0,5944.0,5944.0,5944.0,5944.0,5944.0,5944.0,5944.0,5944.0,5944.0,5944.0,5944.0,5944.0,5944.0,5944.0,5945.0,5945.0,5945.0,5945.0,5945.0,5945.0,5946.0,5946.0,5946.0,5946.0,5946.0,5946.0,5946.0,5946.0,5946.0,5946.0,5946.0,5946.0,5946.0,5946.0,5947.0,5947.0,5947.0,5947.0,5947.0,5947.0,5947.0,5947.0,5947.0,5947.0,5947.0,5947.0,5947.0,5947.0,5947.0,5947.0,5947.0,5947.0,5947.0,5947.0,5947.0,5947.0,5947.0,5947.0,5948.0,5948.0,5948.0,5948.0,5948.0,5948.0,5948.0
tune_3,Testing/network-cor-forma_eu_27t.txt,0.05,0.05,0.03,50,5,0.8,0.01,components,0,50,7281.0,336.33,3319,145,1450.0,2469.0,2469.0,2469.0,2469.0,2580.0,2580.0,2580.0,5780.0,5780.0,5784.0,6692.0,6692.0,7017.0,7017.0,7017.0,7017.0,7017.0,7725.0,7725.0,7725.0,7725.0,7725.0,7725.0,7725.0,7725.0,7725.0,7725.0,7725.0,7725.0,7725.0,7725.0,7725.0,7725.0,7725.0,7725.0,7725.0,7725.0,7725.0,7725.0,7725.0,7725.0,7725.0,7725.0,7725.0,7725.0,7725.0,7725.0,7725.0,7725.0,7725.0,7725.0,7725.0,7725.0,7725.0,7725.0,7725.0,7725.0,7725.0,7725.0,7725.0,7725.0,7725.0,7725.0,7725.0,7725.0,7725.0,7725.0,7725.0,7725.0,7725.0,7725.0,7725.0,7725.0,7725.0,7725.0,7725.0,7725.0,7725.0,7725.0,7725.0,7725.0,7725.0,7725.0,7725.0,7725.0,7725.0,7725.0,7725.0,7725.0,7725.0,7725.0,7725.0,7725.0,7725.0,7725.0,7725.0,7725.0,7725.0,7725.0,7725.0,7725.0,7725.0,7725.0,7725.0,7725.0,7725.0,7725.0,7725.0,7725.0,7725.0,7725.0,7725.0,7725.0,7725.0,7725.0,7725.0,7725.0,7725.0,7725.0,7725.0,7726.0,7726.0,7726.0,7735.0,7735.0,7735.0,7735.0,7735.0,7736.0,7736.0,7736.0,7736.0,7736.0,7736.0,7736.0,7736.0,7736.0,7736.0,7736.0,7736.0,7736.0,7736.0,7736.0,7736.0,7737.0,7737.0,7737.0,7737.0,7737.0,7737.0,7737.0,7737.0,7737.0,7737.0,7737.0,7737.0,7737.0,7737.0,7737.0,7737.0,7737.0,7737.0,7737.0,7737.0,7737.0,7737.0,7737.0,7737.0,7737.0,7737.0,7737.0,7737.0,7737.0,7737.0,7737.0,7737.0,7737.0,7737.0,7737.0,7737.0,7737.0,7737.0,7737.0,7737.0,7737.0,7737.0,7737.0,7737.0,7737.0,7737.0,7737.0,7737.0,7737.0,7737.0,7737.0,7737.0,7737.0,7737.0,7737.0
tune_4,Testing/network-cor-forma_eu_27t.txt,0.05,0.05,0.03,50,5,0.8,0.01,components,0,50,7381.0,332.14,3262,178,1458.0,1458.0,2209.0,2254.0,2446.0,2446.0,2446.0,2446.0,5771.0,5771.0,5792.0,6232.0,6746.0,7080.0,7080.0,7080.0,7080.0,7080.0,7080.0,7080.0,7080.0,7080.0,7080.0,7080.0,7080.0,7080.0,7080.0,7080.0,7080.0,7080.0,7080.0,7080.0,7080.0,7080.0,7080.0,7080.0,7080.0,7080.0,7080.0,7080.0,7080.0,7080.0,7080.0,7080.0,7080.0,7080.0,7080.0,7080.0,7080.0,7080.0,7080.0,7080.0,7080.0,7080.0,7080.0,7080.0,7080.0,7080.0,7080.0,7080.0,7080.0,7080.0,7080.0,7080.0,7080.0,7080.0,7080.0,7080.0,7080.0,7080.0,7080.0,7080.0,7080.0,7080.0,7080.0,7080.0,7080.0,7080.0,7096.0,7096.0,7096.0,7096.0,7096.0,7096.0,7096.0,7096.0,7096.0,7096.0,7096.0,7096.0,7096.0,7096.0,7096.0,7096.0,7096.0,7096.0,7096.0,7096.0,7096.0,7096.0,7096.0,7096.0,7096.0,7096.0,7096.0,7096.0,7096.0,7096.0,7096.0,7096.0,7096.0,7096.0,7096.0,7096.0,7096.0,7096.0,7096.0,7096.0,7096.0,7096.0,7096.0,7096.0,7096.0,7096.0,7096.0,7096.0,7096.0,7096.0,7096.0,7096.0,7096.0,7096.0,7096.0,7096.0,7096.0,7096.0,7096.0,7096.0,7096.0,7096.0,7096.0,7096.0,7096.0,7096.0,7096.0,7096.0,7096.0,7096.0,7096.0,7096.0,7096.0,7096.0,7096.0,7096.0,7096.0,7096.0,7096.0,7096.0,7096.0,7096.0,7096.0,7096.0,7096.0,7096.0,7096.0,7096.0,7097.0,7097.0,7097.0,7097.0,7097.0,7097.0,7097.0,7097.0,7097.0,7097.0,7097.0,7097.0,7099.0,7099.0,7099.0,7099.0,7099.0,7099.0,7099.0,7099.0,7099.0,7099.0,7099.0,7099.0,7099.0,7099.0,7099.0,7099.0,7099.0,7099.0,7099.0,7099.0,7099.0,7099.0
tune_6,Testing/network-cor-forma_eu_27t.txt,0.05,0.05,0.03,50,5,0.8,0.01,components,0,50,6907.0,341.37,3350,172,1515.0,1515.0,1580.0,1580.0,1991.0,1991.0,2325.0,2325.0,2325.0,2325.0,5773.0,5791.0,5791.0,5791.0,5791.0,5796.0,5796.0,5796.0,5797.0,5813.0,5813.0,5813.0,5816.0,5817.0,5828.0,5828.0,5837.0,5837.0,5840.0,5841.0,5841.0,5850.0,5850.0,5853.0,5856.0,5856.0,5858.0,5868.0,5868.0,5868.0,5869.0,5876.0,5877.0,5881.0,5881.0,5882.0,5883.0,5884.0,5890.0,5890.0,5894.0,5894.0,5894.0,5896.0,5897.0,5901.0,5901.0,5902.0,5903.0,5905.0,5906.0,5908.0,5908.0,5908.0,5912.0,5912.0,5912.0,5913.0,5916.0,5916.0,5917.0,5920.0,5920.0,5920.0,5921.0,5921.0,5922.0,5923.0,5923.0,5924.0,5925.0,5925.0,5925.0,5925.0,5926.0,5926.0,5927.0,5927.0,5927.0,5927.0,5927.0,5928.0,5928.0,5928.0,5928.0,5928.0,5928.0,5928.0,5928.0,5928.0,5928.0,5928.0,5928.0,5928.0,5928.0,5928.0,5928.0,5928.0,5928.0,5928.0,5928.0,5928.0,5928.0,5928.0,5928.0,5928.0,5928.0,5929.0,5929.0,5929.0,5929.0,5929.0,5930.0,5930.0,5930.0,5930.0,5930.0,5930.0,5930.0,5930.0,5930.0,5931.0,5931.0,5931.0,5931.0,5931.0,5931.0,5931.0,5931.0,5931.0,5931.0,5933.0,5933.0,5933.0,5933.0,5933.0,5933.0,5933.0,5933.0,5933.0,5933.0,5934.0,5934.0,5934.0,5934.0,5934.0,5934.0,5934.0,5934.0,5934.0,5934.0,5934.0,5934.0,5934.0,5934.0,5934.0,5934.0,5934.0,5934.0,5934.0,5934.0,5934.0,5935.0,5935.0,5935.0,5935.0,5935.0,5935.0,5935.0,5935.0,5935.0,5935.0,5935.0,5935.0,5935.0,5935.0,5935.0,5935.0,5935.0,5935.0,5935.0,5935.0,5935.0,5935.0,5935.0,5935.0,5935.0,5935.0,5935.0,5935.0,0.0
tune_7,Testing/network-cor-forma_eu_27t.txt,0.05,0.05,0.03,50,5,0.8,0.01,components,0,50,6419.0,333.78,3305,199,1776.0,1828.0,2263.0,2263.0,2540.0,2540.0,5777.0,5784.0,5789.0,5915.0,6057.0,6057.0,6700.0,6983.0,7042.0,7042.0,7042.0,7042.0,7042.0,7042.0,7042.0,7042.0,7042.0,7042.0,7042.0,7042.0,7042.0,7042.0,7042.0,7042.0,7042.0,7042.0,7042.0,7042.0,7042.0,7042.0,7042.0,7042.0,7042.0,7042.0,7042.0,7042.0,7042.0,7042.0,7042.0,7042.0,7042.0,7042.0,7042.0,7042.0,7042.0,7042.0,7042.0,7042.0,7042.0,7042.0,7042.0,7042.0,7042.0,7042.0,7042.0,7042.0,7042.0,7042.0,7042.0,7042.0,7042.0,7042.0,7042.0,7042.0,7042.0,7042.0,7042.0,7042.0,7042.0,7042.0,7042.0,7042.0,7042.0,7042.0,7042.0,7042.0,7042.0,7042.0,7042.0,7042.0,7042.0,7042.0,7042.0,7042.0,7086.0,7086.0,7086.0,7086.0,7086.0,7086.0,7086.0,7086.0,7086.0,7086.0,7086.0,7086.0,7086.0,7086.0,7086.0,7086.0,7086.0,7086.0,7086.0,7086.0,7086.0,7086.0,7086.0,7087.0,7087.0,7087.0,7087.0,7087.0,7087.0,7087.0,7087.0,7087.0,7087.0,7087.0,7087.0,7087.0,7087.0,7087.0,7087.0,7087.0,7087.0,7087.0,7087.0,7087.0,7087.0,7087.0,7087.0,7087.0,7087.0,7087.0,7087.0,7087.0,7087.0,7087.0,7087.0,7087.0,7087.0,7087.0,7087.0,7087.0,7087.0,7087.0,7087.0,7087.0,7087.0,7087.0,7087.0,7087.0,7087.0,7087.0,7087.0,7087.0,7087.0,7087.0,7087.0,7087.0,7087.0,7088.0,7088.0,7088.0,7088.0,7088.0,7088.0,7088.0,7088.0,7088.0,7088.0,7088.0,7088.0,7088.0,7088.0,7089.0,7089.0,7089.0,7089.0,7089.0,7089.0,7089.0,7089.0,7089.0,7089.0,7089.0,7089.0,7089.0,7089.0,7089.0,7089.0,7089.0,7089.0,7095.0
tune_8,Testing/network-cor-forma_eu_27t.txt,0.05,0.05,0.03,50,5,0.8,0.01,components,0,50,6861.0,333.17,3301,177,1570.0,1570.0,2469.0,2469.0,2469.0,2568.0,2792.0,5784.0,5876.0,6141.0,6438.0,6438.0,6438.0,7128.0,7128.0,7128.0,7128.0,7128.0,7128.0,7128.0,7128.0,7128.0,7128.0,7128.0,7128.0,7128.0,7128.0,7128.0,7128.0,7128.0,7128.0,7128.0,7128.0,7128.0,7128.0,7128.0,7128.0,7128.0,7128.0,7128.0,7128.0,7128.0,7128.0,7128.0,7128.0,7128.0,7128.0,7128.0,7128.0,7128.0,7128.0,7128.0,7128.0,7128.0,7128.0,7128.0,7128.0,7128.0,7128.0,7128.0,7128.0,7128.0,7128.0,7128.0,7128.0,7128.0,7128.0,7128.0,7128.0,7128.0,7128.0,7128.0,7128.0,7128.0,7128.0,7128.0,7128.0,7128.0,7128.0,7128.0,7128.0,7128.0,7128.0,7128.0,7128.0,7128.0,7128.0,7128.0,7128.0,7128.0,7128.0,7128.0,7128.0,7128.0,7128.0,7128.0,7128.0,7128.0,7128.0,7128.0,7128.0,7128.0,7128.0,7128.0,7128.0,7128.0,7128.0,7128.0,7128.0,7128.0,7128.0,7128.0,7128.0,7128.0,7128.0,7128.0,7128.0,7128.0,7128.0,7128.0,7128.0,7128.0,7128.0,7128.0,7128.0,7128.0,7128.0,7128.0,7128.0,7128.0,7128.0,7128.0,7128.0,7128.0,7128.0,7128.0,7128.0,7128.0,7128.0,7128.0,7128.0,7128.0,7128.0,7128.0,7128.0,7128.0,7128.0,7128.0,7128.0,7128.0,7128.0,7128.0,7128.0,7128.0,7128.0,7128.0,7128.0,7128.0,7128.0,7128.0,7128.0,7128.0,7128.0,7128.0,7128.0,7128.0,7128.0,7128.0,7128.0,7128.0,7128.0,7128.0,7128.0,7128.0,7128.0,7128.0,7128.0,7129.0,7129.0,7129.0,7129.0,7129.0,7129.0,7129.0,7129.0,7129.0,7129.0,7129.0,7129.0,7129.0,7129.0,7129.0,7129.0,7129.0,7129.0,7129.0,7129.0,7129.0,7129.0,7129.0
tune_9,Testing/network-cor-forma_eu_27t.txt,0.05,0.05,0.03,50,5,0.8,0.01,components,0,50,6326.0,342.30,3346,195,1938.0,2009.0,2114.0,2481.0,2481.0,2532.0,5777.0,5779.0,6131.0,6131.0,6438.0,7007.0,7007.0,7540.0,7540.0,7540.0,7540.0,7540.0,7540.0,7540.0,7540.0,7540.0,7540.0,7540.0,7540.0,7540.0,7540.0,7540.0,7540.0,7540.0,7540.0,7540.0,7540.0,7540.0,7540.0,7540.0,7540.0,7540.0,7540.0,7540.0,7540.0,7540.0,7540.0,7540.0,7540.0,7540.0,7540.0,7540.0,7540.0,7540.0,7540.0,7540.0,7540.0,7540.0,7540.0,7540.0,7540.0,7540.0,7540.0,7540.0,7540.0,7540.0,7540.0,7540.0,7540.0,7540.0,7540.0,7540.0,7540.0,7540.0,7540.0,7540.0,7540.0,7540.0,7540.0,7540.0,7540.0,7540.0,7540.0,7540.0,7540.0,7540.0,7540.0,7540.0,7540.0,7540.0,7540.0,7540.0,7540.0,7540.0,7540.0,7540.0,7540.0,7540.0,7540.0,7540.0,7540.0,7540.0,7540.0,7540.0,7540.0,7540.0,7540.0,7540.0,7540.0,7540.0,7540.0,7540.0,7540.0,7540.0,7540.0,7540.0,7540.0,7540.0,7540.0,7540.0,7540.0,7540.0,7540.0,7540.0,7540.0,7540.0,7541.0,7541.0,7541.0,7541.0,7541.0,7541.0,7541.0,7541.0,7541.0,7542.0,7542.0,7542.0,7542.0,7542.0,7542.0,7542.0,7542.0,7542.0,7542.0,7542.0,7542.0,7542.0,7542.0,7542.0,7542.0,7542.0,7542.0,7542.0,7542.0,7542.0,7542.0,7542.0,7542.0,7542.0,7542.0,7542.0,7542.0,7542.0,7542.0,7542.0,7542.0,7542.0,7542.0,7542.0,7542.0,7542.0,7542.0,7542.0,7542.0,7542.0,7542.0,7542.0,7542.0,7542.0,7542.0,7542.0,7542.0,7542.0,7542.0,7542.0,7542.0,7542.0,7542.0,7542.0,7542.0,7542.0,7542.0,7542.0,7542.0,7542.0,7542.0,7542.0,7542.0,7543.0,7543.0,7543.0,7543.0,7543.0,0.0
tune_10,Testing/network-cor-forma_eu_27t.txt,0.05,0.05,0.03,50,5,0.8,0.01,components,0,50,5851.0,325.13,3275,195,1550.0,1550.0,1624.0,1677.0,1677.0,1712.0,1756.0,5778.0,5778.0,5778.0,5781.0,5781.0,5781.0,5781.0,5784.0,5790.0,5795.0,5806.0,5806.0,5810.0,5817.0,5823.0,5823.0,5832.0,5832.0,5837.0,5839.0,5840.0,5844.0,5851.0,5860.0,5860.0,5861.0,5861.0,5864.0,5865.0,5865.0,5872.0,5875.0,5880.0,5880.0,5880.0,5885.0,5885.0,5887.0,5889.0,5893.0,5893.0,5893.0,5894.0,5896.0,5896.0,5897.0,5899.0,5900.0,5904.0,5904.0,5908.0,5909.0,5909.0,5909.0,5910.0,5913.0,5913.0,5914.0,5917.0,5917.0,5918.0,5921.0,5921.0,5921.0,5921.0,5922.0,5922.0,5923.0,5923.0,5926.0,5926.0,5926.0,5926.0,5928.0,5928.0,5928.0,5928.0,5929.0,5930.0,5930.0,5930.0,5930.0,5930.0,5930.0,5930.0,5930.0,5930.0,5930.0,5930.0,5930.0,5930.0,5930.0,5930.0,5930.0,5930.0,5930.0,5930.0,5930.0,5930.0,5930.0,5930.0,5930.0,5930.0,5930.0,5930.0,5930.0,5931.0,5931.0,5931.0,5933.0,5933.0,5933.0,5933.0,5933.0,5933.0,5933.0,5933.0,5933.0,5933.0,5933.0,5933.0,5933.0,5933.0,5933.0,5933.0,5933.0,5933.0,5933.0,5933.0,5933.0,5933.0,5933.0,5933.0,5933.0,5933.0,5933.0,5933.0,5933.0,5934.0,5934.0,5934.0,5934.0,5934.0,5934.0,5934.0,5934.0,5934.0,5934.0,5934.0,5934.0,5934.0,5934.0,5934.0,5934.0,5934.0,5934.0,5934.0,5934.0,5934.0,5934.0,5934.0,5934.0,5934.0,5934.0,5934.0,5934.0,5934.0,5934.0,5934.0,5934.0,5934.0,5934.0,5934.0,5934.0,5934.0,5934.0,5934.0,5934.0,5934.0,5934.0,5934.0,5934.0,5934.0,5934.0,5935.0,5935.0,5935.0,5935.0,5936.0,5936.0,5936.0,5936.0,5936.0
tune_2,Testing/network-cor-forma_eu_27t.txt,0.05,0.05,0.03,50,5,0.8,0.01,components,1,50,6786.0,342.30,3298,193,1679.0,1701.0,1789.0,1794.0,1960.0,1960.0,1960.0,2031.0,2031.0,2031.0,2031.0,2031.0,5736.0,5736.0,5756.0,5766.0,5766.0,5766.0,5770.0,5772.0,5780.0,5788.0,5794.0,5794.0,5810.0,5810.0,5810.0,5819.0,5828.0,5828.0,5828.0,5834.0,5839.0,5839.0,5842.0,5844.0,5848.0,5858.0,5858.0,5858.0,5858.0,5860.0,5863.0,5867.0,5871.0,5874.0,5874.0,5879.0,5879.0,5883.0,5885.0,5890.0,5890.0,5894.0,5896.0,5897.0,5897.0,5903.0,5904.0,5904.0,5905.0,5909.0,5909.0,5911.0,5913.0,5914.0,5914.0,5915.0,5915.0,5918.0,5920.0,5920.0,5921.0,5921.0,5923.0,5925.0,5926.0,5928.0,5928.0,5928.0,5929.0,5932.0,5932.0,5932.0,5933.0,5935.0,5935.0,5937.0,5937.0,5938.0,5938.0,5939.0,5939.0,5940.0,5940.0,5940.0,5940.0,5941.0,5941.0,5941.0,5942.0,5942.0,5942.0,5942.0,5942.0,5943.0,5943.0,5943.0,5944.0,5944.0,5944.0,5944.0,5944.0,5944.0,5944.0,5944.0,5944.0,5944.0,5944.0,5944.0,5944.0,5944.0,5944.0,5944.0,5944.0,5944.0,5944.0,5944.0,5944.0,5944.0,5944.0,5944.0,5944.0,5944.0,5944.0,5944.0,5944.0,5944.0,5944.0,5944.0,5944.0,5944.0,5944.0,5944.0,5944.0,5944.0,5944.0,5944.0,5944.0,5945.0,5945.0,5945.0,5945.0,5945.0,5945.0,5946.0,5946.0,5946.0,5946.0,5946.0,5946.0,5946.0,5946.0,5946.0,5946.0,5946.0,5946.0,5946.0,5946.0,5947.0,5947.0,5947.0,5947.0,5947.0,5947.0,5947.0,5947.0,5947.0,5947.0,5947.0,5947.0,5947.0,5947.0,5947.0,5947.0,5947.0,5947.0,5947.0,5947.0,5947.0,5947.0,5947.0,5947.0,5948.0,5948.0,5948.0,5948.0,5948.0,5948.0,5948.0
tune_3,Testing/network-cor-forma_eu_27t.txt,0.05,0.05,0.03,50,5,0.8,0.01,components,1,50,7275.0,342.77,3311,145,1450.0,2469.0,2469.0,2469.0,2469.0,2580.0,2580.0,2580.0,5780.0,5780.0,5784.0,6692.0,6692.0,7017.0,7017.0,7017.0,7017.0,7017.0,7725.0,7725.0,7725.0,7725.0,7725.0,7725.0,7725.0,7725.0,7725.0,7725.0,7725.0,7725.0,7725.0,7725.0,7725.0,7725.0,7725.0,7725.0,7725.0,7725.0,7725.0,7725.0,7725.0,7725.0,7725.0,7725.0,7725.0,7725.0,7725.0,7725.0,7725.0,7725.0,7725.0,7725.0,7725.0,7725.0,7725.0,7725.0,7725.0,7725.0,7725.0,7725.0,7725.0,7725.0,7725.0,7725.0,7725.0,7725.0,7725.0,7725.0,7725.0,7725.0,7725.0,7725.0,7725.0,7725.0,7725.0,7725.0,7725.0,7725.0,7725.0,7725.0,7725.0,7725.0,7725.0,7725.0,7725.0,7725.0,7725.0,7725.0,7725.0,7725.0,7725.0,7725.0,7725.0,7725.0,7725.0,7725.0,7725.0,7725.0,7725.0,7725.0,7725.0,7725.0,7725.0,7725.0,7725.0,7725.0,7725.0,7725.0,7725.0,7725.0,7725.0,7725.0,7725.0,7725.0,7725.0,7725.0,7725.0,7725.0,7725.0,7725.0,7725.0,7726.0,7726.0,7726.0,7735.0,7735.0,7735.0,7735.0,7735.0,7736.0,7736.0,7736.0,7736.0,7736.0,7736.0,7736.0,7736.0,7736.0,7736.0,7736.0,7736.0,7736.0,7736.0,7736.0,7736.0,7737.0,7737.0,7737.0,7737.0,7737.0,7737.0,7737.0,7737.0,7737.0,7737.0,7737.0,7737.0,7737.0,7737.0,7737.0,7737.0,7737.0,7737.0,7737.0,7737.0,7737.0,7737.0,7737.0,7737.0,7737.0,7737.0,7737.0,7737.0,7737.0,7737.0,7737.0,7737.0,7737.0,7737.0,7737.0,7737.0,7737.0,7737.0,7737.0,7737.0,7737.0,7737.0,7737.0,7737.0,7737.0,7737.0,7737.0,7737.0,7737.0,7737.0,7737.0,7737.0,7737.0,7737.0,7737.0
tune_6,Testing/network-cor-forma_eu_27t.txt,0.05,0.05,0.03,50,5,0.8,0.01,components,1,50,6744.0,343.70,3301,172,1515.0,1515.0,1580.0,1580.0,1991.0,1991.0,2325.0,2325.0,2325.0,2325.0,5773.0,5791.0,5791.0,5791.0,5791.0,5796.0,5796.0,5796.0,5797.0,5813.0,5813.0,5813.0,5816.0,5817.0,5828.0,5828.0,5837.0,5837.0,5840.0,5841.0,5841.0,5850.0,5850.0,5853.0,5856.0,5856.0,5858.0,5868.0,5868.0,5868.0,5869.0,5876.0,5877.0,5881.0,5881.0,5882.0,5883.0,5884.0,5890.0,5890.0,5894.0,5894.0,5894.0,5896.0,5897.0,5901.0,5901.0,5902.0,5903.0,5905.0,5906.0,5908.0,5908.0,5908.0,5912.0,5912.0,5912.0,5913.0,5916.0,5916.0,5917.0,5920.0,5920.0,5920.0,5921.0,5921.0,5922.0,5923.0,5923.0,5924.0,5925.0,5925.0,5925.0,5925.0,5926.0,5926.0,5927.0,5927.0,5927.0,5927.0,5927.0,5928.0,5928.0,5928.0,5928.0,5928.0,5928.0,5928.0,5928.0,5928.0,5928.0,5928.0,5928.0,5928.0,5928.0,5928.0,5928.0,5928.0,5928.0,5928.0,5928.0,5928.0,5928.0,5928.0,5928.0,5928.0,5928.0,5929.0,5929.0,5929.0,5929.0,5929.0,5930.0,5930.0,5930.0,5930.0,5930.0,5930.0,5930.0,5930.0,5930.0,5931.0,5931.0,5931.0,5931.0,5931.0,5931.0,5931.0,5931.0,5931.0,5931.0,5933.0,5933.0,5933.0,5933.0,5933.0,5933.0,5933.0,5933.0,5933.0,5933.0,5934.0,5934.0,5934.0,5934.0,5934.0,5934.0,5934.0,5934.0,5934.0,5934.0,5934.0,5934.0,5934.0,5934.0,5934.0,5934.0,5934.0,5934.0,5934.0,5934.0,5934.0,5935.0,5935.0,5935.0,5935.0,5935.0,5935.0,5935.0,5935.0,5935.0,5935.0,5935.0,5935.0,5935.0,5935.0,5935.0,5935.0,5935.0,5935.0,5935.0,5935.0,5935.0,5935.0,5935.0,5935.0,5935.0,5935.0,5935.0,5935.0,0.0
tune_5,Testing/network-cor-forma_eu_27t.txt,0.05,0.05,0.03,50,5,0.8,0.01,components,1,50,6953.0,352.41,3317,163,2199.0,2199.0,2199.0,2199.0,2304.0,2435.0,2435.0,5786.0,5786.0,5786.0,5786.0,5971.0,5971.0,5971.0,6737.0,6737.0,6737.0,6737.0,6737.0,6737.0,6737.0,6737.0,6737.0,6737.0,6737.0,6737.0,6737.0,6737.0,6737.0,6737.0,6737.0,6737.0,6737.0,6737.0,6737.0,6737.0,6737.0,6737.0,6737.0,6737.0,6737.0,6737.0,6737.0,6737.0,6737.0,6737.0,6737.0,6737.0,6737.0,6737.0,6737.0,6737.0,6737.0,6737.0,6737.0,6737.0,6737.0,6737.0,6737.0,6737.0,6737.0,6737.0,6737.0,6737.0,6737.0,6737.0,6737.0,6737.0,6737.0,6737.0,6737.0,6737.0,6737.0,6737.0,6737.0,6737.0,6737.0,6737.0,6737.0,6737.0,6737.0,6737.0,6737.0,6737.0,6737.0,6737.0,6737.0,6737.0,6737.0,6737.0,6737.0,6737.0,6737.0,6737.0,6737.0,6737.0,6737.0,6737.0,6737.0,6737.0,6737.0,6737.0,6737.0,6737.0,6737.0,6739.0,6739.0,6739.0,6739.0,6739.0,6739.0,6739.0,6739.0,6739.0,6739.0,6739.0,6739.0,6739.0,6739.0,6739.0,6739.0,6739.0,6739.0,6739.0,6739.0,6739.0,6739.0,6739.0,6739.0,6739.0,6739.0,6739.0,6739.0,6739.0,6739.0,6739.0,6739.0,6739.0,6739.0,6739.0,6739.0,6739.0,6739.0,6739.0,6739.0,6739.0,6739.0,6739.0,6740.0,6740.0,6740.0,6740.0,6740.0,6740.0,6740.0,6740.0,6740.0,6740.0,6740.0,6740.0,6740.0,6740.0,6740.0,6741.0,6741.0,6741.0,6741.0,6741.0,6741.0,6741.0,6741.0,6741.0,6741.0,6741.0,6741.0,6741.0,6741.0,6741.0,6741.0,6741.0,6741.0,6741.0,6741.0,6741.0,6741.0,6741.0,6741.0,6741.0,6741.0,6741.0,6741.0,6741.0,6741.0,6741.0,6741.0,6741.0,6741.0,6741.0,6741.0,6741.0,0.0
tune_9,Testing/network-cor-forma_eu_27t.txt,0.05,0.05,0.03,50,5,0.8,0.01,components,1,50,5938.0,320.88,3262,195,1938.0,2009.0,2114.0,2481.0,2481.0,2532.0,5777.0,5779.0,6131.0,6131.0,6438.0,7007.0,7007.0,7540.0,7540.0,7540.0,7540.0,7540.0,7540.0,7540.0,7540.0,7540.0,7540.0,7540.0,7540.0,7540.0,7540.0,7540.0,7540.0,7540.0,7540.0,7540.0,7540.0,7540.0,7540.0,7540.0,7540.0,7540.0,7540.0,7540.0,7540.0,7540.0,7540.0,7540.0,7540.0,7540.0,7540.0,7540.0,7540.0,7540.0,7540.0,7540.0,7540.0,7540.0,7540.0,7540.0,7540.0,7540.0,7540.0,7540.0,7540.0,7540.0,7540.0,7540.0,7540.0,7540.0,7540.0,7540.0,7540.0,7540.0,7540.0,7540.0,7540.0,7540.0,7540.0,7540.0,7540.0,7540.0,7540.0,7540.0,7540.0,7540.0,7540.0,7540.0,7540.0,7540.0,7540.0,7540.0,7540.0,7540.0,7540.0,7540.0,7540.0,7540.0,7540.0,7540.0,7540.0,7540.0,7540.0,7540.0,7540.0,7540.0,7540.0,7540.0,7540.0,7540.0,7540.0,7540.0,7540.0,7540.0,7540.0,7540.0,7540.0,7540.0,7540.0,7540.0,7540.0,7540.0,7540.0,7540.0,7540.0,7540.0,7541.0,7541.0,7541.0,7541.0,7541.0,7541.0,7541.0,7541.0,7541.0,7542.0,7542.0,7542.0,7542.0,7542.0,7542.0,7542.0,7542.0,7542.0,7542.0,7542.0,7542.0,7542.0,7542.0,7542.0,7542.0,7542.0,7542.0,7542.0,7542.0,7542.0,7542.0,7542.0,7542.0,7542.0,7542.0,7542.0,7542.0,7542.0,7542.0,7542.0,7542.0,7542.0,7542.0,7542.0,7542.0,7542.0,7542.0,7542.0,7542.0,7542.0,7542.0,7542.0,7542.0,7542.0,7542.0,7542.0,7542.0,7542.0,7542.0,7542.0,7542.0,7542.0,7542.0,7542.0,7542.0,7542.0,7542.0,7542.0,7542.0,7542.0,7542.0,7542.0,7542.0,7543.0,7543.0,7543.0,7543.0,7543.0,0.0
tune_8,Testing/network-cor-forma_eu_27t.txt,0.05,0.05,0.03,50,5,0.8,0.01,components,1,50,6743.0,347.25,3310,177,1570.0,1570.0,2469.0,2469.0,2469.0,2568.0,2792.0,5784.0,5876.0,6141.0,6438.0,6438.0,6438.0,7128.0,7128.0,7128.0,7128.0,7128.0,7128.0,7128.0,7128.0,7128.0,7128.0,7128.0,7128.0,7128.0,7128.0,7128.0,7128.0,7128.0,7128.0,7128.0,7128.0,7128.0,7128.0,7128.0,7128.0,7128.0,7128.0,7128.0,7128.0,7128.0,7128.0,7128.0,7128.0,7128.0,7128.0,7128.0,7128.0,7128.0,7128.0,7128.0,7128.0,7128.0,7128.0,7128.0,7128.0,7128.0,7128.0,7128.0,7128.0,7128.0,7128.0,7128.0,7128.0,7128.0,7128.0,7128.0,7128.0,7128.0,7128.0,7128.0,7128.0,7128.0,7128.0,7128.0,7128.0,7128.0,7128.0,7128.0,7128.0,7128.0,7128.0,7128.0,7128.0,7128.0,7128.0,7128.0,7128.0,7128.0,7128.0,7128.0,7128.0,7128.0,7128.0,7128.0,7128.0,7128.0,7128.0,7128.0,7128.0,7128.0,7128.0,7128.0,7128.0,7128.0,7128.0,7128.0,7128.0,7128.0,7128.0,7128.0,7128.0,7128.0,7128.0,7128.0,7128.0,7128.0,7128.0,7128.0,7128.0,7128.0,7128.0,7128.0,7128.0,7128.0,7128.0,7128.0,7128.0,7128.0,7128.0,7128.0,7128.0,7128.0,7128.0,7128.0,7128.0,7128.0,7128.0,7128.0,7128.0,7128.0,7128.0,7128.0,7128.0,7128.0,7128.0,7128.0,7128.0,7128.0,7128.0,7128.0,7128.0,7128.0,7128.0,7128.0,7128.0,7128.0,7128.0,7128.0,7128.0,7128.0,7128.0,7128.0,7128.0,7128.0,7128.0,7128.0,7128.0,7128.0,7128.0,7128.0,7128.0,7128.0,7128.0,7128.0,7128.0,7129.0,7129.0,7129.0,7129.0,7129.0,7129.0,7129.0,7129.0,7129.0,7129.0,7129.0,7129.0,7129.0,7129.0,7129.0,7129.0,7129.0,7129.0,7129.0,7129.0,7129.0,7129.0,7129.0
tune_10,Testing/network-cor-forma_eu_27t.txt,0.05,0.05,0.03,50,5,0.8,0.01,components,1,50,7178.0,351.52,3280,195,1550.0,1550.0,1624.0,1677.0,1677.0,1712.0,1756.0,5778.0,5778.0,5778.0,5781.0,5781.0,5781.0,5781.0,5784.0,5790.0,5795.0,5806.0,5806.0,5810.0,5817.0,5823.0,5823.0,5832.0,5832.0,5837.0,5839.0,5840.0,5844.0,5851.0,5860.0,5860.0,5861.0,5861.0,5864.0,5865.0,5865.0,5872.0,5875.0,5880.0,5880.0,5880.0,5885.0,5885.0,5887.0,5889.0,5893.0,5893.0,5893.0,5894.0,5896.0,5896.0,5897.0,5899.0,5900.0,5904.0,5904.0,5908.0,5909.0,5909.0,5909.0,5910.0,5913.0,5913.0,5914.0,5917.0,5917.0,5918.0,5921.0,5921.0,5921.0,5921.0,5922.0,5922.0,5923.0,5923.0,5926.0,5926.0,5926.0,5926.0,5928.0,5928.0,5928.0,5928.0,5929.0,5930.0,5930.0,5930.0,5930.0,5930.0,5930.0,5930.0,5930.0,5930.0,5930.0,5930.0,5930.0,5930.0,5930.0,5930.0,5930.0,5930.0,5930.0,5930.0,5930.0,5930.0,5930.0,5930.0,5930.0,5930.0,5930.0,5930.0,5930.0,5931.0,5931.0,5931.0,5933.0,5933.0,5933.0,5933.0,5933.0,5933.0,5933.0,5933.0,5933.0,5933.0,5933.0,5933.0,5933.0,5933.0,5933.0,5933.0,5933.0,5933.0,5933.0,5933.0,5933.0,5933.0,5933.0,5933.0,5933.0,5933.0,5933.0,5933.0,5933.0,5934.0,5934.0,5934.0,5934.0,5934.0,5934.0,5934.0,5934.0,5934.0,5934.0,5934.0,5934.0,5934.0,5934.0,5934.0,5934.0,5934.0,5934.0,5934.0,5934.0,5934.0,5934.0,5934.0,5934.0,5934.0,5934.0,5934.0,5934.0,5934.0,5934.0,5934.0,5934.0,5934.0,5934.0,5934.0,5934.0,5934.0,5934.0,5934.0,5934.0,5934.0,5934.0,5934.0,5934.0,5934.0,5934.0,5935.0,5935.0,5935.0,5935.0,5936.0,5936.0,5936.0,5936.0,5936.0
tune_1,Testing/network-cor-forma_eu_27t.txt,0.05,0.05,0.03,50,5,0.8,0.02,largest,0,50,1282.0,335.45,3294,0,7167.0,7167.0,7167.0,7167.0,7167.0,7167.0,7167.0,7167.0,7167.0,6702.0,6702.0,5366.0,3959.0,3291.0,1197.0,1197.0,1197.0,1197.0,1197.0,1197.0,1197.0,1197.0,1197.0,1197.0,1197.0,1197.0,1197.0,1197.0,1197.0,1197.0,1197.0,1197.0,1197.0,1197.0,1197.0,1197.0,1197.0,1197.0,1197.0,1197.0,1197.0,1197.0,1197.0,1197.0,1197.0,1197.0,1197.0,1197.0,1197.0,1197.0,1197.0,1197.0,1197.0,1197.0,1197.0,1197.0,1197.0,1197.0,1197.0,1197.0,1197.0,1197.0,1197.0,1197.0,1197.0,1197.0,1197.0,1197.0,1197.0,1197.0,1197.0,1197.0,1197.0,1189.0,1189.0,1189.0,1189.0,1189.0,1189.0,1189.0,1189.0,1189.0,1189.0,1185.0,1185.0,1185.0,1185.0,1185.0,1185.0,1185.0,1185.0,1185.0,1185.0,1185.0,1185.0,1185.0,1185.0,1185.0,1185.0,1185.0,1185.0,1185.0,1185.0,1185.0,1185.0,1185.0,1185.0,1185.0,1185.0,1185.0,1185.0,1185.0,1185.0,1185.0,1185.0,1185.0,1185.0,1185.0,1185.0,1185.0,1185.0,1185.0,1185.0,1185.0,1185.0,1185.0,1185.0,1185.0,1185.0,1185.0,1185.0,1185.0,1185.0,1185.0,1185.0,1185.0,1185.0,1185.0,1185.0,1185.0,1185.0,1185.0,1185.0,1185.0,1185.0,1185.0,1185.0,1185.0,1185.0,1185.0,1185.0,1184.0,1184.0,1184.0,1184.0,1184.0,1184.0,1184.0,1184.0,1184.0,1184.0,1184.0,1184.0,1184.0,1184.0,1184.0,1184.0,1184.0,1184.0,1184.0,1184.0,1184.0,1184.0,1184.0,1184.0,1184.0,1184.0,1184.0,1184.0,1184.0,1184.0,1184.0,1184.0,1184.0,1184.0,1184.0,1184.0,1184.0,1184.0,1184.0,1184.0,1184.0,1184.0,1184.0,1184.0,1184.0,1184.0,1184.0,1184.0,1184.0,0.0,2312.0
tune_2,Testing/network-cor-forma_eu_27t.txt,0.05,0.05,0.03,50,5,0.8,0.02,largest,0,50,2666.0,339.00,3342,0,9902.0,9902.0,9898.0,9492.0,8268.0,8268.0,8268.0,8074.0,8074.0,8074.0,7652.0,7289.0,5232.0,5232.0,2896.0,2597.0,2538.0,2538.0,2538.0,2538.0,2538.0,2538.0,2538.0,2538.0,2538.0,2538.0,2538.0,2538.0,2538.0,2538.0,2538.0,2538.0,2259.0,2259.0,2259.0,2259.0,2259.0,2259.0,2259.0,2259.0,2259.0,2259.0,2259.0,2259.0,2259.0,2259.0,2259.0,2259.0,946.0,946.0,946.0,946.0,946.0,946.0,946.0,946.0,946.0,946.0,946.0,946.0,946.0,946.0,946.0,946.0,946.0,946.0,946.0,946.0,946.0,946.0,946.0,946.0,946.0,946.0,946.0,946.0,946.0,946.0,946.0,946.0,946.0,946.0,946.0,946.0,946.0,946.0,946.0,946.0,946.0,946.0,946.0,946.0,946.0,946.0,946.0,946.0,946.0,946.0,946.0,946.0,946.0,946.0,946.0,946.0,946.0,946.0,946.0,946.0,946.0,946.0,946.0,946.0,946.0,946.0,946.0,946.0,946.0,946.0,946.0,946.0,946.0,946.0,946.0,946.0,946.0,946.0,946.0,946.0,946.0,946.0,946.0,946.0,946.0,946.0,946.0,946.0,946.0,946.0,946.0,946.0,946.0,946.0,946.0,946.0,946.0,946.0,946.0,946.0,946.0,946.0,946.0,946.0,946.0,946.0,946.0,946.0,946.0,946.0,946.0,946.0,946.0,946.0,946.0,946.0,946.0,946.0,946.0,946.0,946.0,946.0,946.0,946.0,946.0,946.0,946.0,946.0,946.0,946.0,946.0,946.0,946.0,946.0,946.0,946.0,946.0,946.0,946.0,946.0,946.0,946.0,946.0,946.0,946.0,946.0,946.0,946.0,946.0,946.0,946.0,946.0,0.0
tune_3,Testing/network-cor-forma_eu_27t.txt,0.05,0.05,0.03,50,5,0.8,0.02,largest,0,50,7143.0,322.59,3301,0,12031.0,11973.0,9889.0,9655.0,8729.0,8729.0,8715.0,8170.0,8167.0,7931.0,7292.0,7262.0,7262.0,5408.0,2576.0,2447.0,1856.0,1856.0,1856.0,1856.0,1856.0,1856.0,1856.0,1856.0,1856.0,1856.0,1856.0,1856.0,1856.0,1856.0,1856.0,1856.0,1856.0,1856.0,1856.0,1856.0,1856.0,1856.0,1856.0,1856.0,1856.0,1856.0,1856.0,1856.0,1856.0,1856.0,1856.0,1856.0,1856.0,1856.0,1856.0,1856.0,1856.0,1856.0,1856.0,1856.0,1856.0,1856.0,1856.0,1856.0,1856.0,1856.0,1856.0,1856.0,1856.0,1856.0,1856.0,1856.0,1856.0,1856.0,1856.0,1856.0,1856.0,1856.0,1856.0,1856.0,1856.0,1856.0,1856.0,1849.0,1849.0,1849.0,1849.0,1849.0,1849.0,1849.0,1849.0,1849.0,1849.0,1849.0,1849.0,1849.0,1849.0,1849.0,1849.0,1849.0,1849.0,1849.0,1849.0,1849.0,1849.0,1849.0,1849.0,1849.0,1849.0,1849.0,1849.0,1849.0,1849.0,1849.0,1849.0,1849.0,1849.0,1849.0,1849.0,1849.0,1849.0,1849.0,1849.0,1849.0,1849.0,1849.0,1849.0,1849.0,1849.0,1849.0,1849.0,1849.0,1849.0,1849.0,1849.0,1849.0,1849.0,1849.0,1849.0,1849.0,1849.0,1849.0,1849.0,1849.0,1849.0,1849.0,1849.0,1849.0,1849.0,1849.0,1849.0,1849.0,1849.0,1849.0,1849.0,1848.0,1848.0,1848.0,1848.0,1848.0,1848.0,1848.0,1848.0,1848.0,1848.0,1848.0,1848.0,1848.0,1848.0,1848.0,1848.0,1848.0,1848.0,1848.0,1848.0,1847.0,1847.0,1847.0,1847.0,1846.0,1846.0,1846.0,1846.0,1846.0,1846.0,1846.0,1846.0,1846.0,1846.0,1846.0,1846.0,1846.0,1846.0,1846.0,1846.0,1846.0,1846.0,1846.0,1846.0,1846.0,1846.0,1846.0,1846.0,1846.0,0.0
tune_4,Testing/network-cor-forma_eu_27t.txt,0.05,0.05,0.03,50,5,0.8,0.02,largest,0,50,1514.0,332.90,3343,0,11990.0,11883.0,11595.0,8704.0,7554.0,7554.0,7554.0,7554.0,6813.0,6813.0,6813.0,6544.0,5098.0,3133.0,2109.0,2109.0,2046.0,2046.0,2046.0,2046.0,2046.0,2046.0,2046.0,2046.0,2046.0,2046.0,2046.0,2046.0,1832.0,1832.0,1832.0,1832.0,1832.0,1832.0,1832.0,1832.0,1832.0,1832.0,1832.0,1832.0,1832.0,1832.0,1832.0,1832.0,1832.0,1832.0,1832.0,1832.0,1832.0,1832.0,1832.0,1832.0,1832.0,1832.0,1832.0,1832.0,1832.0,1832.0,1832.0,1832.0,1832.0,1832.0,1832.0,1832.0,1832.0,1832.0,1832.0,1832.0,1832.0,1832.0,1809.0,1809.0,1809.0,1809.0,1809.0,1809.0,1809.0,1809.0,1809.0,1765.0,1765.0,1765.0,1765.0,1765.0,1765.0,1765.0,1765.0,1765.0,1765.0,1765.0,1765.0,1765.0,1765.0,1765.0,1765.0,1765.0,1765.0,1765.0,1765.0,1765.0,1765.0,1765.0,1765.0,1765.0,1765.0,1765.0,1765.0,1765.0,1765.0,1765.0,1765.0,1765.0,1765.0,1765.0,1765.0,1765.0,1765.0,1764.0,1764.0,1764.0,1764.0,1764.0,1764.0,1764.0,1764.0,1764.0,1764.0,1764.0,1764.0,1764.0,1764.0,1763.0,1763.0,1763.0,1763.0,1763.0,1763.0,1763.0,1763.0,1763.0,1763.0,1763.0,1763.0,1763.0,1763.0,1763.0,1763.0,1763.0,1762.0,1762.0,1762.0,1762.0,1762.0,1762.0,1762.0,1762.0,1762.0,1762.0,1762.0,1762.0,1762.0,1762.0,1762.0,1762.0,1762.0,1762.0,1762.0,1762.0,1762.0,1762.0,1762.0,1762.0,1762.0,1762.0,1762.0,1762.0,1762.0,1762.0,1762.0,1762.0,1762.0,1762.0,1762.0,1762.0,1762.0,1762.0,1762.0,1762.0,1762.0,1762.0,1762.0,1762.0,1762.0,1762.0,1762.0,1762.0,1762.0,1762.0,1762.0,1762.0
tune_5,Testing/network-cor-forma_eu_27t.txt,0.05,0.05,0.03,50,5,0.8,0.02,largest,0,50,2368.0,330.59,3257,0,11853.0,11853.0,11759.0,9074.0,9074.0,8287.0,7952.0,7628.0,7628.0,7621.0,6490.0,6490.0,6490.0,6490.0,4473.0,4473.0,2491.0,2395.0,2395.0,2395.0,2395.0,2395.0,2395.0,2395.0,2395.0,2395.0,2395.0,2395.0,2395.0,2395.0,2395.0,2395.0,2395.0,2395.0,2395.0,2395.0,2395.0,2395.0,2395.0,2395.0,2395.0,2395.0,2395.0,2395.0,2395.0,2376.0,2376.0,2376.0,2376.0,2376.0,2376.0,2376.0,2376.0,2376.0,2376.0,2376.0,2376.0,2376.0,2376.0,2376.0,2376.0,2376.0,2376.0,2376.0,2376.0,2376.0,2376.0,2376.0,2376.0,2376.0,2376.0,2376.0,2376.0,2376.0,2376.0,2376.0,2376.0,2376.0,2376.0,2376.0,2376.0,2376.0,2376.0,2376.0,2376.0,2376.0,2376.0,2376.0,2376.0,2376.0,2376.0,2376.0,2376.0,2376.0,2376.0,2376.0,2376.0,2376.0,2376.0,2376.0,2376.0,2376.0,2376.0,2376.0,2376.0,2376.0,2376.0,2376.0,2376.0,2376.0,2376.0,2376.0,2376.0,2376.0,2376.0,2376.0,2376.0,2375.0,2375.0,2375.0,2375.0,2375.0,2375.0,2375.0,2375.0,2375.0,2375.0,2375.0,2375.0,2375.0,2375.0,2375.0,2375.0,2375.0,2375.0,2374.0,2374.0,2374.0,2374.0,2374.0,2374.0,2374.0,2374.0,2374.0,2374.0,2374.0,2374.0,2374.0,2374.0,2374.0,2374.0,2374.0,2374.0,2374.0,2374.0,2374.0,2374.0,2374.0,2374.0,2374.0,2374.0,2374.0,2374.0,2374.0,2374.0,2374.0,2374.0,2374.0,2374.0,2374.0,2374.0,2374.0,2374.0,2374.0,2374.0,2374.0,2374.0,2374.0,2374.0,2374.0,2374.0,2374.0,2374.0,2374.0,2374.0,2374.0,2374.0,2374.0,2374.0,2374.0,2374.0,2374.0,2374.0,2374.0,2374.0,2374.0,2374.0,2374.0,2374.0,2374.0
tune_6,Testing/network-cor-forma_eu_27t.txt,0.05,0.05,0.03,50,5,0.8,0.02,largest,0,50,5557.0,345.06,3280,0,11878.0,8060.0,7883.0,7883.0,7883.0,7883.0,7883.0,7714.0,7662.0,7627.0,7627.0,7270.0,4157.0,3007.0,1266.0,1266.0,1266.0,1266.0,1266.0,1266.0,1266.0,1266.0,1266.0,1266.0,1266.0,1266.0,1266.0,1266.0,1266.0,1266.0,1266.0,1266.0,1266.0,1266.0,1266.0,1266.0,1266.0,1266.0,1266.0,1266.0,1266.0,1266.0,1266.0,1266.0,1266.0,1266.0,1266.0,1256.0,1256.0,1256.0,1256.0,1256.0,1256.0,1256.0,1256.0,1256.0,1256.0,1256.0,1256.0,1256.0,1205.0,1205.0,1205.0,1205.0,1205.0,1205.0,1205.0,1205.0,1205.0,1205.0,1205.0,1205.0,1205.0,1205.0,1205.0,1205.0,1205.0,1205.0,1205.0,1205.0,1205.0,1205.0,1205.0,1205.0,1205.0,1205.0,1205.0,1205.0,1205.0,1205.0,1205.0,1205.0,1205.0,1205.0,1205.0,1205.0,1205.0,1205.0,1205.0,1205.0,1205.0,1205.0,1205.0,1205.0,1205.0,1205.0,1205.0,1205.0,1205.0,1205.0,1205.0,1205.0,1205.0,1205.0,1205.0,1205.0,1205.0,1205.0,1205.0,1205.0,1205.0,1205.0,1205.0,1205.0,1205.0,1205.0,1205.0,1205.0,1205.0,1205.0,1205.0,1205.0,1205.0,1205.0,1205.0,1205.0,1205.0,1205.0,1205.0,1205.0,1205.0,1205.0,1205.0,1205.0,1205.0,1205.0,1205.0,1205.0,1205.0,1205.0,1205.0,1205.0,1205.0,1205.0,1205.0,1205.0,1205.0,1205.0,1205.0,1205.0,1205.0,1205.0,1204.0,1204.0,1204.0,1204.0,1204.0,1204.0,1204.0,1204.0,1204.0,1204.0,1204.0,1204.0,1204.0,1204.0,1204.0,1204.0,1204.0,1204.0,1204.0,1204.0,1204.0,1204.0,1204.0,1204.0,1204.0,1204.0,1204.0,1204.0,1204.0,1204.0,1204.0,1204.0,1204.0,1204.0,1204.0,1204.0,1204.0,1204.0
tune_7,Testing/network-cor-forma_eu_27t.txt,0.05,0.05,0.03,50,5,0.8,0.02,largest,0,50,2888.0,326.70,3279,0,11683.0,11683.0,11668.0,11531.0,9710.0,7614.0,7614.0,6992.0,6992.0,6673.0,6673.0,6673.0,5378.0,4209.0,3832.0,3627.0,3627.0,3627.0,3627.0,3627.0,3627.0,3627.0,3627.0,3627.0,3627.0,3627.0,3627.0,3627.0,3627.0,3627.0,3627.0,3627.0,3627.0,3627.0,3627.0,3627.0,3627.0,3627.0,3627.0,3627.0,3627.0,3627.0,3627.0,3627.0,3627.0,3627.0,3627.0,3627.0,3627.0,3627.0,3627.0,3627.0,3627.0,3627.0,3627.0,3627.0,3627.0,3627.0,3627.0,3627.0,3627.0,3627.0,3627.0,3627.0,3627.0,3627.0,3627.0,3627.0,3627.0,3627.0,3627.0,3627.0,3618.0,3618.0,3618.0,3618.0,3618.0,3618.0,3618.0,3618.0,3618.0,3618.0,3618.0,3618.0,3618.0,3618.0,3618.0,3618.0,3618.0,3618.0,3618.0,3618.0,3618.0,3618.0,3618.0,3618.0,3618.0,3618.0,3618.0,3618.0,3618.0,3618.0,3618.0,3618.0,3618.0,3618.0,3618.0,3617.0,3617.0,3617.0,3617.0,3617.0,3617.0,3617.0,3617.0,3617.0,3617.0,3617.0,3617.0,3617.0,3616.0,3616.0,3616.0,3616.0,3616.0,3616.0,3616.0,3616.0,3616.0,3616.0,3616.0,3616.0,3616.0,3616.0,3616.0,3615.0,3615.0,3615.0,3615.0,3615.0,3615.0,3615.0,3615.0,3615.0,3615.0,3615.0,3615.0,3614.0,3614.0,3614.0,3614.0,3614.0,3614.0,3614.0,3614.0,3614.0,3614.0,3614.0,3614.0,3614.0,3614.0,3614.0,3614.0,3614.0,3614.0,3614.0,3614.0,3614.0,3614.0,3614.0,3614.0,3614.0,3614.0,3614.0,3614.0,3614.0,3613.0,3613.0,3613.0,3613.0,3613.0,3613.0,3613.0,3613.0,3613.0,3613.0,3613.0,3613.0,3613.0,3613.0,3613.0,3613.0,3613.0,3613.0,3613.0,3613.0,3613.0,3613.0,3613.0,3612.0
tune_9,Testing/network-cor-forma_eu_27t.txt,0.05,0.05,0.03,50,5,0.8,0.02,largest,0,50,7194.0,329.10,3336,0,11979.0,11979.0,11956.0,11804.0,9589.0,8491.0,8491.0,8491.0,8491.0,8369.0,8287.0,7287.0,7280.0,6301.0,6147.0,5079.0,4996.0,1859.0,1859.0,1859.0,1859.0,1859.0,1859.0,1859.0,1859.0,1859.0,1859.0,1859.0,1859.0,1859.0,1859.0,1859.0,1859.0,1859.0,1859.0,1769.0,1769.0,1769.0,1280.0,1280.0,1280.0,1280.0,1280.0,1280.0,1280.0,1280.0,1280.0,1280.0,1280.0,1280.0,1280.0,1280.0,1280.0,1280.0,1280.0,1280.0,1280.0,1280.0,1280.0,1280.0,1280.0,1280.0,1280.0,1280.0,1272.0,1272.0,1272.0,1272.0,1272.0,1272.0,1272.0,1272.0,1272.0,1272.0,1272.0,1272.0,1272.0,1272.0,1272.0,1272.0,1272.0,1272.0,1272.0,1272.0,1272.0,1272.0,1272.0,1271.0,1271.0,1271.0,1271.0,1271.0,1271.0,1271.0,1271.0,1271.0,1271.0,1271.0,1271.0,1271.0,1271.0,1271.0,1271.0,1271.0,1271.0,1271.0,1271.0,1271.0,1271.0,1271.0,1271.0,1271.0,1271.0,1271.0,1271.0,1271.0,1271.0,1271.0,1271.0,1271.0,1271.0,1271.0,1271.0,1271.0,1271.0,1271.0,1271.0,1271.0,1271.0,1271.0,1271.0,1271.0,1271.0,1271.0,1271.0,1271.0,1271.0,1271.0,1271.0,1271.0,1271.0,1271.0,1271.0,1271.0,1271.0,1271.0,1271.0,1271.0,1271.0,1271.0,1271.0,1271.0,1271.0,1271.0,1271.0,1271.0,1271.0,1270.0,1270.0,1270.0,1270.0,1270.0,1270.0,1270.0,1270.0,1270.0,1270.0,1270.0,1270.0,1270.0,1270.0,1269.0,1269.0,1269.0,1269.0,1269.0,1269.0,1269.0,1269.0,1269.0,1269.0,1269.0,1269.0,1269.0,1269.0,1269.0,1269.0,1269.0,1269.0,1269.0,1269.0,1269.0,1269.0,1269.0,1269.0,1269.0,1269.0,1269.0,1269.0,1269.0
tune_8,Testing/network-cor-forma_eu_27t.txt,0.05,0.05,0.03,50,5,0.8,0.02,largest,0,50,3355.0,338.54,3370,0,9760.0,8719.0,8719.0,8719.0,8154.0,6906.0,6906.0,6906.0,6710.0,6710.0,6710.0,3388.0,3388.0,3388.0,3388.0,3388.0,3388.0,3313.0,2916.0,2916.0,2916.0,2916.0,2916.0,2916.0,2916.0,2916.0,2916.0,2916.0,2916.0,2916.0,2916.0,2916.0,2916.0,2916.0,2916.0,2916.0,2916.0,2916.0,2916.0,2916.0,2916.0,2916.0,2916.0,2916.0,2916.0,2916.0,2916.0,2916.0,2916.0,2916.0,2916.0,2916.0,2916.0,2916.0,2916.0,2916.0,2916.0,2916.0,2916.0,2916.0,2916.0,2916.0,2916.0,2916.0,2873.0,2873.0,2873.0,2873.0,2873.0,2873.0,2873.0,2873.0,2873.0,2873.0,2873.0,2869.0,2865.0,2865.0,2865.0,2865.0,2865.0,2865.0,2865.0,2865.0,2865.0,2865.0,2865.0,2865.0,2865.0,2865.0,2865.0,2865.0,2865.0,2865.0,2865.0,2864.0,2864.0,2864.0,2864.0,2864.0,2864.0,2864.0,2864.0,2864.0,2864.0,2864.0,2864.0,2864.0,2864.0,2864.0,2864.0,2864.0,2864.0,2864.0,2864.0,2864.0,2864.0,2864.0,2864.0,2864.0,2864.0,2864.0,2864.0,2864.0,2863.0,2863.0,2863.0,2863.0,2863.0,2863.0,2863.0,2863.0,2863.0,2863.0,2862.0,2862.0,2862.0,2862.0,2862.0,2862.0,2862.0,2862.0,2862.0,2862.0,2862.0,2862.0,2862.0,2862.0,2862.0,2862.0,2862.0,2862.0,2862.0,2862.0,2862.0,2862.0,2862.0,2862.0,2862.0,2861.0,2861.0,2861.0,2861.0,2861.0,2861.0,2861.0,2861.0,2861.0,2861.0,2861.0,2861.0,2861.0,2861.0,2861.0,2861.0,2861.0,2861.0,2861.0,2861.0,2861.0,2861.0,2861.0,2861.0,2861.0,2861.0,2861.0,2861.0,2861.0,2861.0,2861.0,2861.0,2861.0,2861.0,2861.0,2861.0,2861.0,2861.0,2861.0,2861.0,2861.0
tune_10,Testing/network-cor-forma_eu_27t.txt,0.05,0.05,0.03,50,5,0.8,0.02,largest,0,50,3052.0,339.76,3320,0,11964.0,11964.0,8853.0,8562.0,8444.0,8444.0,8344.0,8344.0,7902.0,7902.0,7902.0,7280.0,4608.0,4608.0,3941.0,2906.0,2906.0,2906.0,2906.0,2906.0,2906.0,2906.0,2906.0,2906.0,2906.0,2906.0,2906.0,2906.0,2906.0,2906.0,2906.0,2906.0,2906.0,2906.0,2898.0,2898.0,2898.0,2898.0,2898.0,2865.0,2865.0,2865.0,2865.0,2865.0,2865.0,2865.0,2865.0,2865.0,2865.0,2865.0,2865.0,2865.0,2865.0,2865.0,2865.0,2842.0,2842.0,2842.0,2842.0,2842.0,2842.0,2842.0,2842.0,2842.0,2842.0,2842.0,2842.0,2842.0,2842.0,2842.0,2842.0,2842.0,2842.0,2842.0,2842.0,2842.0,2842.0,2842.0,2842.0,2842.0,2842.0,2842.0,2842.0,2842.0,2842.0,2842.0,2842.0,2842.0,2842.0,2842.0,2842.0,2842.0,2842.0,2842.0,2842.0,2842.0,2842.0,2842.0,2842.0,2842.0,2842.0,2842.0,2842.0,2842.0,2842.0,2842.0,2842.0,2842.0,2841.0,2841.0,2841.0,2841.0,2841.0,2841.0,2841.0,2841.0,2841.0,2841.0,2841.0,2841.0,2840.0,2840.0,2840.0,2840.0,2840.0,2840.0,2840.0,2840.0,2840.0,2840.0,2840.0,2840.0,2840.0,2840.0,2840.0,2840.0,2840.0,2840.0,2840.0,2840.0,2840.0,2840.0,2840.0,2840.0,2840.0,2840.0,2840.0,2840.0,2840.0,2840.0,2840.0,2840.0,2840.0,2840.0,2840.0,2838.0,2838.0,2838.0,2838.0,2838.0,2838.0,2838.0,2838.0,2838.0,2838.0,2838.0,2838.0,2838.0,2838.0,2838.0,2838.0,2838.0,2838.0,2838.0,2838.0,2838.0,2838.0,2838.0,2838.0,2838.0,2838.0,2838.0,2838.0,2838.0,2838.0,2838.0,2838.0,2838.0,2838.0,2838.0,2838.0,2838.0,2838.0,2838.0,2838.0,2838.0,2838.0,2838.0,2838.0,2838.0
tune_1,Testing/network-cor-forma_eu_27t.txt,0.05,0.05,0.03,50,5,0.8,0.02,largest,1,50,2723.0,362.96,3347,0,7167.0,7167.0,7167.0,7167.0,7167.0,7167.0,7167.0,7167.0,7167.0,6702.0,6702.0,5366.0,3959.0,3291.0,1197.0,1197.0,1197.0,1197.0,1197.0,1197.0,1197.0,1197.0,1197.0,1197.0,1197.0,1197.0,1197.0,1197.0,1197.0,1197.0,1197.0,1197.0,1197.0,1197.0,1197.0,1197.0,1197.0,1197.0,1197.0,1197.0,1197.0,1197.0,1197.0,1197.0,1197.0,1197.0,1197.0,1197.0,1197.0,1197.0,1197.0,1197.0,1197.0,1197.0,1197.0,1197.0,1197.0,1197.0,1197.0,1197.0,1197.0,1197.0,1197.0,1197.0,1197.0,1197.0,1197.0,1197.0,1197.0,1197.0,1197.0,1197.0,1197.0,1189.0,1189.0,1189.0,1189.0,1189.0,1189.0,1189.0,1189.0,1189.0,1189.0,1185.0,1185.0,1185.0,1185.0,1185.0,1185.0,1185.0,1185.0,1185.0,1185.0,1185.0,1185.0,1185.0,1185.0,1185.0,1185.0,1185.0,1185.0,1185.0,1185.0,1185.0,1185.0,1185.0,1185.0,1185.0,1185.0,1185.0,1185.0,1185.0,1185.0,1185.0,1185.0,1185.0,1185.0,1185.0,1185.0,1185.0,1185.0,1185.0,1185.0,1185.0,1185.0,1185.0,1185.0,1185.0,1185.0,1185.0,1185.0,1185.0,1185.0,1185.0,1185.0,1185.0,1185.0,1185.0,1185.0,1185.0,1185.0,1185.0,1185.0,1185.0,1185.0,1185.0,1185.0,1185.0,1185.0,1185.0,1185.0,1184.0,1184.0,1184.0,1184.0,1184.0,1184.0,1184.0,1184.0,1184.0,1184.0,1184.0,1184.0,1184.0,1184.0,1184.0,1184.0,1184.0,1184.0,1184.0,1184.0,1184.0,1184.0,1184.0,1184.0,1184.0,1184.0,1184.0,1184.0,1184.0,1184.0,1184.0,1184.0,1184.0,1184.0,1184.0,1184.0,1184.0,1184.0,1184.0,1184.0,1184.0,1184.0,1184.0,1184.0,1184.0,1184.0,1184.0,1184.0,1184.0,0.0,2312.0
tune_2,Testing/network-cor-forma_eu_27t.txt,0.05,0.05,0.03,50,5,0.8,0.02,largest,1,50,3264.0,344.72,3246,0,9902.0,9902.0,9898.0,9492.0,8268.0,8268.0,8268.0,8074.0,8074.0,8074.0,7652.0,7289.0,5232.0,5232.0,2896.0,2597.0,2538.0,2538.0,2538.0,2538.0,2538.0,2538.0,2538.0,2538.0,2538.0,2538.0,2538.0,2538.0,2538.0,2538.0,2538.0,2538.0,2259.0,2259.0,2259.0,2259.0,2259.0,2259.0,2259.0,2259.0,2259.0,2259.0,2259.0,2259.0,2259.0,2259.0,2259.0,2259.0,946.0,946.0,946.0,946.0,946.0,946.0,946.0,946.0,946.0,946.0,946.0,946.0,946.0,946.0,946.0,946.0,946.0,946.0,946.0,946.0,946.0,946.0,946.0,946.0,946.0,946.0,946.0,946.0,946.0,946.0,946.0,946.0,946.0,946.0,946.0,946.0,946.0,946.0,946.0,946.0,946.0,946.0,946.0,946.0,946.0,946.0,946.0,946.0,946.0,946.0,946.0,946.0,946.0,946.0,946.0,946.0,946.0,946.0,946.0,946.0,946.0,946.0,946.0,946.0,946.0,946.0,946.0,946.0,946.0,946.0,946.0,946.0,946.0,946.0,946.0,946.0,946.0,946.0,946.0,946.0,946.0,946.0,946.0,946.0,946.0,946.0,946.0,946.0,946.0,946.0,946.0,946.0,946.0,946.0,946.0,946.0,946.0,946.0,946.0,946.0,946.0,946.0,946.0,946.0,946.0,946.0,946.0,946.0,946.0,946.0,946.0,946.0,946.0,946.0,946.0,946.0,946.0,946.0,946.0,946.0,946.0,946.0,946.0,946.0,946.0,946.0,946.0,946.0,946.0,946.0,946.0,946.0,946.0,946.0,946.0,946.0,946.0,946.0,946.0,946.0,946.0,946.0,946.0,946.0,946.0,946.0,946.0,946.0,946.0,946.0,946.0,946.0,0.0
tune_3,Testing/network-cor-forma_eu_27t.txt,0.05,0.05,0.03,50,5,0.8,0.02,largest,1,50,2296.0,353.90,3294,0,12031.0,11973.0,9889.0,9655.0,8729.0,8729.0,8715.0,8170.0,8167.0,7931.0,7292.0,7262.0,7262.0,5408.0,2576.0,2447.0,1856.0,1856.0,1856.0,1856.0,1856.0,1856.0,1856.0,1856.0,1856.0,1856.0,1856.0,1856.0,1856.0,1856.0,1856.0,1856.0,1856.0,1856.0,1856.0,1856.0,1856.0,1856.0,1856.0,1856.0,1856.0,1856.0,1856.0,1856.0,1856.0,1856.0,1856.0,1856.0,1856.0,1856.0,1856.0,1856.0,1856.0,1856.0,1856.0,1856.0,1856.0,1856.0,1856.0,1856.0,1856.0,1856.0,1856.0,1856.0,1856.0,1856.0,1856.0,1856.0,1856.0,1856.0,1856.0,1856.0,1856.0,1856.0,1856.0,1856.0,1856.0,1856.0,1856.0,1849.0,1849.0,1849.0,1849.0,1849.0,1849.0,1849.0,1849.0,1849.0,1849.0,1849.0,1849.0,1849.0,1849.0,1849.0,1849.0,1849.0,1849.0,1849.0,1849.0,1849.0,1849.0,1849.0,1849.0,1849.0,1849.0,1849.0,1849.0,1849.0,1849.0,1849.0,1849.0,1849.0,1849.0,1849.0,1849.0,1849.0,1849.0,1849.0,1849.0,1849.0,1849.0,1849.0,1849.0,1849.0,1849.0,1849.0,1849.0,1849.0,1849.0,1849.0,1849.0,1849.0,1849.0,1849.0,1849.0,1849.0,1849.0,1849.0,1849.0,1849.0,1849.0,1849.0,1849.0,1849.0,1849.0,1849.0,1849.0,1849.0,1849.0,1849.0,1849.0,1848.0,1848.0,1848.0,1848.0,1848.0,1848.0,1848.0,1848.0,1848.0,1848.0,1848.0,1848.0,1848.0,1848.0,1848.0,1848.0,1848.0,1848.0,1848.0,1848.0,1847.0,1847.0,1847.0,1847.0,1846.0,1846.0,1846.0,1846.0,1846.0,1846.0,1846.0,1846.0,1846.0,1846.0,1846.0,1846.0,1846.0,1846.0,1846.0,1846.0,1846.0,1846.0,1846.0,1846.0,1846.0,1846.0,1846.0,1846.0,1846.0,0.0
tune_4,Testing/network-cor-forma_eu_27t.txt,0.05,0.05,0.03,50,5,0.8,0.02,largest,1,50,2264.0,351.83,3307,0,11990.0,11883.0,11595.0,8704.0,7554.0,7554.0,7554.0,7554.0,6813.0,6813.0,6813.0,6544.0,5098.0,3133.0,2109.0,2109.0,2046.0,2046.0,2046.0,2046.0,2046.0,2046.0,2046.0,2046.0,2046.0,2046.0,2046.0,2046.0,1832.0,1832.0,1832.0,1832.0,1832.0,1832.0,1832.0,1832.0,1832.0,1832.0,1832.0,1832.0,1832.0,1832.0,1832.0,1832.0,1832.0,1832.0,1832.0,1832.0,1832.0,1832.0,1832.0,1832.0,1832.0,1832.0,1832.0,1832.0,1832.0,1832.0,1832.0,1832.0,1832.0,1832.0,1832.0,1832.0,1832.0,1832.0,1832.0,1832.0,1832.0,1832.0,1809.0,1809.0,1809.0,1809.0,1809.0,1809.0,1809.0,1809.0,1809.0,1765.0,1765.0,1765.0,1765.0,1765.0,1765.0,1765.0,1765.0,1765.0,1765.0,1765.0,1765.0,1765.0,1765.0,1765.0,1765.0,1765.0,1765.0,1765.0,1765.0,1765.0,1765.0,1765.0,1765.0,1765.0,1765.0,1765.0,1765.0,1765.0,1765.0,1765.0,1765.0,1765.0,1765.0,1765.0,1765.0,1765.0,1765.0,1764.0,1764.0,1764.0,1764.0,1764.0,1764.0,1764.0,1764.0,1764.0,1764.0,1764.0,1764.0,1764.0,1764.0,1763.0,1763.0,1763.0,1763.0,1763.0,1763.0,1763.0,1763.0,1763.0,1763.0,1763.0,1763.0,1763.0,1763.0,1763.0,1763.0,1763.0,1762.0,1762.0,1762.0,1762.0,1762.0,1762.0,1762.0,1762.0,1762.0,1762.0,1762.0,1762.0,1762.0,1762.0,1762.0,1762.0,1762.0,1762.0,1762.0,1762.0,1762.0,1762.0,1762.0,1762.0,1762.0,1762.0,1762.0,1762.0,1762.0,1762.0,1762.0,1762.0,1762.0,1762.0,1762.0,1762.0,1762.0,1762.0,1762.0,1762.0,1762.0,1762.0,1762.0,1762.0,1762.0,1762.0,1762.0,1762.0,1762.0,1762.0,1762.0,1762.0
tune_5,Testing/network-cor-forma_eu_27t.txt,0.05,0.05,0.03,50,5,0.8,0.02,largest,1,50,2183.0,364.53,3397,0,11853.0,11853.0,11759.0,9074.0,9074.0,8287.0,7952.0,7628.0,7628.0,7621.0,6490.0,6490.0,6490.0,6490.0,4473.0,4473.0,2491.0,2395.0,2395.0,2395.0,2395.0,2395.0,2395.0,2395.0,2395.0,2395.0,2395.0,2395.0,2395.0,2395.0,2395.0,2395.0,2395.0,2395.0,2395.0,2395.0,2395.0,2395.0,2395.0,2395.0,2395.0,2395.0,2395.0,2395.0,2395.0,2376.0,2376.0,2376.0,2376.0,2376.0,2376.0,2376.0,2376.0,2376.0,2376.0,2376.0,2376.0,2376.0,2376.0,2376.0,2376.0,2376.0,2376.0,2376.0,2376.0,2376.0,2376.0,2376.0,2376.0,2376.0,2376.0,2376.0,2376.0,2376.0,2376.0,2376.0,2376.0,2376.0,2376.0,2376.0,2376.0,2376.0,2376.0,2376.0,2376.0,2376.0,2376.0,2376.0,2376.0,2376.0,2376.0,2376.0,2376.0,2376.0,2376.0,2376.0,2376.0,2376.0,2376.0,2376.0,2376.0,2376.0,2376.0,2376.0,2376.0,2376.0,2376.0,2376.0,2376.0,2376.0,2376.0,2376.0,2376.0,2376.0,2376.0,2376.0,2376.0,2375.0,2375.0,2375.0,2375.0,2375.0,2375.0,2375.0,2375.0,2375.0,2375.0,2375.0,2375.0,2375.0,2375.0,2375.0,2375.0,2375.0,2375.0,2374.0,2374.0,2374.0,2374.0,2374.0,2374.0,2374.0,2374.0,2374.0,2374.0,2374.0,2374.0,2374.0,2374.0,2374.0,2374.0,2374.0,2374.0,2374.0,2374.0,2374.0,2374.0,2374.0,2374.0,2374.0,2374.0,2374.0,2374.0,2374.0,2374.0,2374.0,2374.0,2374.0,2374.0,2374.0,2374.0,2374.0,2374.0,2374.0,2374.0,2374.0,2374.0,2374.0,2374.0,2374.0,2374.0,2374.0,2374.0,2374.0,2374.0,2374.0,2374.0,2374.0,2374.0,2374.0,2374.0,2374.0,2374.0,2374.0,2374.0,2374.0,2374.0,2374.0,2374.0,2374.0
tune_7,Testing/network-cor-forma_eu_27t.txt,0.05,0.05,0.03,50,5,0.8,0.02,largest,1,50,2722.0,346.88,3305,0,11683.0,11683.0,11668.0,11531.0,9710.0,7614.0,7614.0,6992.0,6992.0,6673.0,6673.0,6673.0,5378.0,4209.0,3832.0,3627.0,3627.0,3627.0,3627.0,3627.0,3627.0,3627.0,3627.0,3627.0,3627.0,3627.0,3627.0,3627.0,3627.0,3627.0,3627.0,3627.0,3627.0,3627.0,3627.0,3627.0,3627.0,3627.0,3627.0,3627.0,3627.0,3627.0,3627.0,3627.0,3627.0,3627.0,3627.0,3627.0,3627.0,3627.0,3627.0,3627.0,3627.0,3627.0,3627.0,3627.0,3627.0,3627.0,3627.0,3627.0,3627.0,3627.0,3627.0,3627.0,3627.0,3627.0,3627.0,3627.0,3627.0,3627.0,3627.0,3627.0,3618.0,3618.0,3618.0,3618.0,3618.0,3618.0,3618.0,3618.0,3618.0,3618.0,3618.0,3618.0,3618.0,3618.0,3618.0,3618.0,3618.0,3618.0,3618.0,3618.0,3618.0,3618.0,3618.0,3618.0,3618.0,3618.0,3618.0,3618.0,3618.0,3618.0,3618.0,3618.0,3618.0,3618.0,3618.0,3617.0,3617.0,3617.0,3617.0,3617.0,3617.0,3617.0,3617.0,3617.0,3617.0,3617.0,3617.0,3617.0,3616.0,3616.0,3616.0,3616.0,3616.0,3616.0,3616.0,3616.0,3616.0,3616.0,3616.0,3616.0,3616.0,3616.0,3616.0,3615.0,3615.0,3615.0,3615.0,3615.0,3615.0,3615.0,3615.0,3615.0,3615.0,3615.0,3615.0,3614.0,3614.0,3614.0,3614.0,3614.0,3614.0,3614.0,3614.0,3614.0,3614.0,3614.0,3614.0,3614.0,3614.0,3614.0,3614.0,3614.0,3614.0,3614.0,3614.0,3614.0,3614.0,3614.0,3614.0,3614.0,3614.0,3614.0,3614.0,3614.0,3613.0,3613.0,3613.0,3613.0,3613.0,3613.0,3613.0,3613.0,3613.0,3613.0,3613.0,3613.0,3613.0,3613.0,3613.0,3613.0,3613.0,3613.0,3613.0,3613.0,3613.0,3613.0,3613.0,3612.0
tune_1,Testing/network-cor-forma_eu_27t.txt,0.05,0.05,0.03,50,5,0.8,0.02,pairwise,0,50,3018362.0,316.28,3286,0,48371972.0,48371972.0,48371972.0,44009017.0,44009017.0,44009017.0,37614824.0,37614824.0,37614824.0,37614824.0,37614824.0,37614824.0,37614824.0,37614824.0,26260017.0,19012006.0,8880230.0,5590769.0,5590769.0,5258019.0,4708618.0,3443508.0,3443508.0,2897794.0,2897794.0,2897794.0,2897794.0,2897794.0,2897794.0,2897794.0,2897794.0,2897794.0,2897794.0,2897794.0,2897794.0,2897794.0,2897794.0,2897794.0,2897794.0,2897794.0,2897794.0,2897794.0,2897794.0,2897794.0,2897794.0,2897794.0,2897794.0,2897794.0,2897794.0,2897794.0,2897794.0,2897794.0,2897794.0,2897794.0,2897794.0,2897794.0,2897794.0,2897794.0,2897794.0,2897794.0,2897794.0,2897794.0,2897794.0,2897794.0,2880901.0,2880901.0,2880901.0,2880901.0,2880901.0,2880901.0,2880901.0,2880901.0,2880901.0,2880901.0,2880901.0,2880901.0,2880901.0,2880901.0,2880901.0,2880901.0,2880901.0,2880901.0,2880901.0,2880901.0,2880901.0,2880901.0,2880901.0,2880901.0,2880901.0,2880901.0,2880901.0,2880901.0,2880901.0,2880901.0,2880901.0,2880901.0,2880901.0,2878497.0,2878497.0,2878497.0,2878497.0,2878497.0,2878497.0,2878497.0,2878497.0,2878497.0,2878497.0,2878497.0,2878497.0,2878497.0,2878497.0,2878497.0,2878497.0,2878497.0,2878497.0,2878497.0,2878450.0,2878450.0,2878450.0,2878450.0,2878450.0,2878450.0,2878450.0,2878450.0,2876158.0,2876158.0,2876158.0,2876158.0,2876158.0,2876158.0,2876158.0,2876158.0,2876158.0,2876158.0,2876158.0,2876158.0,2876158.0,2876158.0,2876158.0,2876091.0,2876091.0,2876091.0,2876091.0,2876091.0,2876091.0,2876091.0,2876091.0,2876091.0,2876091.0,2876091.0,2876091.0,2876091.0,2876091.0,2876091.0,2873728.0,2873728.0,2873728.0,2873728.0,2873728.0,2873728.0,2873728.0,2873728.0,2873728.0,2873728.0,2873690.0,2873690.0,2873690.0,2873690.0,2873690.0,2873690.0,2873690.0,2873690.0,2873690.0,2873689.0,2873689.0,1848468.0,1848468.0,1848468.0,1848468.0
tune_8,Testing/network-cor-forma_eu_27t.txt,0.05,0.05,0.03,50,5,0.8,0.02,largest,1,50,3355.0,355.18,3340,0,9760.0,8719.0,8719.0,8719.0,8154.0,6906.0,6906.0,6906.0,6710.0,6710.0,6710.0,3388.0,3388.0,3388.0,3388.0,3388.0,3388.0,3313.0,2916.0,2916.0,2916.0,2916.0,2916.0,2916.0,2916.0,2916.0,2916.0,2916.0,2916.0,2916.0,2916.0,2916.0,2916.0,2916.0,2916.0,2916.0,2916.0,2916.0,2916.0,2916.0,2916.0,2916.0,2916.0,2916.0,2916.0,2916.0,2916.0,2916.0,2916.0,2916.0,2916.0,2916.0,2916.0,2916.0,2916.0,2916.0,2916.0,2916.0,2916.0,2916.0,2916.0,2916.0,2916.0,2916.0,2873.0,2873.0,2873.0,2873.0,2873.0,2873.0,2873.0,2873.0,2873.0,2873.0,2873.0,2869.0,2865.0,2865.0,2865.0,2865.0,2865.0,2865.0,2865.0,2865.0,2865.0,2865.0,2865.0,2865.0,2865.0,2865.0,2865.0,2865.0,2865.0,2865.0,2865.0,2864.0,2864.0,2864.0,2864.0,2864.0,2864.0,2864.0,2864.0,2864.0,2864.0,2864.0,2864.0,2864.0,2864.0,2864.0,2864.0,2864.0,2864.0,2864.0,2864.0,2864.0,2864.0,2864.0,2864.0,2864.0,2864.0,2864.0,2864.0,2864.0,2863.0,2863.0,2863.0,2863.0,2863.0,2863.0,2863.0,2863.0,2863.0,2863.0,2862.0,2862.0,2862.0,2862.0,2862.0,2862.0,2862.0,2862.0,2862.0,2862.0,2862.0,2862.0,2862.0,2862.0,2862.0,2862.0,2862.0,2862.0,2862.0,2862.0,2862.0,2862.0,2862.0,2862.0,2862.0,2861.0,2861.0,2861.0,2861.0,2861.0,2861.0,2861.0,2861.0,2861.0,2861.0,2861.0,2861.0,2861.0,2861.0,2861.0,2861.0,2861.0,2861.0,2861.0,2861.0,2861.0,2861.0,2861.0,2861.0,2861.0,2861.0,2861.0,2861.0,2861.0,2861.0,2861.0,2861.0,2861.0,2861.0,2861.0,2861.0,2861.0,2861.0,2861.0,2861.0,2861.0
tune_9,Testing/network-cor-forma_eu_27t.txt,0.05,0.05,0.03,50,5,0.8,0.02,largest,1,50,2806.0,359.47,3322,0,11979.0,11979.0,11956.0,11804.0,9589.0,8491.0,8491.0,8491.0,8491.0,8369.0,8287.0,7287.0,7280.0,6301.0,6147.0,5079.0,4996.0,1859.0,1859.0,1859.0,1859.0,1859.0,1859.0,1859.0,1859.0,1859.0,1859.0,1859.0,1859.0,1859.0,1859.0,1859.0,1859.0,1859.0,1859.0,1769.0,1769.0,1769.0,1280.0,1280.0,1280.0,1280.0,1280.0,1280.0,1280.0,1280.0,1280.0,1280.0,1280.0,1280.0,1280.0,1280.0,1280.0,1280.0,1280.0,1280.0,1280.0,1280.0,1280.0,1280.0,1280.0,1280.0,1280.0,1280.0,1272.0,1272.0,1272.0,1272.0,1272.0,1272.0,1272.0,1272.0,1272.0,1272.0,1272.0,1272.0,1272.0,1272.0,1272.0,1272.0,1272.0,1272.0,1272.0,1272.0,1272.0,1272.0,1272.0,1271.0,1271.0,1271.0,1271.0,1271.0,1271.0,1271.0,1271.0,1271.0,1271.0,1271.0,1271.0,1271.0,1271.0,1271.0,1271.0,1271.0,1271.0,1271.0,1271.0,1271.0,1271.0,1271.0,1271.0,1271.0,1271.0,1271.0,1271.0,1271.0,1271.0,1271.0,1271.0,1271.0,1271.0,1271.0,1271.0,1271.0,1271.0,1271.0,1271.0,1271.0,1271.0,1271.0,1271.0,1271.0,1271.0,1271.0,1271.0,1271.0,1271.0,1271.0,1271.0,1271.0,1271.0,1271.0,1271.0,1271.0,1271.0,1271.0,1271.0,1271.0,1271.0,1271.0,1271.0,1271.0,1271.0,1271.0,1271.0,1271.0,1271.0,1270.0,1270.0,1270.0,1270.0,1270.0,1270.0,1270.0,1270.0,1270.0,1270.0,1270.0,1270.0,1270.0,1270.0,1269.0,1269.0,1269.0,1269.0,1269.0,1269.0,1269.0,1269.0,1269.0,1269.0,1269.0,1269.0,1269.0,1269.0,1269.0,1269.0,1269.0,1269.0,1269.0,1269.0,1269.0,1269.0,1269.0,1269.0,1269.0,1269.0,1269.0,1269.0,1269.0
tune_2,Testing/network-cor-forma_eu_27t.txt,0.05,0.05,0.03,50,5,0.8,0.02,pairwise,0,50,1146792.0,328.80,3331,0,70706686.0,70706686.0,69983130.0,69487254.0,47547976.0,38188876.0,32758434.0,32758434.0,27325120.0,27325120.0,26827960.0,24104987.0,13663210.0,1690809.0,1690809.0,1690809.0,1690809.0,1690809.0,1690809.0,1690809.0,1690809.0,1690809.0,1690809.0,1690809.0,1690809.0,1690809.0,1690809.0,1690809.0,1690809.0,1690809.0,1690809.0,1690809.0,1690809.0,1690809.0,1690809.0,1690809.0,1690809.0,1690809.0,1690809.0,1690809.0,1690809.0,1690809.0,1690809.0,1690809.0,1690809.0,1690809.0,1690809.0,1690809.0,1690809.0,1690809.0,1690809.0,1690809.0,1690809.0,1690809.0,1690809.0,1690809.0,1690809.0,1690809.0,1690809.0,1690809.0,1690809.0,1690809.0,1690809.0,1690809.0,1690809.0,1690809.0,1690809.0,1690809.0,1690809.0,1690809.0,1690809.0,1690809.0,1690809.0,1690809.0,1690809.0,1690809.0,1690809.0,1690809.0,1690809.0,1677109.0,1677109.0,1677109.0,1677109.0,1677109.0,1677109.0,1677109.0,1677109.0,1673661.0,1673661.0,1673661.0,1673661.0,1673661.0,1673661.0,1673661.0,1673661.0,1673661.0,1673661.0,1673661.0,1673661.0,1673661.0,1673661.0,1673661.0,1673661.0,1673661.0,1673661.0,1673661.0,1673661.0,1673661.0,1673661.0,1673661.0,1673661.0,1673661.0,1673661.0,1673657.0,1673657.0,1673657.0,1673657.0,1673657.0,1673657.0,1673657.0,1673657.0,1673657.0,1673657.0,1673657.0,1673657.0,1673657.0,1673657.0,1673657.0,1673657.0,1673657.0,1673657.0,1673657.0,1673657.0,1673657.0,1673657.0,1673657.0,1673657.0,1673657.0,1673657.0,1673657.0,1673657.0,1673657.0,1673657.0,1673657.0,1673657.0,1673657.0,1673657.0,1673657.0,1673657.0,1673657.0,1673657.0,1673657.0,1673657.0,1673657.0,1673568.0,1673568.0,1673568.0,1673568.0,1673568.0,1673568.0,1673568.0,1673568.0,1673568.0,1673568.0,1673568.0,1673568.0,1673568.0,1673568.0,1673568.0,1673568.0,1673568.0,1673568.0
tune_3,Testing/network-cor-forma_eu_27t.txt,0.05,0.05,0.03,50,5,0.8,0.02,pairwise,0,50,2864610.0,319.30,3285,0,69995483.0,68946300.0,36255274.0,36255274.0,36255274.0,30715489.0,30715489.0,25001689.0,25001689.0,25001689.0,24687162.0,24687162.0,23857576.0,8004807.0,6201838.0,4420274.0,3392024.0,3392024.0,3392024.0,3392024.0,3392024.0,3392024.0,3392024.0,3392024.0,3392024.0,3392024.0,3392024.0,3392024.0,3392024.0,3392024.0,3392024.0,3392024.0,3392024.0,3392024.0,3392024.0,3392024.0,3392024.0,3392024.0,3392024.0,3392024.0,3392024.0,3392024.0,3392024.0,3392024.0,3392024.0,3392024.0,3392024.0,3392024.0,3392024.0,3392024.0,3392024.0,3392024.0,3392024.0,3392024.0,3392024.0,3392024.0,3392024.0,3392024.0,3392024.0,3392024.0,3392024.0,3392024.0,3392024.0,3392024.0,3392024.0,3392024.0,3392024.0,3392024.0,3392024.0,3392024.0,3392024.0,3392024.0,3392024.0,3391268.0,3391268.0,3391268.0,3391268.0,3391268.0,3391268.0,3384691.0,3384691.0,3384691.0,3384691.0,3384691.0,3384691.0,3384691.0,3384691.0,3384691.0,3384691.0,3384691.0,3384691.0,3384691.0,3384691.0,3384691.0,3384691.0,3384691.0,3384691.0,3384691.0,3384691.0,3384691.0,3384691.0,3384691.0,3384691.0,3384691.0,3384691.0,3384614.0,3384614.0,3382125.0,3382125.0,3382125.0,3382125.0,3382125.0,3382125.0,3382125.0,3382125.0,3382125.0,3382125.0,3382125.0,3382125.0,3382125.0,3382125.0,3382125.0,3382125.0,3382125.0,3382125.0,3382125.0,3382125.0,3382125.0,3382125.0,3382125.0,3382125.0,3382125.0,3382125.0,3382125.0,3382125.0,3382125.0,3382125.0,3382125.0,3382125.0,3379574.0,3379574.0,3379574.0,3379574.0,3379574.0,3379574.0,3379574.0,3379574.0,3379574.0,3379574.0,3379574.0,3379574.0,3379566.0,3379566.0,3379566.0,3379566.0,3379566.0,3379566.0,3379566.0,3379566.0,3379566.0,3379566.0,3379566.0,3379566.0,3379566.0,3379566.0,3379566.0,3379566.0,3379566.0,3379566.0,3379566.0,3379566.0,5074402.0,5074402.0,5074402.0,5074402.0,5074402.0,5074402.0,5074402.0,5074402.0,5074402.0,5074402.0,5074369.0,5074369.0,5074369.0,5074369.0,5074369.0,5074369.0
tune_4,Testing/network-cor-forma_eu_27t.txt,0.05,0.05,0.03,50,5,0.8,0.02,pairwise,0,50,25726615.0,315.00,3297,0,48488188.0,48488188.0,48488188.0,47382996.0,36172680.0,32583716.0,32583716.0,31218529.0,31218529.0,31218529.0,26703612.0,26703612.0,10470117.0,8836672.0,5031610.0,2424534.0,2055786.0,2055786.0,2055786.0,2055786.0,2055786.0,2055786.0,2055786.0,2055786.0,2055786.0,2055786.0,1978494.0,1978494.0,1978494.0,1978494.0,1978494.0,1978494.0,1978494.0,1978494.0,1978494.0,1584343.0,1584343.0,1584343.0,1584343.0,1584343.0,1584343.0,1584343.0,1584343.0,1584343.0,1584343.0,1584343.0,1584343.0,1584343.0,1584343.0,1584343.0,1584343.0,1584343.0,1584343.0,1577742.0,1577742.0,1577742.0,1577742.0,1577742.0,1577742.0,1577742.0,1577742.0,1527162.0,1527162.0,1527162.0,1527162.0,1527162.0,1527162.0,1527162.0,1527162.0,1527162.0,1527162.0,1527162.0,1527162.0,1527162.0,1527162.0,1527162.0,1527162.0,1527162.0,1527162.0,1527162.0,1527162.0,1527162.0,1527162.0,1527162.0,1527162.0,1527162.0,1527162.0,1527162.0,1527162.0,1527162.0,1527162.0,1527162.0,1527162.0,1527162.0,1527162.0,1527162.0,1527162.0,1527162.0,1527162.0,1527162.0,1527162.0,1527162.0,1527162.0,1527162.0,1527162.0,1527162.0,1527162.0,1527162.0,1527162.0,1527067.0,1527067.0,1527067.0,1527067.0,1527067.0,1527067.0,1527067.0,1527067.0,1527067.0,1527067.0,1527025.0,1527025.0,1527025.0,1527025.0,1527025.0,1527025.0,1525423.0,1525423.0,1525423.0,1525423.0,1525423.0,1525423.0,1525423.0,1525423.0,1525423.0,1525423.0,1525423.0,1525423.0,1525423.0,1525395.0,1525395.0,1525395.0,1525395.0,1525395.0,1525395.0,1525395.0,1525395.0,1525395.0,1525395.0,1525395.0,1525395.0,1525395.0,1525395.0,1525395.0,1525395.0,1525395.0,1525395.0,1525395.0,1525395.0,1525395.0,1525395.0,1525395.0,1525395.0,1525395.0,1525395.0,1525395.0,1525395.0,1525373.0,1525373.0,1525373.0,1525373.0,1525336.0,1973385.0,1973385.0,1973385.0,1973385.0,1973385.0,1973385.0,1973385.0,1973385.0,1973385.0,1973385.0,1973385.0,1973385.0,1973385.0,1973385.0,1973385.0
tune_5,Testing/network-cor-forma_eu_27t.txt,0.05,0.05,0.03,50,5,0.8,0.02,pairwise,0,50,25276919.0,315.62,3294,0,51546973.0,49029742.0,49029742.0,49029742.0,47498553.0,38487211.0,37927312.0,36169575.0,36169575.0,33389072.0,33389072.0,26616041.0,26325242.0,5422387.0,5422387.0,4164085.0,4164085.0,4164085.0,4164085.0,4164085.0,4164085.0,4164085.0,4164085.0,4164085.0,4164085.0,4164085.0,4164085.0,4164085.0,4164085.0,4164085.0,4164085.0,4164085.0,4164085.0,4164085.0,4164085.0,4164085.0,4164085.0,4164085.0,4164085.0,3387190.0,3387190.0,3387190.0,3387190.0,3387190.0,3307762.0,3307762.0,3307762.0,2166736.0,2166736.0,2166736.0,2166736.0,2166736.0,2166736.0,2166736.0,2166736.0,2166736.0,2166736.0,2166736.0,2166736.0,2166736.0,2166736.0,2166736.0,2166736.0,2166736.0,2166736.0,2166736.0,2166736.0,2166736.0,2166736.0,2166736.0,2166736.0,2166736.0,2166736.0,2166736.0,2149654.0,2149654.0,2149654.0,2149654.0,2149654.0,2149654.0,2149654.0,2149654.0,2149654.0,2149654.0,2149654.0,2149654.0,2149654.0,2149654.0,2149654.0,2149654.0,2149654.0,2149654.0,2149654.0,2149654.0,2149654.0,2149654.0,2149654.0,2149654.0,2149654.0,2149654.0,2149654.0,2149654.0,2149654.0,2149654.0,2149654.0,2149654.0,2149654.0,2149654.0,2149654.0,2149654.0,2149654.0,2149654.0,2149654.0,2149654.0,2149654.0,2149654.0,2147646.0,2147646.0,2147646.0,2147646.0,2147646.0,2147646.0,2147646.0,2147646.0,2147646.0,2147646.0,2147646.0,2147646.0,2147646.0,2147646.0,2147646.0,2147646.0,2147646.0,2147646.0,2147646.0,2147646.0,2147646.0,2147646.0,2147646.0,2147646.0,2147646.0,2147646.0,2147646.0,2147646.0,2147646.0,2147646.0,2147646.0,2147646.0,2147646.0,2147646.0,2147646.0,2147646.0,2147646.0,2147646.0,2147642.0,2147642.0,2147642.0,3183966.0,3183966.0,3183966.0,3183966.0,3183966.0,3183966.0,3183966.0,3183966.0,3181480.0,3181480.0,3181480.0,3181480.0,3181480.0,3181480.0,3181480.0,3181480.0,3181480.0,3181480.0,3181480.0,3181480.0,3181480.0,3181480.0,3181480.0,3181480.0,3181480.0,3178995.0,3178995.0,3178995.0,3178995.0,3178995.0,3178995.0,3178995.0,3178995.0,3178995.0,3178995.0,3178995.0,3178973.0,3178973.0,3178973.0,3178973.0,3178973.0,3178973.0
tune_6,Testing/network-cor-forma_eu_27t.txt,0.05,0.05,0.03,50,5,0.8,0.02,pairwise,0,50,5153719.0,322.75,3349,0,70303020.0,69770449.0,48411207.0,37754271.0,36035318.0,33352468.0,33352468.0,32848364.0,31228611.0,28557111.0,28557111.0,23438392.0,23438392.0,23438392.0,23438392.0,9782455.0,9782455.0,8281194.0,6104530.0,5690989.0,5690989.0,5690989.0,5690989.0,5690989.0,5690989.0,5690989.0,5690989.0,5690989.0,5690989.0,5690989.0,5690989.0,5690989.0,5030161.0,5030161.0,5030161.0,5030161.0,5030161.0,5030161.0,5030161.0,5030161.0,5030161.0,5030161.0,5030161.0,5030161.0,5030161.0,5030161.0,5030161.0,5030161.0,5030161.0,5030161.0,5030161.0,5030161.0,5030161.0,5030161.0,5030161.0,5030161.0,5030161.0,5030161.0,5030161.0,5030161.0,5030161.0,5030161.0,5030161.0,5030161.0,5030161.0,5030161.0,5030161.0,5030161.0,5030161.0,5030161.0,5030161.0,5030161.0,5030161.0,5030161.0,5030161.0,5030161.0,5030161.0,5030161.0,5030161.0,5030161.0,5030161.0,5030161.0,5030161.0,5030161.0,5030161.0,5030161.0,5030161.0,5030161.0,5030161.0,5030161.0,5030161.0,5030161.0,5016880.0,5016880.0,5016880.0,5016880.0,5016880.0,5016880.0,5016880.0,5016880.0,5016880.0,5016880.0,5016880.0,5016880.0,5016880.0,5016880.0,5016880.0,5016868.0,5016868.0,5016868.0,5016868.0,5016868.0,5016868.0,5016868.0,5016868.0,5016835.0,5016835.0,5016835.0,5016835.0,5016835.0,5016835.0,5016835.0,5016835.0,5016835.0,5016835.0,5016835.0,5016835.0,5016835.0,5016835.0,5016835.0,5016830.0,5016830.0,5016830.0,5016830.0,5016830.0,5016830.0,5016830.0,5016830.0,5016830.0,5016830.0,5016830.0,5016830.0,5016830.0,5016830.0,5016830.0,5016830.0,5016830.0,5013708.0,5013708.0,5013708.0,5013708.0,5013708.0,5013708.0,5013708.0,2666093.0,2666093.0,2666093.0,2666093.0,2666093.0,2666093.0,2666093.0,2666093.0,2666093.0,2666006.0,2666006.0,2666006.0,2666006.0,2666006.0,2665948.0,2665948.0,2665948.0,2665948.0,2665948.0,2665948.0,2665948.0,2665948.0,2665948.0,2665948.0,2665948.0,2665948.0,2665948.0,2665948.0,2665948.0,2665948.0,2665945.0,2665945.0,2665943.0,2665943.0,2665943.0,2665943.0,2665943.0
tune_7,Testing/network-cor-forma_eu_27t.txt,0.05,0.05,0.03,50,5,0.8,0.02,pairwise,0,50,6621150.0,318.10,3330,-1
tune_8,Testing/network-cor-forma_eu_27t.txt,0.05,0.05,0.03,50,5,0.8,0.02,pairwise,0,50,25369764.0,306.24,3306,0,48399965.0,46172582.0,35858801.0,35858801.0,24520042.0,24520042.0,24520042.0,24520042.0,24399767.0,24399767.0,24399767.0,24399767.0,13020917.0,8188121.0,3354330.0,3354330.0,3021935.0,3021935.0,3021935.0,3021935.0,3021935.0,3021935.0,3021935.0,3021935.0,3021935.0,3021935.0,3021935.0,3021935.0,3021935.0,3021935.0,3021935.0,3021935.0,3021935.0,3021935.0,3021935.0,3021935.0,3021935.0,3021935.0,3021935.0,3021935.0,3021935.0,3021935.0,3021935.0,3021935.0,2819743.0,2819743.0,2819743.0,2819743.0,2819743.0,2819743.0,2819743.0,2819743.0,2819743.0,2819743.0,2819743.0,2819743.0,2819743.0,2819743.0,2819743.0,2819743.0,2819743.0,2819743.0,2819743.0,2819731.0,2819731.0,2819731.0,2819731.0,2819731.0,2819731.0,2819731.0,2819731.0,2819731.0,2819731.0,2819731.0,2819731.0,2819731.0,2819731.0,2819731.0,2819731.0,2819731.0,2819731.0,2817517.0,2817517.0,2817517.0,2817517.0,2817517.0,2817517.0,2817517.0,2817517.0,2817517.0,2817517.0,2817517.0,2817517.0,2817517.0,2817517.0,2817517.0,2817517.0,2817517.0,2817517.0,2817517.0,2817517.0,2817517.0,2817486.0,2817486.0,2817486.0,2817486.0,2817486.0,2817486.0,2817486.0,2817486.0,2817486.0,2817486.0,2817486.0,2817486.0,2817486.0,2817486.0,2817486.0,2817486.0,2817486.0,2817486.0,2817475.0,2817475.0,2817475.0,2815180.0,2815180.0,2815180.0,2815180.0,2815180.0,2815180.0,2815180.0,2815180.0,2815180.0,2815180.0,2815180.0,2815180.0,2815180.0,2815180.0,2815180.0,2815146.0,2815146.0,2815146.0,2815146.0,2815146.0,2815146.0,2815146.0,2815146.0,2815146.0,2815146.0,2815146.0,2815146.0,2815146.0,2815146.0,2815146.0,2815146.0,2815146.0,2815146.0,2815146.0,2812843.0,2812843.0,2812843.0,2812843.0,2812843.0,2812843.0,2812843.0,2812843.0,2812843.0,2812843.0,2812843.0,2812843.0,2812843.0,2812843.0,2812843.0,2812843.0,2812813.0,2812813.0,2812813.0,2812813.0,2812813.0,2812813.0,2812813.0,2812813.0,2812813.0,2812813.0,2812813.0,2812813.0,2812813.0,2812813.0
tune_9,Testing/network-cor-forma_eu_27t.txt,0.05,0.05,0.03,50,5,0.8,0.02,pairwise,0,50,6070899.0,316.52,3293,0,46752337.0,45630672.0,45630672.0,26506717.0,26506717.0,26506717.0,9470712.0,9470712.0,9470712.0,6712392.0,3593527.0,2466881.0,2104074.0,2104074.0,2104074.0,2104074.0,2104074.0,2104074.0,2104074.0,2104074.0,2104074.0,2104074.0,2104074.0,2104074.0,2104074.0,2104074.0,2104074.0,2104074.0,2104074.0,2104074.0,2104074.0,2104074.0,2104074.0,2104074.0,2104074.0,2104074.0,2104074.0,2104074.0,2104074.0,2104074.0,2104074.0,2104074.0,2104074.0,2104074.0,2104074.0,2104074.0,2104074.0,2104074.0,2104074.0,2104074.0,2104074.0,2104074.0,2104074.0,2104074.0,2104074.0,2104074.0,2104074.0,2104074.0,2104074.0,2104074.0,2104021.0,2104021.0,2104021.0,2104021.0,2104021.0,2104021.0,2104021.0,2104021.0,2104021.0,2104021.0,2104021.0,2104021.0,2104021.0,2104021.0,2104021.0,2104021.0,2104021.0,2104021.0,2104021.0,2104021.0,2104021.0,2104021.0,2104021.0,2104021.0,2104021.0,2104021.0,2104021.0,2104021.0,2104021.0,2104021.0,2104021.0,2104021.0,2104021.0,2102054.0,2102054.0,2102054.0,2102054.0,2102054.0,2102054.0,2102054.0,2102054.0,2102054.0,2102054.0,2102054.0,2102054.0,2102054.0,2102054.0,2102054.0,2102054.0,2102054.0,2102054.0,2102054.0,2102054.0,2102054.0,2102054.0,2102054.0,2102051.0,2102051.0,2102038.0,2102038.0,2102038.0,2102038.0,2102038.0,2102038.0,2100101.0,2100101.0,2100101.0,2100101.0,2100101.0,2100101.0,2100101.0,2100101.0,2100101.0,2100095.0,2100095.0,2100095.0,2100095.0,2100095.0,2100095.0,2100095.0,2100095.0,2100095.0,2100095.0,2100095.0,2100095.0,2100094.0,2100094.0,2100092.0,2100092.0,2100092.0,2100092.0,2100092.0,2100092.0,2100092.0,2100092.0,2100092.0,2100092.0,2100092.0,2100092.0,2100092.0,2100092.0,2100092.0,2100092.0,2100092.0,2099839.0,2099839.0,2098127.0,2098127.0,2098127.0,2098127.0,2098127.0,2098127.0,2098127.0,2098127.0,2098127.0,2098127.0,2098127.0,2097889.0,2097889.0,2097889.0,2097889.0,2097889.0,2097889.0,2097889.0,2097889.0
tune_10,Testing/network-cor-forma_eu_27t.txt,0.05,0.05,0.03,50,5,0.8,0.02,pairwise,0,50,6036781.0,325.40,3325,0,49617003.0,49617003.0,38716912.0,31958068.0,31958068.0,31958068.0,31958068.0,31958068.0,31958068.0,31958068.0,26543100.0,26485333.0,4237669.0,4237669.0,3184654.0,2607564.0,2607564.0,2607564.0,2607564.0,2607564.0,2607564.0,2607564.0,2607564.0,2607564.0,2607564.0,2607564.0,2607564.0,2607564.0,2607564.0,2607564.0,2607564.0,2607564.0,2607564.0,2465515.0,2465515.0,2465515.0,2465515.0,2465515.0,2465515.0,2465515.0,2465515.0,2465515.0,2465515.0,2465515.0,2465515.0,2465515.0,2465515.0,2465515.0,2465515.0,2465515.0,2465515.0,2465515.0,2465515.0,2465515.0,2465515.0,2465443.0,2465443.0,2465443.0,2465443.0,2465443.0,2465443.0,2465443.0,2465443.0,2465443.0,2465443.0,2465443.0,2465443.0,2465443.0,2465443.0,2465443.0,2465443.0,2465443.0,2465418.0,2465418.0,2465418.0,2465418.0,2465418.0,2465418.0,2465418.0,2465418.0,2465418.0,2465418.0,2465418.0,2465418.0,2465418.0,2463271.0,2463271.0,2463271.0,2463271.0,2463271.0,2463271.0,2463271.0,2463271.0,2463271.0,2463271.0,2463271.0,2463271.0,2463271.0,2463271.0,2463271.0,2463271.0,2463271.0,2463271.0,2463271.0,2463271.0,2463271.0,2463271.0,2463271.0,2463271.0,2463271.0,2463271.0,2463271.0,2463271.0,2463271.0,2463271.0,2463271.0,2463271.0,2463271.0,2463271.0,2463271.0,2463271.0,2463271.0,2463271.0,2463271.0,2463271.0,2463271.0,2461100.0,2461100.0,2461100.0,2461100.0,2461100.0,2461100.0,2461100.0,2461100.0,2458930.0,2458930.0,2458930.0,2458930.0,2458930.0,2458930.0,2458930.0,2458930.0,2458930.0,2458930.0,2458930.0,2458930.0,2458930.0,2458930.0,2458930.0,2458930.0,2458930.0,2458930.0,2458924.0,2458924.0,2458924.0,2458760.0,2458760.0,2458760.0,2458760.0,2458760.0,2458760.0,2458760.0,2458760.0,2458760.0,2458760.0,2458760.0,2458760.0,2458760.0,2458760.0,2458760.0,2458760.0,2456591.0,2456591.0,2456591.0,2456591.0,2456591.0,2456591.0,2456591.0,2456591.0,2456591.0,2456591.0,2456591.0,2456591.0,2456591.0,2456591.0,2456591.0
tune_1,Testing/network-cor-forma_eu_27t.txt,0.05,0.05,0.03,50,5,0.8,0.02,pairwise,1,50,1554372.0,336.10,3276,0,48371972.0,48371972.0,48371972.0,44009017.0,44009017.0,44009017.0,37614824.0,37614824.0,37614824.0,37614824.0,37614824.0,37614824.0,37614824.0,37614824.0,26260017.0,19012006.0,8880230.0,5590769.0,5590769.0,5258019.0,4708618.0,3443508.0,3443508.0,2897794.0,2897794.0,2897794.0,2897794.0,2897794.0,2897794.0,2897794.0,2897794.0,2897794.0,2897794.0,2897794.0,2897794.0,2897794.0,2897794.0,2897794.0,2897794.0,2897794.0,2897794.0,2897794.0,2897794.0,2897794.0,2897794.0,2897794.0,2897794.0,2897794.0,2897794.0,2897794.0,2897794.0,2897794.0,2897794.0,2897794.0,2897794.0,2897794.0,2897794.0,2897794.0,2897794.0,2897794.0,2897794.0,2897794.0,2897794.0,2897794.0,2880901.0,2880901.0,2880901.0,2880901.0,2880901.0,2880901.0,2880901.0,2880901.0,2880901.0,2880901.0,2880901.0,2880901.0,2880901.0,2880901.0,2880901.0,2880901.0,2880901.0,2880901.0,2880901.0,2880901.0,2880901.0,2880901.0,2880901.0,2880901.0,2880901.0,2880901.0,2880901.0,2880901.0,2880901.0,2880901.0,2880901.0,2880901.0,2880901.0,2878497.0,2878497.0,2878497.0,2878497.0,2878497.0,2878497.0,2878497.0,2878497.0,2878497.0,2878497.0,2878497.0,2878497.0,2878497.0,2878497.0,2878497.0,2878497.0,2878497.0,2878497.0,2878497.0,2878450.0,2878450.0,2878450.0,2878450.0,2878450.0,2878450.0,2878450.0,2878450.0,2876158.0,2876158.0,2876158.0,2876158.0,2876158.0,2876158.0,2876158.0,2876158.0,2876158.0,2876158.0,2876158.0,2876158.0,2876158.0,2876158.0,2876158.0,2876091.0,2876091.0,2876091.0,2876091.0,2876091.0,2876091.0,2876091.0,2876091.0,2876091.0,2876091.0,2876091.0,2876091.0,2876091.0,2876091.0,2876091.0,2873728.0,2873728.0,2873728.0,2873728.0,2873728.0,2873728.0,2873728.0,2873728.0,2873728.0,2873728.0,2873690.0,2873690.0,2873690.0,2873690.0,2873690.0,2873690.0,2873690.0,2873690.0,2873690.0,2873689.0,2873689.0,1848468.0,1848468.0,1848468.0,1848468.0
tune_2,Testing/network-cor-forma_eu_27t.txt,0.05,0.05,0.03,50,5,0.8,0.02,pairwise,1,50,1146792.0,336.21,3309,0,70706686.0,70706686.0,69983130.0,69487254.0,47547976.0,38188876.0,32758434.0,32758434.0,27325120.0,27325120.0,26827960.0,24104987.0,13663210.0,1690809.0,1690809.0,1690809.0,1690809.0,1690809.0,1690809.0,1690809.0,1690809.0,1690809.0,1690809.0,1690809.0,1690809.0,1690809.0,1690809.0,1690809.0,1690809.0,1690809.0,1690809.0,1690809.0,1690809.0,1690809.0,1690809.0,1690809.0,1690809.0,1690809.0,1690809.0,1690809.0,1690809.0,1690809.0,1690809.0,1690809.0,1690809.0,1690809.0,1690809.0,1690809.0,1690809.0,1690809.0,1690809.0,1690809.0,1690809.0,1690809.0,1690809.0,1690809.0,1690809.0,1690809.0,1690809.0,1690809.0,1690809.0,1690809.0,1690809.0,1690809.0,1690809.0,1690809.0,1690809.0,1690809.0,1690809.0,1690809.0,1690809.0,1690809.0,1690809.0,1690809.0,1690809.0,1690809.0,1690809.0,1690809.0,1690809.0,1677109.0,1677109.0,1677109.0,1677109.0,1677109.0,1677109.0,1677109.0,1677109.0,1673661.0,1673661.0,1673661.0,1673661.0,1673661.0,1673661.0,1673661.0,1673661.0,1673661.0,1673661.0,1673661.0,1673661.0,1673661.0,1673661.0,1673661.0,1673661.0,1673661.0,1673661.0,1673661.0,1673661.0,1673661.0,1673661.0,1673661.0,1673661.0,1673661.0,1673661.0,1673657.0,1673657.0,1673657.0,1673657.0,1673657.0,1673657.0,1673657.0,1673657.0,1673657.0,1673657.0,1673657.0,1673657.0,1673657.0,1673657.0,1673657.0,1673657.0,1673657.0,1673657.0,1673657.0,1673657.0,1673657.0,1673657.0,1673657.0,1673657.0,1673657.0,1673657.0,1673657.0,1673657.0,1673657.0,1673657.0,1673657.0,1673657.0,1673657.0,1673657.0,1673657.0,1673657.0,1673657.0,1673657.0,1673657.0,1673657.0,1673657.0,1673568.0,1673568.0,1673568.0,1673568.0,1673568.0,1673568.0,1673568.0,1673568.0,1673568.0,1673568.0,1673568.0,1673568.0,1673568.0,1673568.0,1673568.0,1673568.0,1673568.0,1673568.0
tune_3,Testing/network-cor-forma_eu_27t.txt,0.05,0.05,0.03,50,5,0.8,0.02,pairwise,1,50,3337278.0,338.33,3327,0,69995483.0,68946300.0,36255274.0,36255274.0,36255274.0,30715489.0,30715489.0,25001689.0,25001689.0,25001689.0,24687162.0,24687162.0,23857576.0,8004807.0,6201838.0,4420274.0,3392024.0,3392024.0,3392024.0,3392024.0,3392024.0,3392024.0,3392024.0,3392024.0,3392024.0,3392024.0,3392024.0,3392024.0,3392024.0,3392024.0,3392024.0,3392024.0,3392024.0,3392024.0,3392024.0,3392024.0,3392024.0,3392024.0,3392024.0,3392024.0,3392024.0,3392024.0,3392024.0,3392024.0,3392024.0,3392024.0,3392024.0,3392024.0,3392024.0,3392024.0,3392024.0,3392024.0,3392024.0,3392024.0,3392024.0,3392024.0,3392024.0,3392024.0,3392024.0,3392024.0,3392024.0,3392024.0,3392024.0,3392024.0,3392024.0,3392024.0,3392024.0,3392024.0,3392024.0,3392024.0,3392024.0,3392024.0,3392024.0,3391268.0,3391268.0,3391268.0,3391268.0,3391268.0,3391268.0,3384691.0,3384691.0,3384691.0,3384691.0,3384691.0,3384691.0,3384691.0,3384691.0,3384691.0,3384691.0,3384691.0,3384691.0,3384691.0,3384691.0,3384691.0,3384691.0,3384691.0,3384691.0,3384691.0,3384691.0,3384691.0,3384691.0,3384691.0,3384691.0,3384691.0,3384691.0,3384614.0,3384614.0,3382125.0,3382125.0,3382125.0,3382125.0,3382125.0,3382125.0,3382125.0,3382125.0,3382125.0,3382125.0,3382125.0,3382125.0,3382125.0,3382125.0,3382125.0,3382125.0,3382125.0,3382125.0,3382125.0,3382125.0,3382125.0,3382125.0,3382125.0,3382125.0,3382125.0,3382125.0,3382125.0,3382125.0,3382125.0,3382125.0,3382125.0,3382125.0,3379574.0,3379574.0,3379574.0,3379574.0,3379574.0,3379574.0,3379574.0,3379574.0,3379574.0,3379574.0,3379574.0,3379574.0,3379566.0,3379566.0,3379566.0,3379566.0,3379566.0,3379566.0,3379566.0,3379566.0,3379566.0,3379566.0,3379566.0,3379566.0,3379566.0,3379566.0,3379566.0,3379566.0,3379566.0,3379566.0,3379566.0,3379566.0,5074402.0,5074402.0,5074402.0,5074402.0,5074402.0,5074402.0,5074402.0,5074402.0,5074402.0,5074402.0,5074369.0,5074369.0,5074369.0,5074369.0,5074369.0,5074369.0
tune_4,Testing/network-cor-forma_eu_27t.txt,0.05,0.05,0.03,50,5,0.8,0.02,pairwise,1,50,12964450.0,351.13,3370,0,48488188.0,48488188.0,48488188.0,47382996.0,36172680.0,32583716.0,32583716.0,31218529.0,31218529.0,31218529.0,26703612.0,26703612.0,10470117.0,8836672.0,5031610.0,2424534.0,2055786.0,2055786.0,2055786.0,2055786.0,2055786.0,2055786.0,2055786.0,2055786.0,2055786.0,2055786.0,1978494.0,1978494.0,1978494.0,1978494.0,1978494.0,1978494.0,1978494.0,1978494.0,1978494.0,1584343.0,1584343.0,1584343.0,1584343.0,1584343.0,1584343.0,1584343.0,1584343.0,1584343.0,1584343.0,1584343.0,1584343.0,1584343.0,1584343.0,1584343.0,1584343.0,1584343.0,1584343.0,1577742.0,1577742.0,1577742.0,1577742.0,1577742.0,1577742.0,1577742.0,1577742.0,1527162.0,1527162.0,1527162.0,1527162.0,1527162.0,1527162.0,1527162.0,1527162.0,1527162.0,1527162.0,1527162.0,1527162.0,1527162.0,1527162.0,1527162.0,1527162.0,1527162.0,1527162.0,1527162.0,1527162.0,1527162.0,1527162.0,1527162.0,1527162.0,1527162.0,1527162.0,1527162.0,1527162.0,1527162.0,1527162.0,1527162.0,1527162.0,1527162.0,1527162.0,1527162.0,1527162.0,1527162.0,1527162.0,1527162.0,1527162.0,1527162.0,1527162.0,1527162.0,1527162.0,1527162.0,1527162.0,1527162.0,1527162.0,1527067.0,1527067.0,1527067.0,1527067.0,1527067.0,1527067.0,1527067.0,1527067.0,1527067.0,1527067.0,1527025.0,1527025.0,1527025.0,1527025.0,1527025.0,1527025.0,1525423.0,1525423.0,1525423.0,1525423.0,1525423.0,1525423.0,1525423.0,1525423.0,1525423.0,1525423.0,1525423.0,1525423.0,1525423.0,1525395.0,1525395.0,1525395.0,1525395.0,1525395.0,1525395.0,1525395.0,1525395.0,1525395.0,1525395.0,1525395.0,1525395.0,1525395.0,1525395.0,1525395.0,1525395.0,1525395.0,1525395.0,1525395.0,1525395.0,1525395.0,1525395.0,1525395.0,1525395.0,1525395.0,1525395.0,1525395.0,1525395.0,1525373.0,1525373.0,1525373.0,1525373.0,1525336.0,1973385.0,1973385.0,1973385.0,1973385.0,1973385.0,1973385.0,1973385.0,1973385.0,1973385.0,1973385.0,1973385.0,1973385.0,1973385.0,1973385.0,1973385.0
tune_6,Testing/network-cor-forma_eu_27t.txt,0.05,0.05,0.03,50,5,0.8,0.02,pairwise,1,50,5153719.0,316.90,3355,0,70303020.0,69770449.0,48411207.0,37754271.0,36035318.0,33352468.0,33352468.0,32848364.0,31228611.0,28557111.0,28557111.0,23438392.0,23438392.0,23438392.0,23438392.0,9782455.0,9782455.0,8281194.0,6104530.0,5690989.0,5690989.0,5690989.0,5690989.0,5690989.0,5690989.0,5690989.0,5690989.0,5690989.0,5690989.0,5690989.0,5690989.0,5690989.0,5030161.0,5030161.0,5030161.0,5030161.0,5030161.0,5030161.0,5030161.0,5030161.0,5030161.0,5030161.0,5030161.0,5030161.0,5030161.0,5030161.0,5030161.0,5030161.0,5030161.0,5030161.0,5030161.0,5030161.0,5030161.0,5030161.0,5030161.0,5030161.0,5030161.0,5030161.0,5030161.0,5030161.0,5030161.0,5030161.0,5030161.0,5030161.0,5030161.0,5030161.0,5030161.0,5030161.0,5030161.0,5030161.0,5030161.0,5030161.0,5030161.0,5030161.0,5030161.0,5030161.0,5030161.0,5030161.0,5030161.0,5030161.0,5030161.0,5030161.0,5030161.0,5030161.0,5030161.0,5030161.0,5030161.0,5030161.0,5030161.0,5030161.0,5030161.0,5030161.0,5016880.0,5016880.0,5016880.0,5016880.0,5016880.0,5016880.0,5016880.0,5016880.0,5016880.0,5016880.0,5016880.0,5016880.0,5016880.0,5016880.0,5016880.0,5016868.0,5016868.0,5016868.0,5016868.0,5016868.0,5016868.0,5016868.0,5016868.0,5016835.0,5016835.0,5016835.0,5016835.0,5016835.0,5016835.0,5016835.0,5016835.0,5016835.0,5016835.0,5016835.0,5016835.0,5016835.0,5016835.0,5016835.0,5016830.0,5016830.0,5016830.0,5016830.0,5016830.0,5016830.0,5016830.0,5016830.0,5016830.0,5016830.0,5016830.0,5016830.0,5016830.0,5016830.0,5016830.0,5016830.0,5016830.0,5013708.0,5013708.0,5013708.0,5013708.0,5013708.0,5013708.0,5013708.0,2666093.0,2666093.0,2666093.0,2666093.0,2666093.0,2666093.0,2666093.0,2666093.0,2666093.0,2666006.0,2666006.0,2666006.0,2666006.0,2666006.0,2665948.0,2665948.0,2665948.0,2665948.0,2665948.0,2665948.0,2665948.0,2665948.0,2665948.0,2665948.0,2665948.0,2665948.0,2665948.0,2665948.0,2665948.0,2665948.0,2665945.0,2665945.0,2665943.0,2665943.0,2665943.0,2665943.0,2665943.0
tune_5,Testing/network-cor-forma_eu_27t.txt,0.05,0.05,0.03,50,5,0.8,0.02,pairwise,1,50,6103502.0,338.19,3271,0,51546973.0,49029742.0,49029742.0,49029742.0,47498553.0,38487211.0,37927312.0,36169575.0,36169575.0,33389072.0,33389072.0,26616041.0,26325242.0,5422387.0,5422387.0,4164085.0,4164085.0,4164085.0,4164085.0,4164085.0,4164085.0,4164085.0,4164085.0,4164085.0,4164085.0,4164085.0,4164085.0,4164085.0,4164085.0,4164085.0,4164085.0,4164085.0,4164085.0,4164085.0,4164085.0,4164085.0,4164085.0,4164085.0,4164085.0,3387190.0,3387190.0,3387190.0,3387190.0,3387190.0,3307762.0,3307762.0,3307762.0,2166736.0,2166736.0,2166736.0,2166736.0,2166736.0,2166736.0,2166736.0,2166736.0,2166736.0,2166736.0,2166736.0,2166736.0,2166736.0,2166736.0,2166736.0,2166736.0,2166736.0,2166736.0,2166736.0,2166736.0,2166736.0,2166736.0,2166736.0,2166736.0,2166736.0,2166736.0,2166736.0,2149654.0,2149654.0,2149654.0,2149654.0,2149654.0,2149654.0,2149654.0,2149654.0,2149654.0,2149654.0,2149654.0,2149654.0,2149654.0,2149654.0,2149654.0,2149654.0,2149654.0,2149654.0,2149654.0,2149654.0,2149654.0,2149654.0,2149654.0,2149654.0,2149654.0,2149654.0,2149654.0,2149654.0,2149654.0,2149654.0,2149654.0,2149654.0,2149654.0,2149654.0,2149654.0,2149654.0,2149654.0,2149654.0,2149654.0,2149654.0,2149654.0,2149654.0,2147646.0,2147646.0,2147646.0,2147646.0,2147646.0,2147646.0,2147646.0,2147646.0,2147646.0,2147646.0,2147646.0,2147646.0,2147646.0,2147646.0,2147646.0,2147646.0,2147646.0,2147646.0,2147646.0,2147646.0,2147646.0,2147646.0,2147646.0,2147646.0,2147646.0,2147646.0,2147646.0,2147646.0,2147646.0,2147646.0,2147646.0,2147646.0,2147646.0,2147646.0,2147646.0,2147646.0,2147646.0,2147646.0,2147642.0,2147642.0,2147642.0,3183966.0,3183966.0,3183966.0,3183966.0,3183966.0,3183966.0,3183966.0,3183966.0,3181480.0,3181480.0,3181480.0,3181480.0,3181480.0,3181480.0,3181480.0,3181480.0,3181480.0,3181480.0,3181480.0,3181480.0,3181480.0,3181480.0,3181480.0,3181480.0,3181480.0,3178995.0,3178995.0,3178995.0,3178995.0,3178995.0,3178995.0,3178995.0,3178995.0,3178995.0,3178995.0,3178995.0,3178973.0,3178973.0,3178973.0,3178973.0,3178973.0,3178973.0
tune_7,Testing/network-cor-forma_eu_27t.txt,0.05,0.05,0.03,50,5,0.8,0.02,pairwise,1,50,6621150.0,336.40,3294,-1
tune_8,Testing/network-cor-forma_eu_27t.txt,0.05,0.05,0.03,50,5,0.8,0.02,pairwise,1,50,3201583.0,348.33,3309,0,48399965.0,46172582.0,35858801.0,35858801.0,24520042.0,24520042.0,24520042.0,24520042.0,24399767.0,24399767.0,24399767.0,24399767.0,13020917.0,8188121.0,3354330.0,3354330.0,3021935.0,3021935.0,3021935.0,3021935.0,3021935.0,3021935.0,3021935.0,3021935.0,3021935.0,3021935.0,3021935.0,3021935.0,3021935.0,3021935.0,3021935.0,3021935.0,3021935.0,3021935.0,3021935.0,3021935.0,3021935.0,3021935.0,3021935.0,3021935.0,3021935.0,3021935.0,3021935.0,3021935.0,2819743.0,2819743.0,2819743.0,2819743.0,2819743.0,2819743.0,2819743.0,2819743.0,2819743.0,2819743.0,2819743.0,2819743.0,2819743.0,2819743.0,2819743.0,2819743.0,2819743.0,2819743.0,2819743.0,2819731.0,2819731.0,2819731.0,2819731.0,2819731.0,2819731.0,2819731.0,2819731.0,2819731.0,2819731.0,2819731.0,2819731.0,2819731.0,2819731.0,2819731.0,2819731.0,2819731.0,2819731.0,2817517.0,2817517.0,2817517.0,2817517.0,2817517.0,2817517.0,2817517.0,2817517.0,2817517.0,2817517.0,2817517.0,2817517.0,2817517.0,2817517.0,2817517.0,2817517.0,2817517.0,2817517.0,2817517.0,2817517.0,2817517.0,2817486.0,2817486.0,2817486.0,2817486.0,2817486.0,2817486.0,2817486.0,2817486.0,2817486.0,2817486.0,2817486.0,2817486.0,2817486.0,2817486.0,2817486.0,2817486.0,2817486.0,2817486.0,2817475.0,2817475.0,2817475.0,2815180.0,2815180.0,2815180.0,2815180.0,2815180.0,2815180.0,2815180.0,2815180.0,2815180.0,2815180.0,2815180.0,2815180.0,2815180.0,2815180.0,2815180.0,2815146.0,2815146.0,2815146.0,2815146.0,2815146.0,2815146.0,2815146.0,2815146.0,2815146.0,2815146.0,2815146.0,2815146.0,2815146.0,2815146.0,2815146.0,2815146.0,2815146.0,2815146.0,2815146.0,2812843.0,2812843.0,2812843.0,2812843.0,2812843.0,2812843.0,2812843.0,2812843.0,2812843.0,2812843.0,2812843.0,2812843.0,2812843.0,2812843.0,2812843.0,2812843.0,2812813.0,2812813.0,2812813.0,2812813.0,2812813.0,2812813.0,2812813.0,2812813.0,2812813.0,2812813.0,2812813.0,2812813.0,2812813.0,2812813.0
tune_9,Testing/network-cor-forma_eu_27t.txt,0.05,0.05,0.03,50,5,0.8,0.02,pairwise,1,50,6070899.0,340.90,3323,0,46752337.0,45630672.0,45630672.0,26506717.0,26506717.0,26506717.0,9470712.0,9470712.0,9470712.0,6712392.0,3593527.0,2466881.0,2104074.0,2104074.0,2104074.0,2104074.0,2104074.0,2104074.0,2104074.0,2104074.0,2104074.0,2104074.0,2104074.0,2104074.0,2104074.0,2104074.0,2104074.0,2104074.0,2104074.0,2104074.0,2104074.0,2104074.0,2104074.0,2104074.0,2104074.0,2104074.0,2104074.0,2104074.0,2104074.0,2104074.0,2104074.0,2104074.0,2104074.0,2104074.0,2104074.0,2104074.0,2104074.0,2104074.0,2104074.0,2104074.0,2104074.0,2104074.0,2104074.0,2104074.0,2104074.0,2104074.0,2104074.0,2104074.0,2104074.0,2104074.0,2104021.0,2104021.0,2104021.0,2104021.0,2104021.0,2104021.0,2104021.0,2104021.0,2104021.0,2104021.0,2104021.0,2104021.0,2104021.0,2104021.0,2104021.0,2104021.0,2104021.0,2104021.0,2104021.0,2104021.0,2104021.0,2104021.0,2104021.0,2104021.0,2104021.0,2104021.0,2104021.0,2104021.0,2104021.0,2104021.0,2104021.0,2104021.0,2104021.0,2102054.0,2102054.0,2102054.0,2102054.0,2102054.0,2102054.0,2102054.0,2102054.0,2102054.0,2102054.0,2102054.0,2102054.0,2102054.0,2102054.0,2102054.0,2102054.0,2102054.0,2102054.0,2102054.0,2102054.0,2102054.0,2102054.0,2102054.0,2102051.0,2102051.0,2102038.0,2102038.0,2102038.0,2102038.0,2102038.0,2102038.0,2100101.0,2100101.0,2100101.0,2100101.0,2100101.0,2100101.0,2100101.0,2100101.0,2100101.0,2100095.0,2100095.0,2100095.0,2100095.0,2100095.0,2100095.0,2100095.0,2100095.0,2100095.0,2100095.0,2100095.0,2100095.0,2100094.0,2100094.0,2100092.0,2100092.0,2100092.0,2100092.0,2100092.0,2100092.0,2100092.0,2100092.0,2100092.0,2100092.0,2100092.0,2100092.0,2100092.0,2100092.0,2100092.0,2100092.0,2100092.0,2099839.0,2099839.0,2098127.0,2098127.0,2098127.0,2098127.0,2098127.0,2098127.0,2098127.0,2098127.0,2098127.0,2098127.0,2098127.0,2097889.0,2097889.0,2097889.0,2097889.0,2097889.0,2097889.0,2097889.0,2097889.0
tune_10,Testing/network-cor-forma_eu_27t.txt,0.05,0.05,0.03,50,5,0.8,0.02,pairwise,1,50,6036781.0,326.18,3290,0,49617003.0,49617003.0,38716912.0,31958068.0,31958068.0,31958068.0,31958068.0,31958068.0,31958068.0,31958068.0,26543100.0,26485333.0,4237669.0,4237669.0,3184654.0,2607564.0,2607564.0,2607564.0,2607564.0,2607564.0,2607564.0,2607564.0,2607564.0,2607564.0,2607564.0,2607564.0,2607564.0,2607564.0,2607564.0,2607564.0,2607564.0,2607564.0,2607564.0,2465515.0,2465515.0,2465515.0,2465515.0,2465515.0,2465515.0,2465515.0,2465515.0,2465515.0,2465515.0,2465515.0,2465515.0,2465515.0,2465515.0,2465515.0,2465515.0,2465515.0,2465515.0,2465515.0,2465515.0,2465515.0,2465515.0,2465443.0,2465443.0,2465443.0,2465443.0,2465443.0,2465443.0,2465443.0,2465443.0,2465443.0,2465443.0,2465443.0,2465443.0,2465443.0,2465443.0,2465443.0,2465443.0,2465443.0,2465418.0,2465418.0,2465418.0,2465418.0,2465418.0,2465418.0,2465418.0,2465418.0,2465418.0,2465418.0,2465418.0,2465418.0,2465418.0,2463271.0,2463271.0,2463271.0,2463271.0,2463271.0,2463271.0,2463271.0,2463271.0,2463271.0,2463271.0,2463271.0,2463271.0,2463271.0,2463271.0,2463271.0,2463271.0,2463271.0,2463271.0,2463271.0,2463271.0,2463271.0,2463271.0,2463271.0,2463271.0,2463271.0,2463271.0,2463271.0,2463271.0,2463271.0,2463271.0,2463271.0,2463271.0,2463271.0,2463271.0,2463271.0,2463271.0,2463271.0,2463271.0,2463271.0,2463271.0,2463271.0,2461100.0,2461100.0,2461100.0,2461100.0,2461100.0,2461100.0,2461100.0,2461100.0,2458930.0,2458930.0,2458930.0,2458930.0,2458930.0,2458930.0,2458930.0,2458930.0,2458930.0,2458930.0,2458930.0,2458930.0,2458930.0,2458930.0,2458930.0,2458930.0,2458930.0,2458930.0,2458924.0,2458924.0,2458924.0,2458760.0,2458760.0,2458760.0,2458760.0,2458760.0,2458760.0,2458760.0,2458760.0,2458760.0,2458760.0,2458760.0,2458760.0,2458760.0,2458760.0,2458760.0,2458760.0,2456591.0,2456591.0,2456591.0,2456591.0,2456591.0,2456591.0,2456591.0,2456591.0,2456591.0,2456591.0,2456591.0,2456591.0,2456591.0,2456591.0,2456591.0
tune_1,Testing/network-cor-forma_eu_27t.txt,0.05,0.05,0.03,50,5,0.8,0.02,components,0,50,7211.0,328.13,3306,21,1433.0,1865.0,1900.0,2291.0,2291.0,2308.0,2308.0,2308.0,5771.0,5771.0,5771.0,5771.0,5782.0,6387.0,6387.0,6387.0,7179.0,7179.0,7179.0,7179.0,7179.0,7791.0,7791.0,7791.0,7791.0,7791.0,7791.0,7791.0,7791.0,7791.0,7791.0,7791.0,7791.0,7791.0,7791.0,7791.0,7791.0,7791.0,7791.0,7791.0,7791.0,7791.0,7791.0,7791.0,7791.0,7791.0,7791.0,7791.0,7791.0,7791.0,7791.0,7791.0,7791.0,7791.0,7791.0,7791.0,7791.0,7791.0,7791.0,7791.0,7791.0,7791.0,7791.0,7791.0,7791.0,7791.0,7791.0,7791.0,7791.0,7791.0,7791.0,7791.0,7791.0,7791.0,7791.0,7791.0,7791.0,7791.0,7791.0,7791.0,7791.0,7791.0,7791.0,7791.0,7791.0,7791.0,7791.0,7791.0,7791.0,7791.0,7791.0,7791.0,7791.0,7791.0,7791.0,7791.0,7791.0,7791.0,7791.0,7791.0,7791.0,7791.0,7791.0,7791.0,7791.0,7791.0,7791.0,7791.0,7791.0,7791.0,7791.0,7791.0,7791.0,7791.0,7791.0,7791.0,7791.0,7791.0,7791.0,7791.0,7791.0,7791.0,7791.0,7791.0,7791.0,7791.0,7791.0,7791.0,7791.0,7791.0,7791.0,7791.0,7791.0,7791.0,7791.0,7791.0,7791.0,7791.0,7791.0,7791.0,7791.0,7791.0,7791.0,7791.0,7791.0,7791.0,7791.0,7791.0,7791.0,7791.0,7791.0,7791.0,7791.0,7791.0,7791.0,7791.0,7791.0,7791.0,7791.0,7791.0,7791.0,7791.0,7791.0,7791.0,7791.0,7791.0,7791.0,7791.0,7791.0,7791.0,7791.0,7791.0,7791.0,7791.0,7791.0,7791.0,7791.0,7791.0,7791.0,7791.0,7791.0,7791.0,7791.0,7791.0,7791.0,7791.0,7791.0,7791.0,7791.0,7791.0,7791.0,7791.0,7791.0,7791.0,7791.0,7791.0,7791.0,7791.0,7791.0,7791.0
tune_2,Testing/network-cor-forma_eu_27t.txt,0.05,0.05,0.03,50,5,0.8,0.02,components,0,50,6906.0,335.48,3300,193,1679.0,1701.0,1789.0,1794.0,1960.0,1960.0,1960.0,2031.0,2031.0,2031.0,2031.0,2031.0,5736.0,5736.0,5756.0,5766.0,5766.0,5766.0,5770.0,5772.0,5780.0,5788.0,5794.0,5794.0,5810.0,5810.0,5810.0,5819.0,5828.0,5828.0,5828.0,5834.0,5839.0,5839.0,5842.0,5844.0,5848.0,5858.0,5858.0,5858.0,5858.0,5860.0,5863.0,5867.0,5871.0,5874.0,5874.0,5879.0,5879.0,5883.0,5885.0,5890.0,5890.0,5894.0,5896.0,5897.0,5897.0,5903.0,5904.0,5904.0,5905.0,5909.0,5909.0,5911.0,5913.0,5914.0,5914.0,5915.0,5915.0,5918.0,5920.0,5920.0,5921.0,5921.0,5923.0,5925.0,5926.0,5928.0,5928.0,5928.0,5929.0,5932.0,5932.0,5932.0,5933.0,5935.0,5935.0,5937.0,5937.0,5938.0,5938.0,5939.0,5939.0,5940.0,5940.0,5940.0,5940.0,5941.0,5941.0,5941.0,5942.0,5942.0,5942.0,5942.0,5942.0,5943.0,5943.0,5943.0,5944.0,5944.0,5944.0,5944.0,5944.0,5944.0,5944.0,5944.0,5944.0,5944.0,5944.0,5944.0,5944.0,5944.0,5944.0,5944.0,5944.0,5944.0,5944.0,5944.0,5944.0,5944.0,5944.0,5944.0,5944.0,5944.0,5944.0,5944.0,5944.0,5944.0,5944.0,5944.0,5944.0,5944.0,5944.0,5944.0,5944.0,5944.0,5944.0,5944.0,5944.0,5945.0,5945.0,5945.0,5945.0,5945.0,5945.0,5946.0,5946.0,5946.0,5946.0,5946.0,5946.0,5946.0,5946.0,5946.0,5946.0,5946.0,5946.0,5946.0,5946.0,5947.0,5947.0,5947.0,5947.0,5947.0,5947.0,5947.0,5947.0,5947.0,5947.0,5947.0,5947.0,5947.0,5947.0,5947.0,5947.0,5947.0,5947.0,5947.0,5947.0,5947.0,5947.0,5947.0,5947.0,5948.0,5948.0,5948.0,5948.0,5948.0,5948.0,5948.0
tune_3,Testing/network-cor-forma_eu_27t.txt,0.05,0.05,0.03,50,5,0.8,0.02,components,0,50,5870.0,327.57,3310,145,1450.0,2469.0,2469.0,2469.0,2469.0,2580.0,2580.0,2580.0,5780.0,5780.0,5784.0,6692.0,6692.0,7017.0,7017.0,7017.0,7017.0,7017.0,7725.0,7725.0,7725.0,7725.0,7725.0,7725.0,7725.0,7725.0,7725.0,7725.0,7725.0,7725.0,7725.0,7725.0,7725.0,7725.0,7725.0,7725.0,7725.0,7725.0,7725.0,7725.0,7725.0,7725.0,7725.0,7725.0,7725.0,7725.0,7725.0,7725.0,7725.0,7725.0,7725.0,7725.0,7725.0,7725.0,7725.0,7725.0,7725.0,7725.0,7725.0,7725.0,7725.0,7725.0,7725.0,7725.0,7725.0,7725.0,7725.0,7725.0,7725.0,7725.0,7725.0,7725.0,7725.0,7725.0,7725.0,7725.0,7725.0,7725.0,7725.0,7725.0,7725.0,7725.0,7725.0,7725.0,7725.0,7725.0,7725.0,7725.0,7725.0,7725.0,7725.0,7725.0,7725.0,7725.0,7725.0,7725.0,7725.0,7725.0,7725.0,7725.0,7725.0,7725.0,7725.0,7725.0,7725.0,7725.0,7725.0,7725.0,7725.0,7725.0,7725.0,7725.0,7725.0,7725.0,7725.0,7725.0,7725.0,7725.0,7725.0,7725.0,7725.0,7726.0,7726.0,7726.0,7735.0,7735.0,7735.0,7735.0,7735.0,7736.0,7736.0,7736.0,7736.0,7736.0,7736.0,7736.0,7736.0,7736.0,7736.0,7736.0,7736.0,7736.0,7736.0,7736.0,7736.0,7737.0,7737.0,7737.0,7737.0,7737.0,7737.0,7737.0,7737.0,7737.0,7737.0,7737.0,7737.0,7737.0,7737.0,7737.0,7737.0,7737.0,7737.0,7737.0,7737.0,7737.0,7737.0,7737.0,7737.0,7737.0,7737.0,7737.0,7737.0,7737.0,7737.0,7737.0,7737.0,7737.0,7737.0,7737.0,7737.0,7737.0,7737.0,7737.0,7737.0,7737.0,7737.0,7737.0,7737.0,7737.0,7737.0,7737.0,7737.0,7737.0,7737.0,7737.0,7737.0,7737.0,7737.0,7737.0
tune_4,Testing/network-cor-forma_eu_27t.txt,0.05,0.05,0.03,50,5,0.8,0.02,components,0,50,7262.0,345.05,3302,178,1458.0,1458.0,2209.0,2254.0,2446.0,2446.0,2446.0,2446.0,5771.0,5771.0,5792.0,6232.0,6746.0,7080.0,7080.0,7080.0,7080.0,7080.0,7080.0,7080.0,7080.0,7080.0,7080.0,7080.0,7080.0,7080.0,7080.0,7080.0,7080.0,7080.0,7080.0,7080.0,7080.0,7080.0,7080.0,7080.0,7080.0,7080.0,7080.0,7080.0,7080.0,7080.0,7080.0,7080.0,7080.0,7080.0,7080.0,7080.0,7080.0,7080.0,7080.0,7080.0,7080.0,7080.0,7080.0,7080.0,7080.0,7080.0,7080.0,7080.0,7080.0,7080.0,7080.0,7080.0,7080.0,7080.0,7080.0,7080.0,7080.0,7080.0,7080.0,7080.0,7080.0,7080.0,7080.0,7080.0,7080.0,7080.0,7096.0,7096.0,7096.0,7096.0,7096.0,7096.0,7096.0,7096.0,7096.0,7096.0,7096.0,7096.0,7096.0,7096.0,7096.0,7096.0,7096.0,7096.0,7096.0,7096.0,7096.0,7096.0,7096.0,7096.0,7096.0,7096.0,7096.0,7096.0,7096.0,7096.0,7096.0,7096.0,7096.0,7096.0,7096.0,7096.0,7096.0,7096.0,7096.0,7096.0,7096.0,7096.0,7096.0,7096.0,7096.0,7096.0,7096.0,7096.0,7096.0,7096.0,7096.0,7096.0,7096.0,7096.0,7096.0,7096.0,7096.0,7096.0,7096.0,7096.0,7096.0,7096.0,7096.0,7096.0,7096.0,7096.0,7096.0,7096.0,7096.0,7096.0,7096.0,7096.0,7096.0,7096.0,7096.0,7096.0,7096.0,7096.0,7096.0,7096.0,7096.0,7096.0,7096.0,7096.0,7096.0,7096.0,7096.0,7096.0,7097.0,7097.0,7097.0,7097.0,7097.0,7097.0,7097.0,7097.0,7097.0,7097.0,7097.0,7097.0,7099.0,7099.0,7099.0,7099.0,7099.0,7099.0,7099.0,7099.0,7099.0,7099.0,7099.0,7099.0,7099.0,7099.0,7099.0,7099.0,7099.0,7099.0,7099.0,7099.0,7099.0,7099.0
tune_5,Testing/network-cor-forma_eu_27t.txt,0.05,0.05,0.03,50,5,0.8,0.02,components,0,50,6648.0,335.10,3317,163,2199.0,2199.0,2199.0,2199.0,2304.0,2435.0,2435.0,5786.0,5786.0,5786.0,5786.0,5971.0,5971.0,5971.0,6737.0,6737.0,6737.0,6737.0,6737.0,6737.0,6737.0,6737.0,6737.0,6737.0,6737.0,6737.0,6737.0,6737.0,6737.0,6737.0,6737.0,6737.0,6737.0,6737.0,6737.0,6737.0,6737.0,6737.0,6737.0,6737.0,6737.0,6737.0,6737.0,6737.0,6737.0,6737.0,6737.0,6737.0,6737.0,6737.0,6737.0,6737.0,6737.0,6737.0,6737.0,6737.0,6737.0,6737.0,6737.0,6737.0,6737.0,6737.0,6737.0,6737.0,6737.0,6737.0,6737.0,6737.0,6737.0,6737.0,6737.0,6737.0,6737.0,6737.0,6737.0,6737.0,6737.0,6737.0,6737.0,6737.0,6737.0,6737.0,6737.0,6737.0,6737.0,6737.0,6737.0,6737.0,6737.0,6737.0,6737.0,6737.0,6737.0,6737.0,6737.0,6737.0,6737.0,6737.0,6737.0,6737.0,6737.0,6737.0,6737.0,6737.0,6737.0,6739.0,6739.0,6739.0,6739.0,6739.0,6739.0,6739.0,6739.0,6739.0,6739.0,6739.0,6739.0,6739.0,6739.0,6739.0,6739.0,6739.0,6739.0,6739.0,6739.0,6739.0,6739.0,6739.0,6739.0,6739.0,6739.0,6739.0,6739.0,6739.0,6739.0,6739.0,6739.0,6739.0,6739.0,6739.0,6739.0,6739.0,6739.0,6739.0,6739.0,6739.0,6739.0,6739.0,6740.0,6740.0,6740.0,6740.0,6740.0,6740.0,6740.0,6740.0,6740.0,6740.0,6740.0,6740.0,6740.0,6740.0,6740.0,6741.0,6741.0,6741.0,6741.0,6741.0,6741.0,6741.0,6741.0,6741.0,6741.0,6741.0,6741.0,6741.0,6741.0,6741.0,6741.0,6741.0,6741.0,6741.0,6741.0,6741.0,6741.0,6741.0,6741.0,6741.0,6741.0,6741.0,6741.0,6741.0,6741.0,6741.0,6741.0,6741.0,6741.0,6741.0,6741.0,6741.0,0.0
tune_6,Testing/network-cor-forma_eu_27t.txt,0.05,0.05,0.03,50,5,0.8,0.02,components,0,50,6632.0,336.01,3346,172,1515.0,1515.0,1580.0,1580.0,1991.0,1991.0,2325.0,2325.0,2325.0,2325.0,5773.0,5791.0,5791.0,5791.0,5791.0,5796.0,5796.0,5796.0,5797.0,5813.0,5813.0,5813.0,5816.0,5817.0,5828.0,5828.0,5837.0,5837.0,5840.0,5841.0,5841.0,5850.0,5850.0,5853.0,5856.0,5856.0,5858.0,5868.0,5868.0,5868.0,5869.0,5876.0,5877.0,5881.0,5881.0,5882.0,5883.0,5884.0,5890.0,5890.0,5894.0,5894.0,5894.0,5896.0,5897.0,5901.0,5901.0,5902.0,5903.0,5905.0,5906.0,5908.0,5908.0,5908.0,5912.0,5912.0,5912.0,5913.0,5916.0,5916.0,5917.0,5920.0,5920.0,5920.0,5921.0,5921.0,5922.0,5923.0,5923.0,5924.0,5925.0,5925.0,5925.0,5925.0,5926.0,5926.0,5927.0,5927.0,5927.0,5927.0,5927.0,5928.0,5928.0,5928.0,5928.0,5928.0,5928.0,5928.0,5928.0,5928.0,5928.0,5928.0,5928.0,5928.0,5928.0,5928.0,5928.0,5928.0,5928.0,5928.0,5928.0,5928.0,5928.0,5928.0,5928.0,5928.0,5928.0,5929.0,5929.0,5929.0,5929.0,5929.0,5930.0,5930.0,5930.0,5930.0,5930.0,5930.0,5930.0,5930.0,5930.0,5931.0,5931.0,5931.0,5931.0,5931.0,5931.0,5931.0,5931.0,5931.0,5931.0,5933.0,5933.0,5933.0,5933.0,5933.0,5933.0,5933.0,5933.0,5933.0,5933.0,5934.0,5934.0,5934.0,5934.0,5934.0,5934.0,5934.0,5934.0,5934.0,5934.0,5934.0,5934.0,5934.0,5934.0,5934.0,5934.0,5934.0,5934.0,5934.0,5934.0,5934.0,5935.0,5935.0,5935.0,5935.0,5935.0,5935.0,5935.0,5935.0,5935.0,5935.0,5935.0,5935.0,5935.0,5935.0,5935.0,5935.0,5935.0,5935.0,5935.0,5935.0,5935.0,5935.0,5935.0,5935.0,5935.0,5935.0,5935.0,5935.0,0.0
tune_7,Testing/network-cor-forma_eu_27t.txt,0.05,0.05,0.03,50,5,0.8,0.02,components,0,50,6081.0,329.18,3291,199,1776.0,1828.0,2263.0,2263.0,2540.0,2540.0,5777.0,5784.0,5789.0,5915.0,6057.0,6057.0,6700.0,6983.0,7042.0,7042.0,7042.0,7042.0,7042.0,7042.0,7042.0,7042.0,7042.0,7042.0,7042.0,7042.0,7042.0,7042.0,7042.0,7042.0,7042.0,7042.0,7042.0,7042.0,7042.0,7042.0,7042.0,7042.0,7042.0,7042.0,7042.0,7042.0,7042.0,7042.0,7042.0,7042.0,7042.0,7042.0,7042.0,7042.0,7042.0,7042.0,7042.0,7042.0,7042.0,7042.0,7042.0,7042.0,7042.0,7042.0,7042.0,7042.0,7042.0,7042.0,7042.0,7042.0,7042.0,7042.0,7042.0,7042.0,7042.0,7042.0,7042.0,7042.0,7042.0,7042.0,7042.0,7042.0,7042.0,7042.0,7042.0,7042.0,7042.0,7042.0,7042.0,7042.0,7042.0,7042.0,7042.0,7042.0,7086.0,7086.0,7086.0,7086.0,7086.0,7086.0,7086.0,7086.0,7086.0,7086.0,7086.0,7086.0,7086.0,7086.0,7086.0,7086.0,7086.0,7086.0,7086.0,7086.0,7086.0,7086.0,7086.0,7087.0,7087.0,7087.0,7087.0,7087.0,7087.0,7087.0,7087.0,7087.0,7087.0,7087.0,7087.0,7087.0,7087.0,7087.0,7087.0,7087.0,7087.0,7087.0,7087.0,7087.0,7087.0,7087.0,7087.0,7087.0,7087.0,7087.0,7087.0,7087.0,7087.0,7087.0,7087.0,7087.0,7087.0,7087.0,7087.0,7087.0,7087.0,7087.0,7087.0,7087.0,7087.0,7087.0,7087.0,7087.0,7087.0,7087.0,7087.0,7087.0,7087.0,7087.0,7087.0,7087.0,7087.0,7088.0,7088.0,7088.0,7088.0,7088.0,7088.0,7088.0,7088.0,7088.0,7088.0,7088.0,7088.0,7088.0,7088.0,7089.0,7089.0,7089.0,7089.0,7089.0,7089.0,7089.0,7089.0,7089.0,7089.0,7089.0,7089.0,7089.0,7089.0,7089.0,7089.0,7089.0,7089.0,7095.0
tune_8,Testing/network-cor-forma_eu_27t.txt,0.05,0.05,0.03,50,5,0.8,0.02,components,0,50,6831.0,329.06,3265,177,1570.0,1570.0,2469.0,2469.0,2469.0,2568.0,2792.0,5784.0,5876.0,6141.0,6438.0,6438.0,6438.0,7128.0,7128.0,7128.0,7128.0,7128.0,7128.0,7128.0,7128.0,7128.0,7128.0,7128.0,7128.0,7128.0,7128.0,7128.0,7128.0,7128.0,7128.0,7128.0,7128.0,7128.0,7128.0,7128.0,7128.0,7128.0,7128.0,7128.0,7128.0,7128.0,7128.0,7128.0,7128.0,7128.0,7128.0,7128.0,7128.0,7128.0,7128.0,7128.0,7128.0,7128.0,7128.0,7128.0,7128.0,7128.0,7128.0,7128.0,7128.0,7128.0,7128.0,7128.0,7128.0,7128.0,7128.0,7128.0,7128.0,7128.0,7128.0,7128.0,7128.0,7128.0,7128.0,7128.0,7128.0,7128.0,7128.0,7128.0,7128.0,7128.0,7128.0,7128.0,7128.0,7128.0,7128.0,7128.0,7128.0,7128.0,7128.0,7128.0,7128.0,7128.0,7128.0,7128.0,7128.0,7128.0,7128.0,7128.0,7128.0,7128.0,7128.0,7128.0,7128.0,7128.0,7128.0,7128.0,7128.0,7128.0,7128.0,7128.0,7128.0,7128.0,7128.0,7128.0,7128.0,7128.0,7128.0,7128.0,7128.0,7128.0,7128.0,7128.0,7128.0,7128.0,7128.0,7128.0,7128.0,7128.0,7128.0,7128.0,7128.0,7128.0,7128.0,7128.0,7128.0,7128.0,7128.0,7128.0,7128.0,7128.0,7128.0,7128.0,7128.0,7128.0,7128.0,7128.0,7128.0,7128.0,7128.0,7128.0,7128.0,7128.0,7128.0,7128.0,7128.0,7128.0,7128.0,7128.0,7128.0,7128.0,7128.0,7128.0,7128.0,7128.0,7128.0,7128.0,7128.0,7128.0,7128.0,7128.0,7128.0,7128.0,7128.0,7128.0,7128.0,7129.0,7129.0,7129.0,7129.0,7129.0,7129.0,7129.0,7129.0,7129.0,7129.0,7129.0,7129.0,7129.0,7129.0,7129.0,7129.0,7129.0,7129.0,7129.0,7129.0,7129.0,7129.0,7129.0
tune_9,Testing/network-cor-forma_eu_27t.txt,0.05,0.05,0.03,50,5,0.8,0.02,components,0,50,7161.0,332.99,3315,195,1938.0,2009.0,2114.0,2481.0,2481.0,2532.0,5777.0,5779.0,6131.0,6131.0,6438.0,7007.0,7007.0,7540.0,7540.0,7540.0,7540.0,7540.0,7540.0,7540.0,7540.0,7540.0,7540.0,7540.0,7540.0,7540.0,7540.0,7540.0,7540.0,7540.0,7540.0,7540.0,7540.0,7540.0,7540.0,7540.0,7540.0,7540.0,7540.0,7540.0,7540.0,7540.0,7540.0,7540.0,7540.0,7540.0,7540.0,7540.0,7540.0,7540.0,7540.0,7540.0,7540.0,7540.0,7540.0,7540.0,7540.0,7540.0,7540.0,7540.0,7540.0,7540.0,7540.0,7540.0,7540.0,7540.0,7540.0,7540.0,7540.0,7540.0,7540.0,7540.0,7540.0,7540.0,7540.0,7540.0,7540.0,7540.0,7540.0,7540.0,7540.0,7540.0,7540.0,7540.0,7540.0,7540.0,7540.0,7540.0,7540.0,7540.0,7540.0,7540.0,7540.0,7540.0,7540.0,7540.0,7540.0,7540.0,7540.0,7540.0,7540.0,7540.0,7540.0,7540.0,7540.0,7540.0,7540.0,7540.0,7540.0,7540.0,7540.0,7540.0,7540.0,7540.0,7540.0,7540.0,7540.0,7540.0,7540.0,7540.0,7540.0,7540.0,7541.0,7541.0,7541.0,7541.0,7541.0,7541.0,7541.0,7541.0,7541.0,7542.0,7542.0,7542.0,7542.0,7542.0,7542.0,7542.0,7542.0,7542.0,7542.0,7542.0,7542.0,7542.0,7542.0,7542.0,7542.0,7542.0,7542.0,7542.0,7542.0,7542.0,7542.0,7542.0,7542.0,7542.0,7542.0,7542.0,7542.0,7542.0,7542.0,7542.0,7542.0,7542.0,7542.0,7542.0,7542.0,7542.0,7542.0,7542.0,7542.0,7542.0,7542.0,7542.0,7542.0,7542.0,7542.0,7542.0,7542.0,7542.0,7542.0,7542.0,7542.0,7542.0,7542.0,7542.0,7542.0,7542.0,7542.0,7542.0,7542.0,7542.0,7542.0,7542.0,7542.0,7543.0,7543.0,7543.0,7543.0,7543.0,0.0
tune_1,Testing/network-cor-forma_eu_27t.txt,0.05,0.05,0.03,50,5,0.8,0.02,components,1,50,5935.0,316.91,3351,21,1433.0,1865.0,1900.0,2291.0,2291.0,2308.0,2308.0,2308.0,5771.0,5771.0,5771.0,5771.0,5782.0,6387.0,6387.0,6387.0,7179.0,7179.0,7179.0,7179.0,7179.0,7791.0,7791.0,7791.0,7791.0,7791.0,7791.0,7791.0,7791.0,7791.0,7791.0,7791.0,7791.0,7791.0,7791.0,7791.0,7791.0,7791.0,7791.0,7791.0,7791.0,7791.0,7791.0,7791.0,7791.0,7791.0,7791.0,7791.0,7791.0,7791.0,7791.0,7791.0,7791.0,7791.0,7791.0,7791.0,7791.0,7791.0,7791.0,7791.0,7791.0,7791.0,7791.0,7791.0,7791.0,7791.0,7791.0,7791.0,7791.0,7791.0,7791.0,7791.0,7791.0,7791.0,7791.0,7791.0,7791.0,7791.0,7791.0,7791.0,7791.0,7791.0,7791.0,7791.0,7791.0,7791.0,7791.0,7791.0,7791.0,7791.0,7791.0,7791.0,7791.0,7791.0,7791.0,7791.0,7791.0,7791.0,7791.0,7791.0,7791.0,7791.0,7791.0,7791.0,7791.0,7791.0,7791.0,7791.0,7791.0,7791.0,7791.0,7791.0,7791.0,7791.0,7791.0,7791.0,7791.0,7791.0,7791.0,7791.0,7791.0,7791.0,7791.0,7791.0,7791.0,7791.0,7791.0,7791.0,7791.0,7791.0,7791.0,7791.0,7791.0,7791.0,7791.0,7791.0,7791.0,7791.0,7791.0,7791.0,7791.0,7791.0,7791.0,7791.0,7791.0,7791.0,7791.0,7791.0,7791.0,7791.0,7791.0,7791.0,7791.0,7791.0,7791.0,7791.0,7791.0,7791.0,7791.0,7791.0,7791.0,7791.0,7791.0,7791.0,7791.0,7791.0,7791.0,7791.0,7791.0,7791.0,7791.0,7791.0,7791.0,7791.0,7791.0,7791.0,7791.0,7791.0,7791.0,7791.0,7791.0,7791.0,7791.0,7791.0,7791.0,7791.0,7791.0,7791.0,7791.0,7791.0,7791.0,7791.0,7791.0,7791.0,7791.0,7791.0,7791.0,7791.0,7791.0,7791.0
tune_10,Testing/network-cor-forma_eu_27t.txt,0.05,0.05,0.03,50,5,0.8,0.02,components,0,50,6671.0,332.25,3288,195,1550.0,1550.0,1624.0,1677.0,1677.0,1712.0,1756.0,5778.0,5778.0,5778.0,5781.0,5781.0,5781.0,5781.0,5784.0,5790.0,5795.0,5806.0,5806.0,5810.0,5817.0,5823.0,5823.0,5832.0,5832.0,5837.0,5839.0,5840.0,5844.0,5851.0,5860.0,5860.0,5861.0,5861.0,5864.0,5865.0,5865.0,5872.0,5875.0,5880.0,5880.0,5880.0,5885.0,5885.0,5887.0,5889.0,5893.0,5893.0,5893.0,5894.0,5896.0,5896.0,5897.0,5899.0,5900.0,5904.0,5904.0,5908.0,5909.0,5909.0,5909.0,5910.0,5913.0,5913.0,5914.0,5917.0,5917.0,5918.0,5921.0,5921.0,5921.0,5921.0,5922.0,5922.0,5923.0,5923.0,5926.0,5926.0,5926.0,5926.0,5928.0,5928.0,5928.0,5928.0,5929.0,5930.0,5930.0,5930.0,5930.0,5930.0,5930.0,5930.0,5930.0,5930.0,5930.0,5930.0,5930.0,5930.0,5930.0,5930.0,5930.0,5930.0,5930.0,5930.0,5930.0,5930.0,5930.0,5930.0,5930.0,5930.0,5930.0,5930.0,5930.0,5931.0,5931.0,5931.0,5933.0,5933.0,5933.0,5933.0,5933.0,5933.0,5933.0,5933.0,5933.0,5933.0,5933.0,5933.0,5933.0,5933.0,5933.0,5933.0,5933.0,5933.0,5933.0,5933.0,5933.0,5933.0,5933.0,5933.0,5933.0,5933.0,5933.0,5933.0,5933.0,5934.0,5934.0,5934.0,5934.0,5934.0,5934.0,5934.0,5934.0,5934.0,5934.0,5934.0,5934.0,5934.0,5934.0,5934.0,5934.0,5934.0,5934.0,5934.0,5934.0,5934.0,5934.0,5934.0,5934.0,5934.0,5934.0,5934.0,5934.0,5934.0,5934.0,5934.0,5934.0,5934.0,5934.0,5934.0,5934.0,5934.0,5934.0,5934.0,5934.0,5934.0,5934.0,5934.0,5934.0,5934.0,5934.0,5935.0,5935.0,5935.0,5935.0,5936.0,5936.0,5936.0,5936.0,5936.0
tune_2,Testing/network-cor-forma_eu_27t.txt,0.05,0.05,0.03,50,5,0.8,0.02,components,1,50,6481.0,365.39,3330,193,1679.0,1701.0,1789.0,1794.0,1960.0,1960.0,1960.0,2031.0,2031.0,2031.0,2031.0,2031.0,5736.0,5736.0,5756.0,5766.0,5766.0,5766.0,5770.0,5772.0,5780.0,5788.0,5794.0,5794.0,5810.0,5810.0,5810.0,5819.0,5828.0,5828.0,5828.0,5834.0,5839.0,5839.0,5842.0,5844.0,5848.0,5858.0,5858.0,5858.0,5858.0,5860.0,5863.0,5867.0,5871.0,5874.0,5874.0,5879.0,5879.0,5883.0,5885.0,5890.0,5890.0,5894.0,5896.0,5897.0,5897.0,5903.0,5904.0,5904.0,5905.0,5909.0,5909.0,5911.0,5913.0,5914.0,5914.0,5915.0,5915.0,5918.0,5920.0,5920.0,5921.0,5921.0,5923.0,5925.0,5926.0,5928.0,5928.0,5928.0,5929.0,5932.0,5932.0,5932.0,5933.0,5935.0,5935.0,5937.0,5937.0,5938.0,5938.0,5939.0,5939.0,5940.0,5940.0,5940.0,5940.0,5941.0,5941.0,5941.0,5942.0,5942.0,5942.0,5942.0,5942.0,5943.0,5943.0,5943.0,5944.0,5944.0,5944.0,5944.0,5944.0,5944.0,5944.0,5944.0,5944.0,5944.0,5944.0,5944.0,5944.0,5944.0,5944.0,5944.0,5944.0,5944.0,5944.0,5944.0,5944.0,5944.0,5944.0,5944.0,5944.0,5944.0,5944.0,5944.0,5944.0,5944.0,5944.0,5944.0,5944.0,5944.0,5944.0,5944.0,5944.0,5944.0,5944.0,5944.0,5944.0,5945.0,5945.0,5945.0,5945.0,5945.0,5945.0,5946.0,5946.0,5946.0,5946.0,5946.0,5946.0,5946.0,5946.0,5946.0,5946.0,5946.0,5946.0,5946.0,5946.0,5947.0,5947.0,5947.0,5947.0,5947.0,5947.0,5947.0,5947.0,5947.0,5947.0,5947.0,5947.0,5947.0,5947.0,5947.0,5947.0,5947.0,5947.0,5947.0,5947.0,5947.0,5947.0,5947.0,5947.0,5948.0,5948.0,5948.0,5948.0,5948.0,5948.0,5948.0
tune_3,Testing/network-cor-forma_eu_27t.txt,0.05,0.05,0.03,50,5,0.8,0.02,components,1,50,6717.0,333.55,3262,145,1450.0,2469.0,2469.0,2469.0,2469.0,2580.0,2580.0,2580.0,5780.0,5780.0,5784.0,6692.0,6692.0,7017.0,7017.0,7017.0,7017.0,7017.0,7725.0,7725.0,7725.0,7725.0,7725.0,7725.0,7725.0,7725.0,7725.0,7725.0,7725.0,7725.0,7725.0,7725.0,7725.0,7725.0,7725.0,7725.0,7725.0,7725.0,7725.0,7725.0,7725.0,7725.0,7725.0,7725.0,7725.0,7725.0,7725.0,7725.0,7725.0,7725.0,7725.0,7725.0,7725.0,7725.0,7725.0,7725.0,7725.0,7725.0,7725.0,7725.0,7725.0,7725.0,7725.0,7725.0,7725.0,7725.0,7725.0,7725.0,7725.0,7725.0,7725.0,7725.0,7725.0,7725.0,7725.0,7725.0,7725.0,7725.0,7725.0,7725.0,7725.0,7725.0,7725.0,7725.0,7725.0,7725.0,7725.0,7725.0,7725.0,7725.0,7725.0,7725.0,7725.0,7725.0,7725.0,7725.0,7725.0,7725.0,7725.0,7725.0,7725.0,7725.0,7725.0,7725.0,7725.0,7725.0,7725.0,7725.0,7725.0,7725.0,7725.0,7725.0,7725.0,7725.0,7725.0,7725.0,7725.0,7725.0,7725.0,7725.0,7725.0,7726.0,7726.0,7726.0,7735.0,7735.0,7735.0,7735.0,7735.0,7736.0,7736.0,7736.0,7736.0,7736.0,7736.0,7736.0,7736.0,7736.0,7736.0,7736.0,7736.0,7736.0,7736.0,7736.0,7736.0,7737.0,7737.0,7737.0,7737.0,7737.0,7737.0,7737.0,7737.0,7737.0,7737.0,7737.0,7737.0,7737.0,7737.0,7737.0,7737.0,7737.0,7737.0,7737.0,7737.0,7737.0,7737.0,7737.0,7737.0,7737.0,7737.0,7737.0,7737.0,7737.0,7737.0,7737.0,7737.0,7737.0,7737.0,7737.0,7737.0,7737.0,7737.0,7737.0,7737.0,7737.0,7737.0,7737.0,7737.0,7737.0,7737.0,7737.0,7737.0,7737.0,7737.0,7737.0,7737.0,7737.0,7737.0,7737.0
tune_4,Testing/network-cor-forma_eu_27t.txt,0.05,0.05,0.03,50,5,0.8,0.02,components,1,50,5923.0,331.47,3367,178,1458.0,1458.0,2209.0,2254.0,2446.0,2446.0,2446.0,2446.0,5771.0,5771.0,5792.0,6232.0,6746.0,7080.0,7080.0,7080.0,7080.0,7080.0,7080.0,7080.0,7080.0,7080.0,7080.0,7080.0,7080.0,7080.0,7080.0,7080.0,7080.0,7080.0,7080.0,7080.0,7080.0,7080.0,7080.0,7080.0,7080.0,7080.0,7080.0,7080.0,7080.0,7080.0,7080.0,7080.0,7080.0,7080.0,7080.0,7080.0,7080.0,7080.0,7080.0,7080.0,7080.0,7080.0,7080.0,7080.0,7080.0,7080.0,7080.0,7080.0,7080.0,7080.0,7080.0,7080.0,7080.0,7080.0,7080.0,7080.0,7080.0,7080.0,7080.0,7080.0,7080.0,7080.0,7080.0,7080.0,7080.0,7080.0,7096.0,7096.0,7096.0,7096.0,7096.0,7096.0,7096.0,7096.0,7096.0,7096.0,7096.0,7096.0,7096.0,7096.0,7096.0,7096.0,7096.0,7096.0,7096.0,7096.0,7096.0,7096.0,7096.0,7096.0,7096.0,7096.0,7096.0,7096.0,7096.0,7096.0,7096.0,7096.0,7096.0,7096.0,7096.0,7096.0,7096.0,7096.0,7096.0,7096.0,7096.0,7096.0,7096.0,7096.0,7096.0,7096.0,7096.0,7096.0,7096.0,7096.0,7096.0,7096.0,7096.0,7096.0,7096.0,7096.0,7096.0,7096.0,7096.0,7096.0,7096.0,7096.0,7096.0,7096.0,7096.0,7096.0,7096.0,7096.0,7096.0,7096.0,7096.0,7096.0,7096.0,7096.0,7096.0,7096.0,7096.0,7096.0,7096.0,7096.0,7096.0,7096.0,7096.0,7096.0,7096.0,7096.0,7096.0,7096.0,7097.0,7097.0,7097.0,7097.0,7097.0,7097.0,7097.0,7097.0,7097.0,7097.0,7097.0,7097.0,7099.0,7099.0,7099.0,7099.0,7099.0,7099.0,7099.0,7099.0,7099.0,7099.0,7099.0,7099.0,7099.0,7099.0,7099.0,7099.0,7099.0,7099.0,7099.0,7099.0,7099.0,7099.0
tune_5,Testing/network-cor-forma_eu_27t.txt,0.05,0.05,0.03,50,5,0.8,0.02,components,1,50,7592.0,342.81,3321,163,2199.0,2199.0,2199.0,2199.0,2304.0,2435.0,2435.0,5786.0,5786.0,5786.0,5786.0,5971.0,5971.0,5971.0,6737.0,6737.0,6737.0,6737.0,6737.0,6737.0,6737.0,6737.0,6737.0,6737.0,6737.0,6737.0,6737.0,6737.0,6737.0,6737.0,6737.0,6737.0,6737.0,6737.0,6737.0,6737.0,6737.0,6737.0,6737.0,6737.0,6737.0,6737.0,6737.0,6737.0,6737.0,6737.0,6737.0,6737.0,6737.0,6737.0,6737.0,6737.0,6737.0,6737.0,6737.0,6737.0,6737.0,6737.0,6737.0,6737.0,6737.0,6737.0,6737.0,6737.0,6737.0,6737.0,6737.0,6737.0,6737.0,6737.0,6737.0,6737.0,6737.0,6737.0,6737.0,6737.0,6737.0,6737.0,6737.0,6737.0,6737.0,6737.0,6737.0,6737.0,6737.0,6737.0,6737.0,6737.0,6737.0,6737.0,6737.0,6737.0,6737.0,6737.0,6737.0,6737.0,6737.0,6737.0,6737.0,6737.0,6737.0,6737.0,6737.0,6737.0,6737.0,6739.0,6739.0,6739.0,6739.0,6739.0,6739.0,6739.0,6739.0,6739.0,6739.0,6739.0,6739.0,6739.0,6739.0,6739.0,6739.0,6739.0,6739.0,6739.0,6739.0,6739.0,6739.0,6739.0,6739.0,6739.0,6739.0,6739.0,6739.0,6739.0,6739.0,6739.0,6739.0,6739.0,6739.0,6739.0,6739.0,6739.0,6739.0,6739.0,6739.0,6739.0,6739.0,6739.0,6740.0,6740.0,6740.0,6740.0,6740.0,6740.0,6740.0,6740.0,6740.0,6740.0,6740.0,6740.0,6740.0,6740.0,6740.0,6741.0,6741.0,6741.0,6741.0,6741.0,6741.0,6741.0,6741.0,6741.0,6741.0,6741.0,6741.0,6741.0,6741.0,6741.0,6741.0,6741.0,6741.0,6741.0,6741.0,6741.0,6741.0,6741.0,6741.0,6741.0,6741.0,6741.0,6741.0,6741.0,6741.0,6741.0,6741.0,6741.0,6741.0,6741.0,6741.0,6741.0,0.0
tune_6,Testing/network-cor-forma_eu_27t.txt,0.05,0.05,0.03,50,5,0.8,0.02,components,1,50,5948.0,335.70,3334,172,1515.0,1515.0,1580.0,1580.0,1991.0,1991.0,2325.0,2325.0,2325.0,2325.0,5773.0,5791.0,5791.0,5791.0,5791.0,5796.0,5796.0,5796.0,5797.0,5813.0,5813.0,5813.0,5816.0,5817.0,5828.0,5828.0,5837.0,5837.0,5840.0,5841.0,5841.0,5850.0,5850.0,5853.0,5856.0,5856.0,5858.0,5868.0,5868.0,5868.0,5869.0,5876.0,5877.0,5881.0,5881.0,5882.0,5883.0,5884.0,5890.0,5890.0,5894.0,5894.0,5894.0,5896.0,5897.0,5901.0,5901.0,5902.0,5903.0,5905.0,5906.0,5908.0,5908.0,5908.0,5912.0,5912.0,5912.0,5913.0,5916.0,5916.0,5917.0,5920.0,5920.0,5920.0,5921.0,5921.0,5922.0,5923.0,5923.0,5924.0,5925.0,5925.0,5925.0,5925.0,5926.0,5926.0,5927.0,5927.0,5927.0,5927.0,5927.0,5928.0,5928.0,5928.0,5928.0,5928.0,5928.0,5928.0,5928.0,5928.0,5928.0,5928.0,5928.0,5928.0,5928.0,5928.0,5928.0,5928.0,5928.0,5928.0,5928.0,5928.0,5928.0,5928.0,5928.0,5928.0,5928.0,5929.0,5929.0,5929.0,5929.0,5929.0,5930.0,5930.0,5930.0,5930.0,5930.0,5930.0,5930.0,5930.0,5930.0,5931.0,5931.0,5931.0,5931.0,5931.0,5931.0,5931.0,5931.0,5931.0,5931.0,5933.0,5933.0,5933.0,5933.0,5933.0,5933.0,5933.0,5933.0,5933.0,5933.0,5934.0,5934.0,5934.0,5934.0,5934.0,5934.0,5934.0,5934.0,5934.0,5934.0,5934.0,5934.0,5934.0,5934.0,5934.0,5934.0,5934.0,5934.0,5934.0,5934.0,5934.0,5935.0,5935.0,5935.0,5935.0,5935.0,5935.0,5935.0,5935.0,5935.0,5935.0,5935.0,5935.0,5935.0,5935.0,5935.0,5935.0,5935.0,5935.0,5935.0,5935.0,5935.0,5935.0,5935.0,5935.0,5935.0,5935.0,5935.0,5935.0,0.0
tune_7,Testing/network-cor-forma_eu_27t.txt,0.05,0.05,0.03,50,5,0.8,0.02,components,1,50,6959.0,346.85,3293,199,1776.0,1828.0,2263.0,2263.0,2540.0,2540.0,5777.0,5784.0,5789.0,5915.0,6057.0,6057.0,6700.0,6983.0,7042.0,7042.0,7042.0,7042.0,7042.0,7042.0,7042.0,7042.0,7042.0,7042.0,7042.0,7042.0,7042.0,7042.0,7042.0,7042.0,7042.0,7042.0,7042.0,7042.0,7042.0,7042.0,7042.0,7042.0,7042.0,7042.0,7042.0,7042.0,7042.0,7042.0,7042.0,7042.0,7042.0,7042.0,7042.0,7042.0,7042.0,7042.0,7042.0,7042.0,7042.0,7042.0,7042.0,7042.0,7042.0,7042.0,7042.0,7042.0,7042.0,7042.0,7042.0,7042.0,7042.0,7042.0,7042.0,7042.0,7042.0,7042.0,7042.0,7042.0,7042.0,7042.0,7042.0,7042.0,7042.0,7042.0,7042.0,7042.0,7042.0,7042.0,7042.0,7042.0,7042.0,7042.0,7042.0,7042.0,7086.0,7086.0,7086.0,7086.0,7086.0,7086.0,7086.0,7086.0,7086.0,7086.0,7086.0,7086.0,7086.0,7086.0,7086.0,7086.0,7086.0,7086.0,7086.0,7086.0,7086.0,7086.0,7086.0,7087.0,7087.0,7087.0,7087.0,7087.0,7087.0,7087.0,7087.0,7087.0,7087.0,7087.0,7087.0,7087.0,7087.0,7087.0,7087.0,7087.0,7087.0,7087.0,7087.0,7087.0,7087.0,7087.0,7087.0,7087.0,7087.0,7087.0,7087.0,7087.0,7087.0,7087.0,7087.0,7087.0,7087.0,7087.0,7087.0,7087.0,7087.0,7087.0,7087.0,7087.0,7087.0,7087.0,7087.0,7087.0,7087.0,7087.0,7087.0,7087.0,7087.0,7087.0,7087.0,7087.0,7087.0,7088.0,7088.0,7088.0,7088.0,7088.0,7088.0,7088.0,7088.0,7088.0,7088.0,7088.0,7088.0,7088.0,7088.0,7089.0,7089.0,7089.0,7089.0,7089.0,7089.0,7089.0,7089.0,7089.0,7089.0,7089.0,7089.0,7089.0,7089.0,7089.0,7089.0,7089.0,7089.0,7095.0
tune_8,Testing/network-cor-forma_eu_27t.txt,0.05,0.05,0.03,50,5,0.8,0.02,components,1,50,6831.0,328.31,3300,177,1570.0,1570.0,2469.0,2469.0,2469.0,2568.0,2792.0,5784.0,5876.0,6141.0,6438.0,6438.0,6438.0,7128.0,7128.0,7128.0,7128.0,7128.0,7128.0,7128.0,7128.0,7128.0,7128.0,7128.0,7128.0,7128.0,7128.0,7128.0,7128.0,7128.0,7128.0,7128.0,7128.0,7128.0,7128.0,7128.0,7128.0,7128.0,7128.0,7128.0,7128.0,7128.0,7128.0,7128.0,7128.0,7128.0,7128.0,7128.0,7128.0,7128.0,7128.0,7128.0,7128.0,7128.0,7128.0,7128.0,7128.0,7128.0,7128.0,7128.0,7128.0,7128.0,7128.0,7128.0,7128.0,7128.0,7128.0,7128.0,7128.0,7128.0,7128.0,7128.0,7128.0,7128.0,7128.0,7128.0,7128.0,7128.0,7128.0,7128.0,7128.0,7128.0,7128.0,7128.0,7128.0,7128.0,7128.0,7128.0,7128.0,7128.0,7128.0,7128.0,7128.0,7128.0,7128.0,7128.0,7128.0,7128.0,7128.0,7128.0,7128.0,7128.0,7128.0,7128.0,7128.0,7128.0,7128.0,7128.0,7128.0,7128.0,7128.0,7128.0,7128.0,7128.0,7128.0,7128.0,7128.0,7128.0,7128.0,7128.0,7128.0,7128.0,7128.0,7128.0,7128.0,7128.0,7128.0,7128.0,7128.0,7128.0,7128.0,7128.0,7128.0,7128.0,7128.0,7128.0,7128.0,7128.0,7128.0,7128.0,7128.0,7128.0,7128.0,7128.0,7128.0,7128.0,7128.0,7128.0,7128.0,7128.0,7128.0,7128.0,7128.0,7128.0,7128.0,7128.0,7128.0,7128.0,7128.0,7128.0,7128.0,7128.0,7128.0,7128.0,7128.0,7128.0,7128.0,7128.0,7128.0,7128.0,7128.0,7128.0,7128.0,7128.0,7128.0,7128.0,7128.0,7129.0,7129.0,7129.0,7129.0,7129.0,7129.0,7129.0,7129.0,7129.0,7129.0,7129.0,7129.0,7129.0,7129.0,7129.0,7129.0,7129.0,7129.0,7129.0,7129.0,7129.0,7129.0,7129.0
tune_9,Testing/network-cor-forma_eu_27t.txt,0.05,0.05,0.03,50,5,0.8,0.02,components,1,50,7352.0,355.90,3315,195,1938.0,2009.0,2114.0,2481.0,2481.0,2532.0,5777.0,5779.0,6131.0,6131.0,6438.0,7007.0,7007.0,7540.0,7540.0,7540.0,7540.0,7540.0,7540.0,7540.0,7540.0,7540.0,7540.0,7540.0,7540.0,7540.0,7540.0,7540.0,7540.0,7540.0,7540.0,7540.0,7540.0,7540.0,7540.0,7540.0,7540.0,7540.0,7540.0,7540.0,7540.0,7540.0,7540.0,7540.0,7540.0,7540.0,7540.0,7540.0,7540.0,7540.0,7540.0,7540.0,7540.0,7540.0,7540.0,7540.0,7540.0,7540.0,7540.0,7540.0,7540.0,7540.0,7540.0,7540.0,7540.0,7540.0,7540.0,7540.0,7540.0,7540.0,7540.0,7540.0,7540.0,7540.0,7540.0,7540.0,7540.0,7540.0,7540.0,7540.0,7540.0,7540.0,7540.0,7540.0,7540.0,7540.0,7540.0,7540.0,7540.0,7540.0,7540.0,7540.0,7540.0,7540.0,7540.0,7540.0,7540.0,7540.0,7540.0,7540.0,7540.0,7540.0,7540.0,7540.0,7540.0,7540.0,7540.0,7540.0,7540.0,7540.0,7540.0,7540.0,7540.0,7540.0,7540.0,7540.0,7540.0,7540.0,7540.0,7540.0,7540.0,7540.0,7541.0,7541.0,7541.0,7541.0,7541.0,7541.0,7541.0,7541.0,7541.0,7542.0,7542.0,7542.0,7542.0,7542.0,7542.0,7542.0,7542.0,7542.0,7542.0,7542.0,7542.0,7542.0,7542.0,7542.0,7542.0,7542.0,7542.0,7542.0,7542.0,7542.0,7542.0,7542.0,7542.0,7542.0,7542.0,7542.0,7542.0,7542.0,7542.0,7542.0,7542.0,7542.0,7542.0,7542.0,7542.0,7542.0,7542.0,7542.0,7542.0,7542.0,7542.0,7542.0,7542.0,7542.0,7542.0,7542.0,7542.0,7542.0,7542.0,7542.0,7542.0,7542.0,7542.0,7542.0,7542.0,7542.0,7542.0,7542.0,7542.0,7542.0,7542.0,7542.0,7542.0,7543.0,7543.0,7543.0,7543.0,7543.0,0.0
tune_1,Testing/network-cor-forma_eu_27t.txt,0.05,0.05,0.03,50,5,0.9,0.01,largest,0,50,1605.0,374.33,3669,0,7167.0,7167.0,7167.0,7167.0,7167.0,7167.0,7167.0,7167.0,7167.0,6702.0,6702.0,5366.0,3959.0,3291.0,1197.0,1197.0,1197.0,1197.0,1197.0,1197.0,1197.0,1197.0,1197.0,1197.0,1197.0,1197.0,1197.0,1197.0,1197.0,1197.0,1197.0,1197.0,1197.0,1197.0,1197.0,1197.0,1197.0,1197.0,1197.0,1197.0,1197.0,1197.0,1197.0,1197.0,1197.0,1197.0,1197.0,1197.0,1197.0,1197.0,1197.0,1197.0,1197.0,1197.0,1197.0,1197.0,1197.0,1197.0,1197.0,1197.0,1197.0,1197.0,1197.0,1197.0,1197.0,1197.0,1197.0,1197.0,1197.0,1197.0,1197.0,1197.0,1197.0,1189.0,1189.0,1189.0,1189.0,1189.0,1189.0,1189.0,1189.0,1189.0,1189.0,1185.0,1185.0,1185.0,1185.0,1185.0,1185.0,1185.0,1185.0,1185.0,1185.0,1185.0,1185.0,1185.0,1185.0,1185.0,1185.0,1185.0,1185.0,1185.0,1185.0,1185.0,1185.0,1185.0,1185.0,1185.0,1185.0,1185.0,1185.0,1185.0,1185.0,1185.0,1185.0,1185.0,1185.0,1185.0,1185.0,1185.0,1185.0,1185.0,1185.0,1185.0,1185.0,1185.0,1185.0,1185.0,1185.0,1185.0,1185.0,1185.0,1185.0,1185.0,1185.0,1185.0,1185.0,1185.0,1185.0,1185.0,1185.0,1185.0,1185.0,1185.0,1185.0,1185.0,1185.0,1185.0,1185.0,1185.0,1185.0,1184.0,1184.0,1184.0,1184.0,1184.0,1184.0,1184.0,1184.0,1184.0,1184.0,1184.0,1184.0,1184.0,1184.0,1184.0,1184.0,1184.0,1184.0,1184.0,1184.0,1184.0,1184.0,1184.0,1184.0,1184.0,1184.0,1184.0,1184.0,1184.0,1184.0,1184.0,1184.0,1184.0,1184.0,1184.0,1184.0,1184.0,1184.0,1184.0,1184.0,1184.0,1184.0,1184.0,1184.0,1184.0,1184.0,1184.0,1184.0,1184.0,0.0,2312.0
tune_2,Testing/network-cor-forma_eu_27t.txt,0.05,0.05,0.03,50,5,0.9,0.01,largest,0,50,2339.0,379.40,3694,0,9902.0,9902.0,9898.0,9492.0,8268.0,8268.0,8268.0,8074.0,8074.0,8074.0,7652.0,7289.0,5232.0,5232.0,2896.0,2597.0,2538.0,2538.0,2538.0,2538.0,2538.0,2538.0,2538.0,2538.0,2538.0,2538.0,2538.0,2538.0,2538.0,2538.0,2538.0,2538.0,2259.0,2259.0,2259.0,2259.0,2259.0,2259.0,2259.0,2259.0,2259.0,2259.0,2259.0,2259.0,2259.0,2259.0,2259.0,2259.0,946.0,946.0,946.0,946.0,946.0,946.0,946.0,946.0,946.0,946.0,946.0,946.0,946.0,946.0,946.0,946.0,946.0,946.0,946.0,946.0,946.0,946.0,946.0,946.0,946.0,946.0,946.0,946.0,946.0,946.0,946.0,946.0,946.0,946.0,946.0,946.0,946.0,946.0,946.0,946.0,946.0,946.0,946.0,946.0,946.0,946.0,946.0,946.0,946.0,946.0,946.0,946.0,946.0,946.0,946.0,946.0,946.0,946.0,946.0,946.0,946.0,946.0,946.0,946.0,946.0,946.0,946.0,946.0,946.0,946.0,946.0,946.0,946.0,946.0,946.0,946.0,946.0,946.0,946.0,946.0,946.0,946.0,946.0,946.0,946.0,946.0,946.0,946.0,946.0,946.0,946.0,946.0,946.0,946.0,946.0,946.0,946.0,946.0,946.0,946.0,946.0,946.0,946.0,946.0,946.0,946.0,946.0,946.0,946.0,946.0,946.0,946.0,946.0,946.0,946.0,946.0,946.0,946.0,946.0,946.0,946.0,946.0,946.0,946.0,946.0,946.0,946.0,946.0,946.0,946.0,946.0,946.0,946.0,946.0,946.0,946.0,946.0,946.0,946.0,946.0,946.0,946.0,946.0,946.0,946.0,946.0,946.0,946.0,946.0,946.0,946.0,946.0,0.0
tune_3,Testing/network-cor-forma_eu_27t.txt,0.05,0.05,0.03,50,5,0.9,0.01,largest,0,50,2323.0,381.05,3650,0,12031.0,11973.0,9889.0,9655.0,8729.0,8729.0,8715.0,8170.0,8167.0,7931.0,7292.0,7262.0,7262.0,5408.0,2576.0,2447.0,1856.0,1856.0,1856.0,1856.0,1856.0,1856.0,1856.0,1856.0,1856.0,1856.0,1856.0,1856.0,1856.0,1856.0,1856.0,1856.0,1856.0,1856.0,1856.0,1856.0,1856.0,1856.0,1856.0,1856.0,1856.0,1856.0,1856.0,1856.0,1856.0,1856.0,1856.0,1856.0,1856.0,1856.0,1856.0,1856.0,1856.0,1856.0,1856.0,1856.0,1856.0,1856.0,1856.0,1856.0,1856.0,1856.0,1856.0,1856.0,1856.0,1856.0,1856.0,1856.0,1856.0,1856.0,1856.0,1856.0,1856.0,1856.0,1856.0,1856.0,1856.0,1856.0,1856.0,1849.0,1849.0,1849.0,1849.0,1849.0,1849.0,1849.0,1849.0,1849.0,1849.0,1849.0,1849.0,1849.0,1849.0,1849.0,1849.0,1849.0,1849.0,1849.0,1849.0,1849.0,1849.0,1849.0,1849.0,1849.0,1849.0,1849.0,1849.0,1849.0,1849.0,1849.0,1849.0,1849.0,1849.0,1849.0,1849.0,1849.0,1849.0,1849.0,1849.0,1849.0,1849.0,1849.0,1849.0,1849.0,1849.0,1849.0,1849.0,1849.0,1849.0,1849.0,1849.0,1849.0,1849.0,1849.0,1849.0,1849.0,1849.0,1849.0,1849.0,1849.0,1849.0,1849.0,1849.0,1849.0,1849.0,1849.0,1849.0,1849.0,1849.0,1849.0,1849.0,1848.0,1848.0,1848.0,1848.0,1848.0,1848.0,1848.0,1848.0,1848.0,1848.0,1848.0,1848.0,1848.0,1848.0,1848.0,1848.0,1848.0,1848.0,1848.0,1848.0,1847.0,1847.0,1847.0,1847.0,1846.0,1846.0,1846.0,1846.0,1846.0,1846.0,1846.0,1846.0,1846.0,1846.0,1846.0,1846.0,1846.0,1846.0,1846.0,1846.0,1846.0,1846.0,1846.0,1846.0,1846.0,1846.0,1846.0,1846.0,1846.0,0.0
tune_5,Testing/network-cor-forma_eu_27t.txt,0.05,0.05,0.03,50,5,0.9,0.01,largest,0,50,1592.0,382.20,3703,0,11853.0,11853.0,11759.0,9074.0,9074.0,8287.0,7952.0,7628.0,7628.0,7621.0,6490.0,6490.0,6490.0,6490.0,4473.0,4473.0,2491.0,2395.0,2395.0,2395.0,2395.0,2395.0,2395.0,2395.0,2395.0,2395.0,2395.0,2395.0,2395.0,2395.0,2395.0,2395.0,2395.0,2395.0,2395.0,2395.0,2395.0,2395.0,2395.0,2395.0,2395.0,2395.0,2395.0,2395.0,2395.0,2376.0,2376.0,2376.0,2376.0,2376.0,2376.0,2376.0,2376.0,2376.0,2376.0,2376.0,2376.0,2376.0,2376.0,2376.0,2376.0,2376.0,2376.0,2376.0,2376.0,2376.0,2376.0,2376.0,2376.0,2376.0,2376.0,2376.0,2376.0,2376.0,2376.0,2376.0,2376.0,2376.0,2376.0,2376.0,2376.0,2376.0,2376.0,2376.0,2376.0,2376.0,2376.0,2376.0,2376.0,2376.0,2376.0,2376.0,2376.0,2376.0,2376.0,2376.0,2376.0,2376.0,2376.0,2376.0,2376.0,2376.0,2376.0,2376.0,2376.0,2376.0,2376.0,2376.0,2376.0,2376.0,2376.0,2376.0,2376.0,2376.0,2376.0,2376.0,2376.0,2375.0,2375.0,2375.0,2375.0,2375.0,2375.0,2375.0,2375.0,2375.0,2375.0,2375.0,2375.0,2375.0,2375.0,2375.0,2375.0,2375.0,2375.0,2374.0,2374.0,2374.0,2374.0,2374.0,2374.0,2374.0,2374.0,2374.0,2374.0,2374.0,2374.0,2374.0,2374.0,2374.0,2374.0,2374.0,2374.0,2374.0,2374.0,2374.0,2374.0,2374.0,2374.0,2374.0,2374.0,2374.0,2374.0,2374.0,2374.0,2374.0,2374.0,2374.0,2374.0,2374.0,2374.0,2374.0,2374.0,2374.0,2374.0,2374.0,2374.0,2374.0,2374.0,2374.0,2374.0,2374.0,2374.0,2374.0,2374.0,2374.0,2374.0,2374.0,2374.0,2374.0,2374.0,2374.0,2374.0,2374.0,2374.0,2374.0,2374.0,2374.0,2374.0,2374.0
tune_4,Testing/network-cor-forma_eu_27t.txt,0.05,0.05,0.03,50,5,0.9,0.01,largest,0,50,1450.0,384.95,3711,0,11990.0,11883.0,11595.0,8704.0,7554.0,7554.0,7554.0,7554.0,6813.0,6813.0,6813.0,6544.0,5098.0,3133.0,2109.0,2109.0,2046.0,2046.0,2046.0,2046.0,2046.0,2046.0,2046.0,2046.0,2046.0,2046.0,2046.0,2046.0,1832.0,1832.0,1832.0,1832.0,1832.0,1832.0,1832.0,1832.0,1832.0,1832.0,1832.0,1832.0,1832.0,1832.0,1832.0,1832.0,1832.0,1832.0,1832.0,1832.0,1832.0,1832.0,1832.0,1832.0,1832.0,1832.0,1832.0,1832.0,1832.0,1832.0,1832.0,1832.0,1832.0,1832.0,1832.0,1832.0,1832.0,1832.0,1832.0,1832.0,1832.0,1832.0,1809.0,1809.0,1809.0,1809.0,1809.0,1809.0,1809.0,1809.0,1809.0,1765.0,1765.0,1765.0,1765.0,1765.0,1765.0,1765.0,1765.0,1765.0,1765.0,1765.0,1765.0,1765.0,1765.0,1765.0,1765.0,1765.0,1765.0,1765.0,1765.0,1765.0,1765.0,1765.0,1765.0,1765.0,1765.0,1765.0,1765.0,1765.0,1765.0,1765.0,1765.0,1765.0,1765.0,1765.0,1765.0,1765.0,1765.0,1764.0,1764.0,1764.0,1764.0,1764.0,1764.0,1764.0,1764.0,1764.0,1764.0,1764.0,1764.0,1764.0,1764.0,1763.0,1763.0,1763.0,1763.0,1763.0,1763.0,1763.0,1763.0,1763.0,1763.0,1763.0,1763.0,1763.0,1763.0,1763.0,1763.0,1763.0,1762.0,1762.0,1762.0,1762.0,1762.0,1762.0,1762.0,1762.0,1762.0,1762.0,1762.0,1762.0,1762.0,1762.0,1762.0,1762.0,1762.0,1762.0,1762.0,1762.0,1762.0,1762.0,1762.0,1762.0,1762.0,1762.0,1762.0,1762.0,1762.0,1762.0,1762.0,1762.0,1762.0,1762.0,1762.0,1762.0,1762.0,1762.0,1762.0,1762.0,1762.0,1762.0,1762.0,1762.0,1762.0,1762.0,1762.0,1762.0,1762.0,1762.0,1762.0,1762.0
tune_6,Testing/network-cor-forma_eu_27t.txt,0.05,0.05,0.03,50,5,0.9,0.01,largest,0,50,3380.0,362.34,3637,0,11878.0,8060.0,7883.0,7883.0,7883.0,7883.0,7883.0,7714.0,7662.0,7627.0,7627.0,7270.0,4157.0,3007.0,1266.0,1266.0,1266.0,1266.0,1266.0,1266.0,1266.0,1266.0,1266.0,1266.0,1266.0,1266.0,1266.0,1266.0,1266.0,1266.0,1266.0,1266.0,1266.0,1266.0,1266.0,1266.0,1266.0,1266.0,1266.0,1266.0,1266.0,1266.0,1266.0,1266.0,1266.0,1266.0,1266.0,1256.0,1256.0,1256.0,1256.0,1256.0,1256.0,1256.0,1256.0,1256.0,1256.0,1256.0,1256.0,1256.0,1205.0,1205.0,1205.0,1205.0,1205.0,1205.0,1205.0,1205.0,1205.0,1205.0,1205.0,1205.0,1205.0,1205.0,1205.0,1205.0,1205.0,1205.0,1205.0,1205.0,1205.0,1205.0,1205.0,1205.0,1205.0,1205.0,1205.0,1205.0,1205.0,1205.0,1205.0,1205.0,1205.0,1205.0,1205.0,1205.0,1205.0,1205.0,1205.0,1205.0,1205.0,1205.0,1205.0,1205.0,1205.0,1205.0,1205.0,1205.0,1205.0,1205.0,1205.0,1205.0,1205.0,1205.0,1205.0,1205.0,1205.0,1205.0,1205.0,1205.0,1205.0,1205.0,1205.0,1205.0,1205.0,1205.0,1205.0,1205.0,1205.0,1205.0,1205.0,1205.0,1205.0,1205.0,1205.0,1205.0,1205.0,1205.0,1205.0,1205.0,1205.0,1205.0,1205.0,1205.0,1205.0,1205.0,1205.0,1205.0,1205.0,1205.0,1205.0,1205.0,1205.0,1205.0,1205.0,1205.0,1205.0,1205.0,1205.0,1205.0,1205.0,1205.0,1204.0,1204.0,1204.0,1204.0,1204.0,1204.0,1204.0,1204.0,1204.0,1204.0,1204.0,1204.0,1204.0,1204.0,1204.0,1204.0,1204.0,1204.0,1204.0,1204.0,1204.0,1204.0,1204.0,1204.0,1204.0,1204.0,1204.0,1204.0,1204.0,1204.0,1204.0,1204.0,1204.0,1204.0,1204.0,1204.0,1204.0,1204.0
tune_8,Testing/network-cor-forma_eu_27t.txt,0.05,0.05,0.03,50,5,0.9,0.01,largest,0,50,7033.0,341.67,3632,0,9760.0,8719.0,8719.0,8719.0,8154.0,6906.0,6906.0,6906.0,6710.0,6710.0,6710.0,3388.0,3388.0,3388.0,3388.0,3388.0,3388.0,3313.0,2916.0,2916.0,2916.0,2916.0,2916.0,2916.0,2916.0,2916.0,2916.0,2916.0,2916.0,2916.0,2916.0,2916.0,2916.0,2916.0,2916.0,2916.0,2916.0,2916.0,2916.0,2916.0,2916.0,2916.0,2916.0,2916.0,2916.0,2916.0,2916.0,2916.0,2916.0,2916.0,2916.0,2916.0,2916.0,2916.0,2916.0,2916.0,2916.0,2916.0,2916.0,2916.0,2916.0,2916.0,2916.0,2916.0,2873.0,2873.0,2873.0,2873.0,2873.0,2873.0,2873.0,2873.0,2873.0,2873.0,2873.0,2869.0,2865.0,2865.0,2865.0,2865.0,2865.0,2865.0,2865.0,2865.0,2865.0,2865.0,2865.0,2865.0,2865.0,2865.0,2865.0,2865.0,2865.0,2865.0,2865.0,2864.0,2864.0,2864.0,2864.0,2864.0,2864.0,2864.0,2864.0,2864.0,2864.0,2864.0,2864.0,2864.0,2864.0,2864.0,2864.0,2864.0,2864.0,2864.0,2864.0,2864.0,2864.0,2864.0,2864.0,2864.0,2864.0,2864.0,2864.0,2864.0,2863.0,2863.0,2863.0,2863.0,2863.0,2863.0,2863.0,2863.0,2863.0,2863.0,2862.0,2862.0,2862.0,2862.0,2862.0,2862.0,2862.0,2862.0,2862.0,2862.0,2862.0,2862.0,2862.0,2862.0,2862.0,2862.0,2862.0,2862.0,2862.0,2862.0,2862.0,2862.0,2862.0,2862.0,2862.0,2861.0,2861.0,2861.0,2861.0,2861.0,2861.0,2861.0,2861.0,2861.0,2861.0,2861.0,2861.0,2861.0,2861.0,2861.0,2861.0,2861.0,2861.0,2861.0,2861.0,2861.0,2861.0,2861.0,2861.0,2861.0,2861.0,2861.0,2861.0,2861.0,2861.0,2861.0,2861.0,2861.0,2861.0,2861.0,2861.0,2861.0,2861.0,2861.0,2861.0,2861.0
tune_7,Testing/network-cor-forma_eu_27t.txt,0.05,0.05,0.03,50,5,0.9,0.01,largest,0,50,2846.0,377.75,3711,0,11683.0,11683.0,11668.0,11531.0,9710.0,7614.0,7614.0,6992.0,6992.0,6673.0,6673.0,6673.0,5378.0,4209.0,3832.0,3627.0,3627.0,3627.0,3627.0,3627.0,3627.0,3627.0,3627.0,3627.0,3627.0,3627.0,3627.0,3627.0,3627.0,3627.0,3627.0,3627.0,3627.0,3627.0,3627.0,3627.0,3627.0,3627.0,3627.0,3627.0,3627.0,3627.0,3627.0,3627.0,3627.0,3627.0,3627.0,3627.0,3627.0,3627.0,3627.0,3627.0,3627.0,3627.0,3627.0,3627.0,3627.0,3627.0,3627.0,3627.0,3627.0,3627.0,3627.0,3627.0,3627.0,3627.0,3627.0,3627.0,3627.0,3627.0,3627.0,3627.0,3618.0,3618.0,3618.0,3618.0,3618.0,3618.0,3618.0,3618.0,3618.0,3618.0,3618.0,3618.0,3618.0,3618.0,3618.0,3618.0,3618.0,3618.0,3618.0,3618.0,3618.0,3618.0,3618.0,3618.0,3618.0,3618.0,3618.0,3618.0,3618.0,3618.0,3618.0,3618.0,3618.0,3618.0,3618.0,3617.0,3617.0,3617.0,3617.0,3617.0,3617.0,3617.0,3617.0,3617.0,3617.0,3617.0,3617.0,3617.0,3616.0,3616.0,3616.0,3616.0,3616.0,3616.0,3616.0,3616.0,3616.0,3616.0,3616.0,3616.0,3616.0,3616.0,3616.0,3615.0,3615.0,3615.0,3615.0,3615.0,3615.0,3615.0,3615.0,3615.0,3615.0,3615.0,3615.0,3614.0,3614.0,3614.0,3614.0,3614.0,3614.0,3614.0,3614.0,3614.0,3614.0,3614.0,3614.0,3614.0,3614.0,3614.0,3614.0,3614.0,3614.0,3614.0,3614.0,3614.0,3614.0,3614.0,3614.0,3614.0,3614.0,3614.0,3614.0,3614.0,3613.0,3613.0,3613.0,3613.0,3613.0,3613.0,3613.0,3613.0,3613.0,3613.0,3613.0,3613.0,3613.0,3613.0,3613.0,3613.0,3613.0,3613.0,3613.0,3613.0,3613.0,3613.0,3613.0,3612.0
tune_9,Testing/network-cor-forma_eu_27t.txt,0.05,0.05,0.03,50,5,0.9,0.01,largest,0,50,1978.0,370.78,3739,0,11979.0,11979.0,11956.0,11804.0,9589.0,8491.0,8491.0,8491.0,8491.0,8369.0,8287.0,7287.0,7280.0,6301.0,6147.0,5079.0,4996.0,1859.0,1859.0,1859.0,1859.0,1859.0,1859.0,1859.0,1859.0,1859.0,1859.0,1859.0,1859.0,1859.0,1859.0,1859.0,1859.0,1859.0,1859.0,1769.0,1769.0,1769.0,1280.0,1280.0,1280.0,1280.0,1280.0,1280.0,1280.0,1280.0,1280.0,1280.0,1280.0,1280.0,1280.0,1280.0,1280.0,1280.0,1280.0,1280.0,1280.0,1280.0,1280.0,1280.0,1280.0,1280.0,1280.0,1280.0,1272.0,1272.0,1272.0,1272.0,1272.0,1272.0,1272.0,1272.0,1272.0,1272.0,1272.0,1272.0,1272.0,1272.0,1272.0,1272.0,1272.0,1272.0,1272.0,1272.0,1272.0,1272.0,1272.0,1271.0,1271.0,1271.0,1271.0,1271.0,1271.0,1271.0,1271.0,1271.0,1271.0,1271.0,1271.0,1271.0,1271.0,1271.0,1271.0,1271.0,1271.0,1271.0,1271.0,1271.0,1271.0,1271.0,1271.0,1271.0,1271.0,1271.0,1271.0,1271.0,1271.0,1271.0,1271.0,1271.0,1271.0,1271.0,1271.0,1271.0,1271.0,1271.0,1271.0,1271.0,1271.0,1271.0,1271.0,1271.0,1271.0,1271.0,1271.0,1271.0,1271.0,1271.0,1271.0,1271.0,1271.0,1271.0,1271.0,1271.0,1271.0,1271.0,1271.0,1271.0,1271.0,1271.0,1271.0,1271.0,1271.0,1271.0,1271.0,1271.0,1271.0,1270.0,1270.0,1270.0,1270.0,1270.0,1270.0,1270.0,1270.0,1270.0,1270.0,1270.0,1270.0,1270.0,1270.0,1269.0,1269.0,1269.0,1269.0,1269.0,1269.0,1269.0,1269.0,1269.0,1269.0,1269.0,1269.0,1269.0,1269.0,1269.0,1269.0,1269.0,1269.0,1269.0,1269.0,1269.0,1269.0,1269.0,1269.0,1269.0,1269.0,1269.0,1269.0,1269.0
tune_10,Testing/network-cor-forma_eu_27t.txt,0.05,0.05,0.03,50,5,0.9,0.01,largest,0,50,2238.0,373.71,3670,0,11964.0,11964.0,8853.0,8562.0,8444.0,8444.0,8344.0,8344.0,7902.0,7902.0,7902.0,7280.0,4608.0,4608.0,3941.0,2906.0,2906.0,2906.0,2906.0,2906.0,2906.0,2906.0,2906.0,2906.0,2906.0,2906.0,2906.0,2906.0,2906.0,2906.0,2906.0,2906.0,2906.0,2906.0,2898.0,2898.0,2898.0,2898.0,2898.0,2865.0,2865.0,2865.0,2865.0,2865.0,2865.0,2865.0,2865.0,2865.0,2865.0,2865.0,2865.0,2865.0,2865.0,2865.0,2865.0,2842.0,2842.0,2842.0,2842.0,2842.0,2842.0,2842.0,2842.0,2842.0,2842.0,2842.0,2842.0,2842.0,2842.0,2842.0,2842.0,2842.0,2842.0,2842.0,2842.0,2842.0,2842.0,2842.0,2842.0,2842.0,2842.0,2842.0,2842.0,2842.0,2842.0,2842.0,2842.0,2842.0,2842.0,2842.0,2842.0,2842.0,2842.0,2842.0,2842.0,2842.0,2842.0,2842.0,2842.0,2842.0,2842.0,2842.0,2842.0,2842.0,2842.0,2842.0,2842.0,2842.0,2841.0,2841.0,2841.0,2841.0,2841.0,2841.0,2841.0,2841.0,2841.0,2841.0,2841.0,2841.0,2840.0,2840.0,2840.0,2840.0,2840.0,2840.0,2840.0,2840.0,2840.0,2840.0,2840.0,2840.0,2840.0,2840.0,2840.0,2840.0,2840.0,2840.0,2840.0,2840.0,2840.0,2840.0,2840.0,2840.0,2840.0,2840.0,2840.0,2840.0,2840.0,2840.0,2840.0,2840.0,2840.0,2840.0,2840.0,2838.0,2838.0,2838.0,2838.0,2838.0,2838.0,2838.0,2838.0,2838.0,2838.0,2838.0,2838.0,2838.0,2838.0,2838.0,2838.0,2838.0,2838.0,2838.0,2838.0,2838.0,2838.0,2838.0,2838.0,2838.0,2838.0,2838.0,2838.0,2838.0,2838.0,2838.0,2838.0,2838.0,2838.0,2838.0,2838.0,2838.0,2838.0,2838.0,2838.0,2838.0,2838.0,2838.0,2838.0,2838.0
tune_1,Testing/network-cor-forma_eu_27t.txt,0.05,0.05,0.03,50,5,0.9,0.01,largest,1,50,2178.0,383.73,3679,0,7167.0,7167.0,7167.0,7167.0,7167.0,7167.0,7167.0,7167.0,7167.0,6702.0,6702.0,5366.0,3959.0,3291.0,1197.0,1197.0,1197.0,1197.0,1197.0,1197.0,1197.0,1197.0,1197.0,1197.0,1197.0,1197.0,1197.0,1197.0,1197.0,1197.0,1197.0,1197.0,1197.0,1197.0,1197.0,1197.0,1197.0,1197.0,1197.0,1197.0,1197.0,1197.0,1197.0,1197.0,1197.0,1197.0,1197.0,1197.0,1197.0,1197.0,1197.0,1197.0,1197.0,1197.0,1197.0,1197.0,1197.0,1197.0,1197.0,1197.0,1197.0,1197.0,1197.0,1197.0,1197.0,1197.0,1197.0,1197.0,1197.0,1197.0,1197.0,1197.0,1197.0,1189.0,1189.0,1189.0,1189.0,1189.0,1189.0,1189.0,1189.0,1189.0,1189.0,1185.0,1185.0,1185.0,1185.0,1185.0,1185.0,1185.0,1185.0,1185.0,1185.0,1185.0,1185.0,1185.0,1185.0,1185.0,1185.0,1185.0,1185.0,1185.0,1185.0,1185.0,1185.0,1185.0,1185.0,1185.0,1185.0,1185.0,1185.0,1185.0,1185.0,1185.0,1185.0,1185.0,1185.0,1185.0,1185.0,1185.0,1185.0,1185.0,1185.0,1185.0,1185.0,1185.0,1185.0,1185.0,1185.0,1185.0,1185.0,1185.0,1185.0,1185.0,1185.0,1185.0,1185.0,1185.0,1185.0,1185.0,1185.0,1185.0,1185.0,1185.0,1185.0,1185.0,1185.0,1185.0,1185.0,1185.0,1185.0,1184.0,1184.0,1184.0,1184.0,1184.0,1184.0,1184.0,1184.0,1184.0,1184.0,1184.0,1184.0,1184.0,1184.0,1184.0,1184.0,1184.0,1184.0,1184.0,1184.0,1184.0,1184.0,1184.0,1184.0,1184.0,1184.0,1184.0,1184.0,1184.0,1184.0,1184.0,1184.0,1184.0,1184.0,1184.0,1184.0,1184.0,1184.0,1184.0,1184.0,1184.0,1184.0,1184.0,1184.0,1184.0,1184.0,1184.0,1184.0,1184.0,0.0,2312.0
tune_2,Testing/network-cor-forma_eu_27t.txt,0.05,0.05,0.03,50,5,0.9,0.01,largest,1,50,1469.0,383.92,3694,0,9902.0,9902.0,9898.0,9492.0,8268.0,8268.0,8268.0,8074.0,8074.0,8074.0,7652.0,7289.0,5232.0,5232.0,2896.0,2597.0,2538.0,2538.0,2538.0,2538.0,2538.0,2538.0,2538.0,2538.0,2538.0,2538.0,2538.0,2538.0,2538.0,2538.0,2538.0,2538.0,2259.0,2259.0,2259.0,2259.0,2259.0,2259.0,2259.0,2259.0,2259.0,2259.0,2259.0,2259.0,2259.0,2259.0,2259.0,2259.0,946.0,946.0,946.0,946.0,946.0,946.0,946.0,946.0,946.0,946.0,946.0,946.0,946.0,946.0,946.0,946.0,946.0,946.0,946.0,946.0,946.0,946.0,946.0,946.0,946.0,946.0,946.0,946.0,946.0,946.0,946.0,946.0,946.0,946.0,946.0,946.0,946.0,946.0,946.0,946.0,946.0,946.0,946.0,946.0,946.0,946.0,946.0,946.0,946.0,946.0,946.0,946.0,946.0,946.0,946.0,946.0,946.0,946.0,946.0,946.0,946.0,946.0,946.0,946.0,946.0,946.0,946.0,946.0,946.0,946.0,946.0,946.0,946.0,946.0,946.0,946.0,946.0,946.0,946.0,946.0,946.0,946.0,946.0,946.0,946.0,946.0,946.0,946.0,946.0,946.0,946.0,946.0,946.0,946.0,946.0,946.0,946.0,946.0,946.0,946.0,946.0,946.0,946.0,946.0,946.0,946.0,946.0,946.0,946.0,946.0,946.0,946.0,946.0,946.0,946.0,946.0,946.0,946.0,946.0,946.0,946.0,946.0,946.0,946.0,946.0,946.0,946.0,946.0,946.0,946.0,946.0,946.0,946.0,946.0,946.0,946.0,946.0,946.0,946.0,946.0,946.0,946.0,946.0,946.0,946.0,946.0,946.0,946.0,946.0,946.0,946.0,946.0,0.0
tune_3,Testing/network-cor-forma_eu_27t.txt,0.05,0.05,0.03,50,5,0.9,0.01,largest,1,50,2323.0,388.89,3682,0,12031.0,11973.0,9889.0,9655.0,8729.0,8729.0,8715.0,8170.0,8167.0,7931.0,7292.0,7262.0,7262.0,5408.0,2576.0,2447.0,1856.0,1856.0,1856.0,1856.0,1856.0,1856.0,1856.0,1856.0,1856.0,1856.0,1856.0,1856.0,1856.0,1856.0,1856.0,1856.0,1856.0,1856.0,1856.0,1856.0,1856.0,1856.0,1856.0,1856.0,1856.0,1856.0,1856.0,1856.0,1856.0,1856.0,1856.0,1856.0,1856.0,1856.0,1856.0,1856.0,1856.0,1856.0,1856.0,1856.0,1856.0,1856.0,1856.0,1856.0,1856.0,1856.0,1856.0,1856.0,1856.0,1856.0,1856.0,1856.0,1856.0,1856.0,1856.0,1856.0,1856.0,1856.0,1856.0,1856.0,1856.0,1856.0,1856.0,1849.0,1849.0,1849.0,1849.0,1849.0,1849.0,1849.0,1849.0,1849.0,1849.0,1849.0,1849.0,1849.0,1849.0,1849.0,1849.0,1849.0,1849.0,1849.0,1849.0,1849.0,1849.0,1849.0,1849.0,1849.0,1849.0,1849.0,1849.0,1849.0,1849.0,1849.0,1849.0,1849.0,1849.0,1849.0,1849.0,1849.0,1849.0,1849.0,1849.0,1849.0,1849.0,1849.0,1849.0,1849.0,1849.0,1849.0,1849.0,1849.0,1849.0,1849.0,1849.0,1849.0,1849.0,1849.0,1849.0,1849.0,1849.0,1849.0,1849.0,1849.0,1849.0,1849.0,1849.0,1849.0,1849.0,1849.0,1849.0,1849.0,1849.0,1849.0,1849.0,1848.0,1848.0,1848.0,1848.0,1848.0,1848.0,1848.0,1848.0,1848.0,1848.0,1848.0,1848.0,1848.0,1848.0,1848.0,1848.0,1848.0,1848.0,1848.0,1848.0,1847.0,1847.0,1847.0,1847.0,1846.0,1846.0,1846.0,1846.0,1846.0,1846.0,1846.0,1846.0,1846.0,1846.0,1846.0,1846.0,1846.0,1846.0,1846.0,1846.0,1846.0,1846.0,1846.0,1846.0,1846.0,1846.0,1846.0,1846.0,1846.0,0.0
tune_5,Testing/network-cor-forma_eu_27t.txt,0.05,0.05,0.03,50,5,0.9,0.01,largest,1,50,1592.0,348.16,3646,0,11853.0,11853.0,11759.0,9074.0,9074.0,8287.0,7952.0,7628.0,7628.0,7621.0,6490.0,6490.0,6490.0,6490.0,4473.0,4473.0,2491.0,2395.0,2395.0,2395.0,2395.0,2395.0,2395.0,2395.0,2395.0,2395.0,2395.0,2395.0,2395.0,2395.0,2395.0,2395.0,2395.0,2395.0,2395.0,2395.0,2395.0,2395.0,2395.0,2395.0,2395.0,2395.0,2395.0,2395.0,2395.0,2376.0,2376.0,2376.0,2376.0,2376.0,2376.0,2376.0,2376.0,2376.0,2376.0,2376.0,2376.0,2376.0,2376.0,2376.0,2376.0,2376.0,2376.0,2376.0,2376.0,2376.0,2376.0,2376.0,2376.0,2376.0,2376.0,2376.0,2376.0,2376.0,2376.0,2376.0,2376.0,2376.0,2376.0,2376.0,2376.0,2376.0,2376.0,2376.0,2376.0,2376.0,2376.0,2376.0,2376.0,2376.0,2376.0,2376.0,2376.0,2376.0,2376.0,2376.0,2376.0,2376.0,2376.0,2376.0,2376.0,2376.0,2376.0,2376.0,2376.0,2376.0,2376.0,2376.0,2376.0,2376.0,2376.0,2376.0,2376.0,2376.0,2376.0,2376.0,2376.0,2375.0,2375.0,2375.0,2375.0,2375.0,2375.0,2375.0,2375.0,2375.0,2375.0,2375.0,2375.0,2375.0,2375.0,2375.0,2375.0,2375.0,2375.0,2374.0,2374.0,2374.0,2374.0,2374.0,2374.0,2374.0,2374.0,2374.0,2374.0,2374.0,2374.0,2374.0,2374.0,2374.0,2374.0,2374.0,2374.0,2374.0,2374.0,2374.0,2374.0,2374.0,2374.0,2374.0,2374.0,2374.0,2374.0,2374.0,2374.0,2374.0,2374.0,2374.0,2374.0,2374.0,2374.0,2374.0,2374.0,2374.0,2374.0,2374.0,2374.0,2374.0,2374.0,2374.0,2374.0,2374.0,2374.0,2374.0,2374.0,2374.0,2374.0,2374.0,2374.0,2374.0,2374.0,2374.0,2374.0,2374.0,2374.0,2374.0,2374.0,2374.0,2374.0,2374.0
tune_4,Testing/network-cor-forma_eu_27t.txt,0.05,0.05,0.03,50,5,0.9,0.01,largest,1,50,2522.0,386.51,3686,0,11990.0,11883.0,11595.0,8704.0,7554.0,7554.0,7554.0,7554.0,6813.0,6813.0,6813.0,6544.0,5098.0,3133.0,2109.0,2109.0,2046.0,2046.0,2046.0,2046.0,2046.0,2046.0,2046.0,2046.0,2046.0,2046.0,2046.0,2046.0,1832.0,1832.0,1832.0,1832.0,1832.0,1832.0,1832.0,1832.0,1832.0,1832.0,1832.0,1832.0,1832.0,1832.0,1832.0,1832.0,1832.0,1832.0,1832.0,1832.0,1832.0,1832.0,1832.0,1832.0,1832.0,1832.0,1832.0,1832.0,1832.0,1832.0,1832.0,1832.0,1832.0,1832.0,1832.0,1832.0,1832.0,1832.0,1832.0,1832.0,1832.0,1832.0,1809.0,1809.0,1809.0,1809.0,1809.0,1809.0,1809.0,1809.0,1809.0,1765.0,1765.0,1765.0,1765.0,1765.0,1765.0,1765.0,1765.0,1765.0,1765.0,1765.0,1765.0,1765.0,1765.0,1765.0,1765.0,1765.0,1765.0,1765.0,1765.0,1765.0,1765.0,1765.0,1765.0,1765.0,1765.0,1765.0,1765.0,1765.0,1765.0,1765.0,1765.0,1765.0,1765.0,1765.0,1765.0,1765.0,1765.0,1764.0,1764.0,1764.0,1764.0,1764.0,1764.0,1764.0,1764.0,1764.0,1764.0,1764.0,1764.0,1764.0,1764.0,1763.0,1763.0,1763.0,1763.0,1763.0,1763.0,1763.0,1763.0,1763.0,1763.0,1763.0,1763.0,1763.0,1763.0,1763.0,1763.0,1763.0,1762.0,1762.0,1762.0,1762.0,1762.0,1762.0,1762.0,1762.0,1762.0,1762.0,1762.0,1762.0,1762.0,1762.0,1762.0,1762.0,1762.0,1762.0,1762.0,1762.0,1762.0,1762.0,1762.0,1762.0,1762.0,1762.0,1762.0,1762.0,1762.0,1762.0,1762.0,1762.0,1762.0,1762.0,1762.0,1762.0,1762.0,1762.0,1762.0,1762.0,1762.0,1762.0,1762.0,1762.0,1762.0,1762.0,1762.0,1762.0,1762.0,1762.0,1762.0,1762.0
tune_7,Testing/network-cor-forma_eu_27t.txt,0.05,0.05,0.03,50,5,0.9,0.01,largest,1,50,4043.0,381.23,3689,0,11683.0,11683.0,11668.0,11531.0,9710.0,7614.0,7614.0,6992.0,6992.0,6673.0,6673.0,6673.0,5378.0,4209.0,3832.0,3627.0,3627.0,3627.0,3627.0,3627.0,3627.0,3627.0,3627.0,3627.0,3627.0,3627.0,3627.0,3627.0,3627.0,3627.0,3627.0,3627.0,3627.0,3627.0,3627.0,3627.0,3627.0,3627.0,3627.0,3627.0,3627.0,3627.0,3627.0,3627.0,3627.0,3627.0,3627.0,3627.0,3627.0,3627.0,3627.0,3627.0,3627.0,3627.0,3627.0,3627.0,3627.0,3627.0,3627.0,3627.0,3627.0,3627.0,3627.0,3627.0,3627.0,3627.0,3627.0,3627.0,3627.0,3627.0,3627.0,3627.0,3618.0,3618.0,3618.0,3618.0,3618.0,3618.0,3618.0,3618.0,3618.0,3618.0,3618.0,3618.0,3618.0,3618.0,3618.0,3618.0,3618.0,3618.0,3618.0,3618.0,3618.0,3618.0,3618.0,3618.0,3618.0,3618.0,3618.0,3618.0,3618.0,3618.0,3618.0,3618.0,3618.0,3618.0,3618.0,3617.0,3617.0,3617.0,3617.0,3617.0,3617.0,3617.0,3617.0,3617.0,3617.0,3617.0,3617.0,3617.0,3616.0,3616.0,3616.0,3616.0,3616.0,3616.0,3616.0,3616.0,3616.0,3616.0,3616.0,3616.0,3616.0,3616.0,3616.0,3615.0,3615.0,3615.0,3615.0,3615.0,3615.0,3615.0,3615.0,3615.0,3615.0,3615.0,3615.0,3614.0,3614.0,3614.0,3614.0,3614.0,3614.0,3614.0,3614.0,3614.0,3614.0,3614.0,3614.0,3614.0,3614.0,3614.0,3614.0,3614.0,3614.0,3614.0,3614.0,3614.0,3614.0,3614.0,3614.0,3614.0,3614.0,3614.0,3614.0,3614.0,3613.0,3613.0,3613.0,3613.0,3613.0,3613.0,3613.0,3613.0,3613.0,3613.0,3613.0,3613.0,3613.0,3613.0,3613.0,3613.0,3613.0,3613.0,3613.0,3613.0,3613.0,3613.0,3613.0,3612.0
tune_6,Testing/network-cor-forma_eu_27t.txt,0.05,0.05,0.03,50,5,0.9,0.01,largest,1,50,3380.0,395.73,3723,0,11878.0,8060.0,7883.0,7883.0,7883.0,7883.0,7883.0,7714.0,7662.0,7627.0,7627.0,7270.0,4157.0,3007.0,1266.0,1266.0,1266.0,1266.0,1266.0,1266.0,1266.0,1266.0,1266.0,1266.0,1266.0,1266.0,1266.0,1266.0,1266.0,1266.0,1266.0,1266.0,1266.0,1266.0,1266.0,1266.0,1266.0,1266.0,1266.0,1266.0,1266.0,1266.0,1266.0,1266.0,1266.0,1266.0,1266.0,1256.0,1256.0,1256.0,1256.0,1256.0,1256.0,1256.0,1256.0,1256.0,1256.0,1256.0,1256.0,1256.0,1205.0,1205.0,1205.0,1205.0,1205.0,1205.0,1205.0,1205.0,1205.0,1205.0,1205.0,1205.0,1205.0,1205.0,1205.0,1205.0,1205.0,1205.0,1205.0,1205.0,1205.0,1205.0,1205.0,1205.0,1205.0,1205.0,1205.0,1205.0,1205.0,1205.0,1205.0,1205.0,1205.0,1205.0,1205.0,1205.0,1205.0,1205.0,1205.0,1205.0,1205.0,1205.0,1205.0,1205.0,1205.0,1205.0,1205.0,1205.0,1205.0,1205.0,1205.0,1205.0,1205.0,1205.0,1205.0,1205.0,1205.0,1205.0,1205.0,1205.0,1205.0,1205.0,1205.0,1205.0,1205.0,1205.0,1205.0,1205.0,1205.0,1205.0,1205.0,1205.0,1205.0,1205.0,1205.0,1205.0,1205.0,1205.0,1205.0,1205.0,1205.0,1205.0,1205.0,1205.0,1205.0,1205.0,1205.0,1205.0,1205.0,1205.0,1205.0,1205.0,1205.0,1205.0,1205.0,1205.0,1205.0,1205.0,1205.0,1205.0,1205.0,1205.0,1204.0,1204.0,1204.0,1204.0,1204.0,1204.0,1204.0,1204.0,1204.0,1204.0,1204.0,1204.0,1204.0,1204.0,1204.0,1204.0,1204.0,1204.0,1204.0,1204.0,1204.0,1204.0,1204.0,1204.0,1204.0,1204.0,1204.0,1204.0,1204.0,1204.0,1204.0,1204.0,1204.0,1204.0,1204.0,1204.0,1204.0,1204.0
tune_10,Testing/network-cor-forma_eu_27t.txt,0.05,0.05,0.03,50,5,0.9,0.01,largest,1,50,2238.0,338.61,3712,0,11964.0,11964.0,8853.0,8562.0,8444.0,8444.0,8344.0,8344.0,7902.0,7902.0,7902.0,7280.0,4608.0,4608.0,3941.0,2906.0,2906.0,2906.0,2906.0,2906.0,2906.0,2906.0,2906.0,2906.0,2906.0,2906.0,2906.0,2906.0,2906.0,2906.0,2906.0,2906.0,2906.0,2906.0,2898.0,2898.0,2898.0,2898.0,2898.0,2865.0,2865.0,2865.0,2865.0,2865.0,2865.0,2865.0,2865.0,2865.0,2865.0,2865.0,2865.0,2865.0,2865.0,2865.0,2865.0,2842.0,2842.0,2842.0,2842.0,2842.0,2842.0,2842.0,2842.0,2842.0,2842.0,2842.0,2842.0,2842.0,2842.0,2842.0,2842.0,2842.0,2842.0,2842.0,2842.0,2842.0,2842.0,2842.0,2842.0,2842.0,2842.0,2842.0,2842.0,2842.0,2842.0,2842.0,2842.0,2842.0,2842.0,2842.0,2842.0,2842.0,2842.0,2842.0,2842.0,2842.0,2842.0,2842.0,2842.0,2842.0,2842.0,2842.0,2842.0,2842.0,2842.0,2842.0,2842.0,2842.0,2841.0,2841.0,2841.0,2841.0,2841.0,2841.0,2841.0,2841.0,2841.0,2841.0,2841.0,2841.0,2840.0,2840.0,2840.0,2840.0,2840.0,2840.0,2840.0,2840.0,2840.0,2840.0,2840.0,2840.0,2840.0,2840.0,2840.0,2840.0,2840.0,2840.0,2840.0,2840.0,2840.0,2840.0,2840.0,2840.0,2840.0,2840.0,2840.0,2840.0,2840.0,2840.0,2840.0,2840.0,2840.0,2840.0,2840.0,2838.0,2838.0,2838.0,2838.0,2838.0,2838.0,2838.0,2838.0,2838.0,2838.0,2838.0,2838.0,2838.0,2838.0,2838.0,2838.0,2838.0,2838.0,2838.0,2838.0,2838.0,2838.0,2838.0,2838.0,2838.0,2838.0,2838.0,2838.0,2838.0,2838.0,2838.0,2838.0,2838.0,2838.0,2838.0,2838.0,2838.0,2838.0,2838.0,2838.0,2838.0,2838.0,2838.0,2838.0,2838.0
tune_8,Testing/network-cor-forma_eu_27t.txt,0.05,0.05,0.03,50,5,0.9,0.01,largest,1,50,1678.0,379.94,3675,0,9760.0,8719.0,8719.0,8719.0,8154.0,6906.0,6906.0,6906.0,6710.0,6710.0,6710.0,3388.0,3388.0,3388.0,3388.0,3388.0,3388.0,3313.0,2916.0,2916.0,2916.0,2916.0,2916.0,2916.0,2916.0,2916.0,2916.0,2916.0,2916.0,2916.0,2916.0,2916.0,2916.0,2916.0,2916.0,2916.0,2916.0,2916.0,2916.0,2916.0,2916.0,2916.0,2916.0,2916.0,2916.0,2916.0,2916.0,2916.0,2916.0,2916.0,2916.0,2916.0,2916.0,2916.0,2916.0,2916.0,2916.0,2916.0,2916.0,2916.0,2916.0,2916.0,2916.0,2916.0,2873.0,2873.0,2873.0,2873.0,2873.0,2873.0,2873.0,2873.0,2873.0,2873.0,2873.0,2869.0,2865.0,2865.0,2865.0,2865.0,2865.0,2865.0,2865.0,2865.0,2865.0,2865.0,2865.0,2865.0,2865.0,2865.0,2865.0,2865.0,2865.0,2865.0,2865.0,2864.0,2864.0,2864.0,2864.0,2864.0,2864.0,2864.0,2864.0,2864.0,2864.0,2864.0,2864.0,2864.0,2864.0,2864.0,2864.0,2864.0,2864.0,2864.0,2864.0,2864.0,2864.0,2864.0,2864.0,2864.0,2864.0,2864.0,2864.0,2864.0,2863.0,2863.0,2863.0,2863.0,2863.0,2863.0,2863.0,2863.0,2863.0,2863.0,2862.0,2862.0,2862.0,2862.0,2862.0,2862.0,2862.0,2862.0,2862.0,2862.0,2862.0,2862.0,2862.0,2862.0,2862.0,2862.0,2862.0,2862.0,2862.0,2862.0,2862.0,2862.0,2862.0,2862.0,2862.0,2861.0,2861.0,2861.0,2861.0,2861.0,2861.0,2861.0,2861.0,2861.0,2861.0,2861.0,2861.0,2861.0,2861.0,2861.0,2861.0,2861.0,2861.0,2861.0,2861.0,2861.0,2861.0,2861.0,2861.0,2861.0,2861.0,2861.0,2861.0,2861.0,2861.0,2861.0,2861.0,2861.0,2861.0,2861.0,2861.0,2861.0,2861.0,2861.0,2861.0,2861.0
tune_2,Testing/network-cor-forma_eu_27t.txt,0.05,0.05,0.03,50,5,0.9,0.01,pairwise,0,50,25683497.0,344.68,3704,0,70706686.0,70706686.0,69983130.0,69487254.0,47547976.0,38188876.0,32758434.0,32758434.0,27325120.0,27325120.0,26827960.0,24104987.0,13663210.0,1690809.0,1690809.0,1690809.0,1690809.0,1690809.0,1690809.0,1690809.0,1690809.0,1690809.0,1690809.0,1690809.0,1690809.0,1690809.0,1690809.0,1690809.0,1690809.0,1690809.0,1690809.0,1690809.0,1690809.0,1690809.0,1690809.0,1690809.0,1690809.0,1690809.0,1690809.0,1690809.0,1690809.0,1690809.0,1690809.0,1690809.0,1690809.0,1690809.0,1690809.0,1690809.0,1690809.0,1690809.0,1690809.0,1690809.0,1690809.0,1690809.0,1690809.0,1690809.0,1690809.0,1690809.0,1690809.0,1690809.0,1690809.0,1690809.0,1690809.0,1690809.0,1690809.0,1690809.0,1690809.0,1690809.0,1690809.0,1690809.0,1690809.0,1690809.0,1690809.0,1690809.0,1690809.0,1690809.0,1690809.0,1690809.0,1690809.0,1677109.0,1677109.0,1677109.0,1677109.0,1677109.0,1677109.0,1677109.0,1677109.0,1673661.0,1673661.0,1673661.0,1673661.0,1673661.0,1673661.0,1673661.0,1673661.0,1673661.0,1673661.0,1673661.0,1673661.0,1673661.0,1673661.0,1673661.0,1673661.0,1673661.0,1673661.0,1673661.0,1673661.0,1673661.0,1673661.0,1673661.0,1673661.0,1673661.0,1673661.0,1673657.0,1673657.0,1673657.0,1673657.0,1673657.0,1673657.0,1673657.0,1673657.0,1673657.0,1673657.0,1673657.0,1673657.0,1673657.0,1673657.0,1673657.0,1673657.0,1673657.0,1673657.0,1673657.0,1673657.0,1673657.0,1673657.0,1673657.0,1673657.0,1673657.0,1673657.0,1673657.0,1673657.0,1673657.0,1673657.0,1673657.0,1673657.0,1673657.0,1673657.0,1673657.0,1673657.0,1673657.0,1673657.0,1673657.0,1673657.0,1673657.0,1673568.0,1673568.0,1673568.0,1673568.0,1673568.0,1673568.0,1673568.0,1673568.0,1673568.0,1673568.0,1673568.0,1673568.0,1673568.0,1673568.0,1673568.0,1673568.0,1673568.0,1673568.0
tune_1,Testing/network-cor-forma_eu_27t.txt,0.05,0.05,0.03,50,5,0.9,0.01,pairwise,0,50,6508559.0,368.42,3718,0,48371972.0,48371972.0,48371972.0,44009017.0,44009017.0,44009017.0,37614824.0,37614824.0,37614824.0,37614824.0,37614824.0,37614824.0,37614824.0,37614824.0,26260017.0,19012006.0,8880230.0,5590769.0,5590769.0,5258019.0,4708618.0,3443508.0,3443508.0,2897794.0,2897794.0,2897794.0,2897794.0,2897794.0,2897794.0,2897794.0,2897794.0,2897794.0,2897794.0,2897794.0,2897794.0,2897794.0,2897794.0,2897794.0,2897794.0,2897794.0,2897794.0,2897794.0,2897794.0,2897794.0,2897794.0,2897794.0,2897794.0,2897794.0,2897794.0,2897794.0,2897794.0,2897794.0,2897794.0,2897794.0,2897794.0,2897794.0,2897794.0,2897794.0,2897794.0,2897794.0,2897794.0,2897794.0,2897794.0,2897794.0,2880901.0,2880901.0,2880901.0,2880901.0,2880901.0,2880901.0,2880901.0,2880901.0,2880901.0,2880901.0,2880901.0,2880901.0,2880901.0,2880901.0,2880901.0,2880901.0,2880901.0,2880901.0,2880901.0,2880901.0,2880901.0,2880901.0,2880901.0,2880901.0,2880901.0,2880901.0,2880901.0,2880901.0,2880901.0,2880901.0,2880901.0,2880901.0,2880901.0,2878497.0,2878497.0,2878497.0,2878497.0,2878497.0,2878497.0,2878497.0,2878497.0,2878497.0,2878497.0,2878497.0,2878497.0,2878497.0,2878497.0,2878497.0,2878497.0,2878497.0,2878497.0,2878497.0,2878450.0,2878450.0,2878450.0,2878450.0,2878450.0,2878450.0,2878450.0,2878450.0,2876158.0,2876158.0,2876158.0,2876158.0,2876158.0,2876158.0,2876158.0,2876158.0,2876158.0,2876158.0,2876158.0,2876158.0,2876158.0,2876158.0,2876158.0,2876091.0,2876091.0,2876091.0,2876091.0,2876091.0,2876091.0,2876091.0,2876091.0,2876091.0,2876091.0,2876091.0,2876091.0,2876091.0,2876091.0,2876091.0,2873728.0,2873728.0,2873728.0,2873728.0,2873728.0,2873728.0,2873728.0,2873728.0,2873728.0,2873728.0,2873690.0,2873690.0,2873690.0,2873690.0,2873690.0,2873690.0,2873690.0,2873690.0,2873690.0,2873689.0,2873689.0,1848468.0,1848468.0,1848468.0,1848468.0
tune_3,Testing/network-cor-forma_eu_27t.txt,0.05,0.05,0.03,50,5,0.9,0.01,pairwise,0,50,1774502.0,357.54,3660,0,69995483.0,68946300.0,36255274.0,36255274.0,36255274.0,30715489.0,30715489.0,25001689.0,25001689.0,25001689.0,24687162.0,24687162.0,23857576.0,8004807.0,6201838.0,4420274.0,3392024.0,3392024.0,3392024.0,3392024.0,3392024.0,3392024.0,3392024.0,3392024.0,3392024.0,3392024.0,3392024.0,3392024.0,3392024.0,3392024.0,3392024.0,3392024.0,3392024.0,3392024.0,3392024.0,3392024.0,3392024.0,3392024.0,3392024.0,3392024.0,3392024.0,3392024.0,3392024.0,3392024.0,3392024.0,3392024.0,3392024.0,3392024.0,3392024.0,3392024.0,3392024.0,3392024.0,3392024.0,3392024.0,3392024.0,3392024.0,3392024.0,3392024.0,3392024.0,3392024.0,3392024.0,3392024.0,3392024.0,3392024.0,3392024.0,3392024.0,3392024.0,3392024.0,3392024.0,3392024.0,3392024.0,3392024.0,3392024.0,3391268.0,3391268.0,3391268.0,3391268.0,3391268.0,3391268.0,3384691.0,3384691.0,3384691.0,3384691.0,3384691.0,3384691.0,3384691.0,3384691.0,3384691.0,3384691.0,3384691.0,3384691.0,3384691.0,3384691.0,3384691.0,3384691.0,3384691.0,3384691.0,3384691.0,3384691.0,3384691.0,3384691.0,3384691.0,3384691.0,3384691.0,3384691.0,3384614.0,3384614.0,3382125.0,3382125.0,3382125.0,3382125.0,3382125.0,3382125.0,3382125.0,3382125.0,3382125.0,3382125.0,3382125.0,3382125.0,3382125.0,3382125.0,3382125.0,3382125.0,3382125.0,3382125.0,3382125.0,3382125.0,3382125.0,3382125.0,3382125.0,3382125.0,3382125.0,3382125.0,3382125.0,3382125.0,3382125.0,3382125.0,3382125.0,3382125.0,3379574.0,3379574.0,3379574.0,3379574.0,3379574.0,3379574.0,3379574.0,3379574.0,3379574.0,3379574.0,3379574.0,3379574.0,3379566.0,3379566.0,3379566.0,3379566.0,3379566.0,3379566.0,3379566.0,3379566.0,3379566.0,3379566.0,3379566.0,3379566.0,3379566.0,3379566.0,3379566.0,3379566.0,3379566.0,3379566.0,3379566.0,3379566.0,5074402.0,5074402.0,5074402.0,5074402.0,5074402.0,5074402.0,5074402.0,5074402.0,5074402.0,5074402.0,5074369.0,5074369.0,5074369.0,5074369.0,5074369.0,5074369.0
tune_4,Testing/network-cor-forma_eu_27t.txt,0.05,0.05,0.03,50,5,0.9,0.01,pairwise,0,50,1447439.0,357.35,3617,0,48488188.0,48488188.0,48488188.0,47382996.0,36172680.0,32583716.0,32583716.0,31218529.0,31218529.0,31218529.0,26703612.0,26703612.0,10470117.0,8836672.0,5031610.0,2424534.0,2055786.0,2055786.0,2055786.0,2055786.0,2055786.0,2055786.0,2055786.0,2055786.0,2055786.0,2055786.0,1978494.0,1978494.0,1978494.0,1978494.0,1978494.0,1978494.0,1978494.0,1978494.0,1978494.0,1584343.0,1584343.0,1584343.0,1584343.0,1584343.0,1584343.0,1584343.0,1584343.0,1584343.0,1584343.0,1584343.0,1584343.0,1584343.0,1584343.0,1584343.0,1584343.0,1584343.0,1584343.0,1577742.0,1577742.0,1577742.0,1577742.0,1577742.0,1577742.0,1577742.0,1577742.0,1527162.0,1527162.0,1527162.0,1527162.0,1527162.0,1527162.0,1527162.0,1527162.0,1527162.0,1527162.0,1527162.0,1527162.0,1527162.0,1527162.0,1527162.0,1527162.0,1527162.0,1527162.0,1527162.0,1527162.0,1527162.0,1527162.0,1527162.0,1527162.0,1527162.0,1527162.0,1527162.0,1527162.0,1527162.0,1527162.0,1527162.0,1527162.0,1527162.0,1527162.0,1527162.0,1527162.0,1527162.0,1527162.0,1527162.0,1527162.0,1527162.0,1527162.0,1527162.0,1527162.0,1527162.0,1527162.0,1527162.0,1527162.0,1527067.0,1527067.0,1527067.0,1527067.0,1527067.0,1527067.0,1527067.0,1527067.0,1527067.0,1527067.0,1527025.0,1527025.0,1527025.0,1527025.0,1527025.0,1527025.0,1525423.0,1525423.0,1525423.0,1525423.0,1525423.0,1525423.0,1525423.0,1525423.0,1525423.0,1525423.0,1525423.0,1525423.0,1525423.0,1525395.0,1525395.0,1525395.0,1525395.0,1525395.0,1525395.0,1525395.0,1525395.0,1525395.0,1525395.0,1525395.0,1525395.0,1525395.0,1525395.0,1525395.0,1525395.0,1525395.0,1525395.0,1525395.0,1525395.0,1525395.0,1525395.0,1525395.0,1525395.0,1525395.0,1525395.0,1525395.0,1525395.0,1525373.0,1525373.0,1525373.0,1525373.0,1525336.0,1973385.0,1973385.0,1973385.0,1973385.0,1973385.0,1973385.0,1973385.0,1973385.0,1973385.0,1973385.0,1973385.0,1973385.0,1973385.0,1973385.0,1973385.0
tune_5,Testing/network-cor-forma_eu_27t.txt,0.05,0.05,0.03,50,5,0.9,0.01,pairwise,0,50,3393132.0,355.62,3685,0,51546973.0,49029742.0,49029742.0,49029742.0,47498553.0,38487211.0,37927312.0,36169575.0,36169575.0,33389072.0,33389072.0,26616041.0,26325242.0,5422387.0,5422387.0,4164085.0,4164085.0,4164085.0,4164085.0,4164085.0,4164085.0,4164085.0,4164085.0,4164085.0,4164085.0,4164085.0,4164085.0,4164085.0,4164085.0,4164085.0,4164085.0,4164085.0,4164085.0,4164085.0,4164085.0,4164085.0,4164085.0,4164085.0,4164085.0,3387190.0,3387190.0,3387190.0,3387190.0,3387190.0,3307762.0,3307762.0,3307762.0,2166736.0,2166736.0,2166736.0,2166736.0,2166736.0,2166736.0,2166736.0,2166736.0,2166736.0,2166736.0,2166736.0,2166736.0,2166736.0,2166736.0,2166736.0,2166736.0,2166736.0,2166736.0,2166736.0,2166736.0,2166736.0,2166736.0,2166736.0,2166736.0,2166736.0,2166736.0,2166736.0,2149654.0,2149654.0,2149654.0,2149654.0,2149654.0,2149654.0,2149654.0,2149654.0,2149654.0,2149654.0,2149654.0,2149654.0,2149654.0,2149654.0,2149654.0,2149654.0,2149654.0,2149654.0,2149654.0,2149654.0,2149654.0,2149654.0,2149654.0,2149654.0,2149654.0,2149654.0,2149654.0,2149654.0,2149654.0,2149654.0,2149654.0,2149654.0,2149654.0,2149654.0,2149654.0,2149654.0,2149654.0,2149654.0,2149654.0,2149654.0,2149654.0,2149654.0,2147646.0,2147646.0,2147646.0,2147646.0,2147646.0,2147646.0,2147646.0,2147646.0,2147646.0,2147646.0,2147646.0,2147646.0,2147646.0,2147646.0,2147646.0,2147646.0,2147646.0,2147646.0,2147646.0,2147646.0,2147646.0,2147646.0,2147646.0,2147646.0,2147646.0,2147646.0,2147646.0,2147646.0,2147646.0,2147646.0,2147646.0,2147646.0,2147646.0,2147646.0,2147646.0,2147646.0,2147646.0,2147646.0,2147642.0,2147642.0,2147642.0,3183966.0,3183966.0,3183966.0,3183966.0,3183966.0,3183966.0,3183966.0,3183966.0,3181480.0,3181480.0,3181480.0,3181480.0,3181480.0,3181480.0,3181480.0,3181480.0,3181480.0,3181480.0,3181480.0,3181480.0,3181480.0,3181480.0,3181480.0,3181480.0,3181480.0,3178995.0,3178995.0,3178995.0,3178995.0,3178995.0,3178995.0,3178995.0,3178995.0,3178995.0,3178995.0,3178995.0,3178973.0,3178973.0,3178973.0,3178973.0,3178973.0,3178973.0
tune_6,Testing/network-cor-forma_eu_27t.txt,0.05,0.05,0.03,50,5,0.9,0.01,pairwise,0,50,3299754.0,359.66,3672,0,70303020.0,69770449.0,48411207.0,37754271.0,36035318.0,33352468.0,33352468.0,32848364.0,31228611.0,28557111.0,28557111.0,23438392.0,23438392.0,23438392.0,23438392.0,9782455.0,9782455.0,8281194.0,6104530.0,5690989.0,5690989.0,5690989.0,5690989.0,5690989.0,5690989.0,5690989.0,5690989.0,5690989.0,5690989.0,5690989.0,5690989.0,5690989.0,5030161.0,5030161.0,5030161.0,5030161.0,5030161.0,5030161.0,5030161.0,5030161.0,5030161.0,5030161.0,5030161.0,5030161.0,5030161.0,5030161.0,5030161.0,5030161.0,5030161.0,5030161.0,5030161.0,5030161.0,5030161.0,5030161.0,5030161.0,5030161.0,5030161.0,5030161.0,5030161.0,5030161.0,5030161.0,5030161.0,5030161.0,5030161.0,5030161.0,5030161.0,5030161.0,5030161.0,5030161.0,5030161.0,5030161.0,5030161.0,5030161.0,5030161.0,5030161.0,5030161.0,5030161.0,5030161.0,5030161.0,5030161.0,5030161.0,5030161.0,5030161.0,5030161.0,5030161.0,5030161.0,5030161.0,5030161.0,5030161.0,5030161.0,5030161.0,5030161.0,5016880.0,5016880.0,5016880.0,5016880.0,5016880.0,5016880.0,5016880.0,5016880.0,5016880.0,5016880.0,5016880.0,5016880.0,5016880.0,5016880.0,5016880.0,5016868.0,5016868.0,5016868.0,5016868.0,5016868.0,5016868.0,5016868.0,5016868.0,5016835.0,5016835.0,5016835.0,5016835.0,5016835.0,5016835.0,5016835.0,5016835.0,5016835.0,5016835.0,5016835.0,5016835.0,5016835.0,5016835.0,5016835.0,5016830.0,5016830.0,5016830.0,5016830.0,5016830.0,5016830.0,5016830.0,5016830.0,5016830.0,5016830.0,5016830.0,5016830.0,5016830.0,5016830.0,5016830.0,5016830.0,5016830.0,5013708.0,5013708.0,5013708.0,5013708.0,5013708.0,5013708.0,5013708.0,2666093.0,2666093.0,2666093.0,2666093.0,2666093.0,2666093.0,2666093.0,2666093.0,2666093.0,2666006.0,2666006.0,2666006.0,2666006.0,2666006.0,2665948.0,2665948.0,2665948.0,2665948.0,2665948.0,2665948.0,2665948.0,2665948.0,2665948.0,2665948.0,2665948.0,2665948.0,2665948.0,2665948.0,2665948.0,2665948.0,2665945.0,2665945.0,2665943.0,2665943.0,2665943.0,2665943.0,2665943.0
tune_7,Testing/network-cor-forma_eu_27t.txt,0.05,0.05,0.03,50,5,0.9,0.01,pairwise,0,50,1182787.0,351.10,3650,-1
tune_8,Testing/network-cor-forma_eu_27t.txt,0.05,0.05,0.03,50,5,0.9,0.01,pairwise,0,50,2585420.0,355.45,3696,0,48399965.0,46172582.0,35858801.0,35858801.0,24520042.0,24520042.0,24520042.0,24520042.0,24399767.0,24399767.0,24399767.0,24399767.0,13020917.0,8188121.0,3354330.0,3354330.0,3021935.0,3021935.0,3021935.0,3021935.0,3021935.0,3021935.0,3021935.0,3021935.0,3021935.0,3021935.0,3021935.0,3021935.0,3021935.0,3021935.0,3021935.0,3021935.0,3021935.0,3021935.0,3021935.0,3021935.0,3021935.0,3021935.0,3021935.0,3021935.0,3021935.0,3021935.0,3021935.0,3021935.0,2819743.0,2819743.0,2819743.0,2819743.0,2819743.0,2819743.0,2819743.0,2819743.0,2819743.0,2819743.0,2819743.0,2819743.0,2819743.0,2819743.0,2819743.0,2819743.0,2819743.0,2819743.0,2819743.0,2819731.0,2819731.0,2819731.0,2819731.0,2819731.0,2819731.0,2819731.0,2819731.0,2819731.0,2819731.0,2819731.0,2819731.0,2819731.0,2819731.0,2819731.0,2819731.0,2819731.0,2819731.0,2817517.0,2817517.0,2817517.0,2817517.0,2817517.0,2817517.0,2817517.0,2817517.0,2817517.0,2817517.0,2817517.0,2817517.0,2817517.0,2817517.0,2817517.0,2817517.0,2817517.0,2817517.0,2817517.0,2817517.0,2817517.0,2817486.0,2817486.0,2817486.0,2817486.0,2817486.0,2817486.0,2817486.0,2817486.0,2817486.0,2817486.0,2817486.0,2817486.0,2817486.0,2817486.0,2817486.0,2817486.0,2817486.0,2817486.0,2817475.0,2817475.0,2817475.0,2815180.0,2815180.0,2815180.0,2815180.0,2815180.0,2815180.0,2815180.0,2815180.0,2815180.0,2815180.0,2815180.0,2815180.0,2815180.0,2815180.0,2815180.0,2815146.0,2815146.0,2815146.0,2815146.0,2815146.0,2815146.0,2815146.0,2815146.0,2815146.0,2815146.0,2815146.0,2815146.0,2815146.0,2815146.0,2815146.0,2815146.0,2815146.0,2815146.0,2815146.0,2812843.0,2812843.0,2812843.0,2812843.0,2812843.0,2812843.0,2812843.0,2812843.0,2812843.0,2812843.0,2812843.0,2812843.0,2812843.0,2812843.0,2812843.0,2812843.0,2812813.0,2812813.0,2812813.0,2812813.0,2812813.0,2812813.0,2812813.0,2812813.0,2812813.0,2812813.0,2812813.0,2812813.0,2812813.0,2812813.0
tune_9,Testing/network-cor-forma_eu_27t.txt,0.05,0.05,0.03,50,5,0.9,0.01,pairwise,0,50,4356557.0,360.36,3692,0,46752337.0,45630672.0,45630672.0,26506717.0,26506717.0,26506717.0,9470712.0,9470712.0,9470712.0,6712392.0,3593527.0,2466881.0,2104074.0,2104074.0,2104074.0,2104074.0,2104074.0,2104074.0,2104074.0,2104074.0,2104074.0,2104074.0,2104074.0,2104074.0,2104074.0,2104074.0,2104074.0,2104074.0,2104074.0,2104074.0,2104074.0,2104074.0,2104074.0,2104074.0,2104074.0,2104074.0,2104074.0,2104074.0,2104074.0,2104074.0,2104074.0,2104074.0,2104074.0,2104074.0,2104074.0,2104074.0,2104074.0,2104074.0,2104074.0,2104074.0,2104074.0,2104074.0,2104074.0,2104074.0,2104074.0,2104074.0,2104074.0,2104074.0,2104074.0,2104074.0,2104021.0,2104021.0,2104021.0,2104021.0,2104021.0,2104021.0,2104021.0,2104021.0,2104021.0,2104021.0,2104021.0,2104021.0,2104021.0,2104021.0,2104021.0,2104021.0,2104021.0,2104021.0,2104021.0,2104021.0,2104021.0,2104021.0,2104021.0,2104021.0,2104021.0,2104021.0,2104021.0,2104021.0,2104021.0,2104021.0,2104021.0,2104021.0,2104021.0,2102054.0,2102054.0,2102054.0,2102054.0,2102054.0,2102054.0,2102054.0,2102054.0,2102054.0,2102054.0,2102054.0,2102054.0,2102054.0,2102054.0,2102054.0,2102054.0,2102054.0,2102054.0,2102054.0,2102054.0,2102054.0,2102054.0,2102054.0,2102051.0,2102051.0,2102038.0,2102038.0,2102038.0,2102038.0,2102038.0,2102038.0,2100101.0,2100101.0,2100101.0,2100101.0,2100101.0,2100101.0,2100101.0,2100101.0,2100101.0,2100095.0,2100095.0,2100095.0,2100095.0,2100095.0,2100095.0,2100095.0,2100095.0,2100095.0,2100095.0,2100095.0,2100095.0,2100094.0,2100094.0,2100092.0,2100092.0,2100092.0,2100092.0,2100092.0,2100092.0,2100092.0,2100092.0,2100092.0,2100092.0,2100092.0,2100092.0,2100092.0,2100092.0,2100092.0,2100092.0,2100092.0,2099839.0,2099839.0,2098127.0,2098127.0,2098127.0,2098127.0,2098127.0,2098127.0,2098127.0,2098127.0,2098127.0,2098127.0,2098127.0,2097889.0,2097889.0,2097889.0,2097889.0,2097889.0,2097889.0,2097889.0,2097889.0
tune_2,Testing/network-cor-forma_eu_27t.txt,0.05,0.05,0.03,50,5,0.9,0.01,pairwise,1,50,25683497.0,320.26,3677,0,70706686.0,70706686.0,69983130.0,69487254.0,47547976.0,38188876.0,32758434.0,32758434.0,27325120.0,27325120.0,26827960.0,24104987.0,13663210.0,1690809.0,1690809.0,1690809.0,1690809.0,1690809.0,1690809.0,1690809.0,1690809.0,1690809.0,1690809.0,1690809.0,1690809.0,1690809.0,1690809.0,1690809.0,1690809.0,1690809.0,1690809.0,1690809.0,1690809.0,1690809.0,1690809.0,1690809.0,1690809.0,1690809.0,1690809.0,1690809.0,1690809.0,1690809.0,1690809.0,1690809.0,1690809.0,1690809.0,1690809.0,1690809.0,1690809.0,1690809.0,1690809.0,1690809.0,1690809.0,1690809.0,1690809.0,1690809.0,1690809.0,1690809.0,1690809.0,1690809.0,1690809.0,1690809.0,1690809.0,1690809.0,1690809.0,1690809.0,1690809.0,1690809.0,1690809.0,1690809.0,1690809.0,1690809.0,1690809.0,1690809.0,1690809.0,1690809.0,1690809.0,1690809.0,1690809.0,1677109.0,1677109.0,1677109.0,1677109.0,1677109.0,1677109.0,1677109.0,1677109.0,1673661.0,1673661.0,1673661.0,1673661.0,1673661.0,1673661.0,1673661.0,1673661.0,1673661.0,1673661.0,1673661.0,1673661.0,1673661.0,1673661.0,1673661.0,1673661.0,1673661.0,1673661.0,1673661.0,1673661.0,1673661.0,1673661.0,1673661.0,1673661.0,1673661.0,1673661.0,1673657.0,1673657.0,1673657.0,1673657.0,1673657.0,1673657.0,1673657.0,1673657.0,1673657.0,1673657.0,1673657.0,1673657.0,1673657.0,1673657.0,1673657.0,1673657.0,1673657.0,1673657.0,1673657.0,1673657.0,1673657.0,1673657.0,1673657.0,1673657.0,1673657.0,1673657.0,1673657.0,1673657.0,1673657.0,1673657.0,1673657.0,1673657.0,1673657.0,1673657.0,1673657.0,1673657.0,1673657.0,1673657.0,1673657.0,1673657.0,1673657.0,1673568.0,1673568.0,1673568.0,1673568.0,1673568.0,1673568.0,1673568.0,1673568.0,1673568.0,1673568.0,1673568.0,1673568.0,1673568.0,1673568.0,1673568.0,1673568.0,1673568.0,1673568.0
tune_10,Testing/network-cor-forma_eu_27t.txt,0.05,0.05,0.03,50,5,0.9,0.01,pairwise,0,50,3011111.0,358.04,3686,0,49617003.0,49617003.0,38716912.0,31958068.0,31958068.0,31958068.0,31958068.0,31958068.0,31958068.0,31958068.0,26543100.0,26485333.0,4237669.0,4237669.0,3184654.0,2607564.0,2607564.0,2607564.0,2607564.0,2607564.0,2607564.0,2607564.0,2607564.0,2607564.0,2607564.0,2607564.0,2607564.0,2607564.0,2607564.0,2607564.0,2607564.0,2607564.0,2607564.0,2465515.0,2465515.0,2465515.0,2465515.0,2465515.0,2465515.0,2465515.0,2465515.0,2465515.0,2465515.0,2465515.0,2465515.0,2465515.0,2465515.0,2465515.0,2465515.0,2465515.0,2465515.0,2465515.0,2465515.0,2465515.0,2465515.0,2465443.0,2465443.0,2465443.0,2465443.0,2465443.0,2465443.0,2465443.0,2465443.0,2465443.0,2465443.0,2465443.0,2465443.0,2465443.0,2465443.0,2465443.0,2465443.0,2465443.0,2465418.0,2465418.0,2465418.0,2465418.0,2465418.0,2465418.0,2465418.0,2465418.0,2465418.0,2465418.0,2465418.0,2465418.0,2465418.0,2463271.0,2463271.0,2463271.0,2463271.0,2463271.0,2463271.0,2463271.0,2463271.0,2463271.0,2463271.0,2463271.0,2463271.0,2463271.0,2463271.0,2463271.0,2463271.0,2463271.0,2463271.0,2463271.0,2463271.0,2463271.0,2463271.0,2463271.0,2463271.0,2463271.0,2463271.0,2463271.0,2463271.0,2463271.0,2463271.0,2463271.0,2463271.0,2463271.0,2463271.0,2463271.0,2463271.0,2463271.0,2463271.0,2463271.0,2463271.0,2463271.0,2461100.0,2461100.0,2461100.0,2461100.0,2461100.0,2461100.0,2461100.0,2461100.0,2458930.0,2458930.0,2458930.0,2458930.0,2458930.0,2458930.0,2458930.0,2458930.0,2458930.0,2458930.0,2458930.0,2458930.0,2458930.0,2458930.0,2458930.0,2458930.0,2458930.0,2458930.0,2458924.0,2458924.0,2458924.0,2458760.0,2458760.0,2458760.0,2458760.0,2458760.0,2458760.0,2458760.0,2458760.0,2458760.0,2458760.0,2458760.0,2458760.0,2458760.0,2458760.0,2458760.0,2458760.0,2456591.0,2456591.0,2456591.0,2456591.0,2456591.0,2456591.0,2456591.0,2456591.0,2456591.0,2456591.0,2456591.0,2456591.0,2456591.0,2456591.0,2456591.0
tune_1,Testing/network-cor-forma_eu_27t.txt,0.05,0.05,0.03,50,5,0.9,0.01,pairwise,1,50,1438180.0,387.27,3721,0,48371972.0,48371972.0,48371972.0,44009017.0,44009017.0,44009017.0,37614824.0,37614824.0,37614824.0,37614824.0,37614824.0,37614824.0,37614824.0,37614824.0,26260017.0,19012006.0,8880230.0,5590769.0,5590769.0,5258019.0,4708618.0,3443508.0,3443508.0,2897794.0,2897794.0,2897794.0,2897794.0,2897794.0,2897794.0,2897794.0,2897794.0,2897794.0,2897794.0,2897794.0,2897794.0,2897794.0,2897794.0,2897794.0,2897794.0,2897794.0,2897794.0,2897794.0,2897794.0,2897794.0,2897794.0,2897794.0,2897794.0,2897794.0,2897794.0,2897794.0,2897794.0,2897794.0,2897794.0,2897794.0,2897794.0,2897794.0,2897794.0,2897794.0,2897794.0,2897794.0,2897794.0,2897794.0,2897794.0,2897794.0,2880901.0,2880901.0,2880901.0,2880901.0,2880901.0,2880901.0,2880901.0,2880901.0,2880901.0,2880901.0,2880901.0,2880901.0,2880901.0,2880901.0,2880901.0,2880901.0,2880901.0,2880901.0,2880901.0,2880901.0,2880901.0,2880901.0,2880901.0,2880901.0,2880901.0,2880901.0,2880901.0,2880901.0,2880901.0,2880901.0,2880901.0,2880901.0,2880901.0,2878497.0,2878497.0,2878497.0,2878497.0,2878497.0,2878497.0,2878497.0,2878497.0,2878497.0,2878497.0,2878497.0,2878497.0,2878497.0,2878497.0,2878497.0,2878497.0,2878497.0,2878497.0,2878497.0,2878450.0,2878450.0,2878450.0,2878450.0,2878450.0,2878450.0,2878450.0,2878450.0,2876158.0,2876158.0,2876158.0,2876158.0,2876158.0,2876158.0,2876158.0,2876158.0,2876158.0,2876158.0,2876158.0,2876158.0,2876158.0,2876158.0,2876158.0,2876091.0,2876091.0,2876091.0,2876091.0,2876091.0,2876091.0,2876091.0,2876091.0,2876091.0,2876091.0,2876091.0,2876091.0,2876091.0,2876091.0,2876091.0,2873728.0,2873728.0,2873728.0,2873728.0,2873728.0,2873728.0,2873728.0,2873728.0,2873728.0,2873728.0,2873690.0,2873690.0,2873690.0,2873690.0,2873690.0,2873690.0,2873690.0,2873690.0,2873690.0,2873689.0,2873689.0,1848468.0,1848468.0,1848468.0,1848468.0
tune_4,Testing/network-cor-forma_eu_27t.txt,0.05,0.05,0.03,50,5,0.9,0.01,pairwise,1,50,1447439.0,340.16,3672,0,48488188.0,48488188.0,48488188.0,47382996.0,36172680.0,32583716.0,32583716.0,31218529.0,31218529.0,31218529.0,26703612.0,26703612.0,10470117.0,8836672.0,5031610.0,2424534.0,2055786.0,2055786.0,2055786.0,2055786.0,2055786.0,2055786.0,2055786.0,2055786.0,2055786.0,2055786.0,1978494.0,1978494.0,1978494.0,1978494.0,1978494.0,1978494.0,1978494.0,1978494.0,1978494.0,1584343.0,1584343.0,1584343.0,1584343.0,1584343.0,1584343.0,1584343.0,1584343.0,1584343.0,1584343.0,1584343.0,1584343.0,1584343.0,1584343.0,1584343.0,1584343.0,1584343.0,1584343.0,1577742.0,1577742.0,1577742.0,1577742.0,1577742.0,1577742.0,1577742.0,1577742.0,1527162.0,1527162.0,1527162.0,1527162.0,1527162.0,1527162.0,1527162.0,1527162.0,1527162.0,1527162.0,1527162.0,1527162.0,1527162.0,1527162.0,1527162.0,1527162.0,1527162.0,1527162.0,1527162.0,1527162.0,1527162.0,1527162.0,1527162.0,1527162.0,1527162.0,1527162.0,1527162.0,1527162.0,1527162.0,1527162.0,1527162.0,1527162.0,1527162.0,1527162.0,1527162.0,1527162.0,1527162.0,1527162.0,1527162.0,1527162.0,1527162.0,1527162.0,1527162.0,1527162.0,1527162.0,1527162.0,1527162.0,1527162.0,1527067.0,1527067.0,1527067.0,1527067.0,1527067.0,1527067.0,1527067.0,1527067.0,1527067.0,1527067.0,1527025.0,1527025.0,1527025.0,1527025.0,1527025.0,1527025.0,1525423.0,1525423.0,1525423.0,1525423.0,1525423.0,1525423.0,1525423.0,1525423.0,1525423.0,1525423.0,1525423.0,1525423.0,1525423.0,1525395.0,1525395.0,1525395.0,1525395.0,1525395.0,1525395.0,1525395.0,1525395.0,1525395.0,1525395.0,1525395.0,1525395.0,1525395.0,1525395.0,1525395.0,1525395.0,1525395.0,1525395.0,1525395.0,1525395.0,1525395.0,1525395.0,1525395.0,1525395.0,1525395.0,1525395.0,1525395.0,1525395.0,1525373.0,1525373.0,1525373.0,1525373.0,1525336.0,1973385.0,1973385.0,1973385.0,1973385.0,1973385.0,1973385.0,1973385.0,1973385.0,1973385.0,1973385.0,1973385.0,1973385.0,1973385.0,1973385.0,1973385.0
tune_5,Testing/network-cor-forma_eu_27t.txt,0.05,0.05,0.03,50,5,0.9,0.01,pairwise,1,50,3393132.0,374.01,3672,0,51546973.0,49029742.0,49029742.0,49029742.0,47498553.0,38487211.0,37927312.0,36169575.0,36169575.0,33389072.0,33389072.0,26616041.0,26325242.0,5422387.0,5422387.0,4164085.0,4164085.0,4164085.0,4164085.0,4164085.0,4164085.0,4164085.0,4164085.0,4164085.0,4164085.0,4164085.0,4164085.0,4164085.0,4164085.0,4164085.0,4164085.0,4164085.0,4164085.0,4164085.0,4164085.0,4164085.0,4164085.0,4164085.0,4164085.0,3387190.0,3387190.0,3387190.0,3387190.0,3387190.0,3307762.0,3307762.0,3307762.0,2166736.0,2166736.0,2166736.0,2166736.0,2166736.0,2166736.0,2166736.0,2166736.0,2166736.0,2166736.0,2166736.0,2166736.0,2166736.0,2166736.0,2166736.0,2166736.0,2166736.0,2166736.0,2166736.0,2166736.0,2166736.0,2166736.0,2166736.0,2166736.0,2166736.0,2166736.0,2166736.0,2149654.0,2149654.0,2149654.0,2149654.0,2149654.0,2149654.0,2149654.0,2149654.0,2149654.0,2149654.0,2149654.0,2149654.0,2149654.0,2149654.0,2149654.0,2149654.0,2149654.0,2149654.0,2149654.0,2149654.0,2149654.0,2149654.0,2149654.0,2149654.0,2149654.0,2149654.0,2149654.0,2149654.0,2149654.0,2149654.0,2149654.0,2149654.0,2149654.0,2149654.0,2149654.0,2149654.0,2149654.0,2149654.0,2149654.0,2149654.0,2149654.0,2149654.0,2147646.0,2147646.0,2147646.0,2147646.0,2147646.0,2147646.0,2147646.0,2147646.0,2147646.0,2147646.0,2147646.0,2147646.0,2147646.0,2147646.0,2147646.0,2147646.0,2147646.0,2147646.0,2147646.0,2147646.0,2147646.0,2147646.0,2147646.0,2147646.0,2147646.0,2147646.0,2147646.0,2147646.0,2147646.0,2147646.0,2147646.0,2147646.0,2147646.0,2147646.0,2147646.0,2147646.0,2147646.0,2147646.0,2147642.0,2147642.0,2147642.0,3183966.0,3183966.0,3183966.0,3183966.0,3183966.0,3183966.0,3183966.0,3183966.0,3181480.0,3181480.0,3181480.0,3181480.0,3181480.0,3181480.0,3181480.0,3181480.0,3181480.0,3181480.0,3181480.0,3181480.0,3181480.0,3181480.0,3181480.0,3181480.0,3181480.0,3178995.0,3178995.0,3178995.0,3178995.0,3178995.0,3178995.0,3178995.0,3178995.0,3178995.0,3178995.0,3178995.0,3178973.0,3178973.0,3178973.0,3178973.0,3178973.0,3178973.0
tune_6,Testing/network-cor-forma_eu_27t.txt,0.05,0.05,0.03,50,5,0.9,0.01,pairwise,1,50,2533014.0,372.86,3708,0,70303020.0,69770449.0,48411207.0,37754271.0,36035318.0,33352468.0,33352468.0,32848364.0,31228611.0,28557111.0,28557111.0,23438392.0,23438392.0,23438392.0,23438392.0,9782455.0,9782455.0,8281194.0,6104530.0,5690989.0,5690989.0,5690989.0,5690989.0,5690989.0,5690989.0,5690989.0,5690989.0,5690989.0,5690989.0,5690989.0,5690989.0,5690989.0,5030161.0,5030161.0,5030161.0,5030161.0,5030161.0,5030161.0,5030161.0,5030161.0,5030161.0,5030161.0,5030161.0,5030161.0,5030161.0,5030161.0,5030161.0,5030161.0,5030161.0,5030161.0,5030161.0,5030161.0,5030161.0,5030161.0,5030161.0,5030161.0,5030161.0,5030161.0,5030161.0,5030161.0,5030161.0,5030161.0,5030161.0,5030161.0,5030161.0,5030161.0,5030161.0,5030161.0,5030161.0,5030161.0,5030161.0,5030161.0,5030161.0,5030161.0,5030161.0,5030161.0,5030161.0,5030161.0,5030161.0,5030161.0,5030161.0,5030161.0,5030161.0,5030161.0,5030161.0,5030161.0,5030161.0,5030161.0,5030161.0,5030161.0,5030161.0,5030161.0,5016880.0,5016880.0,5016880.0,5016880.0,5016880.0,5016880.0,5016880.0,5016880.0,5016880.0,5016880.0,5016880.0,5016880.0,5016880.0,5016880.0,5016880.0,5016868.0,5016868.0,5016868.0,5016868.0,5016868.0,5016868.0,5016868.0,5016868.0,5016835.0,5016835.0,5016835.0,5016835.0,5016835.0,5016835.0,5016835.0,5016835.0,5016835.0,5016835.0,5016835.0,5016835.0,5016835.0,5016835.0,5016835.0,5016830.0,5016830.0,5016830.0,5016830.0,5016830.0,5016830.0,5016830.0,5016830.0,5016830.0,5016830.0,5016830.0,5016830.0,5016830.0,5016830.0,5016830.0,5016830.0,5016830.0,5013708.0,5013708.0,5013708.0,5013708.0,5013708.0,5013708.0,5013708.0,2666093.0,2666093.0,2666093.0,2666093.0,2666093.0,2666093.0,2666093.0,2666093.0,2666093.0,2666006.0,2666006.0,2666006.0,2666006.0,2666006.0,2665948.0,2665948.0,2665948.0,2665948.0,2665948.0,2665948.0,2665948.0,2665948.0,2665948.0,2665948.0,2665948.0,2665948.0,2665948.0,2665948.0,2665948.0,2665948.0,2665945.0,2665945.0,2665943.0,2665943.0,2665943.0,2665943.0,2665943.0
tune_7,Testing/network-cor-forma_eu_27t.txt,0.05,0.05,0.03,50,5,0.9,0.01,pairwise,1,50,2583054.0,372.01,3717,-1
tune_8,Testing/network-cor-forma_eu_27t.txt,0.05,0.05,0.03,50,5,0.9,0.01,pairwise,1,50,4946537.0,368.84,3656,0,48399965.0,46172582.0,35858801.0,35858801.0,24520042.0,24520042.0,24520042.0,24520042.0,24399767.0,24399767.0,24399767.0,24399767.0,13020917.0,8188121.0,3354330.0,3354330.0,3021935.0,3021935.0,3021935.0,3021935.0,3021935.0,3021935.0,3021935.0,3021935.0,3021935.0,3021935.0,3021935.0,3021935.0,3021935.0,3021935.0,3021935.0,3021935.0,3021935.0,3021935.0,3021935.0,3021935.0,3021935.0,3021935.0,3021935.0,3021935.0,3021935.0,3021935.0,3021935.0,3021935.0,2819743.0,2819743.0,2819743.0,2819743.0,2819743.0,2819743.0,2819743.0,2819743.0,2819743.0,2819743.0,2819743.0,2819743.0,2819743.0,2819743.0,2819743.0,2819743.0,2819743.0,2819743.0,2819743.0,2819731.0,2819731.0,2819731.0,2819731.0,2819731.0,2819731.0,2819731.0,2819731.0,2819731.0,2819731.0,2819731.0,2819731.0,2819731.0,2819731.0,2819731.0,2819731.0,2819731.0,2819731.0,2817517.0,2817517.0,2817517.0,2817517.0,2817517.0,2817517.0,2817517.0,2817517.0,2817517.0,2817517.0,2817517.0,2817517.0,2817517.0,2817517.0,2817517.0,2817517.0,2817517.0,2817517.0,2817517.0,2817517.0,2817517.0,2817486.0,2817486.0,2817486.0,2817486.0,2817486.0,2817486.0,2817486.0,2817486.0,2817486.0,2817486.0,2817486.0,2817486.0,2817486.0,2817486.0,2817486.0,2817486.0,2817486.0,2817486.0,2817475.0,2817475.0,2817475.0,2815180.0,2815180.0,2815180.0,2815180.0,2815180.0,2815180.0,2815180.0,2815180.0,2815180.0,2815180.0,2815180.0,2815180.0,2815180.0,2815180.0,2815180.0,2815146.0,2815146.0,2815146.0,2815146.0,2815146.0,2815146.0,2815146.0,2815146.0,2815146.0,2815146.0,2815146.0,2815146.0,2815146.0,2815146.0,2815146.0,2815146.0,2815146.0,2815146.0,2815146.0,2812843.0,2812843.0,2812843.0,2812843.0,2812843.0,2812843.0,2812843.0,2812843.0,2812843.0,2812843.0,2812843.0,2812843.0,2812843.0,2812843.0,2812843.0,2812843.0,2812813.0,2812813.0,2812813.0,2812813.0,2812813.0,2812813.0,2812813.0,2812813.0,2812813.0,2812813.0,2812813.0,2812813.0,2812813.0,2812813.0
tune_1,Testing/network-cor-forma_eu_27t.txt,0.05,0.05,0.03,50,5,0.9,0.01,components,0,50,5918.0,351.12,3695,21,1433.0,1865.0,1900.0,2291.0,2291.0,2308.0,2308.0,2308.0,5771.0,5771.0,5771.0,5771.0,5782.0,6387.0,6387.0,6387.0,7179.0,7179.0,7179.0,7179.0,7179.0,7791.0,7791.0,7791.0,7791.0,7791.0,7791.0,7791.0,7791.0,7791.0,7791.0,7791.0,7791.0,7791.0,7791.0,7791.0,7791.0,7791.0,7791.0,7791.0,7791.0,7791.0,7791.0,7791.0,7791.0,7791.0,7791.0,7791.0,7791.0,7791.0,7791.0,7791.0,7791.0,7791.0,7791.0,7791.0,7791.0,7791.0,7791.0,7791.0,7791.0,7791.0,7791.0,7791.0,7791.0,7791.0,7791.0,7791.0,7791.0,7791.0,7791.0,7791.0,7791.0,7791.0,7791.0,7791.0,7791.0,7791.0,7791.0,7791.0,7791.0,7791.0,7791.0,7791.0,7791.0,7791.0,7791.0,7791.0,7791.0,7791.0,7791.0,7791.0,7791.0,7791.0,7791.0,7791.0,7791.0,7791.0,7791.0,7791.0,7791.0,7791.0,7791.0,7791.0,7791.0,7791.0,7791.0,7791.0,7791.0,7791.0,7791.0,7791.0,7791.0,7791.0,7791.0,7791.0,7791.0,7791.0,7791.0,7791.0,7791.0,7791.0,7791.0,7791.0,7791.0,7791.0,7791.0,7791.0,7791.0,7791.0,7791.0,7791.0,7791.0,7791.0,7791.0,7791.0,7791.0,7791.0,7791.0,7791.0,7791.0,7791.0,7791.0,7791.0,7791.0,7791.0,7791.0,7791.0,7791.0,7791.0,7791.0,7791.0,7791.0,7791.0,7791.0,7791.0,7791.0,7791.0,7791.0,7791.0,7791.0,7791.0,7791.0,7791.0,7791.0,7791.0,7791.0,7791.0,7791.0,7791.0,7791.0,7791.0,7791.0,7791.0,7791.0,7791.0,7791.0,7791.0,7791.0,7791.0,7791.0,7791.0,7791.0,7791.0,7791.0,7791.0,7791.0,7791.0,7791.0,7791.0,7791.0,7791.0,7791.0,7791.0,7791.0,7791.0,7791.0,7791.0,7791.0,7791.0
tune_2,Testing/network-cor-forma_eu_27t.txt,0.05,0.05,0.03,50,5,0.9,0.01,components,0,50,5847.0,358.42,3671,193,1679.0,1701.0,1789.0,1794.0,1960.0,1960.0,1960.0,2031.0,2031.0,2031.0,2031.0,2031.0,5736.0,5736.0,5756.0,5766.0,5766.0,5766.0,5770.0,5772.0,5780.0,5788.0,5794.0,5794.0,5810.0,5810.0,5810.0,5819.0,5828.0,5828.0,5828.0,5834.0,5839.0,5839.0,5842.0,5844.0,5848.0,5858.0,5858.0,5858.0,5858.0,5860.0,5863.0,5867.0,5871.0,5874.0,5874.0,5879.0,5879.0,5883.0,5885.0,5890.0,5890.0,5894.0,5896.0,5897.0,5897.0,5903.0,5904.0,5904.0,5905.0,5909.0,5909.0,5911.0,5913.0,5914.0,5914.0,5915.0,5915.0,5918.0,5920.0,5920.0,5921.0,5921.0,5923.0,5925.0,5926.0,5928.0,5928.0,5928.0,5929.0,5932.0,5932.0,5932.0,5933.0,5935.0,5935.0,5937.0,5937.0,5938.0,5938.0,5939.0,5939.0,5940.0,5940.0,5940.0,5940.0,5941.0,5941.0,5941.0,5942.0,5942.0,5942.0,5942.0,5942.0,5943.0,5943.0,5943.0,5944.0,5944.0,5944.0,5944.0,5944.0,5944.0,5944.0,5944.0,5944.0,5944.0,5944.0,5944.0,5944.0,5944.0,5944.0,5944.0,5944.0,5944.0,5944.0,5944.0,5944.0,5944.0,5944.0,5944.0,5944.0,5944.0,5944.0,5944.0,5944.0,5944.0,5944.0,5944.0,5944.0,5944.0,5944.0,5944.0,5944.0,5944.0,5944.0,5944.0,5944.0,5945.0,5945.0,5945.0,5945.0,5945.0,5945.0,5946.0,5946.0,5946.0,5946.0,5946.0,5946.0,5946.0,5946.0,5946.0,5946.0,5946.0,5946.0,5946.0,5946.0,5947.0,5947.0,5947.0,5947.0,5947.0,5947.0,5947.0,5947.0,5947.0,5947.0,5947.0,5947.0,5947.0,5947.0,5947.0,5947.0,5947.0,5947.0,5947.0,5947.0,5947.0,5947.0,5947.0,5947.0,5948.0,5948.0,5948.0,5948.0,5948.0,5948.0,5948.0
tune_3,Testing/network-cor-forma_eu_27t.txt,0.05,0.05,0.03,50,5,0.9,0.01,components,0,50,7255.0,376.93,3721,145,1450.0,2469.0,2469.0,2469.0,2469.0,2580.0,2580.0,2580.0,5780.0,5780.0,5784.0,6692.0,6692.0,7017.0,7017.0,7017.0,7017.0,7017.0,7725.0,7725.0,7725.0,7725.0,7725.0,7725.0,7725.0,7725.0,7725.0,7725.0,7725.0,7725.0,7725.0,7725.0,7725.0,7725.0,7725.0,7725.0,7725.0,7725.0,7725.0,7725.0,7725.0,7725.0,7725.0,7725.0,7725.0,7725.0,7725.0,7725.0,7725.0,7725.0,7725.0,7725.0,7725.0,7725.0,7725.0,7725.0,7725.0,7725.0,7725.0,7725.0,7725.0,7725.0,7725.0,7725.0,7725.0,7725.0,7725.0,7725.0,7725.0,7725.0,7725.0,7725.0,7725.0,7725.0,7725.0,7725.0,7725.0,7725.0,7725.0,7725.0,7725.0,7725.0,7725.0,7725.0,7725.0,7725.0,7725.0,7725.0,7725.0,7725.0,7725.0,7725.0,7725.0,7725.0,7725.0,7725.0,7725.0,7725.0,7725.0,7725.0,7725.0,7725.0,7725.0,7725.0,7725.0,7725.0,7725.0,7725.0,7725.0,7725.0,7725.0,7725.0,7725.0,7725.0,7725.0,7725.0,7725.0,7725.0,7725.0,7725.0,7725.0,7726.0,7726.0,7726.0,7735.0,7735.0,7735.0,7735.0,7735.0,7736.0,7736.0,7736.0,7736.0,7736.0,7736.0,7736.0,7736.0,7736.0,7736.0,7736.0,7736.0,7736.0,7736.0,7736.0,7736.0,7737.0,7737.0,7737.0,7737.0,7737.0,7737.0,7737.0,7737.0,7737.0,7737.0,7737.0,7737.0,7737.0,7737.0,7737.0,7737.0,7737.0,7737.0,7737.0,7737.0,7737.0,7737.0,7737.0,7737.0,7737.0,7737.0,7737.0,7737.0,7737.0,7737.0,7737.0,7737.0,7737.0,7737.0,7737.0,7737.0,7737.0,7737.0,7737.0,7737.0,7737.0,7737.0,7737.0,7737.0,7737.0,7737.0,7737.0,7737.0,7737.0,7737.0,7737.0,7737.0,7737.0,7737.0,7737.0
tune_5,Testing/network-cor-forma_eu_27t.txt,0.05,0.05,0.03,50,5,0.9,0.01,components,0,50,7693.0,371.66,3696,163,2199.0,2199.0,2199.0,2199.0,2304.0,2435.0,2435.0,5786.0,5786.0,5786.0,5786.0,5971.0,5971.0,5971.0,6737.0,6737.0,6737.0,6737.0,6737.0,6737.0,6737.0,6737.0,6737.0,6737.0,6737.0,6737.0,6737.0,6737.0,6737.0,6737.0,6737.0,6737.0,6737.0,6737.0,6737.0,6737.0,6737.0,6737.0,6737.0,6737.0,6737.0,6737.0,6737.0,6737.0,6737.0,6737.0,6737.0,6737.0,6737.0,6737.0,6737.0,6737.0,6737.0,6737.0,6737.0,6737.0,6737.0,6737.0,6737.0,6737.0,6737.0,6737.0,6737.0,6737.0,6737.0,6737.0,6737.0,6737.0,6737.0,6737.0,6737.0,6737.0,6737.0,6737.0,6737.0,6737.0,6737.0,6737.0,6737.0,6737.0,6737.0,6737.0,6737.0,6737.0,6737.0,6737.0,6737.0,6737.0,6737.0,6737.0,6737.0,6737.0,6737.0,6737.0,6737.0,6737.0,6737.0,6737.0,6737.0,6737.0,6737.0,6737.0,6737.0,6737.0,6737.0,6739.0,6739.0,6739.0,6739.0,6739.0,6739.0,6739.0,6739.0,6739.0,6739.0,6739.0,6739.0,6739.0,6739.0,6739.0,6739.0,6739.0,6739.0,6739.0,6739.0,6739.0,6739.0,6739.0,6739.0,6739.0,6739.0,6739.0,6739.0,6739.0,6739.0,6739.0,6739.0,6739.0,6739.0,6739.0,6739.0,6739.0,6739.0,6739.0,6739.0,6739.0,6739.0,6739.0,6740.0,6740.0,6740.0,6740.0,6740.0,6740.0,6740.0,6740.0,6740.0,6740.0,6740.0,6740.0,6740.0,6740.0,6740.0,6741.0,6741.0,6741.0,6741.0,6741.0,6741.0,6741.0,6741.0,6741.0,6741.0,6741.0,6741.0,6741.0,6741.0,6741.0,6741.0,6741.0,6741.0,6741.0,6741.0,6741.0,6741.0,6741.0,6741.0,6741.0,6741.0,6741.0,6741.0,6741.0,6741.0,6741.0,6741.0,6741.0,6741.0,6741.0,6741.0,6741.0,0.0
tune_4,Testing/network-cor-forma_eu_27t.txt,0.05,0.05,0.03,50,5,0.9,0.01,components,0,50,7283.0,390.66,3721,178,1458.0,1458.0,2209.0,2254.0,2446.0,2446.0,2446.0,2446.0,5771.0,5771.0,5792.0,6232.0,6746.0,7080.0,7080.0,7080.0,7080.0,7080.0,7080.0,7080.0,7080.0,7080.0,7080.0,7080.0,7080.0,7080.0,7080.0,7080.0,7080.0,7080.0,7080.0,7080.0,7080.0,7080.0,7080.0,7080.0,7080.0,7080.0,7080.0,7080.0,7080.0,7080.0,7080.0,7080.0,7080.0,7080.0,7080.0,7080.0,7080.0,7080.0,7080.0,7080.0,7080.0,7080.0,7080.0,7080.0,7080.0,7080.0,7080.0,7080.0,7080.0,7080.0,7080.0,7080.0,7080.0,7080.0,7080.0,7080.0,7080.0,7080.0,7080.0,7080.0,7080.0,7080.0,7080.0,7080.0,7080.0,7080.0,7096.0,7096.0,7096.0,7096.0,7096.0,7096.0,7096.0,7096.0,7096.0,7096.0,7096.0,7096.0,7096.0,7096.0,7096.0,7096.0,7096.0,7096.0,7096.0,7096.0,7096.0,7096.0,7096.0,7096.0,7096.0,7096.0,7096.0,7096.0,7096.0,7096.0,7096.0,7096.0,7096.0,7096.0,7096.0,7096.0,7096.0,7096.0,7096.0,7096.0,7096.0,7096.0,7096.0,7096.0,7096.0,7096.0,7096.0,7096.0,7096.0,7096.0,7096.0,7096.0,7096.0,7096.0,7096.0,7096.0,7096.0,7096.0,7096.0,7096.0,7096.0,7096.0,7096.0,7096.0,7096.0,7096.0,7096.0,7096.0,7096.0,7096.0,7096.0,7096.0,7096.0,7096.0,7096.0,7096.0,7096.0,7096.0,7096.0,7096.0,7096.0,7096.0,7096.0,7096.0,7096.0,7096.0,7096.0,7096.0,7097.0,7097.0,7097.0,7097.0,7097.0,7097.0,7097.0,7097.0,7097.0,7097.0,7097.0,7097.0,7099.0,7099.0,7099.0,7099.0,7099.0,7099.0,7099.0,7099.0,7099.0,7099.0,7099.0,7099.0,7099.0,7099.0,7099.0,7099.0,7099.0,7099.0,7099.0,7099.0,7099.0,7099.0
tune_6,Testing/network-cor-forma_eu_27t.txt,0.05,0.05,0.03,50,5,0.9,0.01,components,0,50,7751.0,382.29,3689,172,1515.0,1515.0,1580.0,1580.0,1991.0,1991.0,2325.0,2325.0,2325.0,2325.0,5773.0,5791.0,5791.0,5791.0,5791.0,5796.0,5796.0,5796.0,5797.0,5813.0,5813.0,5813.0,5816.0,5817.0,5828.0,5828.0,5837.0,5837.0,5840.0,5841.0,5841.0,5850.0,5850.0,5853.0,5856.0,5856.0,5858.0,5868.0,5868.0,5868.0,5869.0,5876.0,5877.0,5881.0,5881.0,5882.0,5883.0,5884.0,5890.0,5890.0,5894.0,5894.0,5894.0,5896.0,5897.0,5901.0,5901.0,5902.0,5903.0,5905.0,5906.0,5908.0,5908.0,5908.0,5912.0,5912.0,5912.0,5913.0,5916.0,5916.0,5917.0,5920.0,5920.0,5920.0,5921.0,5921.0,5922.0,5923.0,5923.0,5924.0,5925.0,5925.0,5925.0,5925.0,5926.0,5926.0,5927.0,5927.0,5927.0,5927.0,5927.0,5928.0,5928.0,5928.0,5928.0,5928.0,5928.0,5928.0,5928.0,5928.0,5928.0,5928.0,5928.0,5928.0,5928.0,5928.0,5928.0,5928.0,5928.0,5928.0,5928.0,5928.0,5928.0,5928.0,5928.0,5928.0,5928.0,5929.0,5929.0,5929.0,5929.0,5929.0,5930.0,5930.0,5930.0,5930.0,5930.0,5930.0,5930.0,5930.0,5930.0,5931.0,5931.0,5931.0,5931.0,5931.0,5931.0,5931.0,5931.0,5931.0,5931.0,5933.0,5933.0,5933.0,5933.0,5933.0,5933.0,5933.0,5933.0,5933.0,5933.0,5934.0,5934.0,5934.0,5934.0,5934.0,5934.0,5934.0,5934.0,5934.0,5934.0,5934.0,5934.0,5934.0,5934.0,5934.0,5934.0,5934.0,5934.0,5934.0,5934.0,5934.0,5935.0,5935.0,5935.0,5935.0,5935.0,5935.0,5935.0,5935.0,5935.0,5935.0,5935.0,5935.0,5935.0,5935.0,5935.0,5935.0,5935.0,5935.0,5935.0,5935.0,5935.0,5935.0,5935.0,5935.0,5935.0,5935.0,5935.0,5935.0,0.0
tune_7,Testing/network-cor-forma_eu_27t.txt,0.05,0.05,0.03,50,5,0.9,0.01,components,0,50,6837.0,366.68,3675,199,1776.0,1828.0,2263.0,2263.0,2540.0,2540.0,5777.0,5784.0,5789.0,5915.0,6057.0,6057.0,6700.0,6983.0,7042.0,7042.0,7042.0,7042.0,7042.0,7042.0,7042.0,7042.0,7042.0,7042.0,7042.0,7042.0,7042.0,7042.0,7042.0,7042.0,7042.0,7042.0,7042.0,7042.0,7042.0,7042.0,7042.0,7042.0,7042.0,7042.0,7042.0,7042.0,7042.0,7042.0,7042.0,7042.0,7042.0,7042.0,7042.0,7042.0,7042.0,7042.0,7042.0,7042.0,7042.0,7042.0,7042.0,7042.0,7042.0,7042.0,7042.0,7042.0,7042.0,7042.0,7042.0,7042.0,7042.0,7042.0,7042.0,7042.0,7042.0,7042.0,7042.0,7042.0,7042.0,7042.0,7042.0,7042.0,7042.0,7042.0,7042.0,7042.0,7042.0,7042.0,7042.0,7042.0,7042.0,7042.0,7042.0,7042.0,7086.0,7086.0,7086.0,7086.0,7086.0,7086.0,7086.0,7086.0,7086.0,7086.0,7086.0,7086.0,7086.0,7086.0,7086.0,7086.0,7086.0,7086.0,7086.0,7086.0,7086.0,7086.0,7086.0,7087.0,7087.0,7087.0,7087.0,7087.0,7087.0,7087.0,7087.0,7087.0,7087.0,7087.0,7087.0,7087.0,7087.0,7087.0,7087.0,7087.0,7087.0,7087.0,7087.0,7087.0,7087.0,7087.0,7087.0,7087.0,7087.0,7087.0,7087.0,7087.0,7087.0,7087.0,7087.0,7087.0,7087.0,7087.0,7087.0,7087.0,7087.0,7087.0,7087.0,7087.0,7087.0,7087.0,7087.0,7087.0,7087.0,7087.0,7087.0,7087.0,7087.0,7087.0,7087.0,7087.0,7087.0,7088.0,7088.0,7088.0,7088.0,7088.0,7088.0,7088.0,7088.0,7088.0,7088.0,7088.0,7088.0,7088.0,7088.0,7089.0,7089.0,7089.0,7089.0,7089.0,7089.0,7089.0,7089.0,7089.0,7089.0,7089.0,7089.0,7089.0,7089.0,7089.0,7089.0,7089.0,7089.0,7095.0
tune_8,Testing/network-cor-forma_eu_27t.txt,0.05,0.05,0.03,50,5,0.9,0.01,components,0,50,6983.0,371.03,3672,177,1570.0,1570.0,2469.0,2469.0,2469.0,2568.0,2792.0,5784.0,5876.0,6141.0,6438.0,6438.0,6438.0,7128.0,7128.0,7128.0,7128.0,7128.0,7128.0,7128.0,7128.0,7128.0,7128.0,7128.0,7128.0,7128.0,7128.0,7128.0,7128.0,7128.0,7128.0,7128.0,7128.0,7128.0,7128.0,7128.0,7128.0,7128.0,7128.0,7128.0,7128.0,7128.0,7128.0,7128.0,7128.0,7128.0,7128.0,7128.0,7128.0,7128.0,7128.0,7128.0,7128.0,7128.0,7128.0,7128.0,7128.0,7128.0,7128.0,7128.0,7128.0,7128.0,7128.0,7128.0,7128.0,7128.0,7128.0,7128.0,7128.0,7128.0,7128.0,7128.0,7128.0,7128.0,7128.0,7128.0,7128.0,7128.0,7128.0,7128.0,7128.0,7128.0,7128.0,7128.0,7128.0,7128.0,7128.0,7128.0,7128.0,7128.0,7128.0,7128.0,7128.0,7128.0,7128.0,7128.0,7128.0,7128.0,7128.0,7128.0,7128.0,7128.0,7128.0,7128.0,7128.0,7128.0,7128.0,7128.0,7128.0,7128.0,7128.0,7128.0,7128.0,7128.0,7128.0,7128.0,7128.0,7128.0,7128.0,7128.0,7128.0,7128.0,7128.0,7128.0,7128.0,7128.0,7128.0,7128.0,7128.0,7128.0,7128.0,7128.0,7128.0,7128.0,7128.0,7128.0,7128.0,7128.0,7128.0,7128.0,7128.0,7128.0,7128.0,7128.0,7128.0,7128.0,7128.0,7128.0,7128.0,7128.0,7128.0,7128.0,7128.0,7128.0,7128.0,7128.0,7128.0,7128.0,7128.0,7128.0,7128.0,7128.0,7128.0,7128.0,7128.0,7128.0,7128.0,7128.0,7128.0,7128.0,7128.0,7128.0,7128.0,7128.0,7128.0,7128.0,7128.0,7129.0,7129.0,7129.0,7129.0,7129.0,7129.0,7129.0,7129.0,7129.0,7129.0,7129.0,7129.0,7129.0,7129.0,7129.0,7129.0,7129.0,7129.0,7129.0,7129.0,7129.0,7129.0,7129.0
tune_10,Testing/network-cor-forma_eu_27t.txt,0.05,0.05,0.03,50,5,0.9,0.01,components,0,50,6450.0,361.97,3624,195,1550.0,1550.0,1624.0,1677.0,1677.0,1712.0,1756.0,5778.0,5778.0,5778.0,5781.0,5781.0,5781.0,5781.0,5784.0,5790.0,5795.0,5806.0,5806.0,5810.0,5817.0,5823.0,5823.0,5832.0,5832.0,5837.0,5839.0,5840.0,5844.0,5851.0,5860.0,5860.0,5861.0,5861.0,5864.0,5865.0,5865.0,5872.0,5875.0,5880.0,5880.0,5880.0,5885.0,5885.0,5887.0,5889.0,5893.0,5893.0,5893.0,5894.0,5896.0,5896.0,5897.0,5899.0,5900.0,5904.0,5904.0,5908.0,5909.0,5909.0,5909.0,5910.0,5913.0,5913.0,5914.0,5917.0,5917.0,5918.0,5921.0,5921.0,5921.0,5921.0,5922.0,5922.0,5923.0,5923.0,5926.0,5926.0,5926.0,5926.0,5928.0,5928.0,5928.0,5928.0,5929.0,5930.0,5930.0,5930.0,5930.0,5930.0,5930.0,5930.0,5930.0,5930.0,5930.0,5930.0,5930.0,5930.0,5930.0,5930.0,5930.0,5930.0,5930.0,5930.0,5930.0,5930.0,5930.0,5930.0,5930.0,5930.0,5930.0,5930.0,5930.0,5931.0,5931.0,5931.0,5933.0,5933.0,5933.0,5933.0,5933.0,5933.0,5933.0,5933.0,5933.0,5933.0,5933.0,5933.0,5933.0,5933.0,5933.0,5933.0,5933.0,5933.0,5933.0,5933.0,5933.0,5933.0,5933.0,5933.0,5933.0,5933.0,5933.0,5933.0,5933.0,5934.0,5934.0,5934.0,5934.0,5934.0,5934.0,5934.0,5934.0,5934.0,5934.0,5934.0,5934.0,5934.0,5934.0,5934.0,5934.0,5934.0,5934.0,5934.0,5934.0,5934.0,5934.0,5934.0,5934.0,5934.0,5934.0,5934.0,5934.0,5934.0,5934.0,5934.0,5934.0,5934.0,5934.0,5934.0,5934.0,5934.0,5934.0,5934.0,5934.0,5934.0,5934.0,5934.0,5934.0,5934.0,5934.0,5935.0,5935.0,5935.0,5935.0,5936.0,5936.0,5936.0,5936.0,5936.0
tune_9,Testing/network-cor-forma_eu_27t.txt,0.05,0.05,0.03,50,5,0.9,0.01,components,0,50,6789.0,379.17,3672,195,1938.0,2009.0,2114.0,2481.0,2481.0,2532.0,5777.0,5779.0,6131.0,6131.0,6438.0,7007.0,7007.0,7540.0,7540.0,7540.0,7540.0,7540.0,7540.0,7540.0,7540.0,7540.0,7540.0,7540.0,7540.0,7540.0,7540.0,7540.0,7540.0,7540.0,7540.0,7540.0,7540.0,7540.0,7540.0,7540.0,7540.0,7540.0,7540.0,7540.0,7540.0,7540.0,7540.0,7540.0,7540.0,7540.0,7540.0,7540.0,7540.0,7540.0,7540.0,7540.0,7540.0,7540.0,7540.0,7540.0,7540.0,7540.0,7540.0,7540.0,7540.0,7540.0,7540.0,7540.0,7540.0,7540.0,7540.0,7540.0,7540.0,7540.0,7540.0,7540.0,7540.0,7540.0,7540.0,7540.0,7540.0,7540.0,7540.0,7540.0,7540.0,7540.0,7540.0,7540.0,7540.0,7540.0,7540.0,7540.0,7540.0,7540.0,7540.0,7540.0,7540.0,7540.0,7540.0,7540.0,7540.0,7540.0,7540.0,7540.0,7540.0,7540.0,7540.0,7540.0,7540.0,7540.0,7540.0,7540.0,7540.0,7540.0,7540.0,7540.0,7540.0,7540.0,7540.0,7540.0,7540.0,7540.0,7540.0,7540.0,7540.0,7540.0,7541.0,7541.0,7541.0,7541.0,7541.0,7541.0,7541.0,7541.0,7541.0,7542.0,7542.0,7542.0,7542.0,7542.0,7542.0,7542.0,7542.0,7542.0,7542.0,7542.0,7542.0,7542.0,7542.0,7542.0,7542.0,7542.0,7542.0,7542.0,7542.0,7542.0,7542.0,7542.0,7542.0,7542.0,7542.0,7542.0,7542.0,7542.0,7542.0,7542.0,7542.0,7542.0,7542.0,7542.0,7542.0,7542.0,7542.0,7542.0,7542.0,7542.0,7542.0,7542.0,7542.0,7542.0,7542.0,7542.0,7542.0,7542.0,7542.0,7542.0,7542.0,7542.0,7542.0,7542.0,7542.0,7542.0,7542.0,7542.0,7542.0,7542.0,7542.0,7542.0,7542.0,7543.0,7543.0,7543.0,7543.0,7543.0,0.0
tune_1,Testing/network-cor-forma_eu_27t.txt,0.05,0.05,0.03,50,5,0.9,0.01,components,1,50,7688.0,381.10,3691,21,1433.0,1865.0,1900.0,2291.0,2291.0,2308.0,2308.0,2308.0,5771.0,5771.0,5771.0,5771.0,5782.0,6387.0,6387.0,6387.0,7179.0,7179.0,7179.0,7179.0,7179.0,7791.0,7791.0,7791.0,7791.0,7791.0,7791.0,7791.0,7791.0,7791.0,7791.0,7791.0,7791.0,7791.0,7791.0,7791.0,7791.0,7791.0,7791.0,7791.0,7791.0,7791.0,7791.0,7791.0,7791.0,7791.0,7791.0,7791.0,7791.0,7791.0,7791.0,7791.0,7791.0,7791.0,7791.0,7791.0,7791.0,7791.0,7791.0,7791.0,7791.0,7791.0,7791.0,7791.0,7791.0,7791.0,7791.0,7791.0,7791.0,7791.0,7791.0,7791.0,7791.0,7791.0,7791.0,7791.0,7791.0,7791.0,7791.0,7791.0,7791.0,7791.0,7791.0,7791.0,7791.0,7791.0,7791.0,7791.0,7791.0,7791.0,7791.0,7791.0,7791.0,7791.0,7791.0,7791.0,7791.0,7791.0,7791.0,7791.0,7791.0,7791.0,7791.0,7791.0,7791.0,7791.0,7791.0,7791.0,7791.0,7791.0,7791.0,7791.0,7791.0,7791.0,7791.0,7791.0,7791.0,7791.0,7791.0,7791.0,7791.0,7791.0,7791.0,7791.0,7791.0,7791.0,7791.0,7791.0,7791.0,7791.0,7791.0,7791.0,7791.0,7791.0,7791.0,7791.0,7791.0,7791.0,7791.0,7791.0,7791.0,7791.0,7791.0,7791.0,7791.0,7791.0,7791.0,7791.0,7791.0,7791.0,7791.0,7791.0,7791.0,7791.0,7791.0,7791.0,7791.0,7791.0,7791.0,7791.0,7791.0,7791.0,7791.0,7791.0,7791.0,7791.0,7791.0,7791.0,7791.0,7791.0,7791.0,7791.0,7791.0,7791.0,7791.0,7791.0,7791.0,7791.0,7791.0,7791.0,7791.0,7791.0,7791.0,7791.0,7791.0,7791.0,7791.0,7791.0,7791.0,7791.0,7791.0,7791.0,7791.0,7791.0,7791.0,7791.0,7791.0,7791.0,7791.0,7791.0
tune_2,Testing/network-cor-forma_eu_27t.txt,0.05,0.05,0.03,50,5,0.9,0.01,components,1,50,6875.0,400.52,3707,193,1679.0,1701.0,1789.0,1794.0,1960.0,1960.0,1960.0,2031.0,2031.0,2031.0,2031.0,2031.0,5736.0,5736.0,5756.0,5766.0,5766.0,5766.0,5770.0,5772.0,5780.0,5788.0,5794.0,5794.0,5810.0,5810.0,5810.0,5819.0,5828.0,5828.0,5828.0,5834.0,5839.0,5839.0,5842.0,5844.0,5848.0,5858.0,5858.0,5858.0,5858.0,5860.0,5863.0,5867.0,5871.0,5874.0,5874.0,5879.0,5879.0,5883.0,5885.0,5890.0,5890.0,5894.0,5896.0,5897.0,5897.0,5903.0,5904.0,5904.0,5905.0,5909.0,5909.0,5911.0,5913.0,5914.0,5914.0,5915.0,5915.0,5918.0,5920.0,5920.0,5921.0,5921.0,5923.0,5925.0,5926.0,5928.0,5928.0,5928.0,5929.0,5932.0,5932.0,5932.0,5933.0,5935.0,5935.0,5937.0,5937.0,5938.0,5938.0,5939.0,5939.0,5940.0,5940.0,5940.0,5940.0,5941.0,5941.0,5941.0,5942.0,5942.0,5942.0,5942.0,5942.0,5943.0,5943.0,5943.0,5944.0,5944.0,5944.0,5944.0,5944.0,5944.0,5944.0,5944.0,5944.0,5944.0,5944.0,5944.0,5944.0,5944.0,5944.0,5944.0,5944.0,5944.0,5944.0,5944.0,5944.0,5944.0,5944.0,5944.0,5944.0,5944.0,5944.0,5944.0,5944.0,5944.0,5944.0,5944.0,5944.0,5944.0,5944.0,5944.0,5944.0,5944.0,5944.0,5944.0,5944.0,5945.0,5945.0,5945.0,5945.0,5945.0,5945.0,5946.0,5946.0,5946.0,5946.0,5946.0,5946.0,5946.0,5946.0,5946.0,5946.0,5946.0,5946.0,5946.0,5946.0,5947.0,5947.0,5947.0,5947.0,5947.0,5947.0,5947.0,5947.0,5947.0,5947.0,5947.0,5947.0,5947.0,5947.0,5947.0,5947.0,5947.0,5947.0,5947.0,5947.0,5947.0,5947.0,5947.0,5947.0,5948.0,5948.0,5948.0,5948.0,5948.0,5948.0,5948.0
tune_3,Testing/network-cor-forma_eu_27t.txt,0.05,0.05,0.03,50,5,0.9,0.01,components,1,50,7093.0,382.38,3657,145,1450.0,2469.0,2469.0,2469.0,2469.0,2580.0,2580.0,2580.0,5780.0,5780.0,5784.0,6692.0,6692.0,7017.0,7017.0,7017.0,7017.0,7017.0,7725.0,7725.0,7725.0,7725.0,7725.0,7725.0,7725.0,7725.0,7725.0,7725.0,7725.0,7725.0,7725.0,7725.0,7725.0,7725.0,7725.0,7725.0,7725.0,7725.0,7725.0,7725.0,7725.0,7725.0,7725.0,7725.0,7725.0,7725.0,7725.0,7725.0,7725.0,7725.0,7725.0,7725.0,7725.0,7725.0,7725.0,7725.0,7725.0,7725.0,7725.0,7725.0,7725.0,7725.0,7725.0,7725.0,7725.0,7725.0,7725.0,7725.0,7725.0,7725.0,7725.0,7725.0,7725.0,7725.0,7725.0,7725.0,7725.0,7725.0,7725.0,7725.0,7725.0,7725.0,7725.0,7725.0,7725.0,7725.0,7725.0,7725.0,7725.0,7725.0,7725.0,7725.0,7725.0,7725.0,7725.0,7725.0,7725.0,7725.0,7725.0,7725.0,7725.0,7725.0,7725.0,7725.0,7725.0,7725.0,7725.0,7725.0,7725.0,7725.0,7725.0,7725.0,7725.0,7725.0,7725.0,7725.0,7725.0,7725.0,7725.0,7725.0,7725.0,7726.0,7726.0,7726.0,7735.0,7735.0,7735.0,7735.0,7735.0,7736.0,7736.0,7736.0,7736.0,7736.0,7736.0,7736.0,7736.0,7736.0,7736.0,7736.0,7736.0,7736.0,7736.0,7736.0,7736.0,7737.0,7737.0,7737.0,7737.0,7737.0,7737.0,7737.0,7737.0,7737.0,7737.0,7737.0,7737.0,7737.0,7737.0,7737.0,7737.0,7737.0,7737.0,7737.0,7737.0,7737.0,7737.0,7737.0,7737.0,7737.0,7737.0,7737.0,7737.0,7737.0,7737.0,7737.0,7737.0,7737.0,7737.0,7737.0,7737.0,7737.0,7737.0,7737.0,7737.0,7737.0,7737.0,7737.0,7737.0,7737.0,7737.0,7737.0,7737.0,7737.0,7737.0,7737.0,7737.0,7737.0,7737.0,7737.0
tune_4,Testing/network-cor-forma_eu_27t.txt,0.05,0.05,0.03,50,5,0.9,0.01,components,1,50,6806.0,384.54,3653,178,1458.0,1458.0,2209.0,2254.0,2446.0,2446.0,2446.0,2446.0,5771.0,5771.0,5792.0,6232.0,6746.0,7080.0,7080.0,7080.0,7080.0,7080.0,7080.0,7080.0,7080.0,7080.0,7080.0,7080.0,7080.0,7080.0,7080.0,7080.0,7080.0,7080.0,7080.0,7080.0,7080.0,7080.0,7080.0,7080.0,7080.0,7080.0,7080.0,7080.0,7080.0,7080.0,7080.0,7080.0,7080.0,7080.0,7080.0,7080.0,7080.0,7080.0,7080.0,7080.0,7080.0,7080.0,7080.0,7080.0,7080.0,7080.0,7080.0,7080.0,7080.0,7080.0,7080.0,7080.0,7080.0,7080.0,7080.0,7080.0,7080.0,7080.0,7080.0,7080.0,7080.0,7080.0,7080.0,7080.0,7080.0,7080.0,7096.0,7096.0,7096.0,7096.0,7096.0,7096.0,7096.0,7096.0,7096.0,7096.0,7096.0,7096.0,7096.0,7096.0,7096.0,7096.0,7096.0,7096.0,7096.0,7096.0,7096.0,7096.0,7096.0,7096.0,7096.0,7096.0,7096.0,7096.0,7096.0,7096.0,7096.0,7096.0,7096.0,7096.0,7096.0,7096.0,7096.0,7096.0,7096.0,7096.0,7096.0,7096.0,7096.0,7096.0,7096.0,7096.0,7096.0,7096.0,7096.0,7096.0,7096.0,7096.0,7096.0,7096.0,7096.0,7096.0,7096.0,7096.0,7096.0,7096.0,7096.0,7096.0,7096.0,7096.0,7096.0,7096.0,7096.0,7096.0,7096.0,7096.0,7096.0,7096.0,7096.0,7096.0,7096.0,7096.0,7096.0,7096.0,7096.0,7096.0,7096.0,7096.0,7096.0,7096.0,7096.0,7096.0,7096.0,7096.0,7097.0,7097.0,7097.0,7097.0,7097.0,7097.0,7097.0,7097.0,7097.0,7097.0,7097.0,7097.0,7099.0,7099.0,7099.0,7099.0,7099.0,7099.0,7099.0,7099.0,7099.0,7099.0,7099.0,7099.0,7099.0,7099.0,7099.0,7099.0,7099.0,7099.0,7099.0,7099.0,7099.0,7099.0
tune_5,Testing/network-cor-forma_eu_27t.txt,0.05,0.05,0.03,50,5,0.9,0.01,components,1,50,6505.0,387.41,3677,163,2199.0,2199.0,2199.0,2199.0,2304.0,2435.0,2435.0,5786.0,5786.0,5786.0,5786.0,5971.0,5971.0,5971.0,6737.0,6737.0,6737.0,6737.0,6737.0,6737.0,6737.0,6737.0,6737.0,6737.0,6737.0,6737.0,6737.0,6737.0,6737.0,6737.0,6737.0,6737.0,6737.0,6737.0,6737.0,6737.0,6737.0,6737.0,6737.0,6737.0,6737.0,6737.0,6737.0,6737.0,6737.0,6737.0,6737.0,6737.0,6737.0,6737.0,6737.0,6737.0,6737.0,6737.0,6737.0,6737.0,6737.0,6737.0,6737.0,6737.0,6737.0,6737.0,6737.0,6737.0,6737.0,6737.0,6737.0,6737.0,6737.0,6737.0,6737.0,6737.0,6737.0,6737.0,6737.0,6737.0,6737.0,6737.0,6737.0,6737.0,6737.0,6737.0,6737.0,6737.0,6737.0,6737.0,6737.0,6737.0,6737.0,6737.0,6737.0,6737.0,6737.0,6737.0,6737.0,6737.0,6737.0,6737.0,6737.0,6737.0,6737.0,6737.0,6737.0,6737.0,6737.0,6739.0,6739.0,6739.0,6739.0,6739.0,6739.0,6739.0,6739.0,6739.0,6739.0,6739.0,6739.0,6739.0,6739.0,6739.0,6739.0,6739.0,6739.0,6739.0,6739.0,6739.0,6739.0,6739.0,6739.0,6739.0,6739.0,6739.0,6739.0,6739.0,6739.0,6739.0,6739.0,6739.0,6739.0,6739.0,6739.0,6739.0,6739.0,6739.0,6739.0,6739.0,6739.0,6739.0,6740.0,6740.0,6740.0,6740.0,6740.0,6740.0,6740.0,6740.0,6740.0,6740.0,6740.0,6740.0,6740.0,6740.0,6740.0,6741.0,6741.0,6741.0,6741.0,6741.0,6741.0,6741.0,6741.0,6741.0,6741.0,6741.0,6741.0,6741.0,6741.0,6741.0,6741.0,6741.0,6741.0,6741.0,6741.0,6741.0,6741.0,6741.0,6741.0,6741.0,6741.0,6741.0,6741.0,6741.0,6741.0,6741.0,6741.0,6741.0,6741.0,6741.0,6741.0,6741.0,0.0
tune_8,Testing/network-cor-forma_eu_27t.txt,0.05,0.05,0.03,50,5,0.9,0.01,components,1,50,5952.0,362.20,3698,177,1570.0,1570.0,2469.0,2469.0,2469.0,2568.0,2792.0,5784.0,5876.0,6141.0,6438.0,6438.0,6438.0,7128.0,7128.0,7128.0,7128.0,7128.0,7128.0,7128.0,7128.0,7128.0,7128.0,7128.0,7128.0,7128.0,7128.0,7128.0,7128.0,7128.0,7128.0,7128.0,7128.0,7128.0,7128.0,7128.0,7128.0,7128.0,7128.0,7128.0,7128.0,7128.0,7128.0,7128.0,7128.0,7128.0,7128.0,7128.0,7128.0,7128.0,7128.0,7128.0,7128.0,7128.0,7128.0,7128.0,7128.0,7128.0,7128.0,7128.0,7128.0,7128.0,7128.0,7128.0,7128.0,7128.0,7128.0,7128.0,7128.0,7128.0,7128.0,7128.0,7128.0,7128.0,7128.0,7128.0,7128.0,7128.0,7128.0,7128.0,7128.0,7128.0,7128.0,7128.0,7128.0,7128.0,7128.0,7128.0,7128.0,7128.0,7128.0,7128.0,7128.0,7128.0,7128.0,7128.0,7128.0,7128.0,7128.0,7128.0,7128.0,7128.0,7128.0,7128.0,7128.0,7128.0,7128.0,7128.0,7128.0,7128.0,7128.0,7128.0,7128.0,7128.0,7128.0,7128.0,7128.0,7128.0,7128.0,7128.0,7128.0,7128.0,7128.0,7128.0,7128.0,7128.0,7128.0,7128.0,7128.0,7128.0,7128.0,7128.0,7128.0,7128.0,7128.0,7128.0,7128.0,7128.0,7128.0,7128.0,7128.0,7128.0,7128.0,7128.0,7128.0,7128.0,7128.0,7128.0,7128.0,7128.0,7128.0,7128.0,7128.0,7128.0,7128.0,7128.0,7128.0,7128.0,7128.0,7128.0,7128.0,7128.0,7128.0,7128.0,7128.0,7128.0,7128.0,7128.0,7128.0,7128.0,7128.0,7128.0,7128.0,7128.0,7128.0,7128.0,7128.0,7129.0,7129.0,7129.0,7129.0,7129.0,7129.0,7129.0,7129.0,7129.0,7129.0,7129.0,7129.0,7129.0,7129.0,7129.0,7129.0,7129.0,7129.0,7129.0,7129.0,7129.0,7129.0,7129.0
tune_7,Testing/network-cor-forma_eu_27t.txt,0.05,0.05,0.03,50,5,0.9,0.01,components,1,50,6837.0,389.18,3716,199,1776.0,1828.0,2263.0,2263.0,2540.0,2540.0,5777.0,5784.0,5789.0,5915.0,6057.0,6057.0,6700.0,6983.0,7042.0,7042.0,7042.0,7042.0,7042.0,7042.0,7042.0,7042.0,7042.0,7042.0,7042.0,7042.0,7042.0,7042.0,7042.0,7042.0,7042.0,7042.0,7042.0,7042.0,7042.0,7042.0,7042.0,7042.0,7042.0,7042.0,7042.0,7042.0,7042.0,7042.0,7042.0,7042.0,7042.0,7042.0,7042.0,7042.0,7042.0,7042.0,7042.0,7042.0,7042.0,7042.0,7042.0,7042.0,7042.0,7042.0,7042.0,7042.0,7042.0,7042.0,7042.0,7042.0,7042.0,7042.0,7042.0,7042.0,7042.0,7042.0,7042.0,7042.0,7042.0,7042.0,7042.0,7042.0,7042.0,7042.0,7042.0,7042.0,7042.0,7042.0,7042.0,7042.0,7042.0,7042.0,7042.0,7042.0,7086.0,7086.0,7086.0,7086.0,7086.0,7086.0,7086.0,7086.0,7086.0,7086.0,7086.0,7086.0,7086.0,7086.0,7086.0,7086.0,7086.0,7086.0,7086.0,7086.0,7086.0,7086.0,7086.0,7087.0,7087.0,7087.0,7087.0,7087.0,7087.0,7087.0,7087.0,7087.0,7087.0,7087.0,7087.0,7087.0,7087.0,7087.0,7087.0,7087.0,7087.0,7087.0,7087.0,7087.0,7087.0,7087.0,7087.0,7087.0,7087.0,7087.0,7087.0,7087.0,7087.0,7087.0,7087.0,7087.0,7087.0,7087.0,7087.0,7087.0,7087.0,7087.0,7087.0,7087.0,7087.0,7087.0,7087.0,7087.0,7087.0,7087.0,7087.0,7087.0,7087.0,7087.0,7087.0,7087.0,7087.0,7088.0,7088.0,7088.0,7088.0,7088.0,7088.0,7088.0,7088.0,7088.0,7088.0,7088.0,7088.0,7088.0,7088.0,7089.0,7089.0,7089.0,7089.0,7089.0,7089.0,7089.0,7089.0,7089.0,7089.0,7089.0,7089.0,7089.0,7089.0,7089.0,7089.0,7089.0,7089.0,7095.0
tune_9,Testing/network-cor-forma_eu_27t.txt,0.05,0.05,0.03,50,5,0.9,0.01,components,1,50,6976.0,380.31,3663,195,1938.0,2009.0,2114.0,2481.0,2481.0,2532.0,5777.0,5779.0,6131.0,6131.0,6438.0,7007.0,7007.0,7540.0,7540.0,7540.0,7540.0,7540.0,7540.0,7540.0,7540.0,7540.0,7540.0,7540.0,7540.0,7540.0,7540.0,7540.0,7540.0,7540.0,7540.0,7540.0,7540.0,7540.0,7540.0,7540.0,7540.0,7540.0,7540.0,7540.0,7540.0,7540.0,7540.0,7540.0,7540.0,7540.0,7540.0,7540.0,7540.0,7540.0,7540.0,7540.0,7540.0,7540.0,7540.0,7540.0,7540.0,7540.0,7540.0,7540.0,7540.0,7540.0,7540.0,7540.0,7540.0,7540.0,7540.0,7540.0,7540.0,7540.0,7540.0,7540.0,7540.0,7540.0,7540.0,7540.0,7540.0,7540.0,7540.0,7540.0,7540.0,7540.0,7540.0,7540.0,7540.0,7540.0,7540.0,7540.0,7540.0,7540.0,7540.0,7540.0,7540.0,7540.0,7540.0,7540.0,7540.0,7540.0,7540.0,7540.0,7540.0,7540.0,7540.0,7540.0,7540.0,7540.0,7540.0,7540.0,7540.0,7540.0,7540.0,7540.0,7540.0,7540.0,7540.0,7540.0,7540.0,7540.0,7540.0,7540.0,7540.0,7540.0,7541.0,7541.0,7541.0,7541.0,7541.0,7541.0,7541.0,7541.0,7541.0,7542.0,7542.0,7542.0,7542.0,7542.0,7542.0,7542.0,7542.0,7542.0,7542.0,7542.0,7542.0,7542.0,7542.0,7542.0,7542.0,7542.0,7542.0,7542.0,7542.0,7542.0,7542.0,7542.0,7542.0,7542.0,7542.0,7542.0,7542.0,7542.0,7542.0,7542.0,7542.0,7542.0,7542.0,7542.0,7542.0,7542.0,7542.0,7542.0,7542.0,7542.0,7542.0,7542.0,7542.0,7542.0,7542.0,7542.0,7542.0,7542.0,7542.0,7542.0,7542.0,7542.0,7542.0,7542.0,7542.0,7542.0,7542.0,7542.0,7542.0,7542.0,7542.0,7542.0,7542.0,7543.0,7543.0,7543.0,7543.0,7543.0,0.0
tune_10,Testing/network-cor-forma_eu_27t.txt,0.05,0.05,0.03,50,5,0.9,0.01,components,1,50,7477.0,377.46,3644,195,1550.0,1550.0,1624.0,1677.0,1677.0,1712.0,1756.0,5778.0,5778.0,5778.0,5781.0,5781.0,5781.0,5781.0,5784.0,5790.0,5795.0,5806.0,5806.0,5810.0,5817.0,5823.0,5823.0,5832.0,5832.0,5837.0,5839.0,5840.0,5844.0,5851.0,5860.0,5860.0,5861.0,5861.0,5864.0,5865.0,5865.0,5872.0,5875.0,5880.0,5880.0,5880.0,5885.0,5885.0,5887.0,5889.0,5893.0,5893.0,5893.0,5894.0,5896.0,5896.0,5897.0,5899.0,5900.0,5904.0,5904.0,5908.0,5909.0,5909.0,5909.0,5910.0,5913.0,5913.0,5914.0,5917.0,5917.0,5918.0,5921.0,5921.0,5921.0,5921.0,5922.0,5922.0,5923.0,5923.0,5926.0,5926.0,5926.0,5926.0,5928.0,5928.0,5928.0,5928.0,5929.0,5930.0,5930.0,5930.0,5930.0,5930.0,5930.0,5930.0,5930.0,5930.0,5930.0,5930.0,5930.0,5930.0,5930.0,5930.0,5930.0,5930.0,5930.0,5930.0,5930.0,5930.0,5930.0,5930.0,5930.0,5930.0,5930.0,5930.0,5930.0,5931.0,5931.0,5931.0,5933.0,5933.0,5933.0,5933.0,5933.0,5933.0,5933.0,5933.0,5933.0,5933.0,5933.0,5933.0,5933.0,5933.0,5933.0,5933.0,5933.0,5933.0,5933.0,5933.0,5933.0,5933.0,5933.0,5933.0,5933.0,5933.0,5933.0,5933.0,5933.0,5934.0,5934.0,5934.0,5934.0,5934.0,5934.0,5934.0,5934.0,5934.0,5934.0,5934.0,5934.0,5934.0,5934.0,5934.0,5934.0,5934.0,5934.0,5934.0,5934.0,5934.0,5934.0,5934.0,5934.0,5934.0,5934.0,5934.0,5934.0,5934.0,5934.0,5934.0,5934.0,5934.0,5934.0,5934.0,5934.0,5934.0,5934.0,5934.0,5934.0,5934.0,5934.0,5934.0,5934.0,5934.0,5934.0,5935.0,5935.0,5935.0,5935.0,5936.0,5936.0,5936.0,5936.0,5936.0
tune_1,Testing/network-cor-forma_eu_27t.txt,0.05,0.05,0.03,50,5,0.9,0.02,largest,0,50,1948.0,383.90,3758,0,7167.0,7167.0,7167.0,7167.0,7167.0,7167.0,7167.0,7167.0,7167.0,6702.0,6702.0,5366.0,3959.0,3291.0,1197.0,1197.0,1197.0,1197.0,1197.0,1197.0,1197.0,1197.0,1197.0,1197.0,1197.0,1197.0,1197.0,1197.0,1197.0,1197.0,1197.0,1197.0,1197.0,1197.0,1197.0,1197.0,1197.0,1197.0,1197.0,1197.0,1197.0,1197.0,1197.0,1197.0,1197.0,1197.0,1197.0,1197.0,1197.0,1197.0,1197.0,1197.0,1197.0,1197.0,1197.0,1197.0,1197.0,1197.0,1197.0,1197.0,1197.0,1197.0,1197.0,1197.0,1197.0,1197.0,1197.0,1197.0,1197.0,1197.0,1197.0,1197.0,1197.0,1189.0,1189.0,1189.0,1189.0,1189.0,1189.0,1189.0,1189.0,1189.0,1189.0,1185.0,1185.0,1185.0,1185.0,1185.0,1185.0,1185.0,1185.0,1185.0,1185.0,1185.0,1185.0,1185.0,1185.0,1185.0,1185.0,1185.0,1185.0,1185.0,1185.0,1185.0,1185.0,1185.0,1185.0,1185.0,1185.0,1185.0,1185.0,1185.0,1185.0,1185.0,1185.0,1185.0,1185.0,1185.0,1185.0,1185.0,1185.0,1185.0,1185.0,1185.0,1185.0,1185.0,1185.0,1185.0,1185.0,1185.0,1185.0,1185.0,1185.0,1185.0,1185.0,1185.0,1185.0,1185.0,1185.0,1185.0,1185.0,1185.0,1185.0,1185.0,1185.0,1185.0,1185.0,1185.0,1185.0,1185.0,1185.0,1184.0,1184.0,1184.0,1184.0,1184.0,1184.0,1184.0,1184.0,1184.0,1184.0,1184.0,1184.0,1184.0,1184.0,1184.0,1184.0,1184.0,1184.0,1184.0,1184.0,1184.0,1184.0,1184.0,1184.0,1184.0,1184.0,1184.0,1184.0,1184.0,1184.0,1184.0,1184.0,1184.0,1184.0,1184.0,1184.0,1184.0,1184.0,1184.0,1184.0,1184.0,1184.0,1184.0,1184.0,1184.0,1184.0,1184.0,1184.0,1184.0,0.0,2312.0
tune_2,Testing/network-cor-forma_eu_27t.txt,0.05,0.05,0.03,50,5,0.9,0.02,largest,0,50,4326.0,374.26,3712,0,9902.0,9902.0,9898.0,9492.0,8268.0,8268.0,8268.0,8074.0,8074.0,8074.0,7652.0,7289.0,5232.0,5232.0,2896.0,2597.0,2538.0,2538.0,2538.0,2538.0,2538.0,2538.0,2538.0,2538.0,2538.0,2538.0,2538.0,2538.0,2538.0,2538.0,2538.0,2538.0,2259.0,2259.0,2259.0,2259.0,2259.0,2259.0,2259.0,2259.0,2259.0,2259.0,2259.0,2259.0,2259.0,2259.0,2259.0,2259.0,946.0,946.0,946.0,946.0,946.0,946.0,946.0,946.0,946.0,946.0,946.0,946.0,946.0,946.0,946.0,946.0,946.0,946.0,946.0,946.0,946.0,946.0,946.0,946.0,946.0,946.0,946.0,946.0,946.0,946.0,946.0,946.0,946.0,946.0,946.0,946.0,946.0,946.0,946.0,946.0,946.0,946.0,946.0,946.0,946.0,946.0,946.0,946.0,946.0,946.0,946.0,946.0,946.0,946.0,946.0,946.0,946.0,946.0,946.0,946.0,946.0,946.0,946.0,946.0,946.0,946.0,946.0,946.0,946.0,946.0,946.0,946.0,946.0,946.0,946.0,946.0,946.0,946.0,946.0,946.0,946.0,946.0,946.0,946.0,946.0,946.0,946.0,946.0,946.0,946.0,946.0,946.0,946.0,946.0,946.0,946.0,946.0,946.0,946.0,946.0,946.0,946.0,946.0,946.0,946.0,946.0,946.0,946.0,946.0,946.0,946.0,946.0,946.0,946.0,946.0,946.0,946.0,946.0,946.0,946.0,946.0,946.0,946.0,946.0,946.0,946.0,946.0,946.0,946.0,946.0,946.0,946.0,946.0,946.0,946.0,946.0,946.0,946.0,946.0,946.0,946.0,946.0,946.0,946.0,946.0,946.0,946.0,946.0,946.0,946.0,946.0,946.0,0.0
tune_3,Testing/network-cor-forma_eu_27t.txt,0.05,0.05,0.03,50,5,0.9,0.02,largest,0,50,1454.0,391.06,3751,0,12031.0,11973.0,9889.0,9655.0,8729.0,8729.0,8715.0,8170.0,8167.0,7931.0,7292.0,7262.0,7262.0,5408.0,2576.0,2447.0,1856.0,1856.0,1856.0,1856.0,1856.0,1856.0,1856.0,1856.0,1856.0,1856.0,1856.0,1856.0,1856.0,1856.0,1856.0,1856.0,1856.0,1856.0,1856.0,1856.0,1856.0,1856.0,1856.0,1856.0,1856.0,1856.0,1856.0,1856.0,1856.0,1856.0,1856.0,1856.0,1856.0,1856.0,1856.0,1856.0,1856.0,1856.0,1856.0,1856.0,1856.0,1856.0,1856.0,1856.0,1856.0,1856.0,1856.0,1856.0,1856.0,1856.0,1856.0,1856.0,1856.0,1856.0,1856.0,1856.0,1856.0,1856.0,1856.0,1856.0,1856.0,1856.0,1856.0,1849.0,1849.0,1849.0,1849.0,1849.0,1849.0,1849.0,1849.0,1849.0,1849.0,1849.0,1849.0,1849.0,1849.0,1849.0,1849.0,1849.0,1849.0,1849.0,1849.0,1849.0,1849.0,1849.0,1849.0,1849.0,1849.0,1849.0,1849.0,1849.0,1849.0,1849.0,1849.0,1849.0,1849.0,1849.0,1849.0,1849.0,1849.0,1849.0,1849.0,1849.0,1849.0,1849.0,1849.0,1849.0,1849.0,1849.0,1849.0,1849.0,1849.0,1849.0,1849.0,1849.0,1849.0,1849.0,1849.0,1849.0,1849.0,1849.0,1849.0,1849.0,1849.0,1849.0,1849.0,1849.0,1849.0,1849.0,1849.0,1849.0,1849.0,1849.0,1849.0,1848.0,1848.0,1848.0,1848.0,1848.0,1848.0,1848.0,1848.0,1848.0,1848.0,1848.0,1848.0,1848.0,1848.0,1848.0,1848.0,1848.0,1848.0,1848.0,1848.0,1847.0,1847.0,1847.0,1847.0,1846.0,1846.0,1846.0,1846.0,1846.0,1846.0,1846.0,1846.0,1846.0,1846.0,1846.0,1846.0,1846.0,1846.0,1846.0,1846.0,1846.0,1846.0,1846.0,1846.0,1846.0,1846.0,1846.0,1846.0,1846.0,0.0
tune_4,Testing/network-cor-forma_eu_27t.txt,0.05,0.05,0.03,50,5,0.9,0.02,largest,0,50,1839.0,369.96,3667,0,11990.0,11883.0,11595.0,8704.0,7554.0,7554.0,7554.0,7554.0,6813.0,6813.0,6813.0,6544.0,5098.0,3133.0,2109.0,2109.0,2046.0,2046.0,2046.0,2046.0,2046.0,2046.0,2046.0,2046.0,2046.0,2046.0,2046.0,2046.0,1832.0,1832.0,1832.0,1832.0,1832.0,1832.0,1832.0,1832.0,1832.0,1832.0,1832.0,1832.0,1832.0,1832.0,1832.0,1832.0,1832.0,1832.0,1832.0,1832.0,1832.0,1832.0,1832.0,1832.0,1832.0,1832.0,1832.0,1832.0,1832.0,1832.0,1832.0,1832.0,1832.0,1832.0,1832.0,1832.0,1832.0,1832.0,1832.0,1832.0,1832.0,1832.0,1809.0,1809.0,1809.0,1809.0,1809.0,1809.0,1809.0,1809.0,1809.0,1765.0,1765.0,1765.0,1765.0,1765.0,1765.0,1765.0,1765.0,1765.0,1765.0,1765.0,1765.0,1765.0,1765.0,1765.0,1765.0,1765.0,1765.0,1765.0,1765.0,1765.0,1765.0,1765.0,1765.0,1765.0,1765.0,1765.0,1765.0,1765.0,1765.0,1765.0,1765.0,1765.0,1765.0,1765.0,1765.0,1765.0,1765.0,1764.0,1764.0,1764.0,1764.0,1764.0,1764.0,1764.0,1764.0,1764.0,1764.0,1764.0,1764.0,1764.0,1764.0,1763.0,1763.0,1763.0,1763.0,1763.0,1763.0,1763.0,1763.0,1763.0,1763.0,1763.0,1763.0,1763.0,1763.0,1763.0,1763.0,1763.0,1762.0,1762.0,1762.0,1762.0,1762.0,1762.0,1762.0,1762.0,1762.0,1762.0,1762.0,1762.0,1762.0,1762.0,1762.0,1762.0,1762.0,1762.0,1762.0,1762.0,1762.0,1762.0,1762.0,1762.0,1762.0,1762.0,1762.0,1762.0,1762.0,1762.0,1762.0,1762.0,1762.0,1762.0,1762.0,1762.0,1762.0,1762.0,1762.0,1762.0,1762.0,1762.0,1762.0,1762.0,1762.0,1762.0,1762.0,1762.0,1762.0,1762.0,1762.0,1762.0
tune_5,Testing/network-cor-forma_eu_27t.txt,0.05,0.05,0.03,50,5,0.9,0.02,largest,0,50,2358.0,384.88,3730,0,11853.0,11853.0,11759.0,9074.0,9074.0,8287.0,7952.0,7628.0,7628.0,7621.0,6490.0,6490.0,6490.0,6490.0,4473.0,4473.0,2491.0,2395.0,2395.0,2395.0,2395.0,2395.0,2395.0,2395.0,2395.0,2395.0,2395.0,2395.0,2395.0,2395.0,2395.0,2395.0,2395.0,2395.0,2395.0,2395.0,2395.0,2395.0,2395.0,2395.0,2395.0,2395.0,2395.0,2395.0,2395.0,2376.0,2376.0,2376.0,2376.0,2376.0,2376.0,2376.0,2376.0,2376.0,2376.0,2376.0,2376.0,2376.0,2376.0,2376.0,2376.0,2376.0,2376.0,2376.0,2376.0,2376.0,2376.0,2376.0,2376.0,2376.0,2376.0,2376.0,2376.0,2376.0,2376.0,2376.0,2376.0,2376.0,2376.0,2376.0,2376.0,2376.0,2376.0,2376.0,2376.0,2376.0,2376.0,2376.0,2376.0,2376.0,2376.0,2376.0,2376.0,2376.0,2376.0,2376.0,2376.0,2376.0,2376.0,2376.0,2376.0,2376.0,2376.0,2376.0,2376.0,2376.0,2376.0,2376.0,2376.0,2376.0,2376.0,2376.0,2376.0,2376.0,2376.0,2376.0,2376.0,2375.0,2375.0,2375.0,2375.0,2375.0,2375.0,2375.0,2375.0,2375.0,2375.0,2375.0,2375.0,2375.0,2375.0,2375.0,2375.0,2375.0,2375.0,2374.0,2374.0,2374.0,2374.0,2374.0,2374.0,2374.0,2374.0,2374.0,2374.0,2374.0,2374.0,2374.0,2374.0,2374.0,2374.0,2374.0,2374.0,2374.0,2374.0,2374.0,2374.0,2374.0,2374.0,2374.0,2374.0,2374.0,2374.0,2374.0,2374.0,2374.0,2374.0,2374.0,2374.0,2374.0,2374.0,2374.0,2374.0,2374.0,2374.0,2374.0,2374.0,2374.0,2374.0,2374.0,2374.0,2374.0,2374.0,2374.0,2374.0,2374.0,2374.0,2374.0,2374.0,2374.0,2374.0,2374.0,2374.0,2374.0,2374.0,2374.0,2374.0,2374.0,2374.0,2374.0
tune_6,Testing/network-cor-forma_eu_27t.txt,0.05,0.05,0.03,50,5,0.9,0.02,largest,0,50,2773.0,383.22,3717,0,11878.0,8060.0,7883.0,7883.0,7883.0,7883.0,7883.0,7714.0,7662.0,7627.0,7627.0,7270.0,4157.0,3007.0,1266.0,1266.0,1266.0,1266.0,1266.0,1266.0,1266.0,1266.0,1266.0,1266.0,1266.0,1266.0,1266.0,1266.0,1266.0,1266.0,1266.0,1266.0,1266.0,1266.0,1266.0,1266.0,1266.0,1266.0,1266.0,1266.0,1266.0,1266.0,1266.0,1266.0,1266.0,1266.0,1266.0,1256.0,1256.0,1256.0,1256.0,1256.0,1256.0,1256.0,1256.0,1256.0,1256.0,1256.0,1256.0,1256.0,1205.0,1205.0,1205.0,1205.0,1205.0,1205.0,1205.0,1205.0,1205.0,1205.0,1205.0,1205.0,1205.0,1205.0,1205.0,1205.0,1205.0,1205.0,1205.0,1205.0,1205.0,1205.0,1205.0,1205.0,1205.0,1205.0,1205.0,1205.0,1205.0,1205.0,1205.0,1205.0,1205.0,1205.0,1205.0,1205.0,1205.0,1205.0,1205.0,1205.0,1205.0,1205.0,1205.0,1205.0,1205.0,1205.0,1205.0,1205.0,1205.0,1205.0,1205.0,1205.0,1205.0,1205.0,1205.0,1205.0,1205.0,1205.0,1205.0,1205.0,1205.0,1205.0,1205.0,1205.0,1205.0,1205.0,1205.0,1205.0,1205.0,1205.0,1205.0,1205.0,1205.0,1205.0,1205.0,1205.0,1205.0,1205.0,1205.0,1205.0,1205.0,1205.0,1205.0,1205.0,1205.0,1205.0,1205.0,1205.0,1205.0,1205.0,1205.0,1205.0,1205.0,1205.0,1205.0,1205.0,1205.0,1205.0,1205.0,1205.0,1205.0,1205.0,1204.0,1204.0,1204.0,1204.0,1204.0,1204.0,1204.0,1204.0,1204.0,1204.0,1204.0,1204.0,1204.0,1204.0,1204.0,1204.0,1204.0,1204.0,1204.0,1204.0,1204.0,1204.0,1204.0,1204.0,1204.0,1204.0,1204.0,1204.0,1204.0,1204.0,1204.0,1204.0,1204.0,1204.0,1204.0,1204.0,1204.0,1204.0
tune_7,Testing/network-cor-forma_eu_27t.txt,0.05,0.05,0.03,50,5,0.9,0.02,largest,0,50,2158.0,383.63,3727,0,11683.0,11683.0,11668.0,11531.0,9710.0,7614.0,7614.0,6992.0,6992.0,6673.0,6673.0,6673.0,5378.0,4209.0,3832.0,3627.0,3627.0,3627.0,3627.0,3627.0,3627.0,3627.0,3627.0,3627.0,3627.0,3627.0,3627.0,3627.0,3627.0,3627.0,3627.0,3627.0,3627.0,3627.0,3627.0,3627.0,3627.0,3627.0,3627.0,3627.0,3627.0,3627.0,3627.0,3627.0,3627.0,3627.0,3627.0,3627.0,3627.0,3627.0,3627.0,3627.0,3627.0,3627.0,3627.0,3627.0,3627.0,3627.0,3627.0,3627.0,3627.0,3627.0,3627.0,3627.0,3627.0,3627.0,3627.0,3627.0,3627.0,3627.0,3627.0,3627.0,3618.0,3618.0,3618.0,3618.0,3618.0,3618.0,3618.0,3618.0,3618.0,3618.0,3618.0,3618.0,3618.0,3618.0,3618.0,3618.0,3618.0,3618.0,3618.0,3618.0,3618.0,3618.0,3618.0,3618.0,3618.0,3618.0,3618.0,3618.0,3618.0,3618.0,3618.0,3618.0,3618.0,3618.0,3618.0,3617.0,3617.0,3617.0,3617.0,3617.0,3617.0,3617.0,3617.0,3617.0,3617.0,3617.0,3617.0,3617.0,3616.0,3616.0,3616.0,3616.0,3616.0,3616.0,3616.0,3616.0,3616.0,3616.0,3616.0,3616.0,3616.0,3616.0,3616.0,3615.0,3615.0,3615.0,3615.0,3615.0,3615.0,3615.0,3615.0,3615.0,3615.0,3615.0,3615.0,3614.0,3614.0,3614.0,3614.0,3614.0,3614.0,3614.0,3614.0,3614.0,3614.0,3614.0,3614.0,3614.0,3614.0,3614.0,3614.0,3614.0,3614.0,3614.0,3614.0,3614.0,3614.0,3614.0,3614.0,3614.0,3614.0,3614.0,3614.0,3614.0,3613.0,3613.0,3613.0,3613.0,3613.0,3613.0,3613.0,3613.0,3613.0,3613.0,3613.0,3613.0,3613.0,3613.0,3613.0,3613.0,3613.0,3613.0,3613.0,3613.0,3613.0,3613.0,3613.0,3612.0
tune_8,Testing/network-cor-forma_eu_27t.txt,0.05,0.05,0.03,50,5,0.9,0.02,largest,0,50,1825.0,376.11,3740,0,9760.0,8719.0,8719.0,8719.0,8154.0,6906.0,6906.0,6906.0,6710.0,6710.0,6710.0,3388.0,3388.0,3388.0,3388.0,3388.0,3388.0,3313.0,2916.0,2916.0,2916.0,2916.0,2916.0,2916.0,2916.0,2916.0,2916.0,2916.0,2916.0,2916.0,2916.0,2916.0,2916.0,2916.0,2916.0,2916.0,2916.0,2916.0,2916.0,2916.0,2916.0,2916.0,2916.0,2916.0,2916.0,2916.0,2916.0,2916.0,2916.0,2916.0,2916.0,2916.0,2916.0,2916.0,2916.0,2916.0,2916.0,2916.0,2916.0,2916.0,2916.0,2916.0,2916.0,2916.0,2873.0,2873.0,2873.0,2873.0,2873.0,2873.0,2873.0,2873.0,2873.0,2873.0,2873.0,2869.0,2865.0,2865.0,2865.0,2865.0,2865.0,2865.0,2865.0,2865.0,2865.0,2865.0,2865.0,2865.0,2865.0,2865.0,2865.0,2865.0,2865.0,2865.0,2865.0,2864.0,2864.0,2864.0,2864.0,2864.0,2864.0,2864.0,2864.0,2864.0,2864.0,2864.0,2864.0,2864.0,2864.0,2864.0,2864.0,2864.0,2864.0,2864.0,2864.0,2864.0,2864.0,2864.0,2864.0,2864.0,2864.0,2864.0,2864.0,2864.0,2863.0,2863.0,2863.0,2863.0,2863.0,2863.0,2863.0,2863.0,2863.0,2863.0,2862.0,2862.0,2862.0,2862.0,2862.0,2862.0,2862.0,2862.0,2862.0,2862.0,2862.0,2862.0,2862.0,2862.0,2862.0,2862.0,2862.0,2862.0,2862.0,2862.0,2862.0,2862.0,2862.0,2862.0,2862.0,2861.0,2861.0,2861.0,2861.0,2861.0,2861.0,2861.0,2861.0,2861.0,2861.0,2861.0,2861.0,2861.0,2861.0,2861.0,2861.0,2861.0,2861.0,2861.0,2861.0,2861.0,2861.0,2861.0,2861.0,2861.0,2861.0,2861.0,2861.0,2861.0,2861.0,2861.0,2861.0,2861.0,2861.0,2861.0,2861.0,2861.0,2861.0,2861.0,2861.0,2861.0
tune_9,Testing/network-cor-forma_eu_27t.txt,0.05,0.05,0.03,50,5,0.9,0.02,largest,0,50,2285.0,366.44,3662,0,11979.0,11979.0,11956.0,11804.0,9589.0,8491.0,8491.0,8491.0,8491.0,8369.0,8287.0,7287.0,7280.0,6301.0,6147.0,5079.0,4996.0,1859.0,1859.0,1859.0,1859.0,1859.0,1859.0,1859.0,1859.0,1859.0,1859.0,1859.0,1859.0,1859.0,1859.0,1859.0,1859.0,1859.0,1859.0,1769.0,1769.0,1769.0,1280.0,1280.0,1280.0,1280.0,1280.0,1280.0,1280.0,1280.0,1280.0,1280.0,1280.0,1280.0,1280.0,1280.0,1280.0,1280.0,1280.0,1280.0,1280.0,1280.0,1280.0,1280.0,1280.0,1280.0,1280.0,1280.0,1272.0,1272.0,1272.0,1272.0,1272.0,1272.0,1272.0,1272.0,1272.0,1272.0,1272.0,1272.0,1272.0,1272.0,1272.0,1272.0,1272.0,1272.0,1272.0,1272.0,1272.0,1272.0,1272.0,1271.0,1271.0,1271.0,1271.0,1271.0,1271.0,1271.0,1271.0,1271.0,1271.0,1271.0,1271.0,1271.0,1271.0,1271.0,1271.0,1271.0,1271.0,1271.0,1271.0,1271.0,1271.0,1271.0,1271.0,1271.0,1271.0,1271.0,1271.0,1271.0,1271.0,1271.0,1271.0,1271.0,1271.0,1271.0,1271.0,1271.0,1271.0,1271.0,1271.0,1271.0,1271.0,1271.0,1271.0,1271.0,1271.0,1271.0,1271.0,1271.0,1271.0,1271.0,1271.0,1271.0,1271.0,1271.0,1271.0,1271.0,1271.0,1271.0,1271.0,1271.0,1271.0,1271.0,1271.0,1271.0,1271.0,1271.0,1271.0,1271.0,1271.0,1270.0,1270.0,1270.0,1270.0,1270.0,1270.0,1270.0,1270.0,1270.0,1270.0,1270.0,1270.0,1270.0,1270.0,1269.0,1269.0,1269.0,1269.0,1269.0,1269.0,1269.0,1269.0,1269.0,1269.0,1269.0,1269.0,1269.0,1269.0,1269.0,1269.0,1269.0,1269.0,1269.0,1269.0,1269.0,1269.0,1269.0,1269.0,1269.0,1269.0,1269.0,1269.0,1269.0
tune_10,Testing/network-cor-forma_eu_27t.txt,0.05,0.05,0.03,50,5,0.9,0.02,largest,0,50,4087.0,376.12,3807,0,11964.0,11964.0,8853.0,8562.0,8444.0,8444.0,8344.0,8344.0,7902.0,7902.0,7902.0,7280.0,4608.0,4608.0,3941.0,2906.0,2906.0,2906.0,2906.0,2906.0,2906.0,2906.0,2906.0,2906.0,2906.0,2906.0,2906.0,2906.0,2906.0,2906.0,2906.0,2906.0,2906.0,2906.0,2898.0,2898.0,2898.0,2898.0,2898.0,2865.0,2865.0,2865.0,2865.0,2865.0,2865.0,2865.0,2865.0,2865.0,2865.0,2865.0,2865.0,2865.0,2865.0,2865.0,2865.0,2842.0,2842.0,2842.0,2842.0,2842.0,2842.0,2842.0,2842.0,2842.0,2842.0,2842.0,2842.0,2842.0,2842.0,2842.0,2842.0,2842.0,2842.0,2842.0,2842.0,2842.0,2842.0,2842.0,2842.0,2842.0,2842.0,2842.0,2842.0,2842.0,2842.0,2842.0,2842.0,2842.0,2842.0,2842.0,2842.0,2842.0,2842.0,2842.0,2842.0,2842.0,2842.0,2842.0,2842.0,2842.0,2842.0,2842.0,2842.0,2842.0,2842.0,2842.0,2842.0,2842.0,2841.0,2841.0,2841.0,2841.0,2841.0,2841.0,2841.0,2841.0,2841.0,2841.0,2841.0,2841.0,2840.0,2840.0,2840.0,2840.0,2840.0,2840.0,2840.0,2840.0,2840.0,2840.0,2840.0,2840.0,2840.0,2840.0,2840.0,2840.0,2840.0,2840.0,2840.0,2840.0,2840.0,2840.0,2840.0,2840.0,2840.0,2840.0,2840.0,2840.0,2840.0,2840.0,2840.0,2840.0,2840.0,2840.0,2840.0,2838.0,2838.0,2838.0,2838.0,2838.0,2838.0,2838.0,2838.0,2838.0,2838.0,2838.0,2838.0,2838.0,2838.0,2838.0,2838.0,2838.0,2838.0,2838.0,2838.0,2838.0,2838.0,2838.0,2838.0,2838.0,2838.0,2838.0,2838.0,2838.0,2838.0,2838.0,2838.0,2838.0,2838.0,2838.0,2838.0,2838.0,2838.0,2838.0,2838.0,2838.0,2838.0,2838.0,2838.0,2838.0
tune_2,Testing/network-cor-forma_eu_27t.txt,0.05,0.05,0.03,50,5,0.9,0.02,largest,1,50,4326.0,366.09,3738,0,9902.0,9902.0,9898.0,9492.0,8268.0,8268.0,8268.0,8074.0,8074.0,8074.0,7652.0,7289.0,5232.0,5232.0,2896.0,2597.0,2538.0,2538.0,2538.0,2538.0,2538.0,2538.0,2538.0,2538.0,2538.0,2538.0,2538.0,2538.0,2538.0,2538.0,2538.0,2538.0,2259.0,2259.0,2259.0,2259.0,2259.0,2259.0,2259.0,2259.0,2259.0,2259.0,2259.0,2259.0,2259.0,2259.0,2259.0,2259.0,946.0,946.0,946.0,946.0,946.0,946.0,946.0,946.0,946.0,946.0,946.0,946.0,946.0,946.0,946.0,946.0,946.0,946.0,946.0,946.0,946.0,946.0,946.0,946.0,946.0,946.0,946.0,946.0,946.0,946.0,946.0,946.0,946.0,946.0,946.0,946.0,946.0,946.0,946.0,946.0,946.0,946.0,946.0,946.0,946.0,946.0,946.0,946.0,946.0,946.0,946.0,946.0,946.0,946.0,946.0,946.0,946.0,946.0,946.0,946.0,946.0,946.0,946.0,946.0,946.0,946.0,946.0,946.0,946.0,946.0,946.0,946.0,946.0,946.0,946.0,946.0,946.0,946.0,946.0,946.0,946.0,946.0,946.0,946.0,946.0,946.0,946.0,946.0,946.0,946.0,946.0,946.0,946.0,946.0,946.0,946.0,946.0,946.0,946.0,946.0,946.0,946.0,946.0,946.0,946.0,946.0,946.0,946.0,946.0,946.0,946.0,946.0,946.0,946.0,946.0,946.0,946.0,946.0,946.0,946.0,946.0,946.0,946.0,946.0,946.0,946.0,946.0,946.0,946.0,946.0,946.0,946.0,946.0,946.0,946.0,946.0,946.0,946.0,946.0,946.0,946.0,946.0,946.0,946.0,946.0,946.0,946.0,946.0,946.0,946.0,946.0,946.0,0.0
tune_1,Testing/network-cor-forma_eu_27t.txt,0.05,0.05,0.03,50,5,0.9,0.02,largest,1,50,817.0,397.99,3715,0,7167.0,7167.0,7167.0,7167.0,7167.0,7167.0,7167.0,7167.0,7167.0,6702.0,6702.0,5366.0,3959.0,3291.0,1197.0,1197.0,1197.0,1197.0,1197.0,1197.0,1197.0,1197.0,1197.0,1197.0,1197.0,1197.0,1197.0,1197.0,1197.0,1197.0,1197.0,1197.0,1197.0,1197.0,1197.0,1197.0,1197.0,1197.0,1197.0,1197.0,1197.0,1197.0,1197.0,1197.0,1197.0,1197.0,1197.0,1197.0,1197.0,1197.0,1197.0,1197.0,1197.0,1197.0,1197.0,1197.0,1197.0,1197.0,1197.0,1197.0,1197.0,1197.0,1197.0,1197.0,1197.0,1197.0,1197.0,1197.0,1197.0,1197.0,1197.0,1197.0,1197.0,1189.0,1189.0,1189.0,1189.0,1189.0,1189.0,1189.0,1189.0,1189.0,1189.0,1185.0,1185.0,1185.0,1185.0,1185.0,1185.0,1185.0,1185.0,1185.0,1185.0,1185.0,1185.0,1185.0,1185.0,1185.0,1185.0,1185.0,1185.0,1185.0,1185.0,1185.0,1185.0,1185.0,1185.0,1185.0,1185.0,1185.0,1185.0,1185.0,1185.0,1185.0,1185.0,1185.0,1185.0,1185.0,1185.0,1185.0,1185.0,1185.0,1185.0,1185.0,1185.0,1185.0,1185.0,1185.0,1185.0,1185.0,1185.0,1185.0,1185.0,1185.0,1185.0,1185.0,1185.0,1185.0,1185.0,1185.0,1185.0,1185.0,1185.0,1185.0,1185.0,1185.0,1185.0,1185.0,1185.0,1185.0,1185.0,1184.0,1184.0,1184.0,1184.0,1184.0,1184.0,1184.0,1184.0,1184.0,1184.0,1184.0,1184.0,1184.0,1184.0,1184.0,1184.0,1184.0,1184.0,1184.0,1184.0,1184.0,1184.0,1184.0,1184.0,1184.0,1184.0,1184.0,1184.0,1184.0,1184.0,1184.0,1184.0,1184.0,1184.0,1184.0,1184.0,1184.0,1184.0,1184.0,1184.0,1184.0,1184.0,1184.0,1184.0,1184.0,1184.0,1184.0,1184.0,1184.0,0.0,2312.0
tune_4,Testing/network-cor-forma_eu_27t.txt,0.05,0.05,0.03,50,5,0.9,0.02,largest,1,50,1839.0,401.87,3712,0,11990.0,11883.0,11595.0,8704.0,7554.0,7554.0,7554.0,7554.0,6813.0,6813.0,6813.0,6544.0,5098.0,3133.0,2109.0,2109.0,2046.0,2046.0,2046.0,2046.0,2046.0,2046.0,2046.0,2046.0,2046.0,2046.0,2046.0,2046.0,1832.0,1832.0,1832.0,1832.0,1832.0,1832.0,1832.0,1832.0,1832.0,1832.0,1832.0,1832.0,1832.0,1832.0,1832.0,1832.0,1832.0,1832.0,1832.0,1832.0,1832.0,1832.0,1832.0,1832.0,1832.0,1832.0,1832.0,1832.0,1832.0,1832.0,1832.0,1832.0,1832.0,1832.0,1832.0,1832.0,1832.0,1832.0,1832.0,1832.0,1832.0,1832.0,1809.0,1809.0,1809.0,1809.0,1809.0,1809.0,1809.0,1809.0,1809.0,1765.0,1765.0,1765.0,1765.0,1765.0,1765.0,1765.0,1765.0,1765.0,1765.0,1765.0,1765.0,1765.0,1765.0,1765.0,1765.0,1765.0,1765.0,1765.0,1765.0,1765.0,1765.0,1765.0,1765.0,1765.0,1765.0,1765.0,1765.0,1765.0,1765.0,1765.0,1765.0,1765.0,1765.0,1765.0,1765.0,1765.0,1765.0,1764.0,1764.0,1764.0,1764.0,1764.0,1764.0,1764.0,1764.0,1764.0,1764.0,1764.0,1764.0,1764.0,1764.0,1763.0,1763.0,1763.0,1763.0,1763.0,1763.0,1763.0,1763.0,1763.0,1763.0,1763.0,1763.0,1763.0,1763.0,1763.0,1763.0,1763.0,1762.0,1762.0,1762.0,1762.0,1762.0,1762.0,1762.0,1762.0,1762.0,1762.0,1762.0,1762.0,1762.0,1762.0,1762.0,1762.0,1762.0,1762.0,1762.0,1762.0,1762.0,1762.0,1762.0,1762.0,1762.0,1762.0,1762.0,1762.0,1762.0,1762.0,1762.0,1762.0,1762.0,1762.0,1762.0,1762.0,1762.0,1762.0,1762.0,1762.0,1762.0,1762.0,1762.0,1762.0,1762.0,1762.0,1762.0,1762.0,1762.0,1762.0,1762.0,1762.0
tune_3,Testing/network-cor-forma_eu_27t.txt,0.05,0.05,0.03,50,5,0.9,0.02,largest,1,50,3182.0,419.04,3744,0,12031.0,11973.0,9889.0,9655.0,8729.0,8729.0,8715.0,8170.0,8167.0,7931.0,7292.0,7262.0,7262.0,5408.0,2576.0,2447.0,1856.0,1856.0,1856.0,1856.0,1856.0,1856.0,1856.0,1856.0,1856.0,1856.0,1856.0,1856.0,1856.0,1856.0,1856.0,1856.0,1856.0,1856.0,1856.0,1856.0,1856.0,1856.0,1856.0,1856.0,1856.0,1856.0,1856.0,1856.0,1856.0,1856.0,1856.0,1856.0,1856.0,1856.0,1856.0,1856.0,1856.0,1856.0,1856.0,1856.0,1856.0,1856.0,1856.0,1856.0,1856.0,1856.0,1856.0,1856.0,1856.0,1856.0,1856.0,1856.0,1856.0,1856.0,1856.0,1856.0,1856.0,1856.0,1856.0,1856.0,1856.0,1856.0,1856.0,1849.0,1849.0,1849.0,1849.0,1849.0,1849.0,1849.0,1849.0,1849.0,1849.0,1849.0,1849.0,1849.0,1849.0,1849.0,1849.0,1849.0,1849.0,1849.0,1849.0,1849.0,1849.0,1849.0,1849.0,1849.0,1849.0,1849.0,1849.0,1849.0,1849.0,1849.0,1849.0,1849.0,1849.0,1849.0,1849.0,1849.0,1849.0,1849.0,1849.0,1849.0,1849.0,1849.0,1849.0,1849.0,1849.0,1849.0,1849.0,1849.0,1849.0,1849.0,1849.0,1849.0,1849.0,1849.0,1849.0,1849.0,1849.0,1849.0,1849.0,1849.0,1849.0,1849.0,1849.0,1849.0,1849.0,1849.0,1849.0,1849.0,1849.0,1849.0,1849.0,1848.0,1848.0,1848.0,1848.0,1848.0,1848.0,1848.0,1848.0,1848.0,1848.0,1848.0,1848.0,1848.0,1848.0,1848.0,1848.0,1848.0,1848.0,1848.0,1848.0,1847.0,1847.0,1847.0,1847.0,1846.0,1846.0,1846.0,1846.0,1846.0,1846.0,1846.0,1846.0,1846.0,1846.0,1846.0,1846.0,1846.0,1846.0,1846.0,1846.0,1846.0,1846.0,1846.0,1846.0,1846.0,1846.0,1846.0,1846.0,1846.0,0.0
tune_5,Testing/network-cor-forma_eu_27t.txt,0.05,0.05,0.03,50,5,0.9,0.02,largest,1,50,2910.0,399.23,3717,0,11853.0,11853.0,11759.0,9074.0,9074.0,8287.0,7952.0,7628.0,7628.0,7621.0,6490.0,6490.0,6490.0,6490.0,4473.0,4473.0,2491.0,2395.0,2395.0,2395.0,2395.0,2395.0,2395.0,2395.0,2395.0,2395.0,2395.0,2395.0,2395.0,2395.0,2395.0,2395.0,2395.0,2395.0,2395.0,2395.0,2395.0,2395.0,2395.0,2395.0,2395.0,2395.0,2395.0,2395.0,2395.0,2376.0,2376.0,2376.0,2376.0,2376.0,2376.0,2376.0,2376.0,2376.0,2376.0,2376.0,2376.0,2376.0,2376.0,2376.0,2376.0,2376.0,2376.0,2376.0,2376.0,2376.0,2376.0,2376.0,2376.0,2376.0,2376.0,2376.0,2376.0,2376.0,2376.0,2376.0,2376.0,2376.0,2376.0,2376.0,2376.0,2376.0,2376.0,2376.0,2376.0,2376.0,2376.0,2376.0,2376.0,2376.0,2376.0,2376.0,2376.0,2376.0,2376.0,2376.0,2376.0,2376.0,2376.0,2376.0,2376.0,2376.0,2376.0,2376.0,2376.0,2376.0,2376.0,2376.0,2376.0,2376.0,2376.0,2376.0,2376.0,2376.0,2376.0,2376.0,2376.0,2375.0,2375.0,2375.0,2375.0,2375.0,2375.0,2375.0,2375.0,2375.0,2375.0,2375.0,2375.0,2375.0,2375.0,2375.0,2375.0,2375.0,2375.0,2374.0,2374.0,2374.0,2374.0,2374.0,2374.0,2374.0,2374.0,2374.0,2374.0,2374.0,2374.0,2374.0,2374.0,2374.0,2374.0,2374.0,2374.0,2374.0,2374.0,2374.0,2374.0,2374.0,2374.0,2374.0,2374.0,2374.0,2374.0,2374.0,2374.0,2374.0,2374.0,2374.0,2374.0,2374.0,2374.0,2374.0,2374.0,2374.0,2374.0,2374.0,2374.0,2374.0,2374.0,2374.0,2374.0,2374.0,2374.0,2374.0,2374.0,2374.0,2374.0,2374.0,2374.0,2374.0,2374.0,2374.0,2374.0,2374.0,2374.0,2374.0,2374.0,2374.0,2374.0,2374.0
tune_6,Testing/network-cor-forma_eu_27t.txt,0.05,0.05,0.03,50,5,0.9,0.02,largest,1,50,1869.0,404.92,3702,0,11878.0,8060.0,7883.0,7883.0,7883.0,7883.0,7883.0,7714.0,7662.0,7627.0,7627.0,7270.0,4157.0,3007.0,1266.0,1266.0,1266.0,1266.0,1266.0,1266.0,1266.0,1266.0,1266.0,1266.0,1266.0,1266.0,1266.0,1266.0,1266.0,1266.0,1266.0,1266.0,1266.0,1266.0,1266.0,1266.0,1266.0,1266.0,1266.0,1266.0,1266.0,1266.0,1266.0,1266.0,1266.0,1266.0,1266.0,1256.0,1256.0,1256.0,1256.0,1256.0,1256.0,1256.0,1256.0,1256.0,1256.0,1256.0,1256.0,1256.0,1205.0,1205.0,1205.0,1205.0,1205.0,1205.0,1205.0,1205.0,1205.0,1205.0,1205.0,1205.0,1205.0,1205.0,1205.0,1205.0,1205.0,1205.0,1205.0,1205.0,1205.0,1205.0,1205.0,1205.0,1205.0,1205.0,1205.0,1205.0,1205.0,1205.0,1205.0,1205.0,1205.0,1205.0,1205.0,1205.0,1205.0,1205.0,1205.0,1205.0,1205.0,1205.0,1205.0,1205.0,1205.0,1205.0,1205.0,1205.0,1205.0,1205.0,1205.0,1205.0,1205.0,1205.0,1205.0,1205.0,1205.0,1205.0,1205.0,1205.0,1205.0,1205.0,1205.0,1205.0,1205.0,1205.0,1205.0,1205.0,1205.0,1205.0,1205.0,1205.0,1205.0,1205.0,1205.0,1205.0,1205.0,1205.0,1205.0,1205.0,1205.0,1205.0,1205.0,1205.0,1205.0,1205.0,1205.0,1205.0,1205.0,1205.0,1205.0,1205.0,1205.0,1205.0,1205.0,1205.0,1205.0,1205.0,1205.0,1205.0,1205.0,1205.0,1204.0,1204.0,1204.0,1204.0,1204.0,1204.0,1204.0,1204.0,1204.0,1204.0,1204.0,1204.0,1204.0,1204.0,1204.0,1204.0,1204.0,1204.0,1204.0,1204.0,1204.0,1204.0,1204.0,1204.0,1204.0,1204.0,1204.0,1204.0,1204.0,1204.0,1204.0,1204.0,1204.0,1204.0,1204.0,1204.0,1204.0,1204.0
tune_8,Testing/network-cor-forma_eu_27t.txt,0.05,0.05,0.03,50,5,0.9,0.02,largest,1,50,1825.0,368.06,3775,0,9760.0,8719.0,8719.0,8719.0,8154.0,6906.0,6906.0,6906.0,6710.0,6710.0,6710.0,3388.0,3388.0,3388.0,3388.0,3388.0,3388.0,3313.0,2916.0,2916.0,2916.0,2916.0,2916.0,2916.0,2916.0,2916.0,2916.0,2916.0,2916.0,2916.0,2916.0,2916.0,2916.0,2916.0,2916.0,2916.0,2916.0,2916.0,2916.0,2916.0,2916.0,2916.0,2916.0,2916.0,2916.0,2916.0,2916.0,2916.0,2916.0,2916.0,2916.0,2916.0,2916.0,2916.0,2916.0,2916.0,2916.0,2916.0,2916.0,2916.0,2916.0,2916.0,2916.0,2916.0,2873.0,2873.0,2873.0,2873.0,2873.0,2873.0,2873.0,2873.0,2873.0,2873.0,2873.0,2869.0,2865.0,2865.0,2865.0,2865.0,2865.0,2865.0,2865.0,2865.0,2865.0,2865.0,2865.0,2865.0,2865.0,2865.0,2865.0,2865.0,2865.0,2865.0,2865.0,2864.0,2864.0,2864.0,2864.0,2864.0,2864.0,2864.0,2864.0,2864.0,2864.0,2864.0,2864.0,2864.0,2864.0,2864.0,2864.0,2864.0,2864.0,2864.0,2864.0,2864.0,2864.0,2864.0,2864.0,2864.0,2864.0,2864.0,2864.0,2864.0,2863.0,2863.0,2863.0,2863.0,2863.0,2863.0,2863.0,2863.0,2863.0,2863.0,2862.0,2862.0,2862.0,2862.0,2862.0,2862.0,2862.0,2862.0,2862.0,2862.0,2862.0,2862.0,2862.0,2862.0,2862.0,2862.0,2862.0,2862.0,2862.0,2862.0,2862.0,2862.0,2862.0,2862.0,2862.0,2861.0,2861.0,2861.0,2861.0,2861.0,2861.0,2861.0,2861.0,2861.0,2861.0,2861.0,2861.0,2861.0,2861.0,2861.0,2861.0,2861.0,2861.0,2861.0,2861.0,2861.0,2861.0,2861.0,2861.0,2861.0,2861.0,2861.0,2861.0,2861.0,2861.0,2861.0,2861.0,2861.0,2861.0,2861.0,2861.0,2861.0,2861.0,2861.0,2861.0,2861.0
tune_1,Testing/network-cor-forma_eu_27t.txt,0.05,0.05,0.03,50,5,0.9,0.02,pairwise,0,50,1929035.0,363.06,3626,0,48371972.0,48371972.0,48371972.0,44009017.0,44009017.0,44009017.0,37614824.0,37614824.0,37614824.0,37614824.0,37614824.0,37614824.0,37614824.0,37614824.0,26260017.0,19012006.0,8880230.0,5590769.0,5590769.0,5258019.0,4708618.0,3443508.0,3443508.0,2897794.0,2897794.0,2897794.0,2897794.0,2897794.0,2897794.0,2897794.0,2897794.0,2897794.0,2897794.0,2897794.0,2897794.0,2897794.0,2897794.0,2897794.0,2897794.0,2897794.0,2897794.0,2897794.0,2897794.0,2897794.0,2897794.0,2897794.0,2897794.0,2897794.0,2897794.0,2897794.0,2897794.0,2897794.0,2897794.0,2897794.0,2897794.0,2897794.0,2897794.0,2897794.0,2897794.0,2897794.0,2897794.0,2897794.0,2897794.0,2897794.0,2880901.0,2880901.0,2880901.0,2880901.0,2880901.0,2880901.0,2880901.0,2880901.0,2880901.0,2880901.0,2880901.0,2880901.0,2880901.0,2880901.0,2880901.0,2880901.0,2880901.0,2880901.0,2880901.0,2880901.0,2880901.0,2880901.0,2880901.0,2880901.0,2880901.0,2880901.0,2880901.0,2880901.0,2880901.0,2880901.0,2880901.0,2880901.0,2880901.0,2878497.0,2878497.0,2878497.0,2878497.0,2878497.0,2878497.0,2878497.0,2878497.0,2878497.0,2878497.0,2878497.0,2878497.0,2878497.0,2878497.0,2878497.0,2878497.0,2878497.0,2878497.0,2878497.0,2878450.0,2878450.0,2878450.0,2878450.0,2878450.0,2878450.0,2878450.0,2878450.0,2876158.0,2876158.0,2876158.0,2876158.0,2876158.0,2876158.0,2876158.0,2876158.0,2876158.0,2876158.0,2876158.0,2876158.0,2876158.0,2876158.0,2876158.0,2876091.0,2876091.0,2876091.0,2876091.0,2876091.0,2876091.0,2876091.0,2876091.0,2876091.0,2876091.0,2876091.0,2876091.0,2876091.0,2876091.0,2876091.0,2873728.0,2873728.0,2873728.0,2873728.0,2873728.0,2873728.0,2873728.0,2873728.0,2873728.0,2873728.0,2873690.0,2873690.0,2873690.0,2873690.0,2873690.0,2873690.0,2873690.0,2873690.0,2873690.0,2873689.0,2873689.0,1848468.0,1848468.0,1848468.0,1848468.0
tune_2,Testing/network-cor-forma_eu_27t.txt,0.05,0.05,0.03,50,5,0.9,0.02,pairwise,0,50,1797221.0,364.46,3733,0,70706686.0,70706686.0,69983130.0,69487254.0,47547976.0,38188876.0,32758434.0,32758434.0,27325120.0,27325120.0,26827960.0,24104987.0,13663210.0,1690809.0,1690809.0,1690809.0,1690809.0,1690809.0,1690809.0,1690809.0,1690809.0,1690809.0,1690809.0,1690809.0,1690809.0,1690809.0,1690809.0,1690809.0,1690809.0,1690809.0,1690809.0,1690809.0,1690809.0,1690809.0,1690809.0,1690809.0,1690809.0,1690809.0,1690809.0,1690809.0,1690809.0,1690809.0,1690809.0,1690809.0,1690809.0,1690809.0,1690809.0,1690809.0,1690809.0,1690809.0,1690809.0,1690809.0,1690809.0,1690809.0,1690809.0,1690809.0,1690809.0,1690809.0,1690809.0,1690809.0,1690809.0,1690809.0,1690809.0,1690809.0,1690809.0,1690809.0,1690809.0,1690809.0,1690809.0,1690809.0,1690809.0,1690809.0,1690809.0,1690809.0,1690809.0,1690809.0,1690809.0,1690809.0,1690809.0,1677109.0,1677109.0,1677109.0,1677109.0,1677109.0,1677109.0,1677109.0,1677109.0,1673661.0,1673661.0,1673661.0,1673661.0,1673661.0,1673661.0,1673661.0,1673661.0,1673661.0,1673661.0,1673661.0,1673661.0,1673661.0,1673661.0,1673661.0,1673661.0,1673661.0,1673661.0,1673661.0,1673661.0,1673661.0,1673661.0,1673661.0,1673661.0,1673661.0,1673661.0,1673657.0,1673657.0,1673657.0,1673657.0,1673657.0,1673657.0,1673657.0,1673657.0,1673657.0,1673657.0,1673657.0,1673657.0,1673657.0,1673657.0,1673657.0,1673657.0,1673657.0,1673657.0,1673657.0,1673657.0,1673657.0,1673657.0,1673657.0,1673657.0,1673657.0,1673657.0,1673657.0,1673657.0,1673657.0,1673657.0,1673657.0,1673657.0,1673657.0,1673657.0,1673657.0,1673657.0,1673657.0,1673657.0,1673657.0,1673657.0,1673657.0,1673568.0,1673568.0,1673568.0,1673568.0,1673568.0,1673568.0,1673568.0,1673568.0,1673568.0,1673568.0,1673568.0,1673568.0,1673568.0,1673568.0,1673568.0,1673568.0,1673568.0,1673568.0
tune_10,Testing/network-cor-forma_eu_27t.txt,0.05,0.05,0.03,50,5,0.9,0.02,largest,1,50,2945.0,396.29,3750,0,11964.0,11964.0,8853.0,8562.0,8444.0,8444.0,8344.0,8344.0,7902.0,7902.0,7902.0,7280.0,4608.0,4608.0,3941.0,2906.0,2906.0,2906.0,2906.0,2906.0,2906.0,2906.0,2906.0,2906.0,2906.0,2906.0,2906.0,2906.0,2906.0,2906.0,2906.0,2906.0,2906.0,2906.0,2898.0,2898.0,2898.0,2898.0,2898.0,2865.0,2865.0,2865.0,2865.0,2865.0,2865.0,2865.0,2865.0,2865.0,2865.0,2865.0,2865.0,2865.0,2865.0,2865.0,2865.0,2842.0,2842.0,2842.0,2842.0,2842.0,2842.0,2842.0,2842.0,2842.0,2842.0,2842.0,2842.0,2842.0,2842.0,2842.0,2842.0,2842.0,2842.0,2842.0,2842.0,2842.0,2842.0,2842.0,2842.0,2842.0,2842.0,2842.0,2842.0,2842.0,2842.0,2842.0,2842.0,2842.0,2842.0,2842.0,2842.0,2842.0,2842.0,2842.0,2842.0,2842.0,2842.0,2842.0,2842.0,2842.0,2842.0,2842.0,2842.0,2842.0,2842.0,2842.0,2842.0,2842.0,2841.0,2841.0,2841.0,2841.0,2841.0,2841.0,2841.0,2841.0,2841.0,2841.0,2841.0,2841.0,2840.0,2840.0,2840.0,2840.0,2840.0,2840.0,2840.0,2840.0,2840.0,2840.0,2840.0,2840.0,2840.0,2840.0,2840.0,2840.0,2840.0,2840.0,2840.0,2840.0,2840.0,2840.0,2840.0,2840.0,2840.0,2840.0,2840.0,2840.0,2840.0,2840.0,2840.0,2840.0,2840.0,2840.0,2840.0,2838.0,2838.0,2838.0,2838.0,2838.0,2838.0,2838.0,2838.0,2838.0,2838.0,2838.0,2838.0,2838.0,2838.0,2838.0,2838.0,2838.0,2838.0,2838.0,2838.0,2838.0,2838.0,2838.0,2838.0,2838.0,2838.0,2838.0,2838.0,2838.0,2838.0,2838.0,2838.0,2838.0,2838.0,2838.0,2838.0,2838.0,2838.0,2838.0,2838.0,2838.0,2838.0,2838.0,2838.0,2838.0
tune_3,Testing/network-cor-forma_eu_27t.txt,0.05,0.05,0.03,50,5,0.9,0.02,pairwise,0,50,2912677.0,371.52,3699,0,69995483.0,68946300.0,36255274.0,36255274.0,36255274.0,30715489.0,30715489.0,25001689.0,25001689.0,25001689.0,24687162.0,24687162.0,23857576.0,8004807.0,6201838.0,4420274.0,3392024.0,3392024.0,3392024.0,3392024.0,3392024.0,3392024.0,3392024.0,3392024.0,3392024.0,3392024.0,3392024.0,3392024.0,3392024.0,3392024.0,3392024.0,3392024.0,3392024.0,3392024.0,3392024.0,3392024.0,3392024.0,3392024.0,3392024.0,3392024.0,3392024.0,3392024.0,3392024.0,3392024.0,3392024.0,3392024.0,3392024.0,3392024.0,3392024.0,3392024.0,3392024.0,3392024.0,3392024.0,3392024.0,3392024.0,3392024.0,3392024.0,3392024.0,3392024.0,3392024.0,3392024.0,3392024.0,3392024.0,3392024.0,3392024.0,3392024.0,3392024.0,3392024.0,3392024.0,3392024.0,3392024.0,3392024.0,3392024.0,3391268.0,3391268.0,3391268.0,3391268.0,3391268.0,3391268.0,3384691.0,3384691.0,3384691.0,3384691.0,3384691.0,3384691.0,3384691.0,3384691.0,3384691.0,3384691.0,3384691.0,3384691.0,3384691.0,3384691.0,3384691.0,3384691.0,3384691.0,3384691.0,3384691.0,3384691.0,3384691.0,3384691.0,3384691.0,3384691.0,3384691.0,3384691.0,3384614.0,3384614.0,3382125.0,3382125.0,3382125.0,3382125.0,3382125.0,3382125.0,3382125.0,3382125.0,3382125.0,3382125.0,3382125.0,3382125.0,3382125.0,3382125.0,3382125.0,3382125.0,3382125.0,3382125.0,3382125.0,3382125.0,3382125.0,3382125.0,3382125.0,3382125.0,3382125.0,3382125.0,3382125.0,3382125.0,3382125.0,3382125.0,3382125.0,3382125.0,3379574.0,3379574.0,3379574.0,3379574.0,3379574.0,3379574.0,3379574.0,3379574.0,3379574.0,3379574.0,3379574.0,3379574.0,3379566.0,3379566.0,3379566.0,3379566.0,3379566.0,3379566.0,3379566.0,3379566.0,3379566.0,3379566.0,3379566.0,3379566.0,3379566.0,3379566.0,3379566.0,3379566.0,3379566.0,3379566.0,3379566.0,3379566.0,5074402.0,5074402.0,5074402.0,5074402.0,5074402.0,5074402.0,5074402.0,5074402.0,5074402.0,5074402.0,5074369.0,5074369.0,5074369.0,5074369.0,5074369.0,5074369.0
tune_4,Testing/network-cor-forma_eu_27t.txt,0.05,0.05,0.03,50,5,0.9,0.02,pairwise,0,50,5976784.0,362.39,3744,0,48488188.0,48488188.0,48488188.0,47382996.0,36172680.0,32583716.0,32583716.0,31218529.0,31218529.0,31218529.0,26703612.0,26703612.0,10470117.0,8836672.0,5031610.0,2424534.0,2055786.0,2055786.0,2055786.0,2055786.0,2055786.0,2055786.0,2055786.0,2055786.0,2055786.0,2055786.0,1978494.0,1978494.0,1978494.0,1978494.0,1978494.0,1978494.0,1978494.0,1978494.0,1978494.0,1584343.0,1584343.0,1584343.0,1584343.0,1584343.0,1584343.0,1584343.0,1584343.0,1584343.0,1584343.0,1584343.0,1584343.0,1584343.0,1584343.0,1584343.0,1584343.0,1584343.0,1584343.0,1577742.0,1577742.0,1577742.0,1577742.0,1577742.0,1577742.0,1577742.0,1577742.0,1527162.0,1527162.0,1527162.0,1527162.0,1527162.0,1527162.0,1527162.0,1527162.0,1527162.0,1527162.0,1527162.0,1527162.0,1527162.0,1527162.0,1527162.0,1527162.0,1527162.0,1527162.0,1527162.0,1527162.0,1527162.0,1527162.0,1527162.0,1527162.0,1527162.0,1527162.0,1527162.0,1527162.0,1527162.0,1527162.0,1527162.0,1527162.0,1527162.0,1527162.0,1527162.0,1527162.0,1527162.0,1527162.0,1527162.0,1527162.0,1527162.0,1527162.0,1527162.0,1527162.0,1527162.0,1527162.0,1527162.0,1527162.0,1527067.0,1527067.0,1527067.0,1527067.0,1527067.0,1527067.0,1527067.0,1527067.0,1527067.0,1527067.0,1527025.0,1527025.0,1527025.0,1527025.0,1527025.0,1527025.0,1525423.0,1525423.0,1525423.0,1525423.0,1525423.0,1525423.0,1525423.0,1525423.0,1525423.0,1525423.0,1525423.0,1525423.0,1525423.0,1525395.0,1525395.0,1525395.0,1525395.0,1525395.0,1525395.0,1525395.0,1525395.0,1525395.0,1525395.0,1525395.0,1525395.0,1525395.0,1525395.0,1525395.0,1525395.0,1525395.0,1525395.0,1525395.0,1525395.0,1525395.0,1525395.0,1525395.0,1525395.0,1525395.0,1525395.0,1525395.0,1525395.0,1525373.0,1525373.0,1525373.0,1525373.0,1525336.0,1973385.0,1973385.0,1973385.0,1973385.0,1973385.0,1973385.0,1973385.0,1973385.0,1973385.0,1973385.0,1973385.0,1973385.0,1973385.0,1973385.0,1973385.0
tune_5,Testing/network-cor-forma_eu_27t.txt,0.05,0.05,0.03,50,5,0.9,0.02,pairwise,0,50,1873136.0,361.60,3690,0,51546973.0,49029742.0,49029742.0,49029742.0,47498553.0,38487211.0,37927312.0,36169575.0,36169575.0,33389072.0,33389072.0,26616041.0,26325242.0,5422387.0,5422387.0,4164085.0,4164085.0,4164085.0,4164085.0,4164085.0,4164085.0,4164085.0,4164085.0,4164085.0,4164085.0,4164085.0,4164085.0,4164085.0,4164085.0,4164085.0,4164085.0,4164085.0,4164085.0,4164085.0,4164085.0,4164085.0,4164085.0,4164085.0,4164085.0,3387190.0,3387190.0,3387190.0,3387190.0,3387190.0,3307762.0,3307762.0,3307762.0,2166736.0,2166736.0,2166736.0,2166736.0,2166736.0,2166736.0,2166736.0,2166736.0,2166736.0,2166736.0,2166736.0,2166736.0,2166736.0,2166736.0,2166736.0,2166736.0,2166736.0,2166736.0,2166736.0,2166736.0,2166736.0,2166736.0,2166736.0,2166736.0,2166736.0,2166736.0,2166736.0,2149654.0,2149654.0,2149654.0,2149654.0,2149654.0,2149654.0,2149654.0,2149654.0,2149654.0,2149654.0,2149654.0,2149654.0,2149654.0,2149654.0,2149654.0,2149654.0,2149654.0,2149654.0,2149654.0,2149654.0,2149654.0,2149654.0,2149654.0,2149654.0,2149654.0,2149654.0,2149654.0,2149654.0,2149654.0,2149654.0,2149654.0,2149654.0,2149654.0,2149654.0,2149654.0,2149654.0,2149654.0,2149654.0,2149654.0,2149654.0,2149654.0,2149654.0,2147646.0,2147646.0,2147646.0,2147646.0,2147646.0,2147646.0,2147646.0,2147646.0,2147646.0,2147646.0,2147646.0,2147646.0,2147646.0,2147646.0,2147646.0,2147646.0,2147646.0,2147646.0,2147646.0,2147646.0,2147646.0,2147646.0,2147646.0,2147646.0,2147646.0,2147646.0,2147646.0,2147646.0,2147646.0,2147646.0,2147646.0,2147646.0,2147646.0,2147646.0,2147646.0,2147646.0,2147646.0,2147646.0,2147642.0,2147642.0,2147642.0,3183966.0,3183966.0,3183966.0,3183966.0,3183966.0,3183966.0,3183966.0,3183966.0,3181480.0,3181480.0,3181480.0,3181480.0,3181480.0,3181480.0,3181480.0,3181480.0,3181480.0,3181480.0,3181480.0,3181480.0,3181480.0,3181480.0,3181480.0,3181480.0,3181480.0,3178995.0,3178995.0,3178995.0,3178995.0,3178995.0,3178995.0,3178995.0,3178995.0,3178995.0,3178995.0,3178995.0,3178973.0,3178973.0,3178973.0,3178973.0,3178973.0,3178973.0
tune_6,Testing/network-cor-forma_eu_27t.txt,0.05,0.05,0.03,50,5,0.9,0.02,pairwise,0,50,992046.0,357.37,3678,0,70303020.0,69770449.0,48411207.0,37754271.0,36035318.0,33352468.0,33352468.0,32848364.0,31228611.0,28557111.0,28557111.0,23438392.0,23438392.0,23438392.0,23438392.0,9782455.0,9782455.0,8281194.0,6104530.0,5690989.0,5690989.0,5690989.0,5690989.0,5690989.0,5690989.0,5690989.0,5690989.0,5690989.0,5690989.0,5690989.0,5690989.0,5690989.0,5030161.0,5030161.0,5030161.0,5030161.0,5030161.0,5030161.0,5030161.0,5030161.0,5030161.0,5030161.0,5030161.0,5030161.0,5030161.0,5030161.0,5030161.0,5030161.0,5030161.0,5030161.0,5030161.0,5030161.0,5030161.0,5030161.0,5030161.0,5030161.0,5030161.0,5030161.0,5030161.0,5030161.0,5030161.0,5030161.0,5030161.0,5030161.0,5030161.0,5030161.0,5030161.0,5030161.0,5030161.0,5030161.0,5030161.0,5030161.0,5030161.0,5030161.0,5030161.0,5030161.0,5030161.0,5030161.0,5030161.0,5030161.0,5030161.0,5030161.0,5030161.0,5030161.0,5030161.0,5030161.0,5030161.0,5030161.0,5030161.0,5030161.0,5030161.0,5030161.0,5016880.0,5016880.0,5016880.0,5016880.0,5016880.0,5016880.0,5016880.0,5016880.0,5016880.0,5016880.0,5016880.0,5016880.0,5016880.0,5016880.0,5016880.0,5016868.0,5016868.0,5016868.0,5016868.0,5016868.0,5016868.0,5016868.0,5016868.0,5016835.0,5016835.0,5016835.0,5016835.0,5016835.0,5016835.0,5016835.0,5016835.0,5016835.0,5016835.0,5016835.0,5016835.0,5016835.0,5016835.0,5016835.0,5016830.0,5016830.0,5016830.0,5016830.0,5016830.0,5016830.0,5016830.0,5016830.0,5016830.0,5016830.0,5016830.0,5016830.0,5016830.0,5016830.0,5016830.0,5016830.0,5016830.0,5013708.0,5013708.0,5013708.0,5013708.0,5013708.0,5013708.0,5013708.0,2666093.0,2666093.0,2666093.0,2666093.0,2666093.0,2666093.0,2666093.0,2666093.0,2666093.0,2666006.0,2666006.0,2666006.0,2666006.0,2666006.0,2665948.0,2665948.0,2665948.0,2665948.0,2665948.0,2665948.0,2665948.0,2665948.0,2665948.0,2665948.0,2665948.0,2665948.0,2665948.0,2665948.0,2665948.0,2665948.0,2665945.0,2665945.0,2665943.0,2665943.0,2665943.0,2665943.0,2665943.0
tune_7,Testing/network-cor-forma_eu_27t.txt,0.05,0.05,0.03,50,5,0.9,0.02,pairwise,0,50,911576.0,354.41,3741,-1
tune_8,Testing/network-cor-forma_eu_27t.txt,0.05,0.05,0.03,50,5,0.9,0.02,pairwise,0,50,1704500.0,363.73,3739,0,48399965.0,46172582.0,35858801.0,35858801.0,24520042.0,24520042.0,24520042.0,24520042.0,24399767.0,24399767.0,24399767.0,24399767.0,13020917.0,8188121.0,3354330.0,3354330.0,3021935.0,3021935.0,3021935.0,3021935.0,3021935.0,3021935.0,3021935.0,3021935.0,3021935.0,3021935.0,3021935.0,3021935.0,3021935.0,3021935.0,3021935.0,3021935.0,3021935.0,3021935.0,3021935.0,3021935.0,3021935.0,3021935.0,3021935.0,3021935.0,3021935.0,3021935.0,3021935.0,3021935.0,2819743.0,2819743.0,2819743.0,2819743.0,2819743.0,2819743.0,2819743.0,2819743.0,2819743.0,2819743.0,2819743.0,2819743.0,2819743.0,2819743.0,2819743.0,2819743.0,2819743.0,2819743.0,2819743.0,2819731.0,2819731.0,2819731.0,2819731.0,2819731.0,2819731.0,2819731.0,2819731.0,2819731.0,2819731.0,2819731.0,2819731.0,2819731.0,2819731.0,2819731.0,2819731.0,2819731.0,2819731.0,2817517.0,2817517.0,2817517.0,2817517.0,2817517.0,2817517.0,2817517.0,2817517.0,2817517.0,2817517.0,2817517.0,2817517.0,2817517.0,2817517.0,2817517.0,2817517.0,2817517.0,2817517.0,2817517.0,2817517.0,2817517.0,2817486.0,2817486.0,2817486.0,2817486.0,2817486.0,2817486.0,2817486.0,2817486.0,2817486.0,2817486.0,2817486.0,2817486.0,2817486.0,2817486.0,2817486.0,2817486.0,2817486.0,2817486.0,2817475.0,2817475.0,2817475.0,2815180.0,2815180.0,2815180.0,2815180.0,2815180.0,2815180.0,2815180.0,2815180.0,2815180.0,2815180.0,2815180.0,2815180.0,2815180.0,2815180.0,2815180.0,2815146.0,2815146.0,2815146.0,2815146.0,2815146.0,2815146.0,2815146.0,2815146.0,2815146.0,2815146.0,2815146.0,2815146.0,2815146.0,2815146.0,2815146.0,2815146.0,2815146.0,2815146.0,2815146.0,2812843.0,2812843.0,2812843.0,2812843.0,2812843.0,2812843.0,2812843.0,2812843.0,2812843.0,2812843.0,2812843.0,2812843.0,2812843.0,2812843.0,2812843.0,2812843.0,2812813.0,2812813.0,2812813.0,2812813.0,2812813.0,2812813.0,2812813.0,2812813.0,2812813.0,2812813.0,2812813.0,2812813.0,2812813.0,2812813.0
tune_9,Testing/network-cor-forma_eu_27t.txt,0.05,0.05,0.03,50,5,0.9,0.02,pairwise,0,50,3884619.0,368.81,3735,0,46752337.0,45630672.0,45630672.0,26506717.0,26506717.0,26506717.0,9470712.0,9470712.0,9470712.0,6712392.0,3593527.0,2466881.0,2104074.0,2104074.0,2104074.0,2104074.0,2104074.0,2104074.0,2104074.0,2104074.0,2104074.0,2104074.0,2104074.0,2104074.0,2104074.0,2104074.0,2104074.0,2104074.0,2104074.0,2104074.0,2104074.0,2104074.0,2104074.0,2104074.0,2104074.0,2104074.0,2104074.0,2104074.0,2104074.0,2104074.0,2104074.0,2104074.0,2104074.0,2104074.0,2104074.0,2104074.0,2104074.0,2104074.0,2104074.0,2104074.0,2104074.0,2104074.0,2104074.0,2104074.0,2104074.0,2104074.0,2104074.0,2104074.0,2104074.0,2104074.0,2104021.0,2104021.0,2104021.0,2104021.0,2104021.0,2104021.0,2104021.0,2104021.0,2104021.0,2104021.0,2104021.0,2104021.0,2104021.0,2104021.0,2104021.0,2104021.0,2104021.0,2104021.0,2104021.0,2104021.0,2104021.0,2104021.0,2104021.0,2104021.0,2104021.0,2104021.0,2104021.0,2104021.0,2104021.0,2104021.0,2104021.0,2104021.0,2104021.0,2102054.0,2102054.0,2102054.0,2102054.0,2102054.0,2102054.0,2102054.0,2102054.0,2102054.0,2102054.0,2102054.0,2102054.0,2102054.0,2102054.0,2102054.0,2102054.0,2102054.0,2102054.0,2102054.0,2102054.0,2102054.0,2102054.0,2102054.0,2102051.0,2102051.0,2102038.0,2102038.0,2102038.0,2102038.0,2102038.0,2102038.0,2100101.0,2100101.0,2100101.0,2100101.0,2100101.0,2100101.0,2100101.0,2100101.0,2100101.0,2100095.0,2100095.0,2100095.0,2100095.0,2100095.0,2100095.0,2100095.0,2100095.0,2100095.0,2100095.0,2100095.0,2100095.0,2100094.0,2100094.0,2100092.0,2100092.0,2100092.0,2100092.0,2100092.0,2100092.0,2100092.0,2100092.0,2100092.0,2100092.0,2100092.0,2100092.0,2100092.0,2100092.0,2100092.0,2100092.0,2100092.0,2099839.0,2099839.0,2098127.0,2098127.0,2098127.0,2098127.0,2098127.0,2098127.0,2098127.0,2098127.0,2098127.0,2098127.0,2098127.0,2097889.0,2097889.0,2097889.0,2097889.0,2097889.0,2097889.0,2097889.0,2097889.0
tune_10,Testing/network-cor-forma_eu_27t.txt,0.05,0.05,0.03,50,5,0.9,0.02,pairwise,0,50,3941729.0,349.62,3675,0,49617003.0,49617003.0,38716912.0,31958068.0,31958068.0,31958068.0,31958068.0,31958068.0,31958068.0,31958068.0,26543100.0,26485333.0,4237669.0,4237669.0,3184654.0,2607564.0,2607564.0,2607564.0,2607564.0,2607564.0,2607564.0,2607564.0,2607564.0,2607564.0,2607564.0,2607564.0,2607564.0,2607564.0,2607564.0,2607564.0,2607564.0,2607564.0,2607564.0,2465515.0,2465515.0,2465515.0,2465515.0,2465515.0,2465515.0,2465515.0,2465515.0,2465515.0,2465515.0,2465515.0,2465515.0,2465515.0,2465515.0,2465515.0,2465515.0,2465515.0,2465515.0,2465515.0,2465515.0,2465515.0,2465515.0,2465443.0,2465443.0,2465443.0,2465443.0,2465443.0,2465443.0,2465443.0,2465443.0,2465443.0,2465443.0,2465443.0,2465443.0,2465443.0,2465443.0,2465443.0,2465443.0,2465443.0,2465418.0,2465418.0,2465418.0,2465418.0,2465418.0,2465418.0,2465418.0,2465418.0,2465418.0,2465418.0,2465418.0,2465418.0,2465418.0,2463271.0,2463271.0,2463271.0,2463271.0,2463271.0,2463271.0,2463271.0,2463271.0,2463271.0,2463271.0,2463271.0,2463271.0,2463271.0,2463271.0,2463271.0,2463271.0,2463271.0,2463271.0,2463271.0,2463271.0,2463271.0,2463271.0,2463271.0,2463271.0,2463271.0,2463271.0,2463271.0,2463271.0,2463271.0,2463271.0,2463271.0,2463271.0,2463271.0,2463271.0,2463271.0,2463271.0,2463271.0,2463271.0,2463271.0,2463271.0,2463271.0,2461100.0,2461100.0,2461100.0,2461100.0,2461100.0,2461100.0,2461100.0,2461100.0,2458930.0,2458930.0,2458930.0,2458930.0,2458930.0,2458930.0,2458930.0,2458930.0,2458930.0,2458930.0,2458930.0,2458930.0,2458930.0,2458930.0,2458930.0,2458930.0,2458930.0,2458930.0,2458924.0,2458924.0,2458924.0,2458760.0,2458760.0,2458760.0,2458760.0,2458760.0,2458760.0,2458760.0,2458760.0,2458760.0,2458760.0,2458760.0,2458760.0,2458760.0,2458760.0,2458760.0,2458760.0,2456591.0,2456591.0,2456591.0,2456591.0,2456591.0,2456591.0,2456591.0,2456591.0,2456591.0,2456591.0,2456591.0,2456591.0,2456591.0,2456591.0,2456591.0
tune_4,Testing/network-cor-forma_eu_27t.txt,0.05,0.05,0.03,50,5,0.9,0.02,pairwise,1,50,5976784.0,347.53,3730,0,48488188.0,48488188.0,48488188.0,47382996.0,36172680.0,32583716.0,32583716.0,31218529.0,31218529.0,31218529.0,26703612.0,26703612.0,10470117.0,8836672.0,5031610.0,2424534.0,2055786.0,2055786.0,2055786.0,2055786.0,2055786.0,2055786.0,2055786.0,2055786.0,2055786.0,2055786.0,1978494.0,1978494.0,1978494.0,1978494.0,1978494.0,1978494.0,1978494.0,1978494.0,1978494.0,1584343.0,1584343.0,1584343.0,1584343.0,1584343.0,1584343.0,1584343.0,1584343.0,1584343.0,1584343.0,1584343.0,1584343.0,1584343.0,1584343.0,1584343.0,1584343.0,1584343.0,1584343.0,1577742.0,1577742.0,1577742.0,1577742.0,1577742.0,1577742.0,1577742.0,1577742.0,1527162.0,1527162.0,1527162.0,1527162.0,1527162.0,1527162.0,1527162.0,1527162.0,1527162.0,1527162.0,1527162.0,1527162.0,1527162.0,1527162.0,1527162.0,1527162.0,1527162.0,1527162.0,1527162.0,1527162.0,1527162.0,1527162.0,1527162.0,1527162.0,1527162.0,1527162.0,1527162.0,1527162.0,1527162.0,1527162.0,1527162.0,1527162.0,1527162.0,1527162.0,1527162.0,1527162.0,1527162.0,1527162.0,1527162.0,1527162.0,1527162.0,1527162.0,1527162.0,1527162.0,1527162.0,1527162.0,1527162.0,1527162.0,1527067.0,1527067.0,1527067.0,1527067.0,1527067.0,1527067.0,1527067.0,1527067.0,1527067.0,1527067.0,1527025.0,1527025.0,1527025.0,1527025.0,1527025.0,1527025.0,1525423.0,1525423.0,1525423.0,1525423.0,1525423.0,1525423.0,1525423.0,1525423.0,1525423.0,1525423.0,1525423.0,1525423.0,1525423.0,1525395.0,1525395.0,1525395.0,1525395.0,1525395.0,1525395.0,1525395.0,1525395.0,1525395.0,1525395.0,1525395.0,1525395.0,1525395.0,1525395.0,1525395.0,1525395.0,1525395.0,1525395.0,1525395.0,1525395.0,1525395.0,1525395.0,1525395.0,1525395.0,1525395.0,1525395.0,1525395.0,1525395.0,1525373.0,1525373.0,1525373.0,1525373.0,1525336.0,1973385.0,1973385.0,1973385.0,1973385.0,1973385.0,1973385.0,1973385.0,1973385.0,1973385.0,1973385.0,1973385.0,1973385.0,1973385.0,1973385.0,1973385.0
tune_1,Testing/network-cor-forma_eu_27t.txt,0.05,0.05,0.03,50,5,0.9,0.02,pairwise,1,50,1648021.0,379.61,3739,0,48371972.0,48371972.0,48371972.0,44009017.0,44009017.0,44009017.0,37614824.0,37614824.0,37614824.0,37614824.0,37614824.0,37614824.0,37614824.0,37614824.0,26260017.0,19012006.0,8880230.0,5590769.0,5590769.0,5258019.0,4708618.0,3443508.0,3443508.0,2897794.0,2897794.0,2897794.0,2897794.0,2897794.0,2897794.0,2897794.0,2897794.0,2897794.0,2897794.0,2897794.0,2897794.0,2897794.0,2897794.0,2897794.0,2897794.0,2897794.0,2897794.0,2897794.0,2897794.0,2897794.0,2897794.0,2897794.0,2897794.0,2897794.0,2897794.0,2897794.0,2897794.0,2897794.0,2897794.0,2897794.0,2897794.0,2897794.0,2897794.0,2897794.0,2897794.0,2897794.0,2897794.0,2897794.0,2897794.0,2897794.0,2880901.0,2880901.0,2880901.0,2880901.0,2880901.0,2880901.0,2880901.0,2880901.0,2880901.0,2880901.0,2880901.0,2880901.0,2880901.0,2880901.0,2880901.0,2880901.0,2880901.0,2880901.0,2880901.0,2880901.0,2880901.0,2880901.0,2880901.0,2880901.0,2880901.0,2880901.0,2880901.0,2880901.0,2880901.0,2880901.0,2880901.0,2880901.0,2880901.0,2878497.0,2878497.0,2878497.0,2878497.0,2878497.0,2878497.0,2878497.0,2878497.0,2878497.0,2878497.0,2878497.0,2878497.0,2878497.0,2878497.0,2878497.0,2878497.0,2878497.0,2878497.0,2878497.0,2878450.0,2878450.0,2878450.0,2878450.0,2878450.0,2878450.0,2878450.0,2878450.0,2876158.0,2876158.0,2876158.0,2876158.0,2876158.0,2876158.0,2876158.0,2876158.0,2876158.0,2876158.0,2876158.0,2876158.0,2876158.0,2876158.0,2876158.0,2876091.0,2876091.0,2876091.0,2876091.0,2876091.0,2876091.0,2876091.0,2876091.0,2876091.0,2876091.0,2876091.0,2876091.0,2876091.0,2876091.0,2876091.0,2873728.0,2873728.0,2873728.0,2873728.0,2873728.0,2873728.0,2873728.0,2873728.0,2873728.0,2873728.0,2873690.0,2873690.0,2873690.0,2873690.0,2873690.0,2873690.0,2873690.0,2873690.0,2873690.0,2873689.0,2873689.0,1848468.0,1848468.0,1848468.0,1848468.0
tune_2,Testing/network-cor-forma_eu_27t.txt,0.05,0.05,0.03,50,5,0.9,0.02,pairwise,1,50,1797221.0,382.56,3733,0,70706686.0,70706686.0,69983130.0,69487254.0,47547976.0,38188876.0,32758434.0,32758434.0,27325120.0,27325120.0,26827960.0,24104987.0,13663210.0,1690809.0,1690809.0,1690809.0,1690809.0,1690809.0,1690809.0,1690809.0,1690809.0,1690809.0,1690809.0,1690809.0,1690809.0,1690809.0,1690809.0,1690809.0,1690809.0,1690809.0,1690809.0,1690809.0,1690809.0,1690809.0,1690809.0,1690809.0,1690809.0,1690809.0,1690809.0,1690809.0,1690809.0,1690809.0,1690809.0,1690809.0,1690809.0,1690809.0,1690809.0,1690809.0,1690809.0,1690809.0,1690809.0,1690809.0,1690809.0,1690809.0,1690809.0,1690809.0,1690809.0,1690809.0,1690809.0,1690809.0,1690809.0,1690809.0,1690809.0,1690809.0,1690809.0,1690809.0,1690809.0,1690809.0,1690809.0,1690809.0,1690809.0,1690809.0,1690809.0,1690809.0,1690809.0,1690809.0,1690809.0,1690809.0,1690809.0,1677109.0,1677109.0,1677109.0,1677109.0,1677109.0,1677109.0,1677109.0,1677109.0,1673661.0,1673661.0,1673661.0,1673661.0,1673661.0,1673661.0,1673661.0,1673661.0,1673661.0,1673661.0,1673661.0,1673661.0,1673661.0,1673661.0,1673661.0,1673661.0,1673661.0,1673661.0,1673661.0,1673661.0,1673661.0,1673661.0,1673661.0,1673661.0,1673661.0,1673661.0,1673657.0,1673657.0,1673657.0,1673657.0,1673657.0,1673657.0,1673657.0,1673657.0,1673657.0,1673657.0,1673657.0,1673657.0,1673657.0,1673657.0,1673657.0,1673657.0,1673657.0,1673657.0,1673657.0,1673657.0,1673657.0,1673657.0,1673657.0,1673657.0,1673657.0,1673657.0,1673657.0,1673657.0,1673657.0,1673657.0,1673657.0,1673657.0,1673657.0,1673657.0,1673657.0,1673657.0,1673657.0,1673657.0,1673657.0,1673657.0,1673657.0,1673568.0,1673568.0,1673568.0,1673568.0,1673568.0,1673568.0,1673568.0,1673568.0,1673568.0,1673568.0,1673568.0,1673568.0,1673568.0,1673568.0,1673568.0,1673568.0,1673568.0,1673568.0
tune_5,Testing/network-cor-forma_eu_27t.txt,0.05,0.05,0.03,50,5,0.9,0.02,pairwise,1,50,1873136.0,371.56,3701,0,51546973.0,49029742.0,49029742.0,49029742.0,47498553.0,38487211.0,37927312.0,36169575.0,36169575.0,33389072.0,33389072.0,26616041.0,26325242.0,5422387.0,5422387.0,4164085.0,4164085.0,4164085.0,4164085.0,4164085.0,4164085.0,4164085.0,4164085.0,4164085.0,4164085.0,4164085.0,4164085.0,4164085.0,4164085.0,4164085.0,4164085.0,4164085.0,4164085.0,4164085.0,4164085.0,4164085.0,4164085.0,4164085.0,4164085.0,3387190.0,3387190.0,3387190.0,3387190.0,3387190.0,3307762.0,3307762.0,3307762.0,2166736.0,2166736.0,2166736.0,2166736.0,2166736.0,2166736.0,2166736.0,2166736.0,2166736.0,2166736.0,2166736.0,2166736.0,2166736.0,2166736.0,2166736.0,2166736.0,2166736.0,2166736.0,2166736.0,2166736.0,2166736.0,2166736.0,2166736.0,2166736.0,2166736.0,2166736.0,2166736.0,2149654.0,2149654.0,2149654.0,2149654.0,2149654.0,2149654.0,2149654.0,2149654.0,2149654.0,2149654.0,2149654.0,2149654.0,2149654.0,2149654.0,2149654.0,2149654.0,2149654.0,2149654.0,2149654.0,2149654.0,2149654.0,2149654.0,2149654.0,2149654.0,2149654.0,2149654.0,2149654.0,2149654.0,2149654.0,2149654.0,2149654.0,2149654.0,2149654.0,2149654.0,2149654.0,2149654.0,2149654.0,2149654.0,2149654.0,2149654.0,2149654.0,2149654.0,2147646.0,2147646.0,2147646.0,2147646.0,2147646.0,2147646.0,2147646.0,2147646.0,2147646.0,2147646.0,2147646.0,2147646.0,2147646.0,2147646.0,2147646.0,2147646.0,2147646.0,2147646.0,2147646.0,2147646.0,2147646.0,2147646.0,2147646.0,2147646.0,2147646.0,2147646.0,2147646.0,2147646.0,2147646.0,2147646.0,2147646.0,2147646.0,2147646.0,2147646.0,2147646.0,2147646.0,2147646.0,2147646.0,2147642.0,2147642.0,2147642.0,3183966.0,3183966.0,3183966.0,3183966.0,3183966.0,3183966.0,3183966.0,3183966.0,3181480.0,3181480.0,3181480.0,3181480.0,3181480.0,3181480.0,3181480.0,3181480.0,3181480.0,3181480.0,3181480.0,3181480.0,3181480.0,3181480.0,3181480.0,3181480.0,3181480.0,3178995.0,3178995.0,3178995.0,3178995.0,3178995.0,3178995.0,3178995.0,3178995.0,3178995.0,3178995.0,3178995.0,3178973.0,3178973.0,3178973.0,3178973.0,3178973.0,3178973.0
tune_6,Testing/network-cor-forma_eu_27t.txt,0.05,0.05,0.03,50,5,0.9,0.02,pairwise,1,50,2327017.0,390.41,3764,0,70303020.0,69770449.0,48411207.0,37754271.0,36035318.0,33352468.0,33352468.0,32848364.0,31228611.0,28557111.0,28557111.0,23438392.0,23438392.0,23438392.0,23438392.0,9782455.0,9782455.0,8281194.0,6104530.0,5690989.0,5690989.0,5690989.0,5690989.0,5690989.0,5690989.0,5690989.0,5690989.0,5690989.0,5690989.0,5690989.0,5690989.0,5690989.0,5030161.0,5030161.0,5030161.0,5030161.0,5030161.0,5030161.0,5030161.0,5030161.0,5030161.0,5030161.0,5030161.0,5030161.0,5030161.0,5030161.0,5030161.0,5030161.0,5030161.0,5030161.0,5030161.0,5030161.0,5030161.0,5030161.0,5030161.0,5030161.0,5030161.0,5030161.0,5030161.0,5030161.0,5030161.0,5030161.0,5030161.0,5030161.0,5030161.0,5030161.0,5030161.0,5030161.0,5030161.0,5030161.0,5030161.0,5030161.0,5030161.0,5030161.0,5030161.0,5030161.0,5030161.0,5030161.0,5030161.0,5030161.0,5030161.0,5030161.0,5030161.0,5030161.0,5030161.0,5030161.0,5030161.0,5030161.0,5030161.0,5030161.0,5030161.0,5030161.0,5016880.0,5016880.0,5016880.0,5016880.0,5016880.0,5016880.0,5016880.0,5016880.0,5016880.0,5016880.0,5016880.0,5016880.0,5016880.0,5016880.0,5016880.0,5016868.0,5016868.0,5016868.0,5016868.0,5016868.0,5016868.0,5016868.0,5016868.0,5016835.0,5016835.0,5016835.0,5016835.0,5016835.0,5016835.0,5016835.0,5016835.0,5016835.0,5016835.0,5016835.0,5016835.0,5016835.0,5016835.0,5016835.0,5016830.0,5016830.0,5016830.0,5016830.0,5016830.0,5016830.0,5016830.0,5016830.0,5016830.0,5016830.0,5016830.0,5016830.0,5016830.0,5016830.0,5016830.0,5016830.0,5016830.0,5013708.0,5013708.0,5013708.0,5013708.0,5013708.0,5013708.0,5013708.0,2666093.0,2666093.0,2666093.0,2666093.0,2666093.0,2666093.0,2666093.0,2666093.0,2666093.0,2666006.0,2666006.0,2666006.0,2666006.0,2666006.0,2665948.0,2665948.0,2665948.0,2665948.0,2665948.0,2665948.0,2665948.0,2665948.0,2665948.0,2665948.0,2665948.0,2665948.0,2665948.0,2665948.0,2665948.0,2665948.0,2665945.0,2665945.0,2665943.0,2665943.0,2665943.0,2665943.0,2665943.0
tune_7,Testing/network-cor-forma_eu_27t.txt,0.05,0.05,0.03,50,5,0.9,0.02,pairwise,1,50,911576.0,369.44,3745,-1
tune_10,Testing/network-cor-forma_eu_27t.txt,0.05,0.05,0.03,50,5,0.9,0.02,pairwise,1,50,3941729.0,386.75,3731,0,49617003.0,49617003.0,38716912.0,31958068.0,31958068.0,31958068.0,31958068.0,31958068.0,31958068.0,31958068.0,26543100.0,26485333.0,4237669.0,4237669.0,3184654.0,2607564.0,2607564.0,2607564.0,2607564.0,2607564.0,2607564.0,2607564.0,2607564.0,2607564.0,2607564.0,2607564.0,2607564.0,2607564.0,2607564.0,2607564.0,2607564.0,2607564.0,2607564.0,2465515.0,2465515.0,2465515.0,2465515.0,2465515.0,2465515.0,2465515.0,2465515.0,2465515.0,2465515.0,2465515.0,2465515.0,2465515.0,2465515.0,2465515.0,2465515.0,2465515.0,2465515.0,2465515.0,2465515.0,2465515.0,2465515.0,2465443.0,2465443.0,2465443.0,2465443.0,2465443.0,2465443.0,2465443.0,2465443.0,2465443.0,2465443.0,2465443.0,2465443.0,2465443.0,2465443.0,2465443.0,2465443.0,2465443.0,2465418.0,2465418.0,2465418.0,2465418.0,2465418.0,2465418.0,2465418.0,2465418.0,2465418.0,2465418.0,2465418.0,2465418.0,2465418.0,2463271.0,2463271.0,2463271.0,2463271.0,2463271.0,2463271.0,2463271.0,2463271.0,2463271.0,2463271.0,2463271.0,2463271.0,2463271.0,2463271.0,2463271.0,2463271.0,2463271.0,2463271.0,2463271.0,2463271.0,2463271.0,2463271.0,2463271.0,2463271.0,2463271.0,2463271.0,2463271.0,2463271.0,2463271.0,2463271.0,2463271.0,2463271.0,2463271.0,2463271.0,2463271.0,2463271.0,2463271.0,2463271.0,2463271.0,2463271.0,2463271.0,2461100.0,2461100.0,2461100.0,2461100.0,2461100.0,2461100.0,2461100.0,2461100.0,2458930.0,2458930.0,2458930.0,2458930.0,2458930.0,2458930.0,2458930.0,2458930.0,2458930.0,2458930.0,2458930.0,2458930.0,2458930.0,2458930.0,2458930.0,2458930.0,2458930.0,2458930.0,2458924.0,2458924.0,2458924.0,2458760.0,2458760.0,2458760.0,2458760.0,2458760.0,2458760.0,2458760.0,2458760.0,2458760.0,2458760.0,2458760.0,2458760.0,2458760.0,2458760.0,2458760.0,2458760.0,2456591.0,2456591.0,2456591.0,2456591.0,2456591.0,2456591.0,2456591.0,2456591.0,2456591.0,2456591.0,2456591.0,2456591.0,2456591.0,2456591.0,2456591.0
tune_2,Testing/network-cor-forma_eu_27t.txt,0.05,0.05,0.03,50,5,0.9,0.02,components,0,50,5855.0,362.80,3731,193,1679.0,1701.0,1789.0,1794.0,1960.0,1960.0,1960.0,2031.0,2031.0,2031.0,2031.0,2031.0,5736.0,5736.0,5756.0,5766.0,5766.0,5766.0,5770.0,5772.0,5780.0,5788.0,5794.0,5794.0,5810.0,5810.0,5810.0,5819.0,5828.0,5828.0,5828.0,5834.0,5839.0,5839.0,5842.0,5844.0,5848.0,5858.0,5858.0,5858.0,5858.0,5860.0,5863.0,5867.0,5871.0,5874.0,5874.0,5879.0,5879.0,5883.0,5885.0,5890.0,5890.0,5894.0,5896.0,5897.0,5897.0,5903.0,5904.0,5904.0,5905.0,5909.0,5909.0,5911.0,5913.0,5914.0,5914.0,5915.0,5915.0,5918.0,5920.0,5920.0,5921.0,5921.0,5923.0,5925.0,5926.0,5928.0,5928.0,5928.0,5929.0,5932.0,5932.0,5932.0,5933.0,5935.0,5935.0,5937.0,5937.0,5938.0,5938.0,5939.0,5939.0,5940.0,5940.0,5940.0,5940.0,5941.0,5941.0,5941.0,5942.0,5942.0,5942.0,5942.0,5942.0,5943.0,5943.0,5943.0,5944.0,5944.0,5944.0,5944.0,5944.0,5944.0,5944.0,5944.0,5944.0,5944.0,5944.0,5944.0,5944.0,5944.0,5944.0,5944.0,5944.0,5944.0,5944.0,5944.0,5944.0,5944.0,5944.0,5944.0,5944.0,5944.0,5944.0,5944.0,5944.0,5944.0,5944.0,5944.0,5944.0,5944.0,5944.0,5944.0,5944.0,5944.0,5944.0,5944.0,5944.0,5945.0,5945.0,5945.0,5945.0,5945.0,5945.0,5946.0,5946.0,5946.0,5946.0,5946.0,5946.0,5946.0,5946.0,5946.0,5946.0,5946.0,5946.0,5946.0,5946.0,5947.0,5947.0,5947.0,5947.0,5947.0,5947.0,5947.0,5947.0,5947.0,5947.0,5947.0,5947.0,5947.0,5947.0,5947.0,5947.0,5947.0,5947.0,5947.0,5947.0,5947.0,5947.0,5947.0,5947.0,5948.0,5948.0,5948.0,5948.0,5948.0,5948.0,5948.0
tune_1,Testing/network-cor-forma_eu_27t.txt,0.05,0.05,0.03,50,5,0.9,0.02,components,0,50,7282.0,377.21,3674,21,1433.0,1865.0,1900.0,2291.0,2291.0,2308.0,2308.0,2308.0,5771.0,5771.0,5771.0,5771.0,5782.0,6387.0,6387.0,6387.0,7179.0,7179.0,7179.0,7179.0,7179.0,7791.0,7791.0,7791.0,7791.0,7791.0,7791.0,7791.0,7791.0,7791.0,7791.0,7791.0,7791.0,7791.0,7791.0,7791.0,7791.0,7791.0,7791.0,7791.0,7791.0,7791.0,7791.0,7791.0,7791.0,7791.0,7791.0,7791.0,7791.0,7791.0,7791.0,7791.0,7791.0,7791.0,7791.0,7791.0,7791.0,7791.0,7791.0,7791.0,7791.0,7791.0,7791.0,7791.0,7791.0,7791.0,7791.0,7791.0,7791.0,7791.0,7791.0,7791.0,7791.0,7791.0,7791.0,7791.0,7791.0,7791.0,7791.0,7791.0,7791.0,7791.0,7791.0,7791.0,7791.0,7791.0,7791.0,7791.0,7791.0,7791.0,7791.0,7791.0,7791.0,7791.0,7791.0,7791.0,7791.0,7791.0,7791.0,7791.0,7791.0,7791.0,7791.0,7791.0,7791.0,7791.0,7791.0,7791.0,7791.0,7791.0,7791.0,7791.0,7791.0,7791.0,7791.0,7791.0,7791.0,7791.0,7791.0,7791.0,7791.0,7791.0,7791.0,7791.0,7791.0,7791.0,7791.0,7791.0,7791.0,7791.0,7791.0,7791.0,7791.0,7791.0,7791.0,7791.0,7791.0,7791.0,7791.0,7791.0,7791.0,7791.0,7791.0,7791.0,7791.0,7791.0,7791.0,7791.0,7791.0,7791.0,7791.0,7791.0,7791.0,7791.0,7791.0,7791.0,7791.0,7791.0,7791.0,7791.0,7791.0,7791.0,7791.0,7791.0,7791.0,7791.0,7791.0,7791.0,7791.0,7791.0,7791.0,7791.0,7791.0,7791.0,7791.0,7791.0,7791.0,7791.0,7791.0,7791.0,7791.0,7791.0,7791.0,7791.0,7791.0,7791.0,7791.0,7791.0,7791.0,7791.0,7791.0,7791.0,7791.0,7791.0,7791.0,7791.0,7791.0,7791.0,7791.0,7791.0
tune_4,Testing/network-cor-forma_eu_27t.txt,0.05,0.05,0.03,50,5,0.9,0.02,components,0,50,5832.0,363.19,3682,178,1458.0,1458.0,2209.0,2254.0,2446.0,2446.0,2446.0,2446.0,5771.0,5771.0,5792.0,6232.0,6746.0,7080.0,7080.0,7080.0,7080.0,7080.0,7080.0,7080.0,7080.0,7080.0,7080.0,7080.0,7080.0,7080.0,7080.0,7080.0,7080.0,7080.0,7080.0,7080.0,7080.0,7080.0,7080.0,7080.0,7080.0,7080.0,7080.0,7080.0,7080.0,7080.0,7080.0,7080.0,7080.0,7080.0,7080.0,7080.0,7080.0,7080.0,7080.0,7080.0,7080.0,7080.0,7080.0,7080.0,7080.0,7080.0,7080.0,7080.0,7080.0,7080.0,7080.0,7080.0,7080.0,7080.0,7080.0,7080.0,7080.0,7080.0,7080.0,7080.0,7080.0,7080.0,7080.0,7080.0,7080.0,7080.0,7096.0,7096.0,7096.0,7096.0,7096.0,7096.0,7096.0,7096.0,7096.0,7096.0,7096.0,7096.0,7096.0,7096.0,7096.0,7096.0,7096.0,7096.0,7096.0,7096.0,7096.0,7096.0,7096.0,7096.0,7096.0,7096.0,7096.0,7096.0,7096.0,7096.0,7096.0,7096.0,7096.0,7096.0,7096.0,7096.0,7096.0,7096.0,7096.0,7096.0,7096.0,7096.0,7096.0,7096.0,7096.0,7096.0,7096.0,7096.0,7096.0,7096.0,7096.0,7096.0,7096.0,7096.0,7096.0,7096.0,7096.0,7096.0,7096.0,7096.0,7096.0,7096.0,7096.0,7096.0,7096.0,7096.0,7096.0,7096.0,7096.0,7096.0,7096.0,7096.0,7096.0,7096.0,7096.0,7096.0,7096.0,7096.0,7096.0,7096.0,7096.0,7096.0,7096.0,7096.0,7096.0,7096.0,7096.0,7096.0,7097.0,7097.0,7097.0,7097.0,7097.0,7097.0,7097.0,7097.0,7097.0,7097.0,7097.0,7097.0,7099.0,7099.0,7099.0,7099.0,7099.0,7099.0,7099.0,7099.0,7099.0,7099.0,7099.0,7099.0,7099.0,7099.0,7099.0,7099.0,7099.0,7099.0,7099.0,7099.0,7099.0,7099.0
tune_3,Testing/network-cor-forma_eu_27t.txt,0.05,0.05,0.03,50,5,0.9,0.02,components,0,50,7207.0,375.64,3741,145,1450.0,2469.0,2469.0,2469.0,2469.0,2580.0,2580.0,2580.0,5780.0,5780.0,5784.0,6692.0,6692.0,7017.0,7017.0,7017.0,7017.0,7017.0,7725.0,7725.0,7725.0,7725.0,7725.0,7725.0,7725.0,7725.0,7725.0,7725.0,7725.0,7725.0,7725.0,7725.0,7725.0,7725.0,7725.0,7725.0,7725.0,7725.0,7725.0,7725.0,7725.0,7725.0,7725.0,7725.0,7725.0,7725.0,7725.0,7725.0,7725.0,7725.0,7725.0,7725.0,7725.0,7725.0,7725.0,7725.0,7725.0,7725.0,7725.0,7725.0,7725.0,7725.0,7725.0,7725.0,7725.0,7725.0,7725.0,7725.0,7725.0,7725.0,7725.0,7725.0,7725.0,7725.0,7725.0,7725.0,7725.0,7725.0,7725.0,7725.0,7725.0,7725.0,7725.0,7725.0,7725.0,7725.0,7725.0,7725.0,7725.0,7725.0,7725.0,7725.0,7725.0,7725.0,7725.0,7725.0,7725.0,7725.0,7725.0,7725.0,7725.0,7725.0,7725.0,7725.0,7725.0,7725.0,7725.0,7725.0,7725.0,7725.0,7725.0,7725.0,7725.0,7725.0,7725.0,7725.0,7725.0,7725.0,7725.0,7725.0,7725.0,7726.0,7726.0,7726.0,7735.0,7735.0,7735.0,7735.0,7735.0,7736.0,7736.0,7736.0,7736.0,7736.0,7736.0,7736.0,7736.0,7736.0,7736.0,7736.0,7736.0,7736.0,7736.0,7736.0,7736.0,7737.0,7737.0,7737.0,7737.0,7737.0,7737.0,7737.0,7737.0,7737.0,7737.0,7737.0,7737.0,7737.0,7737.0,7737.0,7737.0,7737.0,7737.0,7737.0,7737.0,7737.0,7737.0,7737.0,7737.0,7737.0,7737.0,7737.0,7737.0,7737.0,7737.0,7737.0,7737.0,7737.0,7737.0,7737.0,7737.0,7737.0,7737.0,7737.0,7737.0,7737.0,7737.0,7737.0,7737.0,7737.0,7737.0,7737.0,7737.0,7737.0,7737.0,7737.0,7737.0,7737.0,7737.0,7737.0
tune_5,Testing/network-cor-forma_eu_27t.txt,0.05,0.05,0.03,50,5,0.9,0.02,components,0,50,7415.0,377.65,3752,163,2199.0,2199.0,2199.0,2199.0,2304.0,2435.0,2435.0,5786.0,5786.0,5786.0,5786.0,5971.0,5971.0,5971.0,6737.0,6737.0,6737.0,6737.0,6737.0,6737.0,6737.0,6737.0,6737.0,6737.0,6737.0,6737.0,6737.0,6737.0,6737.0,6737.0,6737.0,6737.0,6737.0,6737.0,6737.0,6737.0,6737.0,6737.0,6737.0,6737.0,6737.0,6737.0,6737.0,6737.0,6737.0,6737.0,6737.0,6737.0,6737.0,6737.0,6737.0,6737.0,6737.0,6737.0,6737.0,6737.0,6737.0,6737.0,6737.0,6737.0,6737.0,6737.0,6737.0,6737.0,6737.0,6737.0,6737.0,6737.0,6737.0,6737.0,6737.0,6737.0,6737.0,6737.0,6737.0,6737.0,6737.0,6737.0,6737.0,6737.0,6737.0,6737.0,6737.0,6737.0,6737.0,6737.0,6737.0,6737.0,6737.0,6737.0,6737.0,6737.0,6737.0,6737.0,6737.0,6737.0,6737.0,6737.0,6737.0,6737.0,6737.0,6737.0,6737.0,6737.0,6737.0,6739.0,6739.0,6739.0,6739.0,6739.0,6739.0,6739.0,6739.0,6739.0,6739.0,6739.0,6739.0,6739.0,6739.0,6739.0,6739.0,6739.0,6739.0,6739.0,6739.0,6739.0,6739.0,6739.0,6739.0,6739.0,6739.0,6739.0,6739.0,6739.0,6739.0,6739.0,6739.0,6739.0,6739.0,6739.0,6739.0,6739.0,6739.0,6739.0,6739.0,6739.0,6739.0,6739.0,6740.0,6740.0,6740.0,6740.0,6740.0,6740.0,6740.0,6740.0,6740.0,6740.0,6740.0,6740.0,6740.0,6740.0,6740.0,6741.0,6741.0,6741.0,6741.0,6741.0,6741.0,6741.0,6741.0,6741.0,6741.0,6741.0,6741.0,6741.0,6741.0,6741.0,6741.0,6741.0,6741.0,6741.0,6741.0,6741.0,6741.0,6741.0,6741.0,6741.0,6741.0,6741.0,6741.0,6741.0,6741.0,6741.0,6741.0,6741.0,6741.0,6741.0,6741.0,6741.0,0.0
tune_6,Testing/network-cor-forma_eu_27t.txt,0.05,0.05,0.03,50,5,0.9,0.02,components,0,50,6862.0,383.21,3704,172,1515.0,1515.0,1580.0,1580.0,1991.0,1991.0,2325.0,2325.0,2325.0,2325.0,5773.0,5791.0,5791.0,5791.0,5791.0,5796.0,5796.0,5796.0,5797.0,5813.0,5813.0,5813.0,5816.0,5817.0,5828.0,5828.0,5837.0,5837.0,5840.0,5841.0,5841.0,5850.0,5850.0,5853.0,5856.0,5856.0,5858.0,5868.0,5868.0,5868.0,5869.0,5876.0,5877.0,5881.0,5881.0,5882.0,5883.0,5884.0,5890.0,5890.0,5894.0,5894.0,5894.0,5896.0,5897.0,5901.0,5901.0,5902.0,5903.0,5905.0,5906.0,5908.0,5908.0,5908.0,5912.0,5912.0,5912.0,5913.0,5916.0,5916.0,5917.0,5920.0,5920.0,5920.0,5921.0,5921.0,5922.0,5923.0,5923.0,5924.0,5925.0,5925.0,5925.0,5925.0,5926.0,5926.0,5927.0,5927.0,5927.0,5927.0,5927.0,5928.0,5928.0,5928.0,5928.0,5928.0,5928.0,5928.0,5928.0,5928.0,5928.0,5928.0,5928.0,5928.0,5928.0,5928.0,5928.0,5928.0,5928.0,5928.0,5928.0,5928.0,5928.0,5928.0,5928.0,5928.0,5928.0,5929.0,5929.0,5929.0,5929.0,5929.0,5930.0,5930.0,5930.0,5930.0,5930.0,5930.0,5930.0,5930.0,5930.0,5931.0,5931.0,5931.0,5931.0,5931.0,5931.0,5931.0,5931.0,5931.0,5931.0,5933.0,5933.0,5933.0,5933.0,5933.0,5933.0,5933.0,5933.0,5933.0,5933.0,5934.0,5934.0,5934.0,5934.0,5934.0,5934.0,5934.0,5934.0,5934.0,5934.0,5934.0,5934.0,5934.0,5934.0,5934.0,5934.0,5934.0,5934.0,5934.0,5934.0,5934.0,5935.0,5935.0,5935.0,5935.0,5935.0,5935.0,5935.0,5935.0,5935.0,5935.0,5935.0,5935.0,5935.0,5935.0,5935.0,5935.0,5935.0,5935.0,5935.0,5935.0,5935.0,5935.0,5935.0,5935.0,5935.0,5935.0,5935.0,5935.0,0.0
tune_7,Testing/network-cor-forma_eu_27t.txt,0.05,0.05,0.03,50,5,0.9,0.02,components,0,50,6913.0,385.46,3768,199,1776.0,1828.0,2263.0,2263.0,2540.0,2540.0,5777.0,5784.0,5789.0,5915.0,6057.0,6057.0,6700.0,6983.0,7042.0,7042.0,7042.0,7042.0,7042.0,7042.0,7042.0,7042.0,7042.0,7042.0,7042.0,7042.0,7042.0,7042.0,7042.0,7042.0,7042.0,7042.0,7042.0,7042.0,7042.0,7042.0,7042.0,7042.0,7042.0,7042.0,7042.0,7042.0,7042.0,7042.0,7042.0,7042.0,7042.0,7042.0,7042.0,7042.0,7042.0,7042.0,7042.0,7042.0,7042.0,7042.0,7042.0,7042.0,7042.0,7042.0,7042.0,7042.0,7042.0,7042.0,7042.0,7042.0,7042.0,7042.0,7042.0,7042.0,7042.0,7042.0,7042.0,7042.0,7042.0,7042.0,7042.0,7042.0,7042.0,7042.0,7042.0,7042.0,7042.0,7042.0,7042.0,7042.0,7042.0,7042.0,7042.0,7042.0,7086.0,7086.0,7086.0,7086.0,7086.0,7086.0,7086.0,7086.0,7086.0,7086.0,7086.0,7086.0,7086.0,7086.0,7086.0,7086.0,7086.0,7086.0,7086.0,7086.0,7086.0,7086.0,7086.0,7087.0,7087.0,7087.0,7087.0,7087.0,7087.0,7087.0,7087.0,7087.0,7087.0,7087.0,7087.0,7087.0,7087.0,7087.0,7087.0,7087.0,7087.0,7087.0,7087.0,7087.0,7087.0,7087.0,7087.0,7087.0,7087.0,7087.0,7087.0,7087.0,7087.0,7087.0,7087.0,7087.0,7087.0,7087.0,7087.0,7087.0,7087.0,7087.0,7087.0,7087.0,7087.0,7087.0,7087.0,7087.0,7087.0,7087.0,7087.0,7087.0,7087.0,7087.0,7087.0,7087.0,7087.0,7088.0,7088.0,7088.0,7088.0,7088.0,7088.0,7088.0,7088.0,7088.0,7088.0,7088.0,7088.0,7088.0,7088.0,7089.0,7089.0,7089.0,7089.0,7089.0,7089.0,7089.0,7089.0,7089.0,7089.0,7089.0,7089.0,7089.0,7089.0,7089.0,7089.0,7089.0,7089.0,7095.0
tune_8,Testing/network-cor-forma_eu_27t.txt,0.05,0.05,0.03,50,5,0.9,0.02,components,0,50,6863.0,367.90,3714,177,1570.0,1570.0,2469.0,2469.0,2469.0,2568.0,2792.0,5784.0,5876.0,6141.0,6438.0,6438.0,6438.0,7128.0,7128.0,7128.0,7128.0,7128.0,7128.0,7128.0,7128.0,7128.0,7128.0,7128.0,7128.0,7128.0,7128.0,7128.0,7128.0,7128.0,7128.0,7128.0,7128.0,7128.0,7128.0,7128.0,7128.0,7128.0,7128.0,7128.0,7128.0,7128.0,7128.0,7128.0,7128.0,7128.0,7128.0,7128.0,7128.0,7128.0,7128.0,7128.0,7128.0,7128.0,7128.0,7128.0,7128.0,7128.0,7128.0,7128.0,7128.0,7128.0,7128.0,7128.0,7128.0,7128.0,7128.0,7128.0,7128.0,7128.0,7128.0,7128.0,7128.0,7128.0,7128.0,7128.0,7128.0,7128.0,7128.0,7128.0,7128.0,7128.0,7128.0,7128.0,7128.0,7128.0,7128.0,7128.0,7128.0,7128.0,7128.0,7128.0,7128.0,7128.0,7128.0,7128.0,7128.0,7128.0,7128.0,7128.0,7128.0,7128.0,7128.0,7128.0,7128.0,7128.0,7128.0,7128.0,7128.0,7128.0,7128.0,7128.0,7128.0,7128.0,7128.0,7128.0,7128.0,7128.0,7128.0,7128.0,7128.0,7128.0,7128.0,7128.0,7128.0,7128.0,7128.0,7128.0,7128.0,7128.0,7128.0,7128.0,7128.0,7128.0,7128.0,7128.0,7128.0,7128.0,7128.0,7128.0,7128.0,7128.0,7128.0,7128.0,7128.0,7128.0,7128.0,7128.0,7128.0,7128.0,7128.0,7128.0,7128.0,7128.0,7128.0,7128.0,7128.0,7128.0,7128.0,7128.0,7128.0,7128.0,7128.0,7128.0,7128.0,7128.0,7128.0,7128.0,7128.0,7128.0,7128.0,7128.0,7128.0,7128.0,7128.0,7128.0,7128.0,7129.0,7129.0,7129.0,7129.0,7129.0,7129.0,7129.0,7129.0,7129.0,7129.0,7129.0,7129.0,7129.0,7129.0,7129.0,7129.0,7129.0,7129.0,7129.0,7129.0,7129.0,7129.0,7129.0
tune_9,Testing/network-cor-forma_eu_27t.txt,0.05,0.05,0.03,50,5,0.9,0.02,components,0,50,5825.0,368.12,3704,195,1938.0,2009.0,2114.0,2481.0,2481.0,2532.0,5777.0,5779.0,6131.0,6131.0,6438.0,7007.0,7007.0,7540.0,7540.0,7540.0,7540.0,7540.0,7540.0,7540.0,7540.0,7540.0,7540.0,7540.0,7540.0,7540.0,7540.0,7540.0,7540.0,7540.0,7540.0,7540.0,7540.0,7540.0,7540.0,7540.0,7540.0,7540.0,7540.0,7540.0,7540.0,7540.0,7540.0,7540.0,7540.0,7540.0,7540.0,7540.0,7540.0,7540.0,7540.0,7540.0,7540.0,7540.0,7540.0,7540.0,7540.0,7540.0,7540.0,7540.0,7540.0,7540.0,7540.0,7540.0,7540.0,7540.0,7540.0,7540.0,7540.0,7540.0,7540.0,7540.0,7540.0,7540.0,7540.0,7540.0,7540.0,7540.0,7540.0,7540.0,7540.0,7540.0,7540.0,7540.0,7540.0,7540.0,7540.0,7540.0,7540.0,7540.0,7540.0,7540.0,7540.0,7540.0,7540.0,7540.0,7540.0,7540.0,7540.0,7540.0,7540.0,7540.0,7540.0,7540.0,7540.0,7540.0,7540.0,7540.0,7540.0,7540.0,7540.0,7540.0,7540.0,7540.0,7540.0,7540.0,7540.0,7540.0,7540.0,7540.0,7540.0,7540.0,7541.0,7541.0,7541.0,7541.0,7541.0,7541.0,7541.0,7541.0,7541.0,7542.0,7542.0,7542.0,7542.0,7542.0,7542.0,7542.0,7542.0,7542.0,7542.0,7542.0,7542.0,7542.0,7542.0,7542.0,7542.0,7542.0,7542.0,7542.0,7542.0,7542.0,7542.0,7542.0,7542.0,7542.0,7542.0,7542.0,7542.0,7542.0,7542.0,7542.0,7542.0,7542.0,7542.0,7542.0,7542.0,7542.0,7542.0,7542.0,7542.0,7542.0,7542.0,7542.0,7542.0,7542.0,7542.0,7542.0,7542.0,7542.0,7542.0,7542.0,7542.0,7542.0,7542.0,7542.0,7542.0,7542.0,7542.0,7542.0,7542.0,7542.0,7542.0,7542.0,7542.0,7543.0,7543.0,7543.0,7543.0,7543.0,0.0
tune_10,Testing/network-cor-forma_eu_27t.txt,0.05,0.05,0.03,50,5,0.9,0.02,components,0,50,7555.0,387.73,3724,195,1550.0,1550.0,1624.0,1677.0,1677.0,1712.0,1756.0,5778.0,5778.0,5778.0,5781.0,5781.0,5781.0,5781.0,5784.0,5790.0,5795.0,5806.0,5806.0,5810.0,5817.0,5823.0,5823.0,5832.0,5832.0,5837.0,5839.0,5840.0,5844.0,5851.0,5860.0,5860.0,5861.0,5861.0,5864.0,5865.0,5865.0,5872.0,5875.0,5880.0,5880.0,5880.0,5885.0,5885.0,5887.0,5889.0,5893.0,5893.0,5893.0,5894.0,5896.0,5896.0,5897.0,5899.0,5900.0,5904.0,5904.0,5908.0,5909.0,5909.0,5909.0,5910.0,5913.0,5913.0,5914.0,5917.0,5917.0,5918.0,5921.0,5921.0,5921.0,5921.0,5922.0,5922.0,5923.0,5923.0,5926.0,5926.0,5926.0,5926.0,5928.0,5928.0,5928.0,5928.0,5929.0,5930.0,5930.0,5930.0,5930.0,5930.0,5930.0,5930.0,5930.0,5930.0,5930.0,5930.0,5930.0,5930.0,5930.0,5930.0,5930.0,5930.0,5930.0,5930.0,5930.0,5930.0,5930.0,5930.0,5930.0,5930.0,5930.0,5930.0,5930.0,5931.0,5931.0,5931.0,5933.0,5933.0,5933.0,5933.0,5933.0,5933.0,5933.0,5933.0,5933.0,5933.0,5933.0,5933.0,5933.0,5933.0,5933.0,5933.0,5933.0,5933.0,5933.0,5933.0,5933.0,5933.0,5933.0,5933.0,5933.0,5933.0,5933.0,5933.0,5933.0,5934.0,5934.0,5934.0,5934.0,5934.0,5934.0,5934.0,5934.0,5934.0,5934.0,5934.0,5934.0,5934.0,5934.0,5934.0,5934.0,5934.0,5934.0,5934.0,5934.0,5934.0,5934.0,5934.0,5934.0,5934.0,5934.0,5934.0,5934.0,5934.0,5934.0,5934.0,5934.0,5934.0,5934.0,5934.0,5934.0,5934.0,5934.0,5934.0,5934.0,5934.0,5934.0,5934.0,5934.0,5934.0,5934.0,5935.0,5935.0,5935.0,5935.0,5936.0,5936.0,5936.0,5936.0,5936.0
tune_1,Testing/network-cor-forma_eu_27t.txt,0.05,0.05,0.03,50,5,0.9,0.02,components,1,50,7791.0,386.34,3641,21,1433.0,1865.0,1900.0,2291.0,2291.0,2308.0,2308.0,2308.0,5771.0,5771.0,5771.0,5771.0,5782.0,6387.0,6387.0,6387.0,7179.0,7179.0,7179.0,7179.0,7179.0,7791.0,7791.0,7791.0,7791.0,7791.0,7791.0,7791.0,7791.0,7791.0,7791.0,7791.0,7791.0,7791.0,7791.0,7791.0,7791.0,7791.0,7791.0,7791.0,7791.0,7791.0,7791.0,7791.0,7791.0,7791.0,7791.0,7791.0,7791.0,7791.0,7791.0,7791.0,7791.0,7791.0,7791.0,7791.0,7791.0,7791.0,7791.0,7791.0,7791.0,7791.0,7791.0,7791.0,7791.0,7791.0,7791.0,7791.0,7791.0,7791.0,7791.0,7791.0,7791.0,7791.0,7791.0,7791.0,7791.0,7791.0,7791.0,7791.0,7791.0,7791.0,7791.0,7791.0,7791.0,7791.0,7791.0,7791.0,7791.0,7791.0,7791.0,7791.0,7791.0,7791.0,7791.0,7791.0,7791.0,7791.0,7791.0,7791.0,7791.0,7791.0,7791.0,7791.0,7791.0,7791.0,7791.0,7791.0,7791.0,7791.0,7791.0,7791.0,7791.0,7791.0,7791.0,7791.0,7791.0,7791.0,7791.0,7791.0,7791.0,7791.0,7791.0,7791.0,7791.0,7791.0,7791.0,7791.0,7791.0,7791.0,7791.0,7791.0,7791.0,7791.0,7791.0,7791.0,7791.0,7791.0,7791.0,7791.0,7791.0,7791.0,7791.0,7791.0,7791.0,7791.0,7791.0,7791.0,7791.0,7791.0,7791.0,7791.0,7791.0,7791.0,7791.0,7791.0,7791.0,7791.0,7791.0,7791.0,7791.0,7791.0,7791.0,7791.0,7791.0,7791.0,7791.0,7791.0,7791.0,7791.0,7791.0,7791.0,7791.0,7791.0,7791.0,7791.0,7791.0,7791.0,7791.0,7791.0,7791.0,7791.0,7791.0,7791.0,7791.0,7791.0,7791.0,7791.0,7791.0,7791.0,7791.0,7791.0,7791.0,7791.0,7791.0,7791.0,7791.0,7791.0,7791.0,7791.0
tune_2,Testing/network-cor-forma_eu_27t.txt,0.05,0.05,0.03,50,5,0.9,0.02,components,1,50,5948.0,380.40,3768,193,1679.0,1701.0,1789.0,1794.0,1960.0,1960.0,1960.0,2031.0,2031.0,2031.0,2031.0,2031.0,5736.0,5736.0,5756.0,5766.0,5766.0,5766.0,5770.0,5772.0,5780.0,5788.0,5794.0,5794.0,5810.0,5810.0,5810.0,5819.0,5828.0,5828.0,5828.0,5834.0,5839.0,5839.0,5842.0,5844.0,5848.0,5858.0,5858.0,5858.0,5858.0,5860.0,5863.0,5867.0,5871.0,5874.0,5874.0,5879.0,5879.0,5883.0,5885.0,5890.0,5890.0,5894.0,5896.0,5897.0,5897.0,5903.0,5904.0,5904.0,5905.0,5909.0,5909.0,5911.0,5913.0,5914.0,5914.0,5915.0,5915.0,5918.0,5920.0,5920.0,5921.0,5921.0,5923.0,5925.0,5926.0,5928.0,5928.0,5928.0,5929.0,5932.0,5932.0,5932.0,5933.0,5935.0,5935.0,5937.0,5937.0,5938.0,5938.0,5939.0,5939.0,5940.0,5940.0,5940.0,5940.0,5941.0,5941.0,5941.0,5942.0,5942.0,5942.0,5942.0,5942.0,5943.0,5943.0,5943.0,5944.0,5944.0,5944.0,5944.0,5944.0,5944.0,5944.0,5944.0,5944.0,5944.0,5944.0,5944.0,5944.0,5944.0,5944.0,5944.0,5944.0,5944.0,5944.0,5944.0,5944.0,5944.0,5944.0,5944.0,5944.0,5944.0,5944.0,5944.0,5944.0,5944.0,5944.0,5944.0,5944.0,5944.0,5944.0,5944.0,5944.0,5944.0,5944.0,5944.0,5944.0,5945.0,5945.0,5945.0,5945.0,5945.0,5945.0,5946.0,5946.0,5946.0,5946.0,5946.0,5946.0,5946.0,5946.0,5946.0,5946.0,5946.0,5946.0,5946.0,5946.0,5947.0,5947.0,5947.0,5947.0,5947.0,5947.0,5947.0,5947.0,5947.0,5947.0,5947.0,5947.0,5947.0,5947.0,5947.0,5947.0,5947.0,5947.0,5947.0,5947.0,5947.0,5947.0,5947.0,5947.0,5948.0,5948.0,5948.0,5948.0,5948.0,5948.0,5948.0
tune_3,Testing/network-cor-forma_eu_27t.txt,0.05,0.05,0.03,50,5,0.9,0.02,components,1,50,7737.0,406.41,3745,145,1450.0,2469.0,2469.0,2469.0,2469.0,2580.0,2580.0,2580.0,5780.0,5780.0,5784.0,6692.0,6692.0,7017.0,7017.0,7017.0,7017.0,7017.0,7725.0,7725.0,7725.0,7725.0,7725.0,7725.0,7725.0,7725.0,7725.0,7725.0,7725.0,7725.0,7725.0,7725.0,7725.0,7725.0,7725.0,7725.0,7725.0,7725.0,7725.0,7725.0,7725.0,7725.0,7725.0,7725.0,7725.0,7725.0,7725.0,7725.0,7725.0,7725.0,7725.0,7725.0,7725.0,7725.0,7725.0,7725.0,7725.0,7725.0,7725.0,7725.0,7725.0,7725.0,7725.0,7725.0,7725.0,7725.0,7725.0,7725.0,7725.0,7725.0,7725.0,7725.0,7725.0,7725.0,7725.0,7725.0,7725.0,7725.0,7725.0,7725.0,7725.0,7725.0,7725.0,7725.0,7725.0,7725.0,7725.0,7725.0,7725.0,7725.0,7725.0,7725.0,7725.0,7725.0,7725.0,7725.0,7725.0,7725.0,7725.0,7725.0,7725.0,7725.0,7725.0,7725.0,7725.0,7725.0,7725.0,7725.0,7725.0,7725.0,7725.0,7725.0,7725.0,7725.0,7725.0,7725.0,7725.0,7725.0,7725.0,7725.0,7725.0,7726.0,7726.0,7726.0,7735.0,7735.0,7735.0,7735.0,7735.0,7736.0,7736.0,7736.0,7736.0,7736.0,7736.0,7736.0,7736.0,7736.0,7736.0,7736.0,7736.0,7736.0,7736.0,7736.0,7736.0,7737.0,7737.0,7737.0,7737.0,7737.0,7737.0,7737.0,7737.0,7737.0,7737.0,7737.0,7737.0,7737.0,7737.0,7737.0,7737.0,7737.0,7737.0,7737.0,7737.0,7737.0,7737.0,7737.0,7737.0,7737.0,7737.0,7737.0,7737.0,7737.0,7737.0,7737.0,7737.0,7737.0,7737.0,7737.0,7737.0,7737.0,7737.0,7737.0,7737.0,7737.0,7737.0,7737.0,7737.0,7737.0,7737.0,7737.0,7737.0,7737.0,7737.0,7737.0,7737.0,7737.0,7737.0,7737.0
tune_4,Testing/network-cor-forma_eu_27t.txt,0.05,0.05,0.03,50,5,0.9,0.02,components,1,50,7099.0,411.55,3782,178,1458.0,1458.0,2209.0,2254.0,2446.0,2446.0,2446.0,2446.0,5771.0,5771.0,5792.0,6232.0,6746.0,7080.0,7080.0,7080.0,7080.0,7080.0,7080.0,7080.0,7080.0,7080.0,7080.0,7080.0,7080.0,7080.0,7080.0,7080.0,7080.0,7080.0,7080.0,7080.0,7080.0,7080.0,7080.0,7080.0,7080.0,7080.0,7080.0,7080.0,7080.0,7080.0,7080.0,7080.0,7080.0,7080.0,7080.0,7080.0,7080.0,7080.0,7080.0,7080.0,7080.0,7080.0,7080.0,7080.0,7080.0,7080.0,7080.0,7080.0,7080.0,7080.0,7080.0,7080.0,7080.0,7080.0,7080.0,7080.0,7080.0,7080.0,7080.0,7080.0,7080.0,7080.0,7080.0,7080.0,7080.0,7080.0,7096.0,7096.0,7096.0,7096.0,7096.0,7096.0,7096.0,7096.0,7096.0,7096.0,7096.0,7096.0,7096.0,7096.0,7096.0,7096.0,7096.0,7096.0,7096.0,7096.0,7096.0,7096.0,7096.0,7096.0,7096.0,7096.0,7096.0,7096.0,7096.0,7096.0,7096.0,7096.0,7096.0,7096.0,7096.0,7096.0,7096.0,7096.0,7096.0,7096.0,7096.0,7096.0,7096.0,7096.0,7096.0,7096.0,7096.0,7096.0,7096.0,7096.0,7096.0,7096.0,7096.0,7096.0,7096.0,7096.0,7096.0,7096.0,7096.0,7096.0,7096.0,7096.0,7096.0,7096.0,7096.0,7096.0,7096.0,7096.0,7096.0,7096.0,7096.0,7096.0,7096.0,7096.0,7096.0,7096.0,7096.0,7096.0,7096.0,7096.0,7096.0,7096.0,7096.0,7096.0,7096.0,7096.0,7096.0,7096.0,7097.0,7097.0,7097.0,7097.0,7097.0,7097.0,7097.0,7097.0,7097.0,7097.0,7097.0,7097.0,7099.0,7099.0,7099.0,7099.0,7099.0,7099.0,7099.0,7099.0,7099.0,7099.0,7099.0,7099.0,7099.0,7099.0,7099.0,7099.0,7099.0,7099.0,7099.0,7099.0,7099.0,7099.0
tune_8,Testing/network-cor-forma_eu_27t.txt,0.05,0.05,0.03,50,5,0.9,0.02,components,1,50,7129.0,391.82,3708,177,1570.0,1570.0,2469.0,2469.0,2469.0,2568.0,2792.0,5784.0,5876.0,6141.0,6438.0,6438.0,6438.0,7128.0,7128.0,7128.0,7128.0,7128.0,7128.0,7128.0,7128.0,7128.0,7128.0,7128.0,7128.0,7128.0,7128.0,7128.0,7128.0,7128.0,7128.0,7128.0,7128.0,7128.0,7128.0,7128.0,7128.0,7128.0,7128.0,7128.0,7128.0,7128.0,7128.0,7128.0,7128.0,7128.0,7128.0,7128.0,7128.0,7128.0,7128.0,7128.0,7128.0,7128.0,7128.0,7128.0,7128.0,7128.0,7128.0,7128.0,7128.0,7128.0,7128.0,7128.0,7128.0,7128.0,7128.0,7128.0,7128.0,7128.0,7128.0,7128.0,7128.0,7128.0,7128.0,7128.0,7128.0,7128.0,7128.0,7128.0,7128.0,7128.0,7128.0,7128.0,7128.0,7128.0,7128.0,7128.0,7128.0,7128.0,7128.0,7128.0,7128.0,7128.0,7128.0,7128.0,7128.0,7128.0,7128.0,7128.0,7128.0,7128.0,7128.0,7128.0,7128.0,7128.0,7128.0,7128.0,7128.0,7128.0,7128.0,7128.0,7128.0,7128.0,7128.0,7128.0,7128.0,7128.0,7128.0,7128.0,7128.0,7128.0,7128.0,7128.0,7128.0,7128.0,7128.0,7128.0,7128.0,7128.0,7128.0,7128.0,7128.0,7128.0,7128.0,7128.0,7128.0,7128.0,7128.0,7128.0,7128.0,7128.0,7128.0,7128.0,7128.0,7128.0,7128.0,7128.0,7128.0,7128.0,7128.0,7128.0,7128.0,7128.0,7128.0,7128.0,7128.0,7128.0,7128.0,7128.0,7128.0,7128.0,7128.0,7128.0,7128.0,7128.0,7128.0,7128.0,7128.0,7128.0,7128.0,7128.0,7128.0,7128.0,7128.0,7128.0,7128.0,7129.0,7129.0,7129.0,7129.0,7129.0,7129.0,7129.0,7129.0,7129.0,7129.0,7129.0,7129.0,7129.0,7129.0,7129.0,7129.0,7129.0,7129.0,7129.0,7129.0,7129.0,7129.0,7129.0
tune_7,Testing/network-cor-forma_eu_27t.txt,0.05,0.05,0.03,50,5,0.9,0.02,components,1,50,7095.0,416.87,3773,199,1776.0,1828.0,2263.0,2263.0,2540.0,2540.0,5777.0,5784.0,5789.0,5915.0,6057.0,6057.0,6700.0,6983.0,7042.0,7042.0,7042.0,7042.0,7042.0,7042.0,7042.0,7042.0,7042.0,7042.0,7042.0,7042.0,7042.0,7042.0,7042.0,7042.0,7042.0,7042.0,7042.0,7042.0,7042.0,7042.0,7042.0,7042.0,7042.0,7042.0,7042.0,7042.0,7042.0,7042.0,7042.0,7042.0,7042.0,7042.0,7042.0,7042.0,7042.0,7042.0,7042.0,7042.0,7042.0,7042.0,7042.0,7042.0,7042.0,7042.0,7042.0,7042.0,7042.0,7042.0,7042.0,7042.0,7042.0,7042.0,7042.0,7042.0,7042.0,7042.0,7042.0,7042.0,7042.0,7042.0,7042.0,7042.0,7042.0,7042.0,7042.0,7042.0,7042.0,7042.0,7042.0,7042.0,7042.0,7042.0,7042.0,7042.0,7086.0,7086.0,7086.0,7086.0,7086.0,7086.0,7086.0,7086.0,7086.0,7086.0,7086.0,7086.0,7086.0,7086.0,7086.0,7086.0,7086.0,7086.0,7086.0,7086.0,7086.0,7086.0,7086.0,7087.0,7087.0,7087.0,7087.0,7087.0,7087.0,7087.0,7087.0,7087.0,7087.0,7087.0,7087.0,7087.0,7087.0,7087.0,7087.0,7087.0,7087.0,7087.0,7087.0,7087.0,7087.0,7087.0,7087.0,7087.0,7087.0,7087.0,7087.0,7087.0,7087.0,7087.0,7087.0,7087.0,7087.0,7087.0,7087.0,7087.0,7087.0,7087.0,7087.0,7087.0,7087.0,7087.0,7087.0,7087.0,7087.0,7087.0,7087.0,7087.0,7087.0,7087.0,7087.0,7087.0,7087.0,7088.0,7088.0,7088.0,7088.0,7088.0,7088.0,7088.0,7088.0,7088.0,7088.0,7088.0,7088.0,7088.0,7088.0,7089.0,7089.0,7089.0,7089.0,7089.0,7089.0,7089.0,7089.0,7089.0,7089.0,7089.0,7089.0,7089.0,7089.0,7089.0,7089.0,7089.0,7089.0,7095.0
tune_10,Testing/network-cor-forma_eu_27t.txt,0.05,0.05,0.03,50,5,0.9,0.02,components,1,50,5936.0,369.24,3670,195,1550.0,1550.0,1624.0,1677.0,1677.0,1712.0,1756.0,5778.0,5778.0,5778.0,5781.0,5781.0,5781.0,5781.0,5784.0,5790.0,5795.0,5806.0,5806.0,5810.0,5817.0,5823.0,5823.0,5832.0,5832.0,5837.0,5839.0,5840.0,5844.0,5851.0,5860.0,5860.0,5861.0,5861.0,5864.0,5865.0,5865.0,5872.0,5875.0,5880.0,5880.0,5880.0,5885.0,5885.0,5887.0,5889.0,5893.0,5893.0,5893.0,5894.0,5896.0,5896.0,5897.0,5899.0,5900.0,5904.0,5904.0,5908.0,5909.0,5909.0,5909.0,5910.0,5913.0,5913.0,5914.0,5917.0,5917.0,5918.0,5921.0,5921.0,5921.0,5921.0,5922.0,5922.0,5923.0,5923.0,5926.0,5926.0,5926.0,5926.0,5928.0,5928.0,5928.0,5928.0,5929.0,5930.0,5930.0,5930.0,5930.0,5930.0,5930.0,5930.0,5930.0,5930.0,5930.0,5930.0,5930.0,5930.0,5930.0,5930.0,5930.0,5930.0,5930.0,5930.0,5930.0,5930.0,5930.0,5930.0,5930.0,5930.0,5930.0,5930.0,5930.0,5931.0,5931.0,5931.0,5933.0,5933.0,5933.0,5933.0,5933.0,5933.0,5933.0,5933.0,5933.0,5933.0,5933.0,5933.0,5933.0,5933.0,5933.0,5933.0,5933.0,5933.0,5933.0,5933.0,5933.0,5933.0,5933.0,5933.0,5933.0,5933.0,5933.0,5933.0,5933.0,5934.0,5934.0,5934.0,5934.0,5934.0,5934.0,5934.0,5934.0,5934.0,5934.0,5934.0,5934.0,5934.0,5934.0,5934.0,5934.0,5934.0,5934.0,5934.0,5934.0,5934.0,5934.0,5934.0,5934.0,5934.0,5934.0,5934.0,5934.0,5934.0,5934.0,5934.0,5934.0,5934.0,5934.0,5934.0,5934.0,5934.0,5934.0,5934.0,5934.0,5934.0,5934.0,5934.0,5934.0,5934.0,5934.0,5935.0,5935.0,5935.0,5935.0,5936.0,5936.0,5936.0,5936.0,5936.0
tune_1,Testing/network-cor-forma_eu_27t.txt,0.05,0.05,0.03,100,3,0.8,0.01,largest,0,50,2312.0,1113.92,10879,0,7167.0,7167.0,7167.0,7167.0,7167.0,7167.0,7167.0,7167.0,7167.0,6702.0,6702.0,5366.0,3959.0,3291.0,1197.0,1197.0,1197.0,1197.0,1197.0,1197.0,1197.0,1197.0,1197.0,1197.0,1197.0,1197.0,1197.0,1197.0,1197.0,1197.0,1197.0,1197.0,1197.0,1197.0,1197.0,1197.0,1197.0,1197.0,1197.0,1197.0,1197.0,1197.0,1197.0,1197.0,1197.0,1197.0,1197.0,1197.0,1197.0,1197.0,1197.0,1197.0,1197.0,1197.0,1197.0,1197.0,1197.0,1197.0,1197.0,1197.0,1197.0,1197.0,1197.0,1197.0,1197.0,1197.0,1197.0,1197.0,1197.0,1197.0,1197.0,1197.0,1197.0,1189.0,1189.0,1189.0,1189.0,1189.0,1189.0,1189.0,1189.0,1189.0,1189.0,1185.0,1185.0,1185.0,1185.0,1185.0,1185.0,1185.0,1185.0,1185.0,1185.0,1185.0,1185.0,1185.0,1185.0,1185.0,1185.0,1185.0,1185.0,1185.0,1185.0,1185.0,1185.0,1185.0,1185.0,1185.0,1185.0,1185.0,1185.0,1185.0,1185.0,1185.0,1185.0,1185.0,1185.0,1185.0,1185.0,1185.0,1185.0,1185.0,1185.0,1185.0,1185.0,1185.0,1185.0,1185.0,1185.0,1185.0,1185.0,1185.0,1185.0,1185.0,1185.0,1185.0,1185.0,1185.0,1185.0,1185.0,1185.0,1185.0,1185.0,1185.0,1185.0,1185.0,1185.0,1185.0,1185.0,1185.0,1185.0,1184.0,1184.0,1184.0,1184.0,1184.0,1184.0,1184.0,1184.0,1184.0,1184.0,1184.0,1184.0,1184.0,1184.0,1184.0,1184.0,1184.0,1184.0,1184.0,1184.0,1184.0,1184.0,1184.0,1184.0,1184.0,1184.0,1184.0,1184.0,1184.0,1184.0,1184.0,1184.0,1184.0,1184.0,1184.0,1184.0,1184.0,1184.0,1184.0,1184.0,1184.0,1184.0,1184.0,1184.0,1184.0,1184.0,1184.0,1184.0,1184.0,0.0,2312.0
tune_2,Testing/network-cor-forma_eu_27t.txt,0.05,0.05,0.03,100,3,0.8,0.01,largest,0,50,1150.0,1117.13,10774,0,9902.0,9902.0,9898.0,9492.0,8268.0,8268.0,8268.0,8074.0,8074.0,8074.0,7652.0,7289.0,5232.0,5232.0,2896.0,2597.0,2538.0,2538.0,2538.0,2538.0,2538.0,2538.0,2538.0,2538.0,2538.0,2538.0,2538.0,2538.0,2538.0,2538.0,2538.0,2538.0,2259.0,2259.0,2259.0,2259.0,2259.0,2259.0,2259.0,2259.0,2259.0,2259.0,2259.0,2259.0,2259.0,2259.0,2259.0,2259.0,946.0,946.0,946.0,946.0,946.0,946.0,946.0,946.0,946.0,946.0,946.0,946.0,946.0,946.0,946.0,946.0,946.0,946.0,946.0,946.0,946.0,946.0,946.0,946.0,946.0,946.0,946.0,946.0,946.0,946.0,946.0,946.0,946.0,946.0,946.0,946.0,946.0,946.0,946.0,946.0,946.0,946.0,946.0,946.0,946.0,946.0,946.0,946.0,946.0,946.0,946.0,946.0,946.0,946.0,946.0,946.0,946.0,946.0,946.0,946.0,946.0,946.0,946.0,946.0,946.0,946.0,946.0,946.0,946.0,946.0,946.0,946.0,946.0,946.0,946.0,946.0,946.0,946.0,946.0,946.0,946.0,946.0,946.0,946.0,946.0,946.0,946.0,946.0,946.0,946.0,946.0,946.0,946.0,946.0,946.0,946.0,946.0,946.0,946.0,946.0,946.0,946.0,946.0,946.0,946.0,946.0,946.0,946.0,946.0,946.0,946.0,946.0,946.0,946.0,946.0,946.0,946.0,946.0,946.0,946.0,946.0,946.0,946.0,946.0,946.0,946.0,946.0,946.0,946.0,946.0,946.0,946.0,946.0,946.0,946.0,946.0,946.0,946.0,946.0,946.0,946.0,946.0,946.0,946.0,946.0,946.0,946.0,946.0,946.0,946.0,946.0,946.0,0.0
tune_4,Testing/network-cor-forma_eu_27t.txt,0.05,0.05,0.03,100,3,0.8,0.01,largest,0,50,2478.0,1098.35,10637,0,11990.0,11883.0,11595.0,8704.0,7554.0,7554.0,7554.0,7554.0,6813.0,6813.0,6813.0,6544.0,5098.0,3133.0,2109.0,2109.0,2046.0,2046.0,2046.0,2046.0,2046.0,2046.0,2046.0,2046.0,2046.0,2046.0,2046.0,2046.0,1832.0,1832.0,1832.0,1832.0,1832.0,1832.0,1832.0,1832.0,1832.0,1832.0,1832.0,1832.0,1832.0,1832.0,1832.0,1832.0,1832.0,1832.0,1832.0,1832.0,1832.0,1832.0,1832.0,1832.0,1832.0,1832.0,1832.0,1832.0,1832.0,1832.0,1832.0,1832.0,1832.0,1832.0,1832.0,1832.0,1832.0,1832.0,1832.0,1832.0,1832.0,1832.0,1809.0,1809.0,1809.0,1809.0,1809.0,1809.0,1809.0,1809.0,1809.0,1765.0,1765.0,1765.0,1765.0,1765.0,1765.0,1765.0,1765.0,1765.0,1765.0,1765.0,1765.0,1765.0,1765.0,1765.0,1765.0,1765.0,1765.0,1765.0,1765.0,1765.0,1765.0,1765.0,1765.0,1765.0,1765.0,1765.0,1765.0,1765.0,1765.0,1765.0,1765.0,1765.0,1765.0,1765.0,1765.0,1765.0,1765.0,1764.0,1764.0,1764.0,1764.0,1764.0,1764.0,1764.0,1764.0,1764.0,1764.0,1764.0,1764.0,1764.0,1764.0,1763.0,1763.0,1763.0,1763.0,1763.0,1763.0,1763.0,1763.0,1763.0,1763.0,1763.0,1763.0,1763.0,1763.0,1763.0,1763.0,1763.0,1762.0,1762.0,1762.0,1762.0,1762.0,1762.0,1762.0,1762.0,1762.0,1762.0,1762.0,1762.0,1762.0,1762.0,1762.0,1762.0,1762.0,1762.0,1762.0,1762.0,1762.0,1762.0,1762.0,1762.0,1762.0,1762.0,1762.0,1762.0,1762.0,1762.0,1762.0,1762.0,1762.0,1762.0,1762.0,1762.0,1762.0,1762.0,1762.0,1762.0,1762.0,1762.0,1762.0,1762.0,1762.0,1762.0,1762.0,1762.0,1762.0,1762.0,1762.0,1762.0
tune_3,Testing/network-cor-forma_eu_27t.txt,0.05,0.05,0.03,100,3,0.8,0.01,largest,0,50,1154.0,1137.65,10732,0,12031.0,11973.0,9889.0,9655.0,8729.0,8729.0,8715.0,8170.0,8167.0,7931.0,7292.0,7262.0,7262.0,5408.0,2576.0,2447.0,1856.0,1856.0,1856.0,1856.0,1856.0,1856.0,1856.0,1856.0,1856.0,1856.0,1856.0,1856.0,1856.0,1856.0,1856.0,1856.0,1856.0,1856.0,1856.0,1856.0,1856.0,1856.0,1856.0,1856.0,1856.0,1856.0,1856.0,1856.0,1856.0,1856.0,1856.0,1856.0,1856.0,1856.0,1856.0,1856.0,1856.0,1856.0,1856.0,1856.0,1856.0,1856.0,1856.0,1856.0,1856.0,1856.0,1856.0,1856.0,1856.0,1856.0,1856.0,1856.0,1856.0,1856.0,1856.0,1856.0,1856.0,1856.0,1856.0,1856.0,1856.0,1856.0,1856.0,1849.0,1849.0,1849.0,1849.0,1849.0,1849.0,1849.0,1849.0,1849.0,1849.0,1849.0,1849.0,1849.0,1849.0,1849.0,1849.0,1849.0,1849.0,1849.0,1849.0,1849.0,1849.0,1849.0,1849.0,1849.0,1849.0,1849.0,1849.0,1849.0,1849.0,1849.0,1849.0,1849.0,1849.0,1849.0,1849.0,1849.0,1849.0,1849.0,1849.0,1849.0,1849.0,1849.0,1849.0,1849.0,1849.0,1849.0,1849.0,1849.0,1849.0,1849.0,1849.0,1849.0,1849.0,1849.0,1849.0,1849.0,1849.0,1849.0,1849.0,1849.0,1849.0,1849.0,1849.0,1849.0,1849.0,1849.0,1849.0,1849.0,1849.0,1849.0,1849.0,1848.0,1848.0,1848.0,1848.0,1848.0,1848.0,1848.0,1848.0,1848.0,1848.0,1848.0,1848.0,1848.0,1848.0,1848.0,1848.0,1848.0,1848.0,1848.0,1848.0,1847.0,1847.0,1847.0,1847.0,1846.0,1846.0,1846.0,1846.0,1846.0,1846.0,1846.0,1846.0,1846.0,1846.0,1846.0,1846.0,1846.0,1846.0,1846.0,1846.0,1846.0,1846.0,1846.0,1846.0,1846.0,1846.0,1846.0,1846.0,1846.0,0.0
tune_6,Testing/network-cor-forma_eu_27t.txt,0.05,0.05,0.03,100,3,0.8,0.01,largest,0,50,2069.0,1121.93,10797,0,11878.0,8060.0,7883.0,7883.0,7883.0,7883.0,7883.0,7714.0,7662.0,7627.0,7627.0,7270.0,4157.0,3007.0,1266.0,1266.0,1266.0,1266.0,1266.0,1266.0,1266.0,1266.0,1266.0,1266.0,1266.0,1266.0,1266.0,1266.0,1266.0,1266.0,1266.0,1266.0,1266.0,1266.0,1266.0,1266.0,1266.0,1266.0,1266.0,1266.0,1266.0,1266.0,1266.0,1266.0,1266.0,1266.0,1266.0,1256.0,1256.0,1256.0,1256.0,1256.0,1256.0,1256.0,1256.0,1256.0,1256.0,1256.0,1256.0,1256.0,1205.0,1205.0,1205.0,1205.0,1205.0,1205.0,1205.0,1205.0,1205.0,1205.0,1205.0,1205.0,1205.0,1205.0,1205.0,1205.0,1205.0,1205.0,1205.0,1205.0,1205.0,1205.0,1205.0,1205.0,1205.0,1205.0,1205.0,1205.0,1205.0,1205.0,1205.0,1205.0,1205.0,1205.0,1205.0,1205.0,1205.0,1205.0,1205.0,1205.0,1205.0,1205.0,1205.0,1205.0,1205.0,1205.0,1205.0,1205.0,1205.0,1205.0,1205.0,1205.0,1205.0,1205.0,1205.0,1205.0,1205.0,1205.0,1205.0,1205.0,1205.0,1205.0,1205.0,1205.0,1205.0,1205.0,1205.0,1205.0,1205.0,1205.0,1205.0,1205.0,1205.0,1205.0,1205.0,1205.0,1205.0,1205.0,1205.0,1205.0,1205.0,1205.0,1205.0,1205.0,1205.0,1205.0,1205.0,1205.0,1205.0,1205.0,1205.0,1205.0,1205.0,1205.0,1205.0,1205.0,1205.0,1205.0,1205.0,1205.0,1205.0,1205.0,1204.0,1204.0,1204.0,1204.0,1204.0,1204.0,1204.0,1204.0,1204.0,1204.0,1204.0,1204.0,1204.0,1204.0,1204.0,1204.0,1204.0,1204.0,1204.0,1204.0,1204.0,1204.0,1204.0,1204.0,1204.0,1204.0,1204.0,1204.0,1204.0,1204.0,1204.0,1204.0,1204.0,1204.0,1204.0,1204.0,1204.0,1204.0
tune_5,Testing/network-cor-forma_eu_27t.txt,0.05,0.05,0.03,100,3,0.8,0.01,largest,0,50,3372.0,1139.80,10674,0,11853.0,11853.0,11759.0,9074.0,9074.0,8287.0,7952.0,7628.0,7628.0,7621.0,6490.0,6490.0,6490.0,6490.0,4473.0,4473.0,2491.0,2395.0,2395.0,2395.0,2395.0,2395.0,2395.0,2395.0,2395.0,2395.0,2395.0,2395.0,2395.0,2395.0,2395.0,2395.0,2395.0,2395.0,2395.0,2395.0,2395.0,2395.0,2395.0,2395.0,2395.0,2395.0,2395.0,2395.0,2395.0,2376.0,2376.0,2376.0,2376.0,2376.0,2376.0,2376.0,2376.0,2376.0,2376.0,2376.0,2376.0,2376.0,2376.0,2376.0,2376.0,2376.0,2376.0,2376.0,2376.0,2376.0,2376.0,2376.0,2376.0,2376.0,2376.0,2376.0,2376.0,2376.0,2376.0,2376.0,2376.0,2376.0,2376.0,2376.0,2376.0,2376.0,2376.0,2376.0,2376.0,2376.0,2376.0,2376.0,2376.0,2376.0,2376.0,2376.0,2376.0,2376.0,2376.0,2376.0,2376.0,2376.0,2376.0,2376.0,2376.0,2376.0,2376.0,2376.0,2376.0,2376.0,2376.0,2376.0,2376.0,2376.0,2376.0,2376.0,2376.0,2376.0,2376.0,2376.0,2376.0,2375.0,2375.0,2375.0,2375.0,2375.0,2375.0,2375.0,2375.0,2375.0,2375.0,2375.0,2375.0,2375.0,2375.0,2375.0,2375.0,2375.0,2375.0,2374.0,2374.0,2374.0,2374.0,2374.0,2374.0,2374.0,2374.0,2374.0,2374.0,2374.0,2374.0,2374.0,2374.0,2374.0,2374.0,2374.0,2374.0,2374.0,2374.0,2374.0,2374.0,2374.0,2374.0,2374.0,2374.0,2374.0,2374.0,2374.0,2374.0,2374.0,2374.0,2374.0,2374.0,2374.0,2374.0,2374.0,2374.0,2374.0,2374.0,2374.0,2374.0,2374.0,2374.0,2374.0,2374.0,2374.0,2374.0,2374.0,2374.0,2374.0,2374.0,2374.0,2374.0,2374.0,2374.0,2374.0,2374.0,2374.0,2374.0,2374.0,2374.0,2374.0,2374.0,2374.0
tune_7,Testing/network-cor-forma_eu_27t.txt,0.05,0.05,0.03,100,3,0.8,0.01,largest,0,50,1936.0,1143.36,10769,0,11683.0,11683.0,11668.0,11531.0,9710.0,7614.0,7614.0,6992.0,6992.0,6673.0,6673.0,6673.0,5378.0,4209.0,3832.0,3627.0,3627.0,3627.0,3627.0,3627.0,3627.0,3627.0,3627.0,3627.0,3627.0,3627.0,3627.0,3627.0,3627.0,3627.0,3627.0,3627.0,3627.0,3627.0,3627.0,3627.0,3627.0,3627.0,3627.0,3627.0,3627.0,3627.0,3627.0,3627.0,3627.0,3627.0,3627.0,3627.0,3627.0,3627.0,3627.0,3627.0,3627.0,3627.0,3627.0,3627.0,3627.0,3627.0,3627.0,3627.0,3627.0,3627.0,3627.0,3627.0,3627.0,3627.0,3627.0,3627.0,3627.0,3627.0,3627.0,3627.0,3618.0,3618.0,3618.0,3618.0,3618.0,3618.0,3618.0,3618.0,3618.0,3618.0,3618.0,3618.0,3618.0,3618.0,3618.0,3618.0,3618.0,3618.0,3618.0,3618.0,3618.0,3618.0,3618.0,3618.0,3618.0,3618.0,3618.0,3618.0,3618.0,3618.0,3618.0,3618.0,3618.0,3618.0,3618.0,3617.0,3617.0,3617.0,3617.0,3617.0,3617.0,3617.0,3617.0,3617.0,3617.0,3617.0,3617.0,3617.0,3616.0,3616.0,3616.0,3616.0,3616.0,3616.0,3616.0,3616.0,3616.0,3616.0,3616.0,3616.0,3616.0,3616.0,3616.0,3615.0,3615.0,3615.0,3615.0,3615.0,3615.0,3615.0,3615.0,3615.0,3615.0,3615.0,3615.0,3614.0,3614.0,3614.0,3614.0,3614.0,3614.0,3614.0,3614.0,3614.0,3614.0,3614.0,3614.0,3614.0,3614.0,3614.0,3614.0,3614.0,3614.0,3614.0,3614.0,3614.0,3614.0,3614.0,3614.0,3614.0,3614.0,3614.0,3614.0,3614.0,3613.0,3613.0,3613.0,3613.0,3613.0,3613.0,3613.0,3613.0,3613.0,3613.0,3613.0,3613.0,3613.0,3613.0,3613.0,3613.0,3613.0,3613.0,3613.0,3613.0,3613.0,3613.0,3613.0,3612.0
tune_8,Testing/network-cor-forma_eu_27t.txt,0.05,0.05,0.03,100,3,0.8,0.01,largest,0,50,2840.0,1131.63,10776,0,9760.0,8719.0,8719.0,8719.0,8154.0,6906.0,6906.0,6906.0,6710.0,6710.0,6710.0,3388.0,3388.0,3388.0,3388.0,3388.0,3388.0,3313.0,2916.0,2916.0,2916.0,2916.0,2916.0,2916.0,2916.0,2916.0,2916.0,2916.0,2916.0,2916.0,2916.0,2916.0,2916.0,2916.0,2916.0,2916.0,2916.0,2916.0,2916.0,2916.0,2916.0,2916.0,2916.0,2916.0,2916.0,2916.0,2916.0,2916.0,2916.0,2916.0,2916.0,2916.0,2916.0,2916.0,2916.0,2916.0,2916.0,2916.0,2916.0,2916.0,2916.0,2916.0,2916.0,2916.0,2873.0,2873.0,2873.0,2873.0,2873.0,2873.0,2873.0,2873.0,2873.0,2873.0,2873.0,2869.0,2865.0,2865.0,2865.0,2865.0,2865.0,2865.0,2865.0,2865.0,2865.0,2865.0,2865.0,2865.0,2865.0,2865.0,2865.0,2865.0,2865.0,2865.0,2865.0,2864.0,2864.0,2864.0,2864.0,2864.0,2864.0,2864.0,2864.0,2864.0,2864.0,2864.0,2864.0,2864.0,2864.0,2864.0,2864.0,2864.0,2864.0,2864.0,2864.0,2864.0,2864.0,2864.0,2864.0,2864.0,2864.0,2864.0,2864.0,2864.0,2863.0,2863.0,2863.0,2863.0,2863.0,2863.0,2863.0,2863.0,2863.0,2863.0,2862.0,2862.0,2862.0,2862.0,2862.0,2862.0,2862.0,2862.0,2862.0,2862.0,2862.0,2862.0,2862.0,2862.0,2862.0,2862.0,2862.0,2862.0,2862.0,2862.0,2862.0,2862.0,2862.0,2862.0,2862.0,2861.0,2861.0,2861.0,2861.0,2861.0,2861.0,2861.0,2861.0,2861.0,2861.0,2861.0,2861.0,2861.0,2861.0,2861.0,2861.0,2861.0,2861.0,2861.0,2861.0,2861.0,2861.0,2861.0,2861.0,2861.0,2861.0,2861.0,2861.0,2861.0,2861.0,2861.0,2861.0,2861.0,2861.0,2861.0,2861.0,2861.0,2861.0,2861.0,2861.0,2861.0
tune_9,Testing/network-cor-forma_eu_27t.txt,0.05,0.05,0.03,100,3,0.8,0.01,largest,0,50,2173.0,1128.03,10755,0,11979.0,11979.0,11956.0,11804.0,9589.0,8491.0,8491.0,8491.0,8491.0,8369.0,8287.0,7287.0,7280.0,6301.0,6147.0,5079.0,4996.0,1859.0,1859.0,1859.0,1859.0,1859.0,1859.0,1859.0,1859.0,1859.0,1859.0,1859.0,1859.0,1859.0,1859.0,1859.0,1859.0,1859.0,1859.0,1769.0,1769.0,1769.0,1280.0,1280.0,1280.0,1280.0,1280.0,1280.0,1280.0,1280.0,1280.0,1280.0,1280.0,1280.0,1280.0,1280.0,1280.0,1280.0,1280.0,1280.0,1280.0,1280.0,1280.0,1280.0,1280.0,1280.0,1280.0,1280.0,1272.0,1272.0,1272.0,1272.0,1272.0,1272.0,1272.0,1272.0,1272.0,1272.0,1272.0,1272.0,1272.0,1272.0,1272.0,1272.0,1272.0,1272.0,1272.0,1272.0,1272.0,1272.0,1272.0,1271.0,1271.0,1271.0,1271.0,1271.0,1271.0,1271.0,1271.0,1271.0,1271.0,1271.0,1271.0,1271.0,1271.0,1271.0,1271.0,1271.0,1271.0,1271.0,1271.0,1271.0,1271.0,1271.0,1271.0,1271.0,1271.0,1271.0,1271.0,1271.0,1271.0,1271.0,1271.0,1271.0,1271.0,1271.0,1271.0,1271.0,1271.0,1271.0,1271.0,1271.0,1271.0,1271.0,1271.0,1271.0,1271.0,1271.0,1271.0,1271.0,1271.0,1271.0,1271.0,1271.0,1271.0,1271.0,1271.0,1271.0,1271.0,1271.0,1271.0,1271.0,1271.0,1271.0,1271.0,1271.0,1271.0,1271.0,1271.0,1271.0,1271.0,1270.0,1270.0,1270.0,1270.0,1270.0,1270.0,1270.0,1270.0,1270.0,1270.0,1270.0,1270.0,1270.0,1270.0,1269.0,1269.0,1269.0,1269.0,1269.0,1269.0,1269.0,1269.0,1269.0,1269.0,1269.0,1269.0,1269.0,1269.0,1269.0,1269.0,1269.0,1269.0,1269.0,1269.0,1269.0,1269.0,1269.0,1269.0,1269.0,1269.0,1269.0,1269.0,1269.0
tune_10,Testing/network-cor-forma_eu_27t.txt,0.05,0.05,0.03,100,3,0.8,0.01,largest,0,50,1705.0,1142.70,10865,0,11964.0,11964.0,8853.0,8562.0,8444.0,8444.0,8344.0,8344.0,7902.0,7902.0,7902.0,7280.0,4608.0,4608.0,3941.0,2906.0,2906.0,2906.0,2906.0,2906.0,2906.0,2906.0,2906.0,2906.0,2906.0,2906.0,2906.0,2906.0,2906.0,2906.0,2906.0,2906.0,2906.0,2906.0,2898.0,2898.0,2898.0,2898.0,2898.0,2865.0,2865.0,2865.0,2865.0,2865.0,2865.0,2865.0,2865.0,2865.0,2865.0,2865.0,2865.0,2865.0,2865.0,2865.0,2865.0,2842.0,2842.0,2842.0,2842.0,2842.0,2842.0,2842.0,2842.0,2842.0,2842.0,2842.0,2842.0,2842.0,2842.0,2842.0,2842.0,2842.0,2842.0,2842.0,2842.0,2842.0,2842.0,2842.0,2842.0,2842.0,2842.0,2842.0,2842.0,2842.0,2842.0,2842.0,2842.0,2842.0,2842.0,2842.0,2842.0,2842.0,2842.0,2842.0,2842.0,2842.0,2842.0,2842.0,2842.0,2842.0,2842.0,2842.0,2842.0,2842.0,2842.0,2842.0,2842.0,2842.0,2841.0,2841.0,2841.0,2841.0,2841.0,2841.0,2841.0,2841.0,2841.0,2841.0,2841.0,2841.0,2840.0,2840.0,2840.0,2840.0,2840.0,2840.0,2840.0,2840.0,2840.0,2840.0,2840.0,2840.0,2840.0,2840.0,2840.0,2840.0,2840.0,2840.0,2840.0,2840.0,2840.0,2840.0,2840.0,2840.0,2840.0,2840.0,2840.0,2840.0,2840.0,2840.0,2840.0,2840.0,2840.0,2840.0,2840.0,2838.0,2838.0,2838.0,2838.0,2838.0,2838.0,2838.0,2838.0,2838.0,2838.0,2838.0,2838.0,2838.0,2838.0,2838.0,2838.0,2838.0,2838.0,2838.0,2838.0,2838.0,2838.0,2838.0,2838.0,2838.0,2838.0,2838.0,2838.0,2838.0,2838.0,2838.0,2838.0,2838.0,2838.0,2838.0,2838.0,2838.0,2838.0,2838.0,2838.0,2838.0,2838.0,2838.0,2838.0,2838.0
tune_1,Testing/network-cor-forma_eu_27t.txt,0.05,0.05,0.03,100,3,0.8,0.01,largest,1,50,2312.0,1177.43,10860,0,7167.0,7167.0,7167.0,7167.0,7167.0,7167.0,7167.0,7167.0,7167.0,6702.0,6702.0,5366.0,3959.0,3291.0,1197.0,1197.0,1197.0,1197.0,1197.0,1197.0,1197.0,1197.0,1197.0,1197.0,1197.0,1197.0,1197.0,1197.0,1197.0,1197.0,1197.0,1197.0,1197.0,1197.0,1197.0,1197.0,1197.0,1197.0,1197.0,1197.0,1197.0,1197.0,1197.0,1197.0,1197.0,1197.0,1197.0,1197.0,1197.0,1197.0,1197.0,1197.0,1197.0,1197.0,1197.0,1197.0,1197.0,1197.0,1197.0,1197.0,1197.0,1197.0,1197.0,1197.0,1197.0,1197.0,1197.0,1197.0,1197.0,1197.0,1197.0,1197.0,1197.0,1189.0,1189.0,1189.0,1189.0,1189.0,1189.0,1189.0,1189.0,1189.0,1189.0,1185.0,1185.0,1185.0,1185.0,1185.0,1185.0,1185.0,1185.0,1185.0,1185.0,1185.0,1185.0,1185.0,1185.0,1185.0,1185.0,1185.0,1185.0,1185.0,1185.0,1185.0,1185.0,1185.0,1185.0,1185.0,1185.0,1185.0,1185.0,1185.0,1185.0,1185.0,1185.0,1185.0,1185.0,1185.0,1185.0,1185.0,1185.0,1185.0,1185.0,1185.0,1185.0,1185.0,1185.0,1185.0,1185.0,1185.0,1185.0,1185.0,1185.0,1185.0,1185.0,1185.0,1185.0,1185.0,1185.0,1185.0,1185.0,1185.0,1185.0,1185.0,1185.0,1185.0,1185.0,1185.0,1185.0,1185.0,1185.0,1184.0,1184.0,1184.0,1184.0,1184.0,1184.0,1184.0,1184.0,1184.0,1184.0,1184.0,1184.0,1184.0,1184.0,1184.0,1184.0,1184.0,1184.0,1184.0,1184.0,1184.0,1184.0,1184.0,1184.0,1184.0,1184.0,1184.0,1184.0,1184.0,1184.0,1184.0,1184.0,1184.0,1184.0,1184.0,1184.0,1184.0,1184.0,1184.0,1184.0,1184.0,1184.0,1184.0,1184.0,1184.0,1184.0,1184.0,1184.0,1184.0,0.0,2312.0
tune_4,Testing/network-cor-forma_eu_27t.txt,0.05,0.05,0.03,100,3,0.8,0.01,largest,1,50,1762.0,1167.44,10757,0,11990.0,11883.0,11595.0,8704.0,7554.0,7554.0,7554.0,7554.0,6813.0,6813.0,6813.0,6544.0,5098.0,3133.0,2109.0,2109.0,2046.0,2046.0,2046.0,2046.0,2046.0,2046.0,2046.0,2046.0,2046.0,2046.0,2046.0,2046.0,1832.0,1832.0,1832.0,1832.0,1832.0,1832.0,1832.0,1832.0,1832.0,1832.0,1832.0,1832.0,1832.0,1832.0,1832.0,1832.0,1832.0,1832.0,1832.0,1832.0,1832.0,1832.0,1832.0,1832.0,1832.0,1832.0,1832.0,1832.0,1832.0,1832.0,1832.0,1832.0,1832.0,1832.0,1832.0,1832.0,1832.0,1832.0,1832.0,1832.0,1832.0,1832.0,1809.0,1809.0,1809.0,1809.0,1809.0,1809.0,1809.0,1809.0,1809.0,1765.0,1765.0,1765.0,1765.0,1765.0,1765.0,1765.0,1765.0,1765.0,1765.0,1765.0,1765.0,1765.0,1765.0,1765.0,1765.0,1765.0,1765.0,1765.0,1765.0,1765.0,1765.0,1765.0,1765.0,1765.0,1765.0,1765.0,1765.0,1765.0,1765.0,1765.0,1765.0,1765.0,1765.0,1765.0,1765.0,1765.0,1765.0,1764.0,1764.0,1764.0,1764.0,1764.0,1764.0,1764.0,1764.0,1764.0,1764.0,1764.0,1764.0,1764.0,1764.0,1763.0,1763.0,1763.0,1763.0,1763.0,1763.0,1763.0,1763.0,1763.0,1763.0,1763.0,1763.0,1763.0,1763.0,1763.0,1763.0,1763.0,1762.0,1762.0,1762.0,1762.0,1762.0,1762.0,1762.0,1762.0,1762.0,1762.0,1762.0,1762.0,1762.0,1762.0,1762.0,1762.0,1762.0,1762.0,1762.0,1762.0,1762.0,1762.0,1762.0,1762.0,1762.0,1762.0,1762.0,1762.0,1762.0,1762.0,1762.0,1762.0,1762.0,1762.0,1762.0,1762.0,1762.0,1762.0,1762.0,1762.0,1762.0,1762.0,1762.0,1762.0,1762.0,1762.0,1762.0,1762.0,1762.0,1762.0,1762.0,1762.0
tune_5,Testing/network-cor-forma_eu_27t.txt,0.05,0.05,0.03,100,3,0.8,0.01,largest,1,50,2374.0,1145.88,10738,0,11853.0,11853.0,11759.0,9074.0,9074.0,8287.0,7952.0,7628.0,7628.0,7621.0,6490.0,6490.0,6490.0,6490.0,4473.0,4473.0,2491.0,2395.0,2395.0,2395.0,2395.0,2395.0,2395.0,2395.0,2395.0,2395.0,2395.0,2395.0,2395.0,2395.0,2395.0,2395.0,2395.0,2395.0,2395.0,2395.0,2395.0,2395.0,2395.0,2395.0,2395.0,2395.0,2395.0,2395.0,2395.0,2376.0,2376.0,2376.0,2376.0,2376.0,2376.0,2376.0,2376.0,2376.0,2376.0,2376.0,2376.0,2376.0,2376.0,2376.0,2376.0,2376.0,2376.0,2376.0,2376.0,2376.0,2376.0,2376.0,2376.0,2376.0,2376.0,2376.0,2376.0,2376.0,2376.0,2376.0,2376.0,2376.0,2376.0,2376.0,2376.0,2376.0,2376.0,2376.0,2376.0,2376.0,2376.0,2376.0,2376.0,2376.0,2376.0,2376.0,2376.0,2376.0,2376.0,2376.0,2376.0,2376.0,2376.0,2376.0,2376.0,2376.0,2376.0,2376.0,2376.0,2376.0,2376.0,2376.0,2376.0,2376.0,2376.0,2376.0,2376.0,2376.0,2376.0,2376.0,2376.0,2375.0,2375.0,2375.0,2375.0,2375.0,2375.0,2375.0,2375.0,2375.0,2375.0,2375.0,2375.0,2375.0,2375.0,2375.0,2375.0,2375.0,2375.0,2374.0,2374.0,2374.0,2374.0,2374.0,2374.0,2374.0,2374.0,2374.0,2374.0,2374.0,2374.0,2374.0,2374.0,2374.0,2374.0,2374.0,2374.0,2374.0,2374.0,2374.0,2374.0,2374.0,2374.0,2374.0,2374.0,2374.0,2374.0,2374.0,2374.0,2374.0,2374.0,2374.0,2374.0,2374.0,2374.0,2374.0,2374.0,2374.0,2374.0,2374.0,2374.0,2374.0,2374.0,2374.0,2374.0,2374.0,2374.0,2374.0,2374.0,2374.0,2374.0,2374.0,2374.0,2374.0,2374.0,2374.0,2374.0,2374.0,2374.0,2374.0,2374.0,2374.0,2374.0,2374.0
tune_6,Testing/network-cor-forma_eu_27t.txt,0.05,0.05,0.03,100,3,0.8,0.01,largest,1,50,1204.0,1174.42,10903,0,11878.0,8060.0,7883.0,7883.0,7883.0,7883.0,7883.0,7714.0,7662.0,7627.0,7627.0,7270.0,4157.0,3007.0,1266.0,1266.0,1266.0,1266.0,1266.0,1266.0,1266.0,1266.0,1266.0,1266.0,1266.0,1266.0,1266.0,1266.0,1266.0,1266.0,1266.0,1266.0,1266.0,1266.0,1266.0,1266.0,1266.0,1266.0,1266.0,1266.0,1266.0,1266.0,1266.0,1266.0,1266.0,1266.0,1266.0,1256.0,1256.0,1256.0,1256.0,1256.0,1256.0,1256.0,1256.0,1256.0,1256.0,1256.0,1256.0,1256.0,1205.0,1205.0,1205.0,1205.0,1205.0,1205.0,1205.0,1205.0,1205.0,1205.0,1205.0,1205.0,1205.0,1205.0,1205.0,1205.0,1205.0,1205.0,1205.0,1205.0,1205.0,1205.0,1205.0,1205.0,1205.0,1205.0,1205.0,1205.0,1205.0,1205.0,1205.0,1205.0,1205.0,1205.0,1205.0,1205.0,1205.0,1205.0,1205.0,1205.0,1205.0,1205.0,1205.0,1205.0,1205.0,1205.0,1205.0,1205.0,1205.0,1205.0,1205.0,1205.0,1205.0,1205.0,1205.0,1205.0,1205.0,1205.0,1205.0,1205.0,1205.0,1205.0,1205.0,1205.0,1205.0,1205.0,1205.0,1205.0,1205.0,1205.0,1205.0,1205.0,1205.0,1205.0,1205.0,1205.0,1205.0,1205.0,1205.0,1205.0,1205.0,1205.0,1205.0,1205.0,1205.0,1205.0,1205.0,1205.0,1205.0,1205.0,1205.0,1205.0,1205.0,1205.0,1205.0,1205.0,1205.0,1205.0,1205.0,1205.0,1205.0,1205.0,1204.0,1204.0,1204.0,1204.0,1204.0,1204.0,1204.0,1204.0,1204.0,1204.0,1204.0,1204.0,1204.0,1204.0,1204.0,1204.0,1204.0,1204.0,1204.0,1204.0,1204.0,1204.0,1204.0,1204.0,1204.0,1204.0,1204.0,1204.0,1204.0,1204.0,1204.0,1204.0,1204.0,1204.0,1204.0,1204.0,1204.0,1204.0
tune_8,Testing/network-cor-forma_eu_27t.txt,0.05,0.05,0.03,100,3,0.8,0.01,largest,1,50,2861.0,1131.62,10787,0,9760.0,8719.0,8719.0,8719.0,8154.0,6906.0,6906.0,6906.0,6710.0,6710.0,6710.0,3388.0,3388.0,3388.0,3388.0,3388.0,3388.0,3313.0,2916.0,2916.0,2916.0,2916.0,2916.0,2916.0,2916.0,2916.0,2916.0,2916.0,2916.0,2916.0,2916.0,2916.0,2916.0,2916.0,2916.0,2916.0,2916.0,2916.0,2916.0,2916.0,2916.0,2916.0,2916.0,2916.0,2916.0,2916.0,2916.0,2916.0,2916.0,2916.0,2916.0,2916.0,2916.0,2916.0,2916.0,2916.0,2916.0,2916.0,2916.0,2916.0,2916.0,2916.0,2916.0,2916.0,2873.0,2873.0,2873.0,2873.0,2873.0,2873.0,2873.0,2873.0,2873.0,2873.0,2873.0,2869.0,2865.0,2865.0,2865.0,2865.0,2865.0,2865.0,2865.0,2865.0,2865.0,2865.0,2865.0,2865.0,2865.0,2865.0,2865.0,2865.0,2865.0,2865.0,2865.0,2864.0,2864.0,2864.0,2864.0,2864.0,2864.0,2864.0,2864.0,2864.0,2864.0,2864.0,2864.0,2864.0,2864.0,2864.0,2864.0,2864.0,2864.0,2864.0,2864.0,2864.0,2864.0,2864.0,2864.0,2864.0,2864.0,2864.0,2864.0,2864.0,2863.0,2863.0,2863.0,2863.0,2863.0,2863.0,2863.0,2863.0,2863.0,2863.0,2862.0,2862.0,2862.0,2862.0,2862.0,2862.0,2862.0,2862.0,2862.0,2862.0,2862.0,2862.0,2862.0,2862.0,2862.0,2862.0,2862.0,2862.0,2862.0,2862.0,2862.0,2862.0,2862.0,2862.0,2862.0,2861.0,2861.0,2861.0,2861.0,2861.0,2861.0,2861.0,2861.0,2861.0,2861.0,2861.0,2861.0,2861.0,2861.0,2861.0,2861.0,2861.0,2861.0,2861.0,2861.0,2861.0,2861.0,2861.0,2861.0,2861.0,2861.0,2861.0,2861.0,2861.0,2861.0,2861.0,2861.0,2861.0,2861.0,2861.0,2861.0,2861.0,2861.0,2861.0,2861.0,2861.0
tune_7,Testing/network-cor-forma_eu_27t.txt,0.05,0.05,0.03,100,3,0.8,0.01,largest,1,50,3612.0,1142.51,10802,0,11683.0,11683.0,11668.0,11531.0,9710.0,7614.0,7614.0,6992.0,6992.0,6673.0,6673.0,6673.0,5378.0,4209.0,3832.0,3627.0,3627.0,3627.0,3627.0,3627.0,3627.0,3627.0,3627.0,3627.0,3627.0,3627.0,3627.0,3627.0,3627.0,3627.0,3627.0,3627.0,3627.0,3627.0,3627.0,3627.0,3627.0,3627.0,3627.0,3627.0,3627.0,3627.0,3627.0,3627.0,3627.0,3627.0,3627.0,3627.0,3627.0,3627.0,3627.0,3627.0,3627.0,3627.0,3627.0,3627.0,3627.0,3627.0,3627.0,3627.0,3627.0,3627.0,3627.0,3627.0,3627.0,3627.0,3627.0,3627.0,3627.0,3627.0,3627.0,3627.0,3618.0,3618.0,3618.0,3618.0,3618.0,3618.0,3618.0,3618.0,3618.0,3618.0,3618.0,3618.0,3618.0,3618.0,3618.0,3618.0,3618.0,3618.0,3618.0,3618.0,3618.0,3618.0,3618.0,3618.0,3618.0,3618.0,3618.0,3618.0,3618.0,3618.0,3618.0,3618.0,3618.0,3618.0,3618.0,3617.0,3617.0,3617.0,3617.0,3617.0,3617.0,3617.0,3617.0,3617.0,3617.0,3617.0,3617.0,3617.0,3616.0,3616.0,3616.0,3616.0,3616.0,3616.0,3616.0,3616.0,3616.0,3616.0,3616.0,3616.0,3616.0,3616.0,3616.0,3615.0,3615.0,3615.0,3615.0,3615.0,3615.0,3615.0,3615.0,3615.0,3615.0,3615.0,3615.0,3614.0,3614.0,3614.0,3614.0,3614.0,3614.0,3614.0,3614.0,3614.0,3614.0,3614.0,3614.0,3614.0,3614.0,3614.0,3614.0,3614.0,3614.0,3614.0,3614.0,3614.0,3614.0,3614.0,3614.0,3614.0,3614.0,3614.0,3614.0,3614.0,3613.0,3613.0,3613.0,3613.0,3613.0,3613.0,3613.0,3613.0,3613.0,3613.0,3613.0,3613.0,3613.0,3613.0,3613.0,3613.0,3613.0,3613.0,3613.0,3613.0,3613.0,3613.0,3613.0,3612.0
tune_2,Testing/network-cor-forma_eu_27t.txt,0.05,0.05,0.03,100,3,0.8,0.01,pairwise,0,50,25014944.0,1056.80,10759,0,70706686.0,70706686.0,69983130.0,69487254.0,47547976.0,38188876.0,32758434.0,32758434.0,27325120.0,27325120.0,26827960.0,24104987.0,13663210.0,1690809.0,1690809.0,1690809.0,1690809.0,1690809.0,1690809.0,1690809.0,1690809.0,1690809.0,1690809.0,1690809.0,1690809.0,1690809.0,1690809.0,1690809.0,1690809.0,1690809.0,1690809.0,1690809.0,1690809.0,1690809.0,1690809.0,1690809.0,1690809.0,1690809.0,1690809.0,1690809.0,1690809.0,1690809.0,1690809.0,1690809.0,1690809.0,1690809.0,1690809.0,1690809.0,1690809.0,1690809.0,1690809.0,1690809.0,1690809.0,1690809.0,1690809.0,1690809.0,1690809.0,1690809.0,1690809.0,1690809.0,1690809.0,1690809.0,1690809.0,1690809.0,1690809.0,1690809.0,1690809.0,1690809.0,1690809.0,1690809.0,1690809.0,1690809.0,1690809.0,1690809.0,1690809.0,1690809.0,1690809.0,1690809.0,1690809.0,1677109.0,1677109.0,1677109.0,1677109.0,1677109.0,1677109.0,1677109.0,1677109.0,1673661.0,1673661.0,1673661.0,1673661.0,1673661.0,1673661.0,1673661.0,1673661.0,1673661.0,1673661.0,1673661.0,1673661.0,1673661.0,1673661.0,1673661.0,1673661.0,1673661.0,1673661.0,1673661.0,1673661.0,1673661.0,1673661.0,1673661.0,1673661.0,1673661.0,1673661.0,1673657.0,1673657.0,1673657.0,1673657.0,1673657.0,1673657.0,1673657.0,1673657.0,1673657.0,1673657.0,1673657.0,1673657.0,1673657.0,1673657.0,1673657.0,1673657.0,1673657.0,1673657.0,1673657.0,1673657.0,1673657.0,1673657.0,1673657.0,1673657.0,1673657.0,1673657.0,1673657.0,1673657.0,1673657.0,1673657.0,1673657.0,1673657.0,1673657.0,1673657.0,1673657.0,1673657.0,1673657.0,1673657.0,1673657.0,1673657.0,1673657.0,1673568.0,1673568.0,1673568.0,1673568.0,1673568.0,1673568.0,1673568.0,1673568.0,1673568.0,1673568.0,1673568.0,1673568.0,1673568.0,1673568.0,1673568.0,1673568.0,1673568.0,1673568.0
tune_1,Testing/network-cor-forma_eu_27t.txt,0.05,0.05,0.03,100,3,0.8,0.01,pairwise,0,50,1848468.0,1100.59,10799,0,48371972.0,48371972.0,48371972.0,44009017.0,44009017.0,44009017.0,37614824.0,37614824.0,37614824.0,37614824.0,37614824.0,37614824.0,37614824.0,37614824.0,26260017.0,19012006.0,8880230.0,5590769.0,5590769.0,5258019.0,4708618.0,3443508.0,3443508.0,2897794.0,2897794.0,2897794.0,2897794.0,2897794.0,2897794.0,2897794.0,2897794.0,2897794.0,2897794.0,2897794.0,2897794.0,2897794.0,2897794.0,2897794.0,2897794.0,2897794.0,2897794.0,2897794.0,2897794.0,2897794.0,2897794.0,2897794.0,2897794.0,2897794.0,2897794.0,2897794.0,2897794.0,2897794.0,2897794.0,2897794.0,2897794.0,2897794.0,2897794.0,2897794.0,2897794.0,2897794.0,2897794.0,2897794.0,2897794.0,2897794.0,2880901.0,2880901.0,2880901.0,2880901.0,2880901.0,2880901.0,2880901.0,2880901.0,2880901.0,2880901.0,2880901.0,2880901.0,2880901.0,2880901.0,2880901.0,2880901.0,2880901.0,2880901.0,2880901.0,2880901.0,2880901.0,2880901.0,2880901.0,2880901.0,2880901.0,2880901.0,2880901.0,2880901.0,2880901.0,2880901.0,2880901.0,2880901.0,2880901.0,2878497.0,2878497.0,2878497.0,2878497.0,2878497.0,2878497.0,2878497.0,2878497.0,2878497.0,2878497.0,2878497.0,2878497.0,2878497.0,2878497.0,2878497.0,2878497.0,2878497.0,2878497.0,2878497.0,2878450.0,2878450.0,2878450.0,2878450.0,2878450.0,2878450.0,2878450.0,2878450.0,2876158.0,2876158.0,2876158.0,2876158.0,2876158.0,2876158.0,2876158.0,2876158.0,2876158.0,2876158.0,2876158.0,2876158.0,2876158.0,2876158.0,2876158.0,2876091.0,2876091.0,2876091.0,2876091.0,2876091.0,2876091.0,2876091.0,2876091.0,2876091.0,2876091.0,2876091.0,2876091.0,2876091.0,2876091.0,2876091.0,2873728.0,2873728.0,2873728.0,2873728.0,2873728.0,2873728.0,2873728.0,2873728.0,2873728.0,2873728.0,2873690.0,2873690.0,2873690.0,2873690.0,2873690.0,2873690.0,2873690.0,2873690.0,2873690.0,2873689.0,2873689.0,1848468.0,1848468.0,1848468.0,1848468.0
tune_10,Testing/network-cor-forma_eu_27t.txt,0.05,0.05,0.03,100,3,0.8,0.01,largest,1,50,2838.0,1134.39,10744,0,11964.0,11964.0,8853.0,8562.0,8444.0,8444.0,8344.0,8344.0,7902.0,7902.0,7902.0,7280.0,4608.0,4608.0,3941.0,2906.0,2906.0,2906.0,2906.0,2906.0,2906.0,2906.0,2906.0,2906.0,2906.0,2906.0,2906.0,2906.0,2906.0,2906.0,2906.0,2906.0,2906.0,2906.0,2898.0,2898.0,2898.0,2898.0,2898.0,2865.0,2865.0,2865.0,2865.0,2865.0,2865.0,2865.0,2865.0,2865.0,2865.0,2865.0,2865.0,2865.0,2865.0,2865.0,2865.0,2842.0,2842.0,2842.0,2842.0,2842.0,2842.0,2842.0,2842.0,2842.0,2842.0,2842.0,2842.0,2842.0,2842.0,2842.0,2842.0,2842.0,2842.0,2842.0,2842.0,2842.0,2842.0,2842.0,2842.0,2842.0,2842.0,2842.0,2842.0,2842.0,2842.0,2842.0,2842.0,2842.0,2842.0,2842.0,2842.0,2842.0,2842.0,2842.0,2842.0,2842.0,2842.0,2842.0,2842.0,2842.0,2842.0,2842.0,2842.0,2842.0,2842.0,2842.0,2842.0,2842.0,2841.0,2841.0,2841.0,2841.0,2841.0,2841.0,2841.0,2841.0,2841.0,2841.0,2841.0,2841.0,2840.0,2840.0,2840.0,2840.0,2840.0,2840.0,2840.0,2840.0,2840.0,2840.0,2840.0,2840.0,2840.0,2840.0,2840.0,2840.0,2840.0,2840.0,2840.0,2840.0,2840.0,2840.0,2840.0,2840.0,2840.0,2840.0,2840.0,2840.0,2840.0,2840.0,2840.0,2840.0,2840.0,2840.0,2840.0,2838.0,2838.0,2838.0,2838.0,2838.0,2838.0,2838.0,2838.0,2838.0,2838.0,2838.0,2838.0,2838.0,2838.0,2838.0,2838.0,2838.0,2838.0,2838.0,2838.0,2838.0,2838.0,2838.0,2838.0,2838.0,2838.0,2838.0,2838.0,2838.0,2838.0,2838.0,2838.0,2838.0,2838.0,2838.0,2838.0,2838.0,2838.0,2838.0,2838.0,2838.0,2838.0,2838.0,2838.0,2838.0
tune_9,Testing/network-cor-forma_eu_27t.txt,0.05,0.05,0.03,100,3,0.8,0.01,largest,1,50,1269.0,1154.97,10650,0,11979.0,11979.0,11956.0,11804.0,9589.0,8491.0,8491.0,8491.0,8491.0,8369.0,8287.0,7287.0,7280.0,6301.0,6147.0,5079.0,4996.0,1859.0,1859.0,1859.0,1859.0,1859.0,1859.0,1859.0,1859.0,1859.0,1859.0,1859.0,1859.0,1859.0,1859.0,1859.0,1859.0,1859.0,1859.0,1769.0,1769.0,1769.0,1280.0,1280.0,1280.0,1280.0,1280.0,1280.0,1280.0,1280.0,1280.0,1280.0,1280.0,1280.0,1280.0,1280.0,1280.0,1280.0,1280.0,1280.0,1280.0,1280.0,1280.0,1280.0,1280.0,1280.0,1280.0,1280.0,1272.0,1272.0,1272.0,1272.0,1272.0,1272.0,1272.0,1272.0,1272.0,1272.0,1272.0,1272.0,1272.0,1272.0,1272.0,1272.0,1272.0,1272.0,1272.0,1272.0,1272.0,1272.0,1272.0,1271.0,1271.0,1271.0,1271.0,1271.0,1271.0,1271.0,1271.0,1271.0,1271.0,1271.0,1271.0,1271.0,1271.0,1271.0,1271.0,1271.0,1271.0,1271.0,1271.0,1271.0,1271.0,1271.0,1271.0,1271.0,1271.0,1271.0,1271.0,1271.0,1271.0,1271.0,1271.0,1271.0,1271.0,1271.0,1271.0,1271.0,1271.0,1271.0,1271.0,1271.0,1271.0,1271.0,1271.0,1271.0,1271.0,1271.0,1271.0,1271.0,1271.0,1271.0,1271.0,1271.0,1271.0,1271.0,1271.0,1271.0,1271.0,1271.0,1271.0,1271.0,1271.0,1271.0,1271.0,1271.0,1271.0,1271.0,1271.0,1271.0,1271.0,1270.0,1270.0,1270.0,1270.0,1270.0,1270.0,1270.0,1270.0,1270.0,1270.0,1270.0,1270.0,1270.0,1270.0,1269.0,1269.0,1269.0,1269.0,1269.0,1269.0,1269.0,1269.0,1269.0,1269.0,1269.0,1269.0,1269.0,1269.0,1269.0,1269.0,1269.0,1269.0,1269.0,1269.0,1269.0,1269.0,1269.0,1269.0,1269.0,1269.0,1269.0,1269.0,1269.0
tune_3,Testing/network-cor-forma_eu_27t.txt,0.05,0.05,0.03,100,3,0.8,0.01,pairwise,0,50,5074369.0,1069.50,10623,0,69995483.0,68946300.0,36255274.0,36255274.0,36255274.0,30715489.0,30715489.0,25001689.0,25001689.0,25001689.0,24687162.0,24687162.0,23857576.0,8004807.0,6201838.0,4420274.0,3392024.0,3392024.0,3392024.0,3392024.0,3392024.0,3392024.0,3392024.0,3392024.0,3392024.0,3392024.0,3392024.0,3392024.0,3392024.0,3392024.0,3392024.0,3392024.0,3392024.0,3392024.0,3392024.0,3392024.0,3392024.0,3392024.0,3392024.0,3392024.0,3392024.0,3392024.0,3392024.0,3392024.0,3392024.0,3392024.0,3392024.0,3392024.0,3392024.0,3392024.0,3392024.0,3392024.0,3392024.0,3392024.0,3392024.0,3392024.0,3392024.0,3392024.0,3392024.0,3392024.0,3392024.0,3392024.0,3392024.0,3392024.0,3392024.0,3392024.0,3392024.0,3392024.0,3392024.0,3392024.0,3392024.0,3392024.0,3392024.0,3391268.0,3391268.0,3391268.0,3391268.0,3391268.0,3391268.0,3384691.0,3384691.0,3384691.0,3384691.0,3384691.0,3384691.0,3384691.0,3384691.0,3384691.0,3384691.0,3384691.0,3384691.0,3384691.0,3384691.0,3384691.0,3384691.0,3384691.0,3384691.0,3384691.0,3384691.0,3384691.0,3384691.0,3384691.0,3384691.0,3384691.0,3384691.0,3384614.0,3384614.0,3382125.0,3382125.0,3382125.0,3382125.0,3382125.0,3382125.0,3382125.0,3382125.0,3382125.0,3382125.0,3382125.0,3382125.0,3382125.0,3382125.0,3382125.0,3382125.0,3382125.0,3382125.0,3382125.0,3382125.0,3382125.0,3382125.0,3382125.0,3382125.0,3382125.0,3382125.0,3382125.0,3382125.0,3382125.0,3382125.0,3382125.0,3382125.0,3379574.0,3379574.0,3379574.0,3379574.0,3379574.0,3379574.0,3379574.0,3379574.0,3379574.0,3379574.0,3379574.0,3379574.0,3379566.0,3379566.0,3379566.0,3379566.0,3379566.0,3379566.0,3379566.0,3379566.0,3379566.0,3379566.0,3379566.0,3379566.0,3379566.0,3379566.0,3379566.0,3379566.0,3379566.0,3379566.0,3379566.0,3379566.0,5074402.0,5074402.0,5074402.0,5074402.0,5074402.0,5074402.0,5074402.0,5074402.0,5074402.0,5074402.0,5074369.0,5074369.0,5074369.0,5074369.0,5074369.0,5074369.0
tune_4,Testing/network-cor-forma_eu_27t.txt,0.05,0.05,0.03,100,3,0.8,0.01,pairwise,0,50,1973385.0,1075.56,10630,0,48488188.0,48488188.0,48488188.0,47382996.0,36172680.0,32583716.0,32583716.0,31218529.0,31218529.0,31218529.0,26703612.0,26703612.0,10470117.0,8836672.0,5031610.0,2424534.0,2055786.0,2055786.0,2055786.0,2055786.0,2055786.0,2055786.0,2055786.0,2055786.0,2055786.0,2055786.0,1978494.0,1978494.0,1978494.0,1978494.0,1978494.0,1978494.0,1978494.0,1978494.0,1978494.0,1584343.0,1584343.0,1584343.0,1584343.0,1584343.0,1584343.0,1584343.0,1584343.0,1584343.0,1584343.0,1584343.0,1584343.0,1584343.0,1584343.0,1584343.0,1584343.0,1584343.0,1584343.0,1577742.0,1577742.0,1577742.0,1577742.0,1577742.0,1577742.0,1577742.0,1577742.0,1527162.0,1527162.0,1527162.0,1527162.0,1527162.0,1527162.0,1527162.0,1527162.0,1527162.0,1527162.0,1527162.0,1527162.0,1527162.0,1527162.0,1527162.0,1527162.0,1527162.0,1527162.0,1527162.0,1527162.0,1527162.0,1527162.0,1527162.0,1527162.0,1527162.0,1527162.0,1527162.0,1527162.0,1527162.0,1527162.0,1527162.0,1527162.0,1527162.0,1527162.0,1527162.0,1527162.0,1527162.0,1527162.0,1527162.0,1527162.0,1527162.0,1527162.0,1527162.0,1527162.0,1527162.0,1527162.0,1527162.0,1527162.0,1527067.0,1527067.0,1527067.0,1527067.0,1527067.0,1527067.0,1527067.0,1527067.0,1527067.0,1527067.0,1527025.0,1527025.0,1527025.0,1527025.0,1527025.0,1527025.0,1525423.0,1525423.0,1525423.0,1525423.0,1525423.0,1525423.0,1525423.0,1525423.0,1525423.0,1525423.0,1525423.0,1525423.0,1525423.0,1525395.0,1525395.0,1525395.0,1525395.0,1525395.0,1525395.0,1525395.0,1525395.0,1525395.0,1525395.0,1525395.0,1525395.0,1525395.0,1525395.0,1525395.0,1525395.0,1525395.0,1525395.0,1525395.0,1525395.0,1525395.0,1525395.0,1525395.0,1525395.0,1525395.0,1525395.0,1525395.0,1525395.0,1525373.0,1525373.0,1525373.0,1525373.0,1525336.0,1973385.0,1973385.0,1973385.0,1973385.0,1973385.0,1973385.0,1973385.0,1973385.0,1973385.0,1973385.0,1973385.0,1973385.0,1973385.0,1973385.0,1973385.0
tune_5,Testing/network-cor-forma_eu_27t.txt,0.05,0.05,0.03,100,3,0.8,0.01,pairwise,0,50,3178973.0,1095.67,10764,0,51546973.0,49029742.0,49029742.0,49029742.0,47498553.0,38487211.0,37927312.0,36169575.0,36169575.0,33389072.0,33389072.0,26616041.0,26325242.0,5422387.0,5422387.0,4164085.0,4164085.0,4164085.0,4164085.0,4164085.0,4164085.0,4164085.0,4164085.0,4164085.0,4164085.0,4164085.0,4164085.0,4164085.0,4164085.0,4164085.0,4164085.0,4164085.0,4164085.0,4164085.0,4164085.0,4164085.0,4164085.0,4164085.0,4164085.0,3387190.0,3387190.0,3387190.0,3387190.0,3387190.0,3307762.0,3307762.0,3307762.0,2166736.0,2166736.0,2166736.0,2166736.0,2166736.0,2166736.0,2166736.0,2166736.0,2166736.0,2166736.0,2166736.0,2166736.0,2166736.0,2166736.0,2166736.0,2166736.0,2166736.0,2166736.0,2166736.0,2166736.0,2166736.0,2166736.0,2166736.0,2166736.0,2166736.0,2166736.0,2166736.0,2149654.0,2149654.0,2149654.0,2149654.0,2149654.0,2149654.0,2149654.0,2149654.0,2149654.0,2149654.0,2149654.0,2149654.0,2149654.0,2149654.0,2149654.0,2149654.0,2149654.0,2149654.0,2149654.0,2149654.0,2149654.0,2149654.0,2149654.0,2149654.0,2149654.0,2149654.0,2149654.0,2149654.0,2149654.0,2149654.0,2149654.0,2149654.0,2149654.0,2149654.0,2149654.0,2149654.0,2149654.0,2149654.0,2149654.0,2149654.0,2149654.0,2149654.0,2147646.0,2147646.0,2147646.0,2147646.0,2147646.0,2147646.0,2147646.0,2147646.0,2147646.0,2147646.0,2147646.0,2147646.0,2147646.0,2147646.0,2147646.0,2147646.0,2147646.0,2147646.0,2147646.0,2147646.0,2147646.0,2147646.0,2147646.0,2147646.0,2147646.0,2147646.0,2147646.0,2147646.0,2147646.0,2147646.0,2147646.0,2147646.0,2147646.0,2147646.0,2147646.0,2147646.0,2147646.0,2147646.0,2147642.0,2147642.0,2147642.0,3183966.0,3183966.0,3183966.0,3183966.0,3183966.0,3183966.0,3183966.0,3183966.0,3181480.0,3181480.0,3181480.0,3181480.0,3181480.0,3181480.0,3181480.0,3181480.0,3181480.0,3181480.0,3181480.0,3181480.0,3181480.0,3181480.0,3181480.0,3181480.0,3181480.0,3178995.0,3178995.0,3178995.0,3178995.0,3178995.0,3178995.0,3178995.0,3178995.0,3178995.0,3178995.0,3178995.0,3178973.0,3178973.0,3178973.0,3178973.0,3178973.0,3178973.0
