run_id,input_file,budget,node_fraction,edge_fraction,population_size,tournament_size,p_crossover,p_mutation,payoff_function,best_fitness,runtime_seconds,generation_number,fitness_value_1,fitness_value_2,fitness_value_3,fitness_value_4,fitness_value_5,fitness_value_6,fitness_value_7,fitness_value_8,fitness_value_9,fitness_value_10,fitness_value_11,fitness_value_12,fitness_value_13,fitness_value_14,fitness_value_15,fitness_value_16,fitness_value_17,fitness_value_18,fitness_value_19,fitness_value_20,fitness_value_21,fitness_value_22,fitness_value_23,fitness_value_24,fitness_value_25,fitness_value_26,fitness_value_27,fitness_value_28,fitness_value_29,fitness_value_30,fitness_value_31,fitness_value_32,fitness_value_33,fitness_value_34,fitness_value_35,fitness_value_36,fitness_value_37,fitness_value_38,fitness_value_39,fitness_value_40,fitness_value_41,fitness_value_42,fitness_value_43,fitness_value_44,fitness_value_45,fitness_value_46,fitness_value_47,fitness_value_48,fitness_value_49,fitness_value_50,fitness_value_51,fitness_value_52,fitness_value_53,fitness_value_54,fitness_value_55,fitness_value_56,fitness_value_57,fitness_value_58,fitness_value_59,fitness_value_60,fitness_value_61,fitness_value_62,fitness_value_63,fitness_value_64,fitness_value_65,fitness_value_66,fitness_value_67,fitness_value_68,fitness_value_69,fitness_value_70,fitness_value_71,fitness_value_72,fitness_value_73,fitness_value_74,fitness_value_75,fitness_value_76,fitness_value_77,fitness_value_78,fitness_value_79,fitness_value_80,fitness_value_81,fitness_value_82,fitness_value_83,fitness_value_84,fitness_value_85,fitness_value_86,fitness_value_87,fitness_value_88,fitness_value_89,fitness_value_90,fitness_value_91,fitness_value_92,fitness_value_93,fitness_value_94,fitness_value_95,fitness_value_96,fitness_value_97,fitness_value_98,fitness_value_99,fitness_value_100,fitness_value_101,fitness_value_102,fitness_value_103,fitness_value_104,fitness_value_105,fitness_value_106,fitness_value_107,fitness_value_108,fitness_value_109,fitness_value_110,fitness_value_111,fitness_value_112,fitness_value_113,fitness_value_114,fitness_value_115,fitness_value_116,fitness_value_117,fitness_value_118,fitness_value_119,fitness_value_120,fitness_value_121,fitness_value_122,fitness_value_123,fitness_value_124,fitness_value_125,fitness_value_126,fitness_value_127,fitness_value_128,fitness_value_129,fitness_value_130,fitness_value_131,fitness_value_132,fitness_value_133,fitness_value_134,fitness_value_135,fitness_value_136,fitness_value_137,fitness_value_138,fitness_value_139,fitness_value_140,fitness_value_141,fitness_value_142,fitness_value_143,fitness_value_144,fitness_value_145,fitness_value_146,fitness_value_147,fitness_value_148,fitness_value_149,fitness_value_150,fitness_value_151,fitness_value_152,fitness_value_153,fitness_value_154,fitness_value_155,fitness_value_156,fitness_value_157,fitness_value_158,fitness_value_159,fitness_value_160,fitness_value_161,fitness_value_162,fitness_value_163,fitness_value_164,fitness_value_165,fitness_value_166,fitness_value_167,fitness_value_168,fitness_value_169,fitness_value_170,fitness_value_171,fitness_value_172,fitness_value_173,fitness_value_174,fitness_value_175,fitness_value_176,fitness_value_177,fitness_value_178,fitness_value_179,fitness_value_180,fitness_value_181,fitness_value_182,fitness_value_183,fitness_value_184,fitness_value_185,fitness_value_186,fitness_value_187,fitness_value_188,fitness_value_189,fitness_value_190,fitness_value_191,fitness_value_192,fitness_value_193,fitness_value_194,fitness_value_195,fitness_value_196,fitness_value_197,fitness_value_198,fitness_value_199,fitness_value_200
tune_1,Testing/network-cor-forma_eu_27t.txt,0.05,0.05,0.03,50,3,0.8,0.01,largest,5331.0,651.79,175,9684.0,9628.0,9575.0,9153.0,7980.0,7980.0,7980.0,7980.0,7980.0,7222.0,6665.0,6665.0,6665.0,6326.0,6326.0,6326.0,6210.0,6107.0,5961.0,5961.0,5956.0,5882.0,5882.0,5818.0,5724.0,5724.0,5724.0,5702.0,5688.0,5661.0,5655.0,5655.0,5611.0,5594.0,5591.0,5569.0,5549.0,5549.0,5549.0,5549.0,5522.0,5519.0,5515.0,5515.0,5508.0,5484.0,5484.0,5484.0,5484.0,5477.0,5470.0,5470.0,5458.0,5456.0,5456.0,5455.0,5455.0,5454.0,5442.0,5442.0,5442.0,5435.0,5435.0,5435.0,5435.0,5431.0,5431.0,5430.0,5423.0,5423.0,5422.0,5422.0,5421.0,5417.0,5416.0,5411.0,5407.0,5407.0,5407.0,5399.0,5399.0,5399.0,5399.0,5397.0,5397.0,5397.0,5397.0,5393.0,5393.0,5386.0,5386.0,5386.0,5386.0,5385.0,5385.0,5380.0,5380.0,5376.0,5376.0,5376.0,5376.0,5370.0,5370.0,5370.0,5370.0,5370.0,5370.0,5368.0,5368.0,5368.0,5368.0,5365.0,5365.0,5365.0,5362.0,5362.0,5358.0,5358.0,5358.0,5358.0,5358.0,5358.0,5358.0,5356.0,5356.0,5355.0,5351.0,5351.0,5351.0,5351.0,5351.0,5351.0,5350.0,5350.0,5350.0,5349.0,5349.0,5347.0,5347.0,5347.0,5345.0,5345.0,5345.0,5342.0,5342.0,5342.0,5342.0,5342.0,5342.0,5342.0,5342.0,5342.0,5342.0,5339.0,5339.0,5339.0,5339.0,5338.0,5338.0,5338.0,5338.0,5335.0,5335.0,5335.0,5335.0,5335.0,5334.0,5334.0,5334.0,5334.0,5333.0,5333.0,5332.0,5332.0,5332.0,5331.0,5331.0,5331.0,5331.0,5331.0,5331.0,5331.0,5331.0,5331.0,5331.0,5331.0,5331.0,5331.0,5331.0,5331.0,5331.0,5331.0,5331.0,5331.0,5331.0,5331.0,5331.0,5331.0,5331.0,5331.0
tune_2,Testing/network-cor-forma_eu_27t.txt,0.05,0.05,0.03,50,3,0.8,0.01,largest,4026.0,657.48,142,10080.0,8868.0,8868.0,8383.0,8383.0,7555.0,6716.0,6716.0,6087.0,5856.0,5601.0,5485.0,5380.0,5380.0,5226.0,5082.0,4793.0,4793.0,4793.0,4793.0,4789.0,4605.0,4569.0,4469.0,4469.0,4424.0,4406.0,4339.0,4339.0,4284.0,4284.0,4234.0,4232.0,4232.0,4209.0,4198.0,4195.0,4195.0,4183.0,4182.0,4170.0,4170.0,4165.0,4162.0,4156.0,4155.0,4152.0,4152.0,4144.0,4138.0,4137.0,4135.0,4134.0,4127.0,4126.0,4123.0,4121.0,4121.0,4119.0,4111.0,4111.0,4111.0,4111.0,4109.0,4106.0,4106.0,4100.0,4099.0,4095.0,4095.0,4093.0,4093.0,4093.0,4093.0,4092.0,4089.0,4088.0,4087.0,4086.0,4086.0,4083.0,4081.0,4078.0,4078.0,4078.0,4077.0,4076.0,4072.0,4068.0,4068.0,4065.0,4065.0,4063.0,4062.0,4062.0,4062.0,4062.0,4056.0,4056.0,4055.0,4055.0,4055.0,4055.0,4052.0,4046.0,4046.0,4046.0,4046.0,4046.0,4044.0,4044.0,4044.0,4042.0,4042.0,4042.0,4041.0,4039.0,4039.0,4039.0,4038.0,4038.0,4036.0,4034.0,4034.0,4034.0,4034.0,4031.0,4031.0,4031.0,4031.0,4030.0,4030.0,4029.0,4029.0,4029.0,4029.0,4029.0,4028.0,4028.0,4028.0,4027.0,4027.0,4026.0,4026.0,4026.0,4026.0,4026.0,4026.0,4026.0,4026.0,4026.0,4026.0,4026.0,4026.0,4026.0,4026.0,4026.0,4026.0,4026.0,4026.0,4026.0,4026.0,4026.0,4026.0,4026.0,4026.0,4026.0,4026.0,4026.0,4026.0,4026.0,4026.0,4026.0,4026.0,4026.0,4026.0,4026.0,4026.0,4026.0,4026.0,4026.0,4026.0,4026.0,4026.0,4026.0,4026.0,4026.0,4026.0,4026.0,4026.0,4026.0,4026.0,4026.0,4026.0,4026.0,4026.0,4026.0,4026.0,4026.0,4026.0
tune_3,Testing/network-cor-forma_eu_27t.txt,0.05,0.05,0.03,50,3,0.8,0.01,largest,6964.0,666.23,194,11882.0,11697.0,9207.0,9207.0,9207.0,8856.0,8856.0,8611.0,8539.0,8376.0,8376.0,8061.0,7934.0,7890.0,7709.0,7709.0,7686.0,7573.0,7573.0,7515.0,7445.0,7432.0,7398.0,7382.0,7382.0,7365.0,7343.0,7297.0,7297.0,7263.0,7263.0,7225.0,7225.0,7218.0,7205.0,7201.0,7198.0,7180.0,7180.0,7174.0,7174.0,7145.0,7145.0,7145.0,7140.0,7140.0,7137.0,7137.0,7127.0,7113.0,7113.0,7113.0,7113.0,7104.0,7104.0,7101.0,7100.0,7095.0,7095.0,7089.0,7085.0,7085.0,7080.0,7080.0,7080.0,7078.0,7076.0,7067.0,7067.0,7067.0,7061.0,7061.0,7059.0,7059.0,7051.0,7051.0,7051.0,7051.0,7047.0,7041.0,7039.0,7039.0,7039.0,7039.0,7035.0,7035.0,7033.0,7033.0,7031.0,7030.0,7027.0,7027.0,7027.0,7025.0,7022.0,7022.0,7021.0,7021.0,7021.0,7018.0,7018.0,7018.0,7018.0,7018.0,7015.0,7008.0,7008.0,7008.0,7008.0,7008.0,7008.0,7008.0,7008.0,7008.0,7008.0,7004.0,7004.0,7004.0,7004.0,7004.0,7002.0,7002.0,7002.0,7001.0,6998.0,6997.0,6997.0,6997.0,6997.0,6997.0,6997.0,6997.0,6996.0,6993.0,6992.0,6991.0,6990.0,6990.0,6990.0,6989.0,6989.0,6989.0,6988.0,6988.0,6988.0,6985.0,6985.0,6985.0,6985.0,6982.0,6982.0,6982.0,6982.0,6982.0,6982.0,6982.0,6978.0,6978.0,6977.0,6977.0,6977.0,6977.0,6977.0,6976.0,6975.0,6974.0,6974.0,6972.0,6972.0,6972.0,6972.0,6972.0,6972.0,6971.0,6971.0,6971.0,6971.0,6971.0,6971.0,6968.0,6968.0,6968.0,6968.0,6968.0,6968.0,6968.0,6968.0,6965.0,6965.0,6965.0,6965.0,6965.0,6965.0,6965.0,6964.0,6964.0,6964.0,6964.0,6964.0,6964.0
tune_4,Testing/network-cor-forma_eu_27t.txt,0.05,0.05,0.03,50,3,0.8,0.01,largest,4095.0,654.60,148,12016.0,12005.0,9966.0,9453.0,9453.0,8405.0,7426.0,7426.0,5969.0,5969.0,5791.0,5232.0,4919.0,4919.0,4846.0,4681.0,4681.0,4681.0,4628.0,4595.0,4595.0,4558.0,4513.0,4431.0,4390.0,4390.0,4362.0,4356.0,4283.0,4283.0,4283.0,4281.0,4263.0,4263.0,4245.0,4245.0,4242.0,4242.0,4242.0,4232.0,4230.0,4230.0,4229.0,4225.0,4222.0,4215.0,4208.0,4208.0,4207.0,4207.0,4199.0,4199.0,4194.0,4194.0,4192.0,4180.0,4180.0,4180.0,4180.0,4176.0,4175.0,4170.0,4170.0,4166.0,4166.0,4164.0,4164.0,4157.0,4157.0,4157.0,4157.0,4152.0,4152.0,4151.0,4140.0,4140.0,4140.0,4140.0,4140.0,4140.0,4137.0,4134.0,4134.0,4132.0,4132.0,4132.0,4131.0,4130.0,4130.0,4130.0,4130.0,4130.0,4126.0,4126.0,4126.0,4126.0,4126.0,4126.0,4126.0,4121.0,4121.0,4120.0,4120.0,4120.0,4116.0,4116.0,4116.0,4116.0,4116.0,4113.0,4113.0,4113.0,4113.0,4113.0,4112.0,4112.0,4109.0,4109.0,4109.0,4109.0,4107.0,4107.0,4107.0,4107.0,4107.0,4107.0,4106.0,4105.0,4105.0,4104.0,4104.0,4103.0,4103.0,4103.0,4100.0,4100.0,4100.0,4100.0,4100.0,4100.0,4100.0,4100.0,4099.0,4099.0,4099.0,4098.0,4098.0,4098.0,4095.0,4095.0,4095.0,4095.0,4095.0,4095.0,4095.0,4095.0,4095.0,4095.0,4095.0,4095.0,4095.0,4095.0,4095.0,4095.0,4095.0,4095.0,4095.0,4095.0,4095.0,4095.0,4095.0,4095.0,4095.0,4095.0,4095.0,4095.0,4095.0,4095.0,4095.0,4095.0,4095.0,4095.0,4095.0,4095.0,4095.0,4095.0,4095.0,4095.0,4095.0,4095.0,4095.0,4095.0,4095.0,4095.0,4095.0,4095.0,4095.0,4095.0,4095.0,4095.0
tune_5,Testing/network-cor-forma_eu_27t.txt,0.05,0.05,0.03,50,3,0.8,0.01,largest,7216.0,702.84,196,12071.0,11982.0,9801.0,9645.0,9450.0,9223.0,8944.0,8944.0,8663.0,8663.0,8473.0,8473.0,8473.0,8340.0,8301.0,8153.0,8084.0,8002.0,7989.0,7888.0,7888.0,7888.0,7867.0,7759.0,7723.0,7703.0,7703.0,7703.0,7676.0,7636.0,7634.0,7613.0,7577.0,7563.0,7543.0,7535.0,7528.0,7528.0,7493.0,7489.0,7486.0,7481.0,7470.0,7466.0,7441.0,7441.0,7437.0,7437.0,7424.0,7415.0,7397.0,7396.0,7396.0,7384.0,7382.0,7372.0,7371.0,7368.0,7368.0,7356.0,7354.0,7346.0,7346.0,7345.0,7345.0,7339.0,7339.0,7334.0,7329.0,7329.0,7321.0,7321.0,7321.0,7314.0,7314.0,7314.0,7307.0,7307.0,7307.0,7307.0,7306.0,7300.0,7300.0,7296.0,7293.0,7293.0,7293.0,7289.0,7289.0,7289.0,7285.0,7285.0,7285.0,7285.0,7285.0,7283.0,7283.0,7279.0,7273.0,7273.0,7273.0,7273.0,7273.0,7273.0,7272.0,7272.0,7261.0,7261.0,7261.0,7261.0,7261.0,7261.0,7261.0,7256.0,7256.0,7256.0,7256.0,7254.0,7254.0,7251.0,7251.0,7251.0,7251.0,7250.0,7250.0,7250.0,7250.0,7249.0,7249.0,7249.0,7245.0,7244.0,7244.0,7244.0,7244.0,7244.0,7244.0,7244.0,7241.0,7241.0,7241.0,7241.0,7241.0,7240.0,7240.0,7239.0,7236.0,7236.0,7236.0,7236.0,7236.0,7236.0,7236.0,7236.0,7236.0,7236.0,7229.0,7229.0,7229.0,7229.0,7229.0,7229.0,7229.0,7229.0,7229.0,7229.0,7229.0,7224.0,7224.0,7224.0,7224.0,7224.0,7224.0,7224.0,7224.0,7224.0,7224.0,7224.0,7224.0,7224.0,7222.0,7222.0,7222.0,7222.0,7222.0,7222.0,7222.0,7219.0,7219.0,7218.0,7218.0,7218.0,7217.0,7217.0,7217.0,7217.0,7216.0,7216.0,7216.0,7216.0
tune_6,Testing/network-cor-forma_eu_27t.txt,0.05,0.05,0.03,50,3,0.8,0.01,largest,7490.0,717.82,185,11921.0,9725.0,9268.0,9268.0,9219.0,9165.0,9070.0,8999.0,8879.0,8662.0,8497.0,8497.0,8473.0,8401.0,8238.0,8216.0,8214.0,8214.0,8126.0,8126.0,8057.0,7938.0,7936.0,7929.0,7874.0,7855.0,7838.0,7782.0,7779.0,7779.0,7757.0,7740.0,7740.0,7727.0,7703.0,7674.0,7674.0,7658.0,7658.0,7653.0,7653.0,7636.0,7636.0,7636.0,7634.0,7632.0,7627.0,7627.0,7626.0,7614.0,7608.0,7608.0,7608.0,7608.0,7608.0,7605.0,7599.0,7596.0,7596.0,7593.0,7593.0,7593.0,7592.0,7584.0,7576.0,7576.0,7569.0,7569.0,7568.0,7568.0,7563.0,7563.0,7560.0,7560.0,7560.0,7560.0,7556.0,7556.0,7556.0,7555.0,7554.0,7551.0,7551.0,7550.0,7550.0,7540.0,7540.0,7540.0,7540.0,7540.0,7540.0,7536.0,7536.0,7536.0,7534.0,7534.0,7534.0,7534.0,7533.0,7529.0,7529.0,7528.0,7528.0,7528.0,7527.0,7527.0,7522.0,7522.0,7522.0,7522.0,7519.0,7515.0,7515.0,7515.0,7515.0,7515.0,7515.0,7515.0,7515.0,7515.0,7515.0,7513.0,7513.0,7513.0,7513.0,7513.0,7513.0,7512.0,7511.0,7510.0,7510.0,7510.0,7508.0,7507.0,7507.0,7507.0,7507.0,7507.0,7506.0,7504.0,7504.0,7504.0,7504.0,7504.0,7504.0,7502.0,7502.0,7502.0,7502.0,7498.0,7498.0,7498.0,7498.0,7498.0,7498.0,7498.0,7497.0,7497.0,7497.0,7497.0,7497.0,7497.0,7495.0,7495.0,7495.0,7495.0,7494.0,7494.0,7493.0,7493.0,7493.0,7493.0,7493.0,7493.0,7492.0,7492.0,7492.0,7492.0,7492.0,7492.0,7491.0,7491.0,7491.0,7491.0,7491.0,7490.0,7490.0,7490.0,7490.0,7490.0,7490.0,7490.0,7490.0,7490.0,7490.0,7490.0,7490.0,7490.0,7490.0,7490.0
tune_7,Testing/network-cor-forma_eu_27t.txt,0.05,0.05,0.03,50,3,0.8,0.01,largest,6553.0,726.26,183,11693.0,10019.0,9608.0,8971.0,8676.0,7849.0,7849.0,7849.0,7849.0,7762.0,7625.0,7603.0,7574.0,7451.0,7305.0,7180.0,7180.0,7180.0,7135.0,7086.0,7070.0,7060.0,7017.0,6999.0,6980.0,6978.0,6954.0,6937.0,6898.0,6869.0,6848.0,6845.0,6807.0,6779.0,6779.0,6759.0,6759.0,6742.0,6742.0,6724.0,6724.0,6723.0,6718.0,6706.0,6704.0,6694.0,6694.0,6689.0,6675.0,6675.0,6675.0,6675.0,6675.0,6675.0,6674.0,6672.0,6664.0,6661.0,6661.0,6661.0,6655.0,6655.0,6655.0,6654.0,6653.0,6649.0,6649.0,6648.0,6638.0,6638.0,6638.0,6638.0,6638.0,6638.0,6637.0,6635.0,6628.0,6628.0,6628.0,6628.0,6625.0,6625.0,6621.0,6621.0,6621.0,6621.0,6621.0,6618.0,6618.0,6618.0,6616.0,6616.0,6616.0,6613.0,6611.0,6608.0,6608.0,6608.0,6602.0,6602.0,6602.0,6602.0,6602.0,6600.0,6600.0,6600.0,6600.0,6597.0,6597.0,6597.0,6596.0,6589.0,6589.0,6589.0,6589.0,6589.0,6589.0,6588.0,6588.0,6588.0,6588.0,6588.0,6588.0,6578.0,6578.0,6578.0,6578.0,6578.0,6578.0,6578.0,6578.0,6578.0,6578.0,6578.0,6578.0,6578.0,6578.0,6576.0,6576.0,6576.0,6576.0,6576.0,6573.0,6573.0,6570.0,6570.0,6570.0,6570.0,6570.0,6570.0,6569.0,6569.0,6568.0,6568.0,6566.0,6566.0,6566.0,6562.0,6562.0,6562.0,6562.0,6562.0,6562.0,6562.0,6561.0,6560.0,6560.0,6560.0,6560.0,6560.0,6560.0,6557.0,6556.0,6556.0,6555.0,6555.0,6555.0,6555.0,6554.0,6554.0,6554.0,6554.0,6554.0,6553.0,6553.0,6553.0,6553.0,6553.0,6553.0,6553.0,6553.0,6553.0,6553.0,6553.0,6553.0,6553.0,6553.0,6553.0,6553.0,6553.0
tune_8,Testing/network-cor-forma_eu_27t.txt,0.05,0.05,0.03,50,3,0.8,0.01,largest,5248.0,722.89,190,11849.0,11837.0,11693.0,8752.0,8752.0,7391.0,7391.0,7391.0,6831.0,6793.0,6793.0,6520.0,6406.0,6348.0,6331.0,6217.0,6215.0,6170.0,6139.0,5901.0,5901.0,5901.0,5834.0,5806.0,5806.0,5686.0,5665.0,5613.0,5613.0,5599.0,5564.0,5564.0,5524.0,5499.0,5499.0,5499.0,5474.0,5466.0,5466.0,5464.0,5441.0,5413.0,5413.0,5413.0,5413.0,5400.0,5400.0,5394.0,5391.0,5391.0,5382.0,5379.0,5379.0,5373.0,5373.0,5367.0,5360.0,5360.0,5360.0,5354.0,5354.0,5354.0,5351.0,5348.0,5348.0,5348.0,5347.0,5336.0,5335.0,5335.0,5334.0,5332.0,5332.0,5323.0,5323.0,5323.0,5321.0,5321.0,5318.0,5316.0,5314.0,5308.0,5308.0,5308.0,5308.0,5308.0,5308.0,5307.0,5305.0,5301.0,5301.0,5301.0,5301.0,5300.0,5297.0,5297.0,5297.0,5296.0,5294.0,5293.0,5293.0,5293.0,5293.0,5293.0,5292.0,5292.0,5287.0,5285.0,5285.0,5285.0,5285.0,5281.0,5281.0,5281.0,5281.0,5281.0,5281.0,5281.0,5281.0,5279.0,5279.0,5276.0,5276.0,5276.0,5272.0,5272.0,5272.0,5272.0,5272.0,5272.0,5272.0,5271.0,5270.0,5266.0,5266.0,5266.0,5266.0,5266.0,5266.0,5266.0,5264.0,5263.0,5263.0,5263.0,5263.0,5263.0,5263.0,5263.0,5262.0,5262.0,5260.0,5260.0,5260.0,5260.0,5260.0,5260.0,5258.0,5258.0,5258.0,5258.0,5258.0,5258.0,5257.0,5257.0,5257.0,5257.0,5254.0,5254.0,5254.0,5253.0,5253.0,5253.0,5253.0,5253.0,5251.0,5251.0,5251.0,5251.0,5251.0,5250.0,5250.0,5250.0,5250.0,5250.0,5250.0,5250.0,5249.0,5249.0,5249.0,5249.0,5248.0,5248.0,5248.0,5248.0,5248.0,5248.0,5248.0,5248.0,5248.0,5248.0
tune_9,Testing/network-cor-forma_eu_27t.txt,0.05,0.05,0.03,50,3,0.8,0.01,largest,4911.0,708.14,164,11930.0,11832.0,11556.0,11545.0,8581.0,7804.0,7254.0,7254.0,7099.0,7086.0,7055.0,7026.0,6735.0,6483.0,6177.0,5941.0,5941.0,5941.0,5928.0,5928.0,5726.0,5613.0,5613.0,5540.0,5495.0,5412.0,5359.0,5335.0,5311.0,5286.0,5223.0,5186.0,5186.0,5186.0,5149.0,5146.0,5114.0,5108.0,5103.0,5089.0,5087.0,5083.0,5075.0,5064.0,5063.0,5051.0,5044.0,5042.0,5036.0,5036.0,5030.0,5030.0,5030.0,5028.0,5020.0,5020.0,5018.0,5015.0,5009.0,5000.0,5000.0,5000.0,5000.0,4997.0,4996.0,4995.0,4992.0,4988.0,4988.0,4987.0,4986.0,4983.0,4983.0,4980.0,4980.0,4980.0,4980.0,4980.0,4976.0,4970.0,4970.0,4967.0,4964.0,4964.0,4964.0,4964.0,4963.0,4954.0,4954.0,4948.0,4948.0,4948.0,4948.0,4948.0,4948.0,4948.0,4948.0,4939.0,4939.0,4939.0,4939.0,4939.0,4939.0,4939.0,4936.0,4936.0,4936.0,4932.0,4932.0,4932.0,4932.0,4932.0,4932.0,4932.0,4929.0,4929.0,4929.0,4929.0,4929.0,4929.0,4929.0,4927.0,4927.0,4927.0,4927.0,4925.0,4925.0,4925.0,4923.0,4923.0,4923.0,4921.0,4921.0,4921.0,4921.0,4921.0,4921.0,4921.0,4921.0,4921.0,4921.0,4921.0,4920.0,4918.0,4918.0,4918.0,4918.0,4918.0,4918.0,4918.0,4918.0,4917.0,4915.0,4915.0,4914.0,4914.0,4914.0,4914.0,4914.0,4914.0,4913.0,4913.0,4913.0,4912.0,4911.0,4911.0,4911.0,4911.0,4911.0,4911.0,4911.0,4911.0,4911.0,4911.0,4911.0,4911.0,4911.0,4911.0,4911.0,4911.0,4911.0,4911.0,4911.0,4911.0,4911.0,4911.0,4911.0,4911.0,4911.0,4911.0,4911.0,4911.0,4911.0,4911.0,4911.0,4911.0,4911.0,4911.0,4911.0,4911.0
tune_10,Testing/network-cor-forma_eu_27t.txt,0.05,0.05,0.03,50,3,0.8,0.01,largest,5534.0,718.76,185,11991.0,9754.0,9609.0,8785.0,8785.0,8464.0,7666.0,7564.0,7564.0,7564.0,7240.0,6715.0,6539.0,6505.0,6324.0,6324.0,6324.0,6229.0,6221.0,6148.0,6082.0,6033.0,6031.0,6006.0,5964.0,5957.0,5909.0,5858.0,5841.0,5823.0,5793.0,5793.0,5793.0,5783.0,5759.0,5759.0,5759.0,5743.0,5743.0,5732.0,5728.0,5724.0,5717.0,5713.0,5713.0,5708.0,5707.0,5702.0,5687.0,5687.0,5685.0,5681.0,5675.0,5673.0,5671.0,5660.0,5659.0,5659.0,5659.0,5656.0,5656.0,5651.0,5646.0,5639.0,5639.0,5639.0,5639.0,5637.0,5626.0,5626.0,5626.0,5626.0,5626.0,5621.0,5617.0,5617.0,5617.0,5617.0,5617.0,5611.0,5611.0,5611.0,5611.0,5607.0,5607.0,5607.0,5607.0,5607.0,5607.0,5594.0,5594.0,5588.0,5588.0,5588.0,5588.0,5588.0,5583.0,5583.0,5583.0,5583.0,5583.0,5582.0,5580.0,5580.0,5580.0,5577.0,5577.0,5577.0,5574.0,5574.0,5574.0,5574.0,5572.0,5572.0,5572.0,5572.0,5568.0,5568.0,5566.0,5566.0,5565.0,5565.0,5565.0,5565.0,5565.0,5563.0,5563.0,5563.0,5563.0,5560.0,5559.0,5559.0,5559.0,5559.0,5559.0,5557.0,5557.0,5557.0,5557.0,5557.0,5554.0,5554.0,5554.0,5554.0,5552.0,5552.0,5552.0,5552.0,5551.0,5551.0,5551.0,5551.0,5551.0,5551.0,5551.0,5548.0,5547.0,5547.0,5544.0,5543.0,5543.0,5543.0,5543.0,5542.0,5542.0,5542.0,5542.0,5541.0,5540.0,5540.0,5539.0,5539.0,5539.0,5539.0,5539.0,5539.0,5538.0,5536.0,5536.0,5536.0,5536.0,5536.0,5535.0,5535.0,5535.0,5534.0,5534.0,5534.0,5534.0,5534.0,5534.0,5534.0,5534.0,5534.0,5534.0,5534.0,5534.0,5534.0,5534.0,5534.0
tune_1,Testing/network-cor-forma_eu_27t.txt,0.05,0.05,0.03,50,3,0.8,0.01,pairwise,16072958.0,716.09,193,73492235.0,73492235.0,48252106.0,38951671.0,36119857.0,32893894.0,29778644.0,29492474.0,29084813.0,26990888.0,26990888.0,26032448.0,23477814.0,22901482.0,22720079.0,21455814.0,20942383.0,20348271.0,20348271.0,20348271.0,20329648.0,19863828.0,18708190.0,18708190.0,18708190.0,18708190.0,18233224.0,18117907.0,17903337.0,17712709.0,17706846.0,17706846.0,17335122.0,17270500.0,17270500.0,17100803.0,17100803.0,17100803.0,17100803.0,16989748.0,16989748.0,16949614.0,16909046.0,16909046.0,16880103.0,16874369.0,16787314.0,16787314.0,16775952.0,16775952.0,16741346.0,16718187.0,16672751.0,16614707.0,16614707.0,16614707.0,16614707.0,16614707.0,16586215.0,16586145.0,16586145.0,16528317.0,16528317.0,16528317.0,16494308.0,16483127.0,16483127.0,16465450.0,16459712.0,16431428.0,16431279.0,16431279.0,16357085.0,16357085.0,16357085.0,16357085.0,16357085.0,16357085.0,16340081.0,16340081.0,16340081.0,16322787.0,16317315.0,16317315.0,16317315.0,16311522.0,16305920.0,16305920.0,16305920.0,16300457.0,16266034.0,16266034.0,16266034.0,16266034.0,16254677.0,16254677.0,16254677.0,16237647.0,16237579.0,16237579.0,16237579.0,16226239.0,16203510.0,16203510.0,16203510.0,16203510.0,16203510.0,16203510.0,16203510.0,16203510.0,16203510.0,16203510.0,16203510.0,16203510.0,16197607.0,16197607.0,16197607.0,16192229.0,16175032.0,16175032.0,16175032.0,16169247.0,16169247.0,16169247.0,16169247.0,16163775.0,16135572.0,16135572.0,16135572.0,16135572.0,16135572.0,16118467.0,16118467.0,16118467.0,16118467.0,16118467.0,16118467.0,16118467.0,16095749.0,16095749.0,16095749.0,16095749.0,16095749.0,16095749.0,16095749.0,16095749.0,16095749.0,16095749.0,16090038.0,16090038.0,16090038.0,16084766.0,16084472.0,16084471.0,16084471.0,16084471.0,16084448.0,16078983.0,16078701.0,16078701.0,16078701.0,16078701.0,16073106.0,16073015.0,16073015.0,16073015.0,16073015.0,16073013.0,16073013.0,16072999.0,16072999.0,16072990.0,16072990.0,16072990.0,16072990.0,16072990.0,16072990.0,16072990.0,16072990.0,16072990.0,16072990.0,16072990.0,16072990.0,16072990.0,16072990.0,16072990.0,16072990.0,16072990.0,16072990.0,16072990.0,16072990.0,16072987.0,16072987.0,16072958.0,16072958.0,16072958.0,16072958.0,16072958.0,16072958.0,16072958.0
tune_2,Testing/network-cor-forma_eu_27t.txt,0.05,0.05,0.03,50,3,0.8,0.01,pairwise,11442559.0,721.34,199,72513576.0,72513576.0,72513576.0,72309014.0,38590817.0,31916548.0,31916548.0,25764115.0,25764115.0,24285040.0,24285040.0,23577583.0,17410239.0,17410239.0,16144460.0,15929852.0,15292418.0,15292418.0,15132746.0,14583250.0,14196635.0,14196635.0,13524321.0,13524321.0,12859930.0,12859930.0,12823516.0,12676301.0,12561764.0,12390095.0,12390095.0,12390095.0,12335275.0,12301931.0,12297164.0,12253324.0,12229560.0,12229560.0,12229560.0,12157372.0,12157372.0,12147415.0,12142531.0,12110877.0,12098158.0,12097410.0,12084039.0,12054903.0,12054903.0,12052933.0,12051609.0,12026072.0,11974725.0,11974725.0,11974725.0,11974175.0,11959730.0,11959730.0,11946946.0,11940237.0,11901631.0,11901631.0,11901631.0,11859782.0,11859782.0,11859782.0,11859782.0,11859782.0,11859782.0,11833962.0,11833962.0,11828616.0,11809324.0,11809324.0,11765600.0,11765600.0,11765600.0,11765600.0,11765600.0,11765600.0,11734372.0,11732467.0,11732467.0,11732467.0,11689446.0,11689446.0,11689446.0,11689446.0,11689446.0,11684550.0,11684550.0,11684550.0,11652238.0,11652238.0,11652238.0,11647774.0,11647774.0,11647774.0,11643271.0,11642497.0,11642497.0,11614617.0,11614617.0,11614617.0,11614617.0,11614617.0,11614617.0,11610090.0,11609953.0,11609953.0,11609953.0,11609953.0,11605319.0,11604646.0,11595117.0,11590662.0,11585458.0,11585458.0,11585458.0,11585458.0,11585458.0,11585458.0,11579031.0,11562037.0,11562037.0,11562037.0,11560166.0,11560166.0,11560166.0,11560166.0,11542434.0,11542434.0,11542434.0,11523754.0,11523754.0,11523754.0,11523754.0,11523754.0,11523696.0,11523696.0,11523696.0,11509227.0,11509227.0,11509227.0,11509227.0,11499682.0,11499682.0,11499682.0,11499682.0,11499682.0,11499682.0,11499682.0,11499682.0,11499682.0,11499682.0,11499682.0,11499682.0,11490072.0,11490072.0,11490072.0,11480586.0,11480586.0,11480586.0,11480586.0,11480586.0,11480586.0,11480586.0,11480586.0,11475871.0,11466330.0,11466330.0,11466330.0,11466330.0,11461690.0,11461690.0,11461690.0,11461600.0,11461600.0,11461600.0,11457037.0,11457015.0,11457015.0,11452208.0,11452208.0,11447474.0,11447459.0,11447459.0,11447459.0,11447442.0,11442701.0,11442701.0,11442701.0,11442563.0,11442563.0,11442563.0,11442563.0,11442563.0,11442563.0,11442563.0,11442559.0
tune_3,Testing/network-cor-forma_eu_27t.txt,0.05,0.05,0.03,50,3,0.8,0.01,pairwise,46406654.0,726.73,198,72032730.0,68173226.0,68173226.0,66076468.0,62070260.0,62070260.0,59359868.0,59359868.0,59359868.0,58091559.0,58091559.0,56401494.0,55649544.0,55533350.0,54850778.0,54735612.0,53881087.0,53436106.0,53147147.0,52294311.0,52294311.0,51754092.0,51754092.0,51408620.0,51256783.0,50590882.0,50440081.0,50379963.0,50279557.0,50279557.0,49709743.0,49639767.0,49639767.0,49540360.0,49271917.0,49103382.0,49073579.0,49073579.0,48925167.0,48806511.0,48550013.0,48550013.0,48520438.0,48402411.0,48333501.0,48284361.0,48254937.0,48215555.0,48127330.0,47960663.0,47950900.0,47833398.0,47833398.0,47784603.0,47755211.0,47706413.0,47706413.0,47628289.0,47628289.0,47569750.0,47569750.0,47559993.0,47530767.0,47452817.0,47443063.0,47394407.0,47394407.0,47374898.0,47374898.0,47355452.0,47267959.0,47238759.0,47238759.0,47238759.0,47238759.0,47141631.0,47141631.0,47141631.0,47141631.0,47141631.0,47064007.0,47064007.0,47064007.0,47064007.0,47064007.0,47064007.0,47054239.0,46986431.0,46986431.0,46986431.0,46986431.0,46986431.0,46986431.0,46976774.0,46976718.0,46928285.0,46870228.0,46870228.0,46870228.0,46870228.0,46870228.0,46870228.0,46870228.0,46860504.0,46860504.0,46860504.0,46860504.0,46860504.0,46860504.0,46850824.0,46850824.0,46850824.0,46821777.0,46821777.0,46792810.0,46792810.0,46792810.0,46792810.0,46744390.0,46744390.0,46744390.0,46744390.0,46744390.0,46744381.0,46744381.0,46744381.0,46725056.0,46725056.0,46715434.0,46715434.0,46715434.0,46705724.0,46705724.0,46705724.0,46686417.0,46686417.0,46686384.0,46686384.0,46676714.0,46676714.0,46638103.0,46628482.0,46628482.0,46628482.0,46628482.0,46628431.0,46628431.0,46628431.0,46628431.0,46628431.0,46628431.0,46589847.0,46589847.0,46589832.0,46589832.0,46589832.0,46589832.0,46531923.0,46531923.0,46531923.0,46531923.0,46531923.0,46522325.0,46522325.0,46522325.0,46522325.0,46522325.0,46522325.0,46522325.0,46522325.0,46522325.0,46512675.0,46493359.0,46493359.0,46493359.0,46493359.0,46493359.0,46493359.0,46493359.0,46474095.0,46474095.0,46474095.0,46474095.0,46474095.0,46474095.0,46464473.0,46464473.0,46454813.0,46454813.0,46445226.0,46435560.0,46435560.0,46435560.0,46435560.0,46435560.0,46435559.0,46435559.0,46425926.0,46406654.0,46406654.0
tune_4,Testing/network-cor-forma_eu_27t.txt,0.05,0.05,0.03,50,3,0.8,0.01,pairwise,18435318.0,719.37,199,49557231.0,49557231.0,46326892.0,46048677.0,44450509.0,32569226.0,32569226.0,32299815.0,29016455.0,27345388.0,26259866.0,26259866.0,26259866.0,25726303.0,25398199.0,25243297.0,24331217.0,24331217.0,23847262.0,23847262.0,23604336.0,23287435.0,22806002.0,22507608.0,21996955.0,21653405.0,21653405.0,21653405.0,21199376.0,20868261.0,20810493.0,20343085.0,20289545.0,20289545.0,20019852.0,20019852.0,19971987.0,19748706.0,19748706.0,19745744.0,19745744.0,19648600.0,19633278.0,19523845.0,19386842.0,19386842.0,19386842.0,19386842.0,19386482.0,19386482.0,19358843.0,19277908.0,19277908.0,19209994.0,19182034.0,19182034.0,19182034.0,19182034.0,19176415.0,19108327.0,19108327.0,19108327.0,19108327.0,19052615.0,19052615.0,19052615.0,19052615.0,19040419.0,19021556.0,19021556.0,19015356.0,19015356.0,19003228.0,19002914.0,18935584.0,18935584.0,18935584.0,18935584.0,18935584.0,18935584.0,18935584.0,18892914.0,18892914.0,18892914.0,18892914.0,18874418.0,18843284.0,18843284.0,18843284.0,18831187.0,18831187.0,18831177.0,18824946.0,18824946.0,18788351.0,18788351.0,18788351.0,18776106.0,18776106.0,18776106.0,18763891.0,18763891.0,18751624.0,18751624.0,18733436.0,18733436.0,18733436.0,18715520.0,18715520.0,18715520.0,18715520.0,18708845.0,18708845.0,18708845.0,18690577.0,18690577.0,18672521.0,18641943.0,18641943.0,18641943.0,18641943.0,18641943.0,18641834.0,18641834.0,18641834.0,18641834.0,18641834.0,18641834.0,18605651.0,18605651.0,18605651.0,18605651.0,18568858.0,18568858.0,18568858.0,18568858.0,18568858.0,18562968.0,18562850.0,18562850.0,18562850.0,18562850.0,18562850.0,18562850.0,18562750.0,18562538.0,18544452.0,18538319.0,18538319.0,18532493.0,18532493.0,18532493.0,18514330.0,18514330.0,18514330.0,18502016.0,18502016.0,18502016.0,18502016.0,18495992.0,18495967.0,18495967.0,18477966.0,18477966.0,18477913.0,18477913.0,18477913.0,18477913.0,18477913.0,18477779.0,18477779.0,18471987.0,18459698.0,18453874.0,18453874.0,18441544.0,18441543.0,18441543.0,18441543.0,18441505.0,18435548.0,18435496.0,18435496.0,18435496.0,18435392.0,18435386.0,18435386.0,18435386.0,18435327.0,18435327.0,18435327.0,18435327.0,18435327.0,18435327.0,18435327.0,18435327.0,18435327.0,18435327.0,18435327.0,18435318.0
tune_5,Testing/network-cor-forma_eu_27t.txt,0.05,0.05,0.03,50,3,0.8,0.01,pairwise,9866545.0,719.34,181,70623328.0,70290979.0,69522558.0,50306759.0,44197615.0,42119410.0,34049590.0,32630466.0,20865237.0,19027159.0,19027159.0,17035764.0,16295677.0,14127074.0,13761232.0,13172763.0,12865911.0,12698396.0,12107013.0,12107013.0,12107013.0,11998449.0,11998449.0,11733610.0,11488376.0,11488376.0,11298402.0,11261221.0,11081162.0,10966461.0,10870488.0,10862197.0,10756078.0,10714820.0,10692470.0,10600463.0,10600463.0,10563328.0,10540167.0,10534599.0,10509569.0,10503270.0,10431668.0,10431668.0,10421778.0,10308055.0,10308055.0,10299813.0,10299813.0,10299813.0,10299813.0,10250642.0,10250642.0,10232914.0,10219006.0,10215684.0,10205264.0,10202583.0,10202583.0,10202583.0,10165403.0,10165403.0,10165057.0,10165057.0,10147862.0,10147862.0,10147862.0,10128437.0,10128437.0,10123941.0,10123941.0,10111559.0,10110380.0,10110380.0,10107552.0,10099169.0,10063115.0,10063115.0,10063115.0,10063115.0,10063115.0,10063115.0,10049306.0,10049306.0,10049306.0,10045394.0,10039793.0,10039793.0,10039793.0,10009681.0,10009681.0,10009681.0,10009681.0,9995081.0,9995081.0,9995081.0,9995081.0,9995081.0,9986443.0,9986443.0,9969005.0,9969005.0,9965789.0,9965789.0,9965789.0,9965789.0,9965789.0,9960426.0,9960426.0,9960426.0,9960127.0,9947176.0,9947176.0,9947176.0,9947176.0,9933534.0,9933534.0,9933534.0,9929223.0,9929223.0,9929223.0,9915991.0,9915991.0,9911310.0,9911310.0,9911310.0,9907323.0,9906950.0,9902785.0,9902785.0,9898691.0,9898691.0,9898084.0,9898084.0,9893944.0,9889265.0,9889265.0,9884824.0,9884682.0,9880482.0,9880482.0,9880482.0,9880156.0,9871171.0,9871171.0,9871171.0,9871149.0,9871137.0,9866803.0,9866803.0,9866756.0,9866756.0,9866715.0,9866678.0,9866673.0,9866662.0,9866634.0,9866634.0,9866634.0,9866634.0,9866634.0,9866608.0,9866608.0,9866583.0,9866583.0,9866583.0,9866574.0,9866574.0,9866574.0,9866574.0,9866574.0,9866572.0,9866572.0,9866569.0,9866565.0,9866565.0,9866562.0,9866555.0,9866555.0,9866555.0,9866555.0,9866545.0,9866545.0,9866545.0,9866545.0,9866545.0,9866545.0,9866545.0,9866545.0,9866545.0,9866545.0,9866545.0,9866545.0,9866545.0,9866545.0,9866545.0,9866545.0,9866545.0,9866545.0,9866545.0
tune_6,Testing/network-cor-forma_eu_27t.txt,0.05,0.05,0.03,50,3,0.8,0.01,pairwise,12605674.0,721.79,188,70362290.0,38312084.0,38312084.0,38312084.0,36675706.0,30706958.0,30706958.0,27390613.0,23109179.0,22891795.0,22891795.0,21613601.0,19327690.0,19327690.0,19327690.0,19327690.0,18382117.0,17072734.0,17072734.0,17072734.0,16661464.0,16229132.0,15782653.0,15570596.0,15140814.0,15012946.0,14710556.0,14710556.0,14410451.0,14120967.0,14120967.0,13758056.0,13721494.0,13689680.0,13689680.0,13570296.0,13570296.0,13549388.0,13528286.0,13507847.0,13476771.0,13476771.0,13446171.0,13419968.0,13393531.0,13393531.0,13383701.0,13290876.0,13290876.0,13290876.0,13290876.0,13290876.0,13259859.0,13259859.0,13249948.0,13249948.0,13234342.0,13229466.0,13218858.0,13203672.0,13203672.0,13188069.0,13188069.0,13157486.0,13147483.0,13142592.0,13132076.0,13127106.0,13096473.0,13096155.0,13096155.0,13091043.0,13055530.0,13055530.0,13055530.0,13055530.0,13055530.0,13055324.0,13014746.0,13014746.0,13014746.0,13014627.0,12978896.0,12933482.0,12933482.0,12933482.0,12933482.0,12933482.0,12933482.0,12907987.0,12892938.0,12892938.0,12892938.0,12882485.0,12877623.0,12877623.0,12877623.0,12867450.0,12847419.0,12847419.0,12847419.0,12842526.0,12842190.0,12827171.0,12827171.0,12827171.0,12817208.0,12817179.0,12817179.0,12811913.0,12807311.0,12791629.0,12791629.0,12791629.0,12791629.0,12776492.0,12776492.0,12776492.0,12776492.0,12776492.0,12771711.0,12771711.0,12761670.0,12761670.0,12761670.0,12751673.0,12751551.0,12751444.0,12736419.0,12736419.0,12736419.0,12736419.0,12726492.0,12726492.0,12726435.0,12726346.0,12711402.0,12686150.0,12686150.0,12686150.0,12686150.0,12686150.0,12686150.0,12686150.0,12686150.0,12686150.0,12686150.0,12686150.0,12686034.0,12676155.0,12676155.0,12666195.0,12666195.0,12665940.0,12665940.0,12656064.0,12656064.0,12656064.0,12656064.0,12656030.0,12656030.0,12640990.0,12640990.0,12640990.0,12640990.0,12640990.0,12636010.0,12630802.0,12630802.0,12630802.0,12630802.0,12620959.0,12620959.0,12615804.0,12615804.0,12615804.0,12611005.0,12611005.0,12611005.0,12611005.0,12610653.0,12605895.0,12605895.0,12605763.0,12605763.0,12605749.0,12605749.0,12605749.0,12605674.0,12605674.0,12605674.0,12605674.0,12605674.0,12605674.0,12605674.0,12605674.0,12605674.0,12605674.0,12605674.0,12605674.0
tune_7,Testing/network-cor-forma_eu_27t.txt,0.05,0.05,0.03,50,3,0.8,0.01,pairwise,24125075.0,714.79,199,41677868.0,41677868.0,41677868.0,41677868.0,40266193.0,38833855.0,35566746.0,35566746.0,33359248.0,33359248.0,33359248.0,31582563.0,31115179.0,31115179.0,30051267.0,30051267.0,30051267.0,29395946.0,29395946.0,29111579.0,28429016.0,27720861.0,27720861.0,27113976.0,27113976.0,26856652.0,26856652.0,26856652.0,26578927.0,26318076.0,26107516.0,26107516.0,26064895.0,25999239.0,25662263.0,25662263.0,25455031.0,25455031.0,25455031.0,25455031.0,25447570.0,25276857.0,25269835.0,25269835.0,25198947.0,25198947.0,25191550.0,25113845.0,25113845.0,25014813.0,25014813.0,25014813.0,24929932.0,24929932.0,24929932.0,24929932.0,24908967.0,24908967.0,24908967.0,24774917.0,24774917.0,24774917.0,24774917.0,24760894.0,24746802.0,24732965.0,24732965.0,24683540.0,24662537.0,24662537.0,24662537.0,24641523.0,24641523.0,24606421.0,24606421.0,24606421.0,24606421.0,24606421.0,24606421.0,24557398.0,24557398.0,24557398.0,24557398.0,24536190.0,24536190.0,24536190.0,24536190.0,24529362.0,24466402.0,24466402.0,24466402.0,24466402.0,24466402.0,24466402.0,24466346.0,24452598.0,24452598.0,24452598.0,24452598.0,24452598.0,24410465.0,24410465.0,24410465.0,24410465.0,24403588.0,24403588.0,24403588.0,24403588.0,24403588.0,24375542.0,24375542.0,24375542.0,24375542.0,24375542.0,24375542.0,24375542.0,24375542.0,24368570.0,24354578.0,24354578.0,24354578.0,24354578.0,24354578.0,24319723.0,24319723.0,24312843.0,24312843.0,24312843.0,24312843.0,24312843.0,24312843.0,24305823.0,24305823.0,24298852.0,24292013.0,24292013.0,24271133.0,24264088.0,24264088.0,24264088.0,24264088.0,24264088.0,24257165.0,24257165.0,24236271.0,24236271.0,24236271.0,24236271.0,24236271.0,24236271.0,24236271.0,24236271.0,24215400.0,24215400.0,24215400.0,24215400.0,24215400.0,24215400.0,24201486.0,24201486.0,24201486.0,24201486.0,24201453.0,24187573.0,24187573.0,24187573.0,24187551.0,24180602.0,24180602.0,24180602.0,24180591.0,24180591.0,24180591.0,24166709.0,24166709.0,24159808.0,24159808.0,24152960.0,24152960.0,24152960.0,24152855.0,24152855.0,24145934.0,24145934.0,24145934.0,24145909.0,24138974.0,24138967.0,24138948.0,24138931.0,24138931.0,24138931.0,24131991.0,24131989.0,24125076.0,24125076.0,24125076.0,24125076.0,24125076.0,24125075.0
tune_8,Testing/network-cor-forma_eu_27t.txt,0.05,0.05,0.03,50,3,0.8,0.01,pairwise,25604682.0,722.79,199,69605272.0,45202778.0,45126921.0,41413757.0,41305068.0,39419983.0,39419983.0,39251934.0,38404128.0,37292904.0,37008151.0,35838583.0,33632340.0,33329287.0,32541930.0,32404849.0,32148123.0,31383194.0,30800003.0,30800003.0,30237931.0,29873975.0,29873975.0,29335023.0,29228620.0,28862507.0,28726134.0,28438695.0,28438695.0,28431343.0,28019176.0,28019176.0,27958806.0,27958806.0,27705087.0,27534217.0,27430714.0,27430714.0,27290348.0,27187156.0,27121395.0,27069817.0,27069817.0,27069817.0,26996176.0,26849702.0,26849702.0,26842190.0,26761600.0,26761600.0,26754658.0,26754658.0,26696067.0,26659277.0,26601117.0,26571963.0,26571963.0,26571963.0,26514042.0,26462776.0,26433793.0,26404705.0,26404705.0,26353876.0,26353876.0,26331992.0,26331992.0,26260019.0,26245259.0,26245259.0,26245259.0,26237944.0,26216321.0,26216321.0,26187537.0,26187537.0,26187537.0,26158491.0,26158491.0,26158491.0,26158491.0,26158491.0,26158484.0,26122391.0,26122391.0,26122391.0,26107881.0,26071640.0,26057348.0,26057348.0,26057348.0,26057348.0,26057348.0,26050056.0,26050056.0,26006857.0,26006857.0,26006857.0,26006857.0,26006786.0,25985317.0,25985317.0,25985317.0,25934858.0,25934858.0,25934858.0,25927550.0,25920381.0,25920381.0,25920381.0,25898844.0,25891718.0,25877247.0,25877247.0,25877247.0,25877247.0,25870050.0,25870050.0,25855685.0,25848594.0,25826967.0,25826967.0,25826967.0,25826967.0,25826967.0,25826967.0,25805424.0,25798230.0,25798230.0,25798230.0,25776692.0,25776692.0,25776692.0,25776683.0,25776683.0,25755129.0,25755129.0,25755129.0,25740822.0,25740822.0,25740822.0,25740822.0,25740822.0,25733617.0,25719300.0,25697758.0,25697758.0,25697758.0,25697758.0,25697758.0,25697746.0,25697746.0,25676250.0,25676250.0,25676250.0,25676250.0,25676250.0,25676250.0,25676250.0,25676250.0,25661935.0,25661935.0,25661935.0,25661935.0,25654826.0,25654826.0,25640501.0,25640501.0,25640493.0,25640493.0,25640493.0,25640464.0,25640464.0,25633362.0,25633362.0,25633362.0,25626169.0,25619019.0,25619019.0,25619019.0,25619008.0,25619008.0,25619008.0,25611845.0,25611845.0,25611845.0,25604697.0,25604697.0,25604697.0,25604697.0,25604697.0,25604697.0,25604697.0,25604697.0,25604697.0,25604690.0,25604687.0,25604687.0,25604687.0,25604682.0
tune_9,Testing/network-cor-forma_eu_27t.txt,0.05,0.05,0.03,50,3,0.8,0.01,pairwise,19122373.0,724.79,198,70433499.0,70433499.0,49528091.0,37422785.0,34316865.0,32569408.0,31854267.0,30613342.0,27969728.0,25160228.0,24644360.0,23721386.0,21908270.0,21908270.0,21908270.0,21908270.0,21657949.0,21657949.0,21657949.0,21657949.0,21573295.0,21481172.0,21102317.0,21102317.0,20986679.0,20909037.0,20600020.0,20600020.0,20600020.0,20581146.0,20541733.0,20497753.0,20497753.0,20472587.0,20434065.0,20306417.0,20306417.0,20306417.0,20306417.0,20274651.0,20141637.0,20141310.0,20116438.0,20116438.0,20110125.0,20078060.0,20053048.0,19983379.0,19983379.0,19945734.0,19863742.0,19863742.0,19863742.0,19863418.0,19800896.0,19800896.0,19800896.0,19800896.0,19800896.0,19775828.0,19775828.0,19731672.0,19725665.0,19712992.0,19700358.0,19669319.0,19669319.0,19669319.0,19656903.0,19656903.0,19656903.0,19625535.0,19625535.0,19613152.0,19613152.0,19581675.0,19581675.0,19581675.0,19544690.0,19544690.0,19544690.0,19525803.0,19525803.0,19525803.0,19507114.0,19507114.0,19507114.0,19482141.0,19451086.0,19451086.0,19451086.0,19451086.0,19451086.0,19451086.0,19450969.0,19438454.0,19438454.0,19432262.0,19407466.0,19407466.0,19395161.0,19388989.0,19388989.0,19363881.0,19363881.0,19363881.0,19363881.0,19320571.0,19320571.0,19320571.0,19320571.0,19320571.0,19320571.0,19320571.0,19289652.0,19289652.0,19289652.0,19289652.0,19277068.0,19277068.0,19277068.0,19277068.0,19277068.0,19277068.0,19264570.0,19264570.0,19264570.0,19258522.0,19258522.0,19252171.0,19252171.0,19252171.0,19252171.0,19252171.0,19252171.0,19239815.0,19239815.0,19239815.0,19239782.0,19239782.0,19239782.0,19208829.0,19208829.0,19208829.0,19208829.0,19208829.0,19208829.0,19208829.0,19208829.0,19208829.0,19208829.0,19208829.0,19208829.0,19208829.0,19202792.0,19202792.0,19202792.0,19202792.0,19202792.0,19196693.0,19196615.0,19190375.0,19190375.0,19190375.0,19190375.0,19177980.0,19177980.0,19177980.0,19177980.0,19177980.0,19171910.0,19159420.0,19159420.0,19159420.0,19159420.0,19159420.0,19159420.0,19159420.0,19159420.0,19159420.0,19159420.0,19147184.0,19147052.0,19147052.0,19147052.0,19134682.0,19134682.0,19128576.0,19128576.0,19128576.0,19128496.0,19128496.0,19128496.0,19128496.0,19128496.0,19128496.0,19122405.0,19122391.0,19122373.0,19122373.0
tune_10,Testing/network-cor-forma_eu_27t.txt,0.05,0.05,0.03,50,3,0.8,0.01,pairwise,24336861.0,722.24,195,71409990.0,67765218.0,67765218.0,45952884.0,40096520.0,40096520.0,38421686.0,38070532.0,38070532.0,36466879.0,36006920.0,33074046.0,32194049.0,31112514.0,30618018.0,30516429.0,30134379.0,29793895.0,29509015.0,28609664.0,28609664.0,28609664.0,28360081.0,28097567.0,27649595.0,27649595.0,27316078.0,27169236.0,26757328.0,26676798.0,26313532.0,26313532.0,26313532.0,26313532.0,26082287.0,25887586.0,25887586.0,25873285.0,25643898.0,25643898.0,25643898.0,25643898.0,25629203.0,25586787.0,25586787.0,25529089.0,25393531.0,25393531.0,25351052.0,25337020.0,25279862.0,25279862.0,25237443.0,25237443.0,25230338.0,25230338.0,25131231.0,25131231.0,25130939.0,25130939.0,25095950.0,25081525.0,25053217.0,25053217.0,25031927.0,25017740.0,25017740.0,25017740.0,25003687.0,25003687.0,24968235.0,24968235.0,24968235.0,24940066.0,24940066.0,24932938.0,24883864.0,24883864.0,24883864.0,24883864.0,24883595.0,24876738.0,24855713.0,24820404.0,24785144.0,24785144.0,24785106.0,24785106.0,24785106.0,24749962.0,24749962.0,24749962.0,24749955.0,24742997.0,24707766.0,24686672.0,24686672.0,24665681.0,24665681.0,24665681.0,24665681.0,24651575.0,24651575.0,24651575.0,24651575.0,24651575.0,24651527.0,24616572.0,24616572.0,24616572.0,24616572.0,24588673.0,24588673.0,24588673.0,24588673.0,24560551.0,24560551.0,24539512.0,24539512.0,24469675.0,24469675.0,24469675.0,24469675.0,24469675.0,24469675.0,24462614.0,24462614.0,24462614.0,24434606.0,24434606.0,24427691.0,24427634.0,24427634.0,24427634.0,24427634.0,24427634.0,24420685.0,24420685.0,24420685.0,24413741.0,24413741.0,24413741.0,24413741.0,24413668.0,24406703.0,24406703.0,24406703.0,24406703.0,24406703.0,24392796.0,24392701.0,24385810.0,24385810.0,24385810.0,24385810.0,24385810.0,24385810.0,24378808.0,24378808.0,24378808.0,24378808.0,24378747.0,24378747.0,24378747.0,24378747.0,24371839.0,24371839.0,24371839.0,24371839.0,24364854.0,24364808.0,24364808.0,24364808.0,24364808.0,24357826.0,24357826.0,24357826.0,24350850.0,24350850.0,24350850.0,24350846.0,24350836.0,24343863.0,24343863.0,24343863.0,24336875.0,24336875.0,24336875.0,24336875.0,24336875.0,24336875.0,24336863.0,24336863.0,24336863.0,24336863.0,24336861.0,24336861.0,24336861.0,24336861.0,24336861.0
tune_1,Testing/network-cor-forma_eu_27t.txt,0.05,0.05,0.03,50,3,0.8,0.01,components,4856.0,728.34,185,1554.0,1554.0,2255.0,2440.0,3028.0,3028.0,3045.0,3209.0,3538.0,3538.0,3538.0,3559.0,3727.0,3727.0,3836.0,3900.0,3985.0,4079.0,4079.0,4184.0,4233.0,4233.0,4276.0,4360.0,4360.0,4360.0,4384.0,4430.0,4448.0,4469.0,4496.0,4496.0,4501.0,4513.0,4536.0,4587.0,4587.0,4590.0,4594.0,4609.0,4617.0,4624.0,4631.0,4650.0,4661.0,4672.0,4680.0,4682.0,4684.0,4697.0,4701.0,4710.0,4718.0,4723.0,4723.0,4723.0,4728.0,4730.0,4734.0,4734.0,4736.0,4741.0,4745.0,4756.0,4756.0,4761.0,4761.0,4762.0,4768.0,4768.0,4768.0,4768.0,4771.0,4771.0,4771.0,4775.0,4780.0,4784.0,4784.0,4784.0,4784.0,4784.0,4784.0,4785.0,4786.0,4790.0,4793.0,4793.0,4797.0,4797.0,4797.0,4797.0,4797.0,4797.0,4807.0,4807.0,4807.0,4807.0,4807.0,4807.0,4809.0,4809.0,4809.0,4809.0,4815.0,4815.0,4815.0,4815.0,4817.0,4819.0,4819.0,4819.0,4819.0,4819.0,4821.0,4821.0,4821.0,4823.0,4823.0,4826.0,4826.0,4826.0,4826.0,4828.0,4828.0,4831.0,4831.0,4831.0,4831.0,4831.0,4831.0,4832.0,4833.0,4833.0,4833.0,4835.0,4838.0,4838.0,4838.0,4838.0,4838.0,4840.0,4842.0,4842.0,4842.0,4845.0,4845.0,4845.0,4845.0,4845.0,4845.0,4845.0,4845.0,4845.0,4845.0,4845.0,4847.0,4847.0,4847.0,4847.0,4848.0,4848.0,4848.0,4848.0,4848.0,4850.0,4850.0,4850.0,4850.0,4850.0,4850.0,4850.0,4850.0,4850.0,4850.0,4850.0,4850.0,4851.0,4851.0,4851.0,4851.0,4852.0,4852.0,4852.0,4852.0,4856.0,4856.0,4856.0,4856.0,4856.0,4856.0,4856.0,4856.0,4856.0,4856.0,4856.0,4856.0,4856.0,4856.0,4856.0
tune_2,Testing/network-cor-forma_eu_27t.txt,0.05,0.05,0.03,50,3,0.8,0.01,components,4379.0,720.28,197,2121.0,2121.0,2251.0,2527.0,2527.0,2628.0,2730.0,2939.0,2999.0,3095.0,3410.0,3442.0,3479.0,3642.0,3757.0,3757.0,3798.0,3831.0,3838.0,3880.0,3887.0,3921.0,3973.0,3993.0,4064.0,4064.0,4064.0,4072.0,4115.0,4132.0,4132.0,4132.0,4158.0,4158.0,4185.0,4189.0,4190.0,4201.0,4222.0,4222.0,4229.0,4237.0,4237.0,4247.0,4261.0,4261.0,4261.0,4261.0,4266.0,4266.0,4267.0,4272.0,4277.0,4277.0,4278.0,4289.0,4290.0,4290.0,4290.0,4290.0,4290.0,4291.0,4300.0,4300.0,4301.0,4301.0,4301.0,4301.0,4302.0,4304.0,4309.0,4309.0,4309.0,4309.0,4309.0,4314.0,4314.0,4315.0,4316.0,4317.0,4317.0,4318.0,4321.0,4328.0,4328.0,4328.0,4328.0,4328.0,4338.0,4338.0,4338.0,4338.0,4338.0,4338.0,4338.0,4338.0,4338.0,4338.0,4338.0,4340.0,4340.0,4340.0,4340.0,4340.0,4340.0,4340.0,4340.0,4340.0,4340.0,4340.0,4342.0,4347.0,4349.0,4349.0,4349.0,4350.0,4350.0,4350.0,4350.0,4350.0,4353.0,4353.0,4353.0,4353.0,4353.0,4355.0,4355.0,4355.0,4355.0,4355.0,4355.0,4355.0,4355.0,4355.0,4358.0,4358.0,4358.0,4358.0,4359.0,4363.0,4363.0,4363.0,4363.0,4363.0,4363.0,4363.0,4363.0,4364.0,4364.0,4364.0,4364.0,4364.0,4364.0,4365.0,4365.0,4365.0,4365.0,4365.0,4365.0,4367.0,4367.0,4367.0,4367.0,4369.0,4369.0,4369.0,4369.0,4369.0,4369.0,4369.0,4369.0,4369.0,4378.0,4378.0,4378.0,4378.0,4378.0,4378.0,4378.0,4378.0,4378.0,4378.0,4378.0,4378.0,4378.0,4378.0,4378.0,4378.0,4378.0,4378.0,4378.0,4378.0,4378.0,4378.0,4378.0,4378.0,4378.0,4379.0,4379.0,4379.0
tune_3,Testing/network-cor-forma_eu_27t.txt,0.05,0.05,0.03,50,3,0.8,0.01,components,4754.0,734.63,189,1570.0,2009.0,2009.0,2438.0,3023.0,3023.0,3075.0,3280.0,3280.0,3313.0,3433.0,3709.0,3744.0,4015.0,4015.0,4015.0,4042.0,4042.0,4114.0,4150.0,4202.0,4202.0,4213.0,4257.0,4314.0,4328.0,4389.0,4407.0,4407.0,4425.0,4432.0,4467.0,4467.0,4496.0,4533.0,4533.0,4533.0,4570.0,4570.0,4570.0,4579.0,4579.0,4584.0,4601.0,4601.0,4610.0,4610.0,4620.0,4620.0,4639.0,4639.0,4639.0,4639.0,4639.0,4639.0,4639.0,4645.0,4647.0,4647.0,4652.0,4652.0,4659.0,4659.0,4659.0,4659.0,4665.0,4665.0,4665.0,4665.0,4674.0,4674.0,4674.0,4674.0,4677.0,4677.0,4677.0,4686.0,4686.0,4686.0,4686.0,4686.0,4686.0,4688.0,4688.0,4688.0,4690.0,4692.0,4692.0,4702.0,4702.0,4702.0,4702.0,4702.0,4702.0,4702.0,4702.0,4704.0,4704.0,4704.0,4704.0,4704.0,4705.0,4708.0,4711.0,4711.0,4711.0,4711.0,4711.0,4711.0,4712.0,4712.0,4712.0,4713.0,4715.0,4715.0,4716.0,4717.0,4717.0,4717.0,4718.0,4718.0,4718.0,4724.0,4724.0,4724.0,4724.0,4724.0,4724.0,4727.0,4727.0,4727.0,4727.0,4727.0,4727.0,4730.0,4732.0,4732.0,4732.0,4732.0,4732.0,4732.0,4734.0,4734.0,4734.0,4734.0,4734.0,4734.0,4736.0,4736.0,4736.0,4736.0,4737.0,4737.0,4737.0,4738.0,4738.0,4739.0,4739.0,4739.0,4739.0,4740.0,4740.0,4740.0,4740.0,4740.0,4740.0,4740.0,4740.0,4740.0,4740.0,4742.0,4744.0,4744.0,4744.0,4744.0,4744.0,4744.0,4744.0,4744.0,4744.0,4744.0,4744.0,4744.0,4744.0,4749.0,4749.0,4749.0,4749.0,4749.0,4754.0,4754.0,4754.0,4754.0,4754.0,4754.0,4754.0,4754.0,4754.0,4754.0,4754.0
tune_4,Testing/network-cor-forma_eu_27t.txt,0.05,0.05,0.03,50,3,0.8,0.01,components,5113.0,738.50,198,1538.0,2017.0,2095.0,2576.0,2587.0,2660.0,2860.0,2879.0,3228.0,3228.0,3242.0,3635.0,4116.0,4116.0,4116.0,4116.0,4116.0,4197.0,4293.0,4294.0,4384.0,4391.0,4422.0,4491.0,4491.0,4572.0,4572.0,4659.0,4691.0,4709.0,4718.0,4733.0,4772.0,4794.0,4794.0,4794.0,4814.0,4816.0,4826.0,4836.0,4850.0,4875.0,4889.0,4889.0,4890.0,4902.0,4923.0,4923.0,4937.0,4937.0,4937.0,4937.0,4937.0,4943.0,4950.0,4960.0,4965.0,4965.0,4970.0,4970.0,4974.0,4980.0,4980.0,4984.0,4990.0,4990.0,4990.0,4995.0,4996.0,4996.0,4998.0,5000.0,5004.0,5006.0,5008.0,5013.0,5015.0,5015.0,5017.0,5018.0,5021.0,5024.0,5024.0,5035.0,5035.0,5038.0,5038.0,5038.0,5040.0,5040.0,5047.0,5047.0,5047.0,5047.0,5047.0,5050.0,5050.0,5058.0,5058.0,5058.0,5058.0,5058.0,5059.0,5061.0,5065.0,5065.0,5068.0,5068.0,5070.0,5070.0,5070.0,5070.0,5071.0,5071.0,5074.0,5076.0,5076.0,5076.0,5076.0,5076.0,5076.0,5076.0,5076.0,5076.0,5078.0,5081.0,5086.0,5086.0,5086.0,5086.0,5086.0,5086.0,5086.0,5087.0,5087.0,5087.0,5087.0,5087.0,5090.0,5090.0,5090.0,5090.0,5090.0,5091.0,5094.0,5094.0,5095.0,5095.0,5095.0,5095.0,5097.0,5097.0,5097.0,5097.0,5097.0,5097.0,5097.0,5097.0,5097.0,5097.0,5097.0,5097.0,5097.0,5097.0,5097.0,5099.0,5099.0,5102.0,5102.0,5102.0,5102.0,5102.0,5102.0,5102.0,5102.0,5102.0,5102.0,5102.0,5104.0,5104.0,5104.0,5104.0,5106.0,5106.0,5106.0,5106.0,5106.0,5106.0,5106.0,5110.0,5110.0,5110.0,5110.0,5110.0,5110.0,5110.0,5110.0,5110.0,5113.0,5113.0
tune_5,Testing/network-cor-forma_eu_27t.txt,0.05,0.05,0.03,50,3,0.8,0.01,components,4288.0,724.81,196,1669.0,2011.0,2184.0,2323.0,2514.0,2683.0,2727.0,2758.0,3045.0,3045.0,3045.0,3055.0,3117.0,3222.0,3251.0,3462.0,3462.0,3608.0,3608.0,3643.0,3656.0,3703.0,3763.0,3857.0,3861.0,3912.0,3912.0,3930.0,3960.0,3987.0,3998.0,4023.0,4028.0,4037.0,4066.0,4066.0,4066.0,4077.0,4077.0,4077.0,4104.0,4104.0,4107.0,4121.0,4121.0,4121.0,4125.0,4125.0,4132.0,4132.0,4132.0,4137.0,4144.0,4147.0,4149.0,4150.0,4158.0,4162.0,4168.0,4168.0,4169.0,4173.0,4177.0,4177.0,4180.0,4180.0,4188.0,4188.0,4192.0,4193.0,4193.0,4205.0,4205.0,4211.0,4211.0,4211.0,4211.0,4211.0,4213.0,4218.0,4218.0,4218.0,4218.0,4218.0,4223.0,4223.0,4224.0,4224.0,4224.0,4230.0,4230.0,4231.0,4231.0,4231.0,4231.0,4236.0,4236.0,4238.0,4240.0,4242.0,4242.0,4242.0,4242.0,4246.0,4258.0,4258.0,4258.0,4258.0,4258.0,4258.0,4258.0,4258.0,4258.0,4258.0,4258.0,4258.0,4258.0,4258.0,4258.0,4258.0,4258.0,4258.0,4258.0,4258.0,4259.0,4259.0,4259.0,4259.0,4259.0,4265.0,4265.0,4265.0,4265.0,4265.0,4265.0,4265.0,4265.0,4265.0,4265.0,4265.0,4265.0,4265.0,4265.0,4265.0,4266.0,4266.0,4266.0,4266.0,4266.0,4266.0,4268.0,4270.0,4270.0,4270.0,4270.0,4270.0,4270.0,4270.0,4270.0,4270.0,4271.0,4271.0,4276.0,4276.0,4276.0,4276.0,4276.0,4276.0,4276.0,4276.0,4276.0,4276.0,4279.0,4279.0,4279.0,4279.0,4279.0,4279.0,4279.0,4279.0,4279.0,4283.0,4283.0,4283.0,4283.0,4283.0,4283.0,4283.0,4283.0,4283.0,4283.0,4283.0,4283.0,4283.0,4283.0,4286.0,4288.0,4288.0,4288.0,4288.0
tune_6,Testing/network-cor-forma_eu_27t.txt,0.05,0.05,0.03,50,3,0.8,0.01,components,3090.0,727.99,198,1585.0,1722.0,1722.0,1900.0,1900.0,1947.0,2009.0,2052.0,2163.0,2226.0,2247.0,2319.0,2375.0,2375.0,2400.0,2446.0,2484.0,2554.0,2554.0,2635.0,2635.0,2752.0,2752.0,2752.0,2752.0,2752.0,2758.0,2758.0,2783.0,2783.0,2795.0,2807.0,2832.0,2832.0,2833.0,2851.0,2851.0,2873.0,2873.0,2873.0,2888.0,2893.0,2893.0,2904.0,2907.0,2907.0,2921.0,2921.0,2921.0,2922.0,2927.0,2939.0,2939.0,2939.0,2942.0,2942.0,2949.0,2949.0,2957.0,2960.0,2967.0,2968.0,2971.0,2971.0,2975.0,2980.0,2980.0,2984.0,2984.0,2986.0,2988.0,2988.0,2995.0,3001.0,3001.0,3001.0,3001.0,3010.0,3010.0,3012.0,3012.0,3015.0,3015.0,3018.0,3018.0,3018.0,3026.0,3026.0,3026.0,3033.0,3033.0,3033.0,3033.0,3033.0,3033.0,3033.0,3036.0,3036.0,3036.0,3036.0,3037.0,3037.0,3039.0,3042.0,3042.0,3042.0,3043.0,3043.0,3044.0,3044.0,3047.0,3047.0,3047.0,3047.0,3047.0,3048.0,3049.0,3051.0,3052.0,3053.0,3053.0,3053.0,3053.0,3053.0,3055.0,3055.0,3055.0,3057.0,3057.0,3057.0,3057.0,3064.0,3064.0,3064.0,3064.0,3064.0,3064.0,3064.0,3064.0,3064.0,3069.0,3069.0,3069.0,3069.0,3069.0,3069.0,3069.0,3069.0,3069.0,3069.0,3071.0,3073.0,3073.0,3073.0,3073.0,3073.0,3073.0,3076.0,3076.0,3076.0,3076.0,3076.0,3082.0,3082.0,3082.0,3082.0,3082.0,3082.0,3082.0,3082.0,3082.0,3084.0,3084.0,3084.0,3084.0,3084.0,3084.0,3084.0,3085.0,3085.0,3085.0,3085.0,3085.0,3085.0,3085.0,3085.0,3085.0,3088.0,3088.0,3088.0,3088.0,3088.0,3088.0,3088.0,3088.0,3088.0,3088.0,3088.0,3090.0,3090.0
tune_7,Testing/network-cor-forma_eu_27t.txt,0.05,0.05,0.03,50,3,0.8,0.01,components,4885.0,735.65,196,1514.0,2121.0,2121.0,2221.0,2464.0,2650.0,2650.0,2774.0,2863.0,3115.0,3627.0,3627.0,3627.0,3810.0,4076.0,4089.0,4115.0,4115.0,4115.0,4161.0,4204.0,4237.0,4299.0,4301.0,4332.0,4417.0,4417.0,4443.0,4525.0,4525.0,4545.0,4567.0,4572.0,4572.0,4593.0,4622.0,4632.0,4632.0,4640.0,4640.0,4643.0,4660.0,4661.0,4669.0,4669.0,4689.0,4690.0,4699.0,4705.0,4705.0,4705.0,4713.0,4715.0,4722.0,4725.0,4725.0,4739.0,4739.0,4740.0,4745.0,4745.0,4752.0,4753.0,4754.0,4761.0,4768.0,4775.0,4775.0,4775.0,4777.0,4777.0,4785.0,4785.0,4785.0,4791.0,4791.0,4807.0,4807.0,4807.0,4807.0,4807.0,4809.0,4809.0,4809.0,4810.0,4813.0,4815.0,4820.0,4824.0,4824.0,4824.0,4824.0,4824.0,4829.0,4829.0,4829.0,4834.0,4834.0,4834.0,4834.0,4836.0,4847.0,4847.0,4847.0,4847.0,4847.0,4847.0,4847.0,4850.0,4850.0,4850.0,4850.0,4850.0,4850.0,4850.0,4850.0,4850.0,4850.0,4852.0,4852.0,4854.0,4856.0,4856.0,4856.0,4856.0,4856.0,4856.0,4857.0,4858.0,4858.0,4858.0,4858.0,4860.0,4860.0,4860.0,4860.0,4860.0,4862.0,4864.0,4864.0,4865.0,4871.0,4871.0,4871.0,4871.0,4871.0,4871.0,4872.0,4872.0,4872.0,4872.0,4872.0,4872.0,4872.0,4872.0,4874.0,4874.0,4874.0,4874.0,4874.0,4874.0,4874.0,4874.0,4874.0,4875.0,4875.0,4875.0,4875.0,4875.0,4875.0,4878.0,4878.0,4878.0,4879.0,4879.0,4879.0,4879.0,4879.0,4879.0,4879.0,4879.0,4879.0,4884.0,4884.0,4884.0,4884.0,4884.0,4884.0,4884.0,4884.0,4884.0,4884.0,4884.0,4884.0,4884.0,4884.0,4885.0,4885.0,4885.0,4885.0
tune_8,Testing/network-cor-forma_eu_27t.txt,0.05,0.05,0.03,50,3,0.8,0.01,components,4409.0,741.84,197,1382.0,1444.0,2088.0,2143.0,2340.0,2340.0,2578.0,2654.0,2654.0,2766.0,2957.0,3023.0,3420.0,3420.0,3420.0,3420.0,3638.0,3638.0,3638.0,3661.0,3698.0,3747.0,3809.0,3883.0,3884.0,3927.0,3979.0,3990.0,3990.0,4001.0,4050.0,4089.0,4126.0,4126.0,4130.0,4173.0,4176.0,4185.0,4185.0,4185.0,4204.0,4211.0,4211.0,4211.0,4214.0,4221.0,4236.0,4236.0,4236.0,4244.0,4244.0,4244.0,4255.0,4262.0,4267.0,4267.0,4274.0,4274.0,4274.0,4276.0,4281.0,4284.0,4284.0,4287.0,4296.0,4296.0,4302.0,4302.0,4304.0,4309.0,4316.0,4316.0,4316.0,4319.0,4319.0,4319.0,4324.0,4327.0,4327.0,4328.0,4328.0,4328.0,4337.0,4337.0,4337.0,4337.0,4337.0,4339.0,4339.0,4339.0,4343.0,4343.0,4343.0,4343.0,4344.0,4344.0,4346.0,4350.0,4361.0,4361.0,4361.0,4361.0,4361.0,4361.0,4361.0,4361.0,4361.0,4361.0,4361.0,4361.0,4361.0,4365.0,4368.0,4368.0,4368.0,4369.0,4369.0,4369.0,4371.0,4373.0,4373.0,4373.0,4373.0,4374.0,4374.0,4378.0,4379.0,4379.0,4379.0,4379.0,4379.0,4381.0,4381.0,4381.0,4384.0,4384.0,4384.0,4384.0,4384.0,4384.0,4386.0,4386.0,4386.0,4386.0,4386.0,4388.0,4388.0,4388.0,4388.0,4392.0,4392.0,4392.0,4392.0,4395.0,4395.0,4395.0,4395.0,4395.0,4398.0,4398.0,4398.0,4398.0,4398.0,4398.0,4401.0,4401.0,4401.0,4401.0,4401.0,4401.0,4401.0,4401.0,4401.0,4401.0,4401.0,4401.0,4401.0,4401.0,4401.0,4401.0,4401.0,4401.0,4401.0,4401.0,4402.0,4402.0,4402.0,4402.0,4402.0,4407.0,4407.0,4407.0,4407.0,4407.0,4407.0,4408.0,4408.0,4409.0,4409.0,4409.0
tune_9,Testing/network-cor-forma_eu_27t.txt,0.05,0.05,0.03,50,3,0.8,0.01,components,4512.0,716.81,190,1618.0,2196.0,2518.0,2518.0,2633.0,2755.0,3037.0,3037.0,3103.0,3145.0,3179.0,3184.0,3277.0,3551.0,3551.0,3551.0,3680.0,3925.0,3925.0,3925.0,3965.0,3965.0,4030.0,4126.0,4245.0,4245.0,4245.0,4261.0,4277.0,4310.0,4310.0,4355.0,4355.0,4355.0,4355.0,4355.0,4363.0,4363.0,4363.0,4370.0,4370.0,4370.0,4372.0,4386.0,4386.0,4386.0,4387.0,4387.0,4396.0,4403.0,4407.0,4411.0,4411.0,4417.0,4422.0,4422.0,4422.0,4422.0,4422.0,4425.0,4430.0,4430.0,4433.0,4443.0,4443.0,4443.0,4443.0,4443.0,4445.0,4445.0,4445.0,4451.0,4451.0,4451.0,4451.0,4451.0,4451.0,4451.0,4453.0,4453.0,4456.0,4456.0,4457.0,4457.0,4462.0,4462.0,4462.0,4462.0,4462.0,4462.0,4467.0,4467.0,4467.0,4467.0,4467.0,4467.0,4471.0,4471.0,4471.0,4471.0,4476.0,4476.0,4476.0,4476.0,4476.0,4478.0,4478.0,4478.0,4478.0,4478.0,4478.0,4478.0,4478.0,4478.0,4478.0,4478.0,4478.0,4481.0,4481.0,4481.0,4482.0,4482.0,4487.0,4487.0,4487.0,4487.0,4488.0,4488.0,4488.0,4488.0,4488.0,4488.0,4488.0,4488.0,4489.0,4489.0,4489.0,4489.0,4489.0,4489.0,4492.0,4492.0,4492.0,4492.0,4492.0,4492.0,4493.0,4493.0,4493.0,4493.0,4493.0,4497.0,4497.0,4497.0,4497.0,4497.0,4497.0,4497.0,4500.0,4500.0,4500.0,4500.0,4500.0,4500.0,4500.0,4503.0,4503.0,4503.0,4503.0,4504.0,4507.0,4507.0,4507.0,4507.0,4507.0,4507.0,4507.0,4507.0,4507.0,4507.0,4508.0,4508.0,4508.0,4508.0,4508.0,4509.0,4509.0,4510.0,4510.0,4510.0,4512.0,4512.0,4512.0,4512.0,4512.0,4512.0,4512.0,4512.0,4512.0,4512.0
tune_10,Testing/network-cor-forma_eu_27t.txt,0.05,0.05,0.03,50,3,0.8,0.01,components,2171.0,724.60,193,702.0,759.0,885.0,885.0,889.0,1087.0,1087.0,1324.0,1367.0,1391.0,1583.0,1583.0,1606.0,1685.0,1714.0,1745.0,1745.0,1745.0,1757.0,1807.0,1807.0,1827.0,1834.0,1869.0,1878.0,1902.0,1908.0,1909.0,1927.0,1928.0,1946.0,1959.0,1959.0,1977.0,1977.0,1977.0,1981.0,1982.0,1995.0,1998.0,2001.0,2011.0,2011.0,2011.0,2028.0,2032.0,2032.0,2032.0,2032.0,2034.0,2045.0,2045.0,2049.0,2049.0,2051.0,2051.0,2062.0,2062.0,2064.0,2067.0,2067.0,2067.0,2071.0,2077.0,2077.0,2077.0,2077.0,2079.0,2085.0,2085.0,2090.0,2092.0,2092.0,2092.0,2092.0,2093.0,2093.0,2098.0,2099.0,2099.0,2105.0,2108.0,2108.0,2108.0,2118.0,2118.0,2118.0,2118.0,2118.0,2118.0,2118.0,2118.0,2118.0,2118.0,2123.0,2123.0,2123.0,2123.0,2123.0,2126.0,2126.0,2133.0,2133.0,2133.0,2134.0,2134.0,2134.0,2137.0,2137.0,2137.0,2138.0,2138.0,2138.0,2138.0,2138.0,2138.0,2140.0,2140.0,2140.0,2140.0,2140.0,2140.0,2140.0,2142.0,2142.0,2143.0,2143.0,2146.0,2146.0,2146.0,2148.0,2151.0,2151.0,2151.0,2151.0,2151.0,2151.0,2156.0,2156.0,2156.0,2156.0,2156.0,2156.0,2156.0,2156.0,2156.0,2156.0,2156.0,2156.0,2156.0,2156.0,2158.0,2158.0,2158.0,2159.0,2160.0,2160.0,2160.0,2160.0,2160.0,2162.0,2162.0,2162.0,2162.0,2163.0,2163.0,2163.0,2163.0,2165.0,2165.0,2165.0,2165.0,2167.0,2167.0,2167.0,2167.0,2167.0,2167.0,2167.0,2167.0,2167.0,2167.0,2167.0,2167.0,2167.0,2167.0,2167.0,2167.0,2167.0,2167.0,2167.0,2167.0,2168.0,2171.0,2171.0,2171.0,2171.0,2171.0,2171.0,2171.0
tune_1,Testing/network-cor-forma_eu_27t.txt,1.0,0.05,0.03,50,3,0.8,0.01,largest,6252.0,710.01,152,9807.0,8812.0,8681.0,8313.0,8205.0,8104.0,8032.0,7996.0,7620.0,7144.0,7144.0,6955.0,6955.0,6955.0,6907.0,6897.0,6706.0,6706.0,6694.0,6694.0,6651.0,6628.0,6577.0,6575.0,6522.0,6522.0,6522.0,6502.0,6496.0,6479.0,6471.0,6447.0,6447.0,6438.0,6433.0,6397.0,6397.0,6397.0,6381.0,6381.0,6381.0,6381.0,6368.0,6368.0,6368.0,6368.0,6347.0,6347.0,6347.0,6347.0,6346.0,6346.0,6342.0,6342.0,6342.0,6339.0,6338.0,6338.0,6338.0,6335.0,6335.0,6332.0,6329.0,6329.0,6329.0,6326.0,6320.0,6320.0,6320.0,6320.0,6317.0,6317.0,6317.0,6307.0,6307.0,6307.0,6307.0,6304.0,6304.0,6304.0,6302.0,6302.0,6302.0,6302.0,6296.0,6296.0,6290.0,6290.0,6290.0,6289.0,6289.0,6289.0,6289.0,6289.0,6289.0,6285.0,6285.0,6285.0,6285.0,6285.0,6283.0,6281.0,6281.0,6278.0,6278.0,6278.0,6276.0,6276.0,6276.0,6276.0,6276.0,6276.0,6276.0,6276.0,6276.0,6276.0,6276.0,6276.0,6275.0,6273.0,6270.0,6270.0,6270.0,6270.0,6270.0,6270.0,6270.0,6270.0,6267.0,6265.0,6260.0,6260.0,6258.0,6258.0,6258.0,6258.0,6258.0,6258.0,6258.0,6257.0,6257.0,6257.0,6257.0,6256.0,6256.0,6256.0,6254.0,6254.0,6254.0,6254.0,6254.0,6254.0,6252.0,6252.0,6252.0,6252.0,6252.0,6252.0,6252.0,6252.0,6252.0,6252.0,6252.0,6252.0,6252.0,6252.0,6252.0,6252.0,6252.0,6252.0,6252.0,6252.0,6252.0,6252.0,6252.0,6252.0,6252.0,6252.0,6252.0,6252.0,6252.0,6252.0,6252.0,6252.0,6252.0,6252.0,6252.0,6252.0,6252.0,6252.0,6252.0,6252.0,6252.0,6252.0,6252.0,6252.0,6252.0,6252.0,6252.0,6252.0
tune_2,Testing/network-cor-forma_eu_27t.txt,1.0,0.05,0.03,50,3,0.8,0.01,largest,3178.0,701.13,133,11868.0,11868.0,9568.0,9568.0,7944.0,6582.0,6026.0,6026.0,5520.0,5246.0,4821.0,4659.0,4459.0,4344.0,4067.0,4030.0,4030.0,4030.0,3858.0,3724.0,3717.0,3690.0,3625.0,3590.0,3576.0,3523.0,3478.0,3446.0,3413.0,3358.0,3358.0,3338.0,3314.0,3314.0,3314.0,3314.0,3314.0,3314.0,3306.0,3306.0,3305.0,3301.0,3296.0,3292.0,3282.0,3282.0,3281.0,3274.0,3272.0,3272.0,3271.0,3268.0,3264.0,3261.0,3261.0,3261.0,3258.0,3258.0,3253.0,3251.0,3245.0,3242.0,3241.0,3241.0,3239.0,3239.0,3236.0,3235.0,3233.0,3233.0,3230.0,3228.0,3228.0,3224.0,3224.0,3224.0,3218.0,3217.0,3216.0,3216.0,3211.0,3211.0,3209.0,3209.0,3209.0,3209.0,3206.0,3202.0,3202.0,3202.0,3202.0,3200.0,3200.0,3200.0,3200.0,3200.0,3198.0,3198.0,3198.0,3198.0,3197.0,3197.0,3192.0,3192.0,3192.0,3192.0,3191.0,3191.0,3189.0,3188.0,3187.0,3187.0,3187.0,3187.0,3186.0,3184.0,3184.0,3184.0,3182.0,3182.0,3182.0,3181.0,3181.0,3179.0,3179.0,3179.0,3179.0,3179.0,3179.0,3179.0,3179.0,3179.0,3179.0,3178.0,3178.0,3178.0,3178.0,3178.0,3178.0,3178.0,3178.0,3178.0,3178.0,3178.0,3178.0,3178.0,3178.0,3178.0,3178.0,3178.0,3178.0,3178.0,3178.0,3178.0,3178.0,3178.0,3178.0,3178.0,3178.0,3178.0,3178.0,3178.0,3178.0,3178.0,3178.0,3178.0,3178.0,3178.0,3178.0,3178.0,3178.0,3178.0,3178.0,3178.0,3178.0,3178.0,3178.0,3178.0,3178.0,3178.0,3178.0,3178.0,3178.0,3178.0,3178.0,3178.0,3178.0,3178.0,3178.0,3178.0,3178.0,3178.0,3178.0,3178.0,3178.0,3178.0,3178.0,3178.0,3178.0,3178.0
tune_3,Testing/network-cor-forma_eu_27t.txt,1.0,0.05,0.03,50,3,0.8,0.01,largest,5535.0,726.79,178,12029.0,10051.0,9533.0,8108.0,7561.0,7561.0,7561.0,7234.0,7234.0,6871.0,6672.0,6580.0,6519.0,6519.0,6480.0,6445.0,6366.0,6366.0,6295.0,6289.0,6256.0,6191.0,6144.0,6118.0,6090.0,6019.0,6019.0,6010.0,5993.0,5969.0,5969.0,5928.0,5928.0,5909.0,5909.0,5909.0,5904.0,5886.0,5872.0,5872.0,5872.0,5860.0,5851.0,5849.0,5849.0,5837.0,5837.0,5828.0,5828.0,5825.0,5825.0,5819.0,5811.0,5809.0,5802.0,5802.0,5800.0,5800.0,5800.0,5799.0,5796.0,5796.0,5796.0,5789.0,5789.0,5789.0,5785.0,5785.0,5785.0,5778.0,5777.0,5777.0,5769.0,5768.0,5766.0,5766.0,5718.0,5655.0,5610.0,5610.0,5610.0,5610.0,5604.0,5604.0,5604.0,5598.0,5598.0,5598.0,5597.0,5596.0,5595.0,5595.0,5588.0,5588.0,5588.0,5588.0,5587.0,5584.0,5584.0,5583.0,5583.0,5580.0,5580.0,5580.0,5576.0,5576.0,5576.0,5576.0,5571.0,5571.0,5571.0,5569.0,5569.0,5569.0,5569.0,5569.0,5566.0,5563.0,5563.0,5563.0,5563.0,5563.0,5563.0,5563.0,5562.0,5562.0,5556.0,5556.0,5556.0,5556.0,5556.0,5556.0,5556.0,5556.0,5555.0,5555.0,5555.0,5555.0,5551.0,5551.0,5551.0,5551.0,5551.0,5551.0,5549.0,5549.0,5549.0,5549.0,5548.0,5547.0,5547.0,5547.0,5546.0,5545.0,5543.0,5543.0,5543.0,5543.0,5543.0,5543.0,5542.0,5542.0,5542.0,5542.0,5540.0,5540.0,5540.0,5538.0,5537.0,5537.0,5537.0,5537.0,5537.0,5537.0,5537.0,5537.0,5536.0,5536.0,5535.0,5535.0,5535.0,5535.0,5535.0,5535.0,5535.0,5535.0,5535.0,5535.0,5535.0,5535.0,5535.0,5535.0,5535.0,5535.0,5535.0,5535.0,5535.0,5535.0,5535.0,5535.0
tune_4,Testing/network-cor-forma_eu_27t.txt,1.0,0.05,0.03,50,3,0.8,0.01,largest,6713.0,731.83,198,11780.0,9614.0,9512.0,9475.0,9271.0,8989.0,8989.0,8574.0,8372.0,8362.0,8293.0,8062.0,7878.0,7760.0,7716.0,7582.0,7582.0,7485.0,7485.0,7424.0,7349.0,7333.0,7294.0,7263.0,7193.0,7162.0,7146.0,7104.0,7039.0,7039.0,7039.0,7039.0,6989.0,6988.0,6988.0,6986.0,6963.0,6954.0,6948.0,6935.0,6931.0,6925.0,6920.0,6920.0,6905.0,6905.0,6905.0,6899.0,6899.0,6899.0,6895.0,6891.0,6890.0,6877.0,6877.0,6874.0,6873.0,6873.0,6840.0,6840.0,6840.0,6837.0,6835.0,6835.0,6835.0,6835.0,6829.0,6829.0,6824.0,6824.0,6820.0,6814.0,6814.0,6814.0,6809.0,6809.0,6803.0,6803.0,6801.0,6801.0,6800.0,6800.0,6800.0,6795.0,6793.0,6789.0,6789.0,6789.0,6789.0,6789.0,6786.0,6786.0,6783.0,6783.0,6782.0,6776.0,6776.0,6776.0,6776.0,6776.0,6776.0,6776.0,6775.0,6774.0,6774.0,6771.0,6769.0,6769.0,6769.0,6768.0,6761.0,6761.0,6758.0,6758.0,6758.0,6758.0,6758.0,6758.0,6758.0,6757.0,6754.0,6754.0,6754.0,6754.0,6751.0,6748.0,6748.0,6748.0,6748.0,6748.0,6748.0,6748.0,6746.0,6746.0,6746.0,6746.0,6746.0,6745.0,6744.0,6744.0,6744.0,6742.0,6742.0,6742.0,6739.0,6739.0,6739.0,6739.0,6739.0,6738.0,6738.0,6738.0,6738.0,6734.0,6734.0,6734.0,6734.0,6734.0,6733.0,6733.0,6733.0,6729.0,6729.0,6729.0,6729.0,6727.0,6727.0,6727.0,6727.0,6727.0,6727.0,6727.0,6727.0,6727.0,6727.0,6726.0,6726.0,6726.0,6726.0,6723.0,6723.0,6723.0,6721.0,6719.0,6719.0,6719.0,6719.0,6719.0,6719.0,6719.0,6719.0,6719.0,6716.0,6716.0,6716.0,6716.0,6714.0,6714.0,6713.0,6713.0
tune_5,Testing/network-cor-forma_eu_27t.txt,1.0,0.05,0.03,50,3,0.8,0.01,largest,4805.0,717.83,161,12026.0,11906.0,11597.0,9643.0,9643.0,8798.0,8739.0,7994.0,7234.0,7234.0,6814.0,6814.0,6602.0,5765.0,5765.0,5765.0,5765.0,5765.0,5666.0,5666.0,5550.0,5491.0,5468.0,5301.0,5301.0,5301.0,5272.0,5260.0,5198.0,5182.0,5182.0,5121.0,5086.0,5086.0,5024.0,5023.0,5018.0,5007.0,4994.0,4980.0,4980.0,4967.0,4967.0,4957.0,4956.0,4940.0,4940.0,4940.0,4940.0,4934.0,4934.0,4934.0,4932.0,4926.0,4926.0,4922.0,4918.0,4918.0,4913.0,4910.0,4908.0,4905.0,4905.0,4898.0,4898.0,4895.0,4895.0,4891.0,4891.0,4888.0,4888.0,4886.0,4881.0,4881.0,4881.0,4878.0,4878.0,4878.0,4878.0,4868.0,4868.0,4868.0,4868.0,4864.0,4864.0,4864.0,4860.0,4860.0,4860.0,4854.0,4854.0,4854.0,4854.0,4849.0,4849.0,4848.0,4841.0,4841.0,4841.0,4841.0,4841.0,4841.0,4841.0,4839.0,4839.0,4839.0,4839.0,4838.0,4838.0,4832.0,4832.0,4832.0,4832.0,4829.0,4829.0,4829.0,4829.0,4828.0,4828.0,4828.0,4825.0,4825.0,4825.0,4824.0,4824.0,4824.0,4823.0,4823.0,4822.0,4822.0,4822.0,4819.0,4819.0,4817.0,4817.0,4817.0,4817.0,4817.0,4817.0,4817.0,4816.0,4812.0,4812.0,4812.0,4812.0,4812.0,4812.0,4809.0,4809.0,4809.0,4809.0,4809.0,4808.0,4806.0,4806.0,4806.0,4806.0,4806.0,4806.0,4806.0,4806.0,4805.0,4805.0,4805.0,4805.0,4805.0,4805.0,4805.0,4805.0,4805.0,4805.0,4805.0,4805.0,4805.0,4805.0,4805.0,4805.0,4805.0,4805.0,4805.0,4805.0,4805.0,4805.0,4805.0,4805.0,4805.0,4805.0,4805.0,4805.0,4805.0,4805.0,4805.0,4805.0,4805.0,4805.0,4805.0,4805.0,4805.0,4805.0,4805.0
tune_6,Testing/network-cor-forma_eu_27t.txt,1.0,0.05,0.03,50,3,0.8,0.01,largest,6824.0,721.76,194,11789.0,9936.0,9936.0,9668.0,9195.0,9077.0,8582.0,8582.0,8350.0,8350.0,8350.0,8203.0,8120.0,8066.0,7826.0,7758.0,7712.0,7638.0,7477.0,7477.0,7477.0,7432.0,7392.0,7293.0,7293.0,7293.0,7249.0,7225.0,7202.0,7202.0,7153.0,7153.0,7110.0,7110.0,7104.0,7097.0,7067.0,7053.0,7052.0,7025.0,7025.0,7025.0,7017.0,7011.0,6996.0,6992.0,6992.0,6990.0,6989.0,6980.0,6969.0,6969.0,6951.0,6951.0,6951.0,6951.0,6951.0,6951.0,6951.0,6951.0,6951.0,6950.0,6949.0,6942.0,6942.0,6922.0,6922.0,6922.0,6922.0,6922.0,6922.0,6922.0,6916.0,6916.0,6911.0,6911.0,6911.0,6907.0,6904.0,6904.0,6904.0,6899.0,6899.0,6895.0,6895.0,6895.0,6894.0,6894.0,6894.0,6894.0,6887.0,6886.0,6883.0,6881.0,6881.0,6881.0,6878.0,6877.0,6875.0,6875.0,6875.0,6872.0,6872.0,6872.0,6871.0,6871.0,6871.0,6871.0,6869.0,6867.0,6867.0,6867.0,6863.0,6863.0,6861.0,6861.0,6859.0,6859.0,6857.0,6857.0,6852.0,6852.0,6852.0,6852.0,6852.0,6848.0,6848.0,6848.0,6848.0,6848.0,6847.0,6847.0,6847.0,6847.0,6847.0,6847.0,6847.0,6847.0,6847.0,6844.0,6844.0,6841.0,6841.0,6841.0,6841.0,6841.0,6841.0,6841.0,6841.0,6841.0,6836.0,6836.0,6836.0,6836.0,6836.0,6834.0,6834.0,6833.0,6833.0,6833.0,6833.0,6833.0,6833.0,6830.0,6830.0,6830.0,6830.0,6830.0,6830.0,6830.0,6830.0,6830.0,6830.0,6830.0,6829.0,6829.0,6826.0,6826.0,6826.0,6826.0,6826.0,6826.0,6826.0,6825.0,6825.0,6825.0,6825.0,6825.0,6825.0,6825.0,6825.0,6825.0,6825.0,6825.0,6824.0,6824.0,6824.0,6824.0,6824.0,6824.0
tune_7,Testing/network-cor-forma_eu_27t.txt,1.0,0.05,0.03,50,3,0.8,0.01,largest,8119.0,732.30,198,12022.0,12009.0,12009.0,9757.0,9752.0,9618.0,9604.0,9517.0,9353.0,9328.0,9030.0,9030.0,9026.0,8970.0,8894.0,8877.0,8848.0,8808.0,8747.0,8746.0,8658.0,8658.0,8657.0,8625.0,8612.0,8552.0,8552.0,8550.0,8521.0,8517.0,8472.0,8472.0,8463.0,8456.0,8444.0,8422.0,8412.0,8412.0,8412.0,8389.0,8389.0,8369.0,8369.0,8357.0,8356.0,8343.0,8339.0,8321.0,8321.0,8321.0,8315.0,8313.0,8299.0,8299.0,8296.0,8291.0,8273.0,8273.0,8273.0,8273.0,8273.0,8269.0,8267.0,8265.0,8260.0,8260.0,8257.0,8244.0,8244.0,8244.0,8242.0,8237.0,8237.0,8233.0,8233.0,8224.0,8223.0,8223.0,8223.0,8221.0,8219.0,8212.0,8212.0,8212.0,8211.0,8207.0,8207.0,8201.0,8201.0,8198.0,8198.0,8196.0,8191.0,8191.0,8191.0,8191.0,8187.0,8187.0,8187.0,8186.0,8184.0,8184.0,8184.0,8184.0,8182.0,8176.0,8176.0,8176.0,8176.0,8174.0,8174.0,8169.0,8169.0,8169.0,8168.0,8168.0,8168.0,8168.0,8168.0,8160.0,8159.0,8159.0,8159.0,8159.0,8159.0,8158.0,8149.0,8149.0,8149.0,8149.0,8149.0,8149.0,8149.0,8149.0,8149.0,8149.0,8149.0,8149.0,8149.0,8149.0,8147.0,8147.0,8144.0,8143.0,8143.0,8143.0,8138.0,8138.0,8138.0,8138.0,8138.0,8138.0,8138.0,8137.0,8137.0,8137.0,8137.0,8137.0,8137.0,8137.0,8137.0,8136.0,8136.0,8136.0,8134.0,8134.0,8134.0,8134.0,8133.0,8128.0,8128.0,8128.0,8128.0,8128.0,8128.0,8128.0,8128.0,8128.0,8126.0,8126.0,8126.0,8122.0,8122.0,8122.0,8122.0,8122.0,8122.0,8122.0,8122.0,8122.0,8122.0,8121.0,8121.0,8120.0,8120.0,8120.0,8120.0,8120.0,8119.0,8119.0
tune_8,Testing/network-cor-forma_eu_27t.txt,1.0,0.05,0.03,50,3,0.8,0.01,largest,6552.0,723.40,194,12062.0,12057.0,10149.0,9884.0,9884.0,9507.0,8572.0,8572.0,8572.0,7997.0,7876.0,7669.0,7669.0,7669.0,7576.0,7576.0,7449.0,7333.0,7333.0,7265.0,7170.0,7170.0,7093.0,7089.0,7064.0,7000.0,6985.0,6870.0,6870.0,6869.0,6869.0,6849.0,6848.0,6823.0,6823.0,6805.0,6779.0,6772.0,6757.0,6751.0,6751.0,6744.0,6736.0,6725.0,6725.0,6718.0,6698.0,6698.0,6698.0,6698.0,6698.0,6685.0,6685.0,6683.0,6683.0,6683.0,6680.0,6674.0,6674.0,6674.0,6667.0,6662.0,6662.0,6650.0,6650.0,6650.0,6640.0,6640.0,6640.0,6640.0,6640.0,6638.0,6638.0,6637.0,6637.0,6636.0,6636.0,6635.0,6635.0,6630.0,6630.0,6630.0,6626.0,6626.0,6622.0,6622.0,6617.0,6617.0,6617.0,6611.0,6611.0,6611.0,6611.0,6605.0,6605.0,6605.0,6605.0,6605.0,6605.0,6603.0,6599.0,6598.0,6598.0,6598.0,6598.0,6596.0,6592.0,6592.0,6592.0,6591.0,6591.0,6589.0,6589.0,6589.0,6589.0,6586.0,6586.0,6584.0,6584.0,6583.0,6583.0,6583.0,6582.0,6582.0,6582.0,6579.0,6579.0,6579.0,6579.0,6579.0,6578.0,6578.0,6571.0,6571.0,6571.0,6571.0,6571.0,6571.0,6571.0,6569.0,6568.0,6568.0,6568.0,6568.0,6568.0,6568.0,6567.0,6567.0,6567.0,6564.0,6564.0,6564.0,6564.0,6564.0,6564.0,6564.0,6564.0,6564.0,6561.0,6561.0,6561.0,6561.0,6561.0,6558.0,6558.0,6558.0,6557.0,6557.0,6557.0,6557.0,6557.0,6557.0,6557.0,6557.0,6557.0,6557.0,6557.0,6557.0,6554.0,6554.0,6554.0,6554.0,6554.0,6554.0,6554.0,6554.0,6554.0,6554.0,6554.0,6554.0,6553.0,6553.0,6553.0,6553.0,6552.0,6552.0,6552.0,6552.0,6552.0,6552.0
tune_9,Testing/network-cor-forma_eu_27t.txt,1.0,0.05,0.03,50,3,0.8,0.01,largest,12603.0,729.66,197,14094.0,14010.0,13869.0,13856.0,13802.0,13584.0,13523.0,13409.0,13388.0,13388.0,13339.0,13313.0,13296.0,13194.0,13194.0,13148.0,13148.0,13124.0,13095.0,13076.0,13032.0,12978.0,12978.0,12978.0,12959.0,12959.0,12949.0,12930.0,12861.0,12861.0,12861.0,12847.0,12847.0,12841.0,12839.0,12831.0,12831.0,12815.0,12814.0,12803.0,12795.0,12786.0,12786.0,12786.0,12770.0,12770.0,12770.0,12770.0,12767.0,12762.0,12756.0,12752.0,12742.0,12742.0,12742.0,12737.0,12737.0,12735.0,12727.0,12721.0,12721.0,12717.0,12709.0,12709.0,12709.0,12705.0,12705.0,12700.0,12692.0,12692.0,12692.0,12692.0,12683.0,12683.0,12683.0,12683.0,12683.0,12683.0,12683.0,12683.0,12683.0,12680.0,12672.0,12672.0,12672.0,12668.0,12668.0,12663.0,12663.0,12663.0,12663.0,12663.0,12663.0,12663.0,12662.0,12660.0,12650.0,12650.0,12650.0,12650.0,12650.0,12650.0,12650.0,12650.0,12650.0,12649.0,12649.0,12649.0,12649.0,12649.0,12645.0,12642.0,12642.0,12642.0,12642.0,12642.0,12642.0,12642.0,12641.0,12641.0,12641.0,12641.0,12641.0,12640.0,12640.0,12640.0,12640.0,12632.0,12632.0,12632.0,12632.0,12631.0,12631.0,12631.0,12631.0,12631.0,12631.0,12631.0,12631.0,12630.0,12628.0,12628.0,12623.0,12623.0,12623.0,12623.0,12623.0,12623.0,12622.0,12622.0,12622.0,12618.0,12618.0,12618.0,12618.0,12618.0,12618.0,12618.0,12618.0,12618.0,12618.0,12618.0,12618.0,12618.0,12618.0,12617.0,12617.0,12617.0,12616.0,12616.0,12616.0,12616.0,12616.0,12616.0,12610.0,12610.0,12610.0,12610.0,12610.0,12610.0,12610.0,12610.0,12610.0,12610.0,12610.0,12606.0,12606.0,12606.0,12606.0,12606.0,12606.0,12606.0,12606.0,12605.0,12604.0,12604.0,12604.0,12603.0,12603.0,12603.0
tune_10,Testing/network-cor-forma_eu_27t.txt,1.0,0.05,0.03,50,3,0.8,0.01,largest,5877.0,725.83,197,11933.0,9861.0,9668.0,8806.0,8521.0,8521.0,8184.0,7787.0,7647.0,7436.0,7436.0,7087.0,6913.0,6896.0,6871.0,6761.0,6703.0,6651.0,6551.0,6525.0,6467.0,6335.0,6335.0,6335.0,6329.0,6308.0,6277.0,6271.0,6221.0,6174.0,6174.0,6172.0,6168.0,6147.0,6111.0,6108.0,6108.0,6092.0,6092.0,6091.0,6076.0,6067.0,6058.0,6057.0,6049.0,6049.0,6039.0,6037.0,6025.0,6025.0,6025.0,6018.0,6018.0,6018.0,6011.0,6011.0,6011.0,6006.0,6002.0,6001.0,5995.0,5995.0,5995.0,5995.0,5983.0,5983.0,5983.0,5975.0,5975.0,5975.0,5975.0,5974.0,5972.0,5970.0,5966.0,5966.0,5960.0,5960.0,5960.0,5960.0,5956.0,5956.0,5953.0,5953.0,5948.0,5948.0,5948.0,5948.0,5941.0,5941.0,5941.0,5941.0,5941.0,5941.0,5941.0,5937.0,5937.0,5937.0,5937.0,5930.0,5930.0,5930.0,5930.0,5930.0,5930.0,5925.0,5925.0,5925.0,5923.0,5923.0,5923.0,5923.0,5923.0,5922.0,5915.0,5915.0,5915.0,5915.0,5915.0,5914.0,5914.0,5914.0,5914.0,5914.0,5910.0,5906.0,5906.0,5906.0,5906.0,5906.0,5906.0,5902.0,5902.0,5902.0,5902.0,5902.0,5902.0,5902.0,5901.0,5901.0,5900.0,5900.0,5900.0,5900.0,5900.0,5899.0,5896.0,5896.0,5896.0,5894.0,5894.0,5894.0,5894.0,5894.0,5894.0,5894.0,5893.0,5893.0,5893.0,5893.0,5890.0,5890.0,5890.0,5889.0,5889.0,5889.0,5889.0,5889.0,5889.0,5889.0,5889.0,5889.0,5888.0,5887.0,5887.0,5887.0,5886.0,5886.0,5886.0,5886.0,5886.0,5885.0,5884.0,5884.0,5884.0,5882.0,5882.0,5882.0,5881.0,5880.0,5880.0,5879.0,5879.0,5879.0,5879.0,5879.0,5879.0,5877.0,5877.0,5877.0
tune_1,Testing/network-cor-forma_eu_27t.txt,1.0,0.05,0.03,50,3,0.8,0.01,pairwise,14371487.0,732.52,196,68243376.0,68243376.0,51557179.0,37189133.0,37189133.0,30627463.0,25533171.0,25533171.0,23463032.0,22724735.0,21655479.0,21655479.0,21522925.0,21522925.0,21240429.0,20450381.0,19464745.0,19359628.0,19359628.0,19085544.0,17677214.0,17601603.0,17480758.0,17480758.0,17133860.0,16781253.0,16538939.0,16533079.0,16367356.0,16082261.0,16082261.0,15913752.0,15578140.0,15578140.0,15578140.0,15455417.0,15394589.0,15394589.0,15344904.0,15294651.0,15294651.0,15179549.0,15179549.0,15179549.0,15179549.0,15179549.0,15157952.0,15113921.0,15108449.0,15097470.0,15048067.0,15047991.0,15042445.0,15009486.0,14966247.0,14966247.0,14960308.0,14944143.0,14927304.0,14927304.0,14917224.0,14917224.0,14856830.0,14856830.0,14856830.0,14851517.0,14824714.0,14813394.0,14797620.0,14797620.0,14797620.0,14775608.0,14775608.0,14770446.0,14770446.0,14770446.0,14770235.0,14759239.0,14737672.0,14737672.0,14705274.0,14705274.0,14678168.0,14678043.0,14678043.0,14678043.0,14656800.0,14656800.0,14656800.0,14656800.0,14645753.0,14645753.0,14645753.0,14645593.0,14645408.0,14645408.0,14618666.0,14602971.0,14580773.0,14580773.0,14580773.0,14580773.0,14580773.0,14580773.0,14554228.0,14554228.0,14554228.0,14543561.0,14543561.0,14543561.0,14543561.0,14543561.0,14527177.0,14489422.0,14489422.0,14489422.0,14489422.0,14489422.0,14489422.0,14489422.0,14489422.0,14478550.0,14478550.0,14478550.0,14478550.0,14473315.0,14462648.0,14462648.0,14462648.0,14462648.0,14462648.0,14462648.0,14457393.0,14451735.0,14441260.0,14441260.0,14441260.0,14441260.0,14441260.0,14430545.0,14430545.0,14414463.0,14414463.0,14414463.0,14414463.0,14414463.0,14414463.0,14414463.0,14409255.0,14409255.0,14409255.0,14409180.0,14409180.0,14398308.0,14387556.0,14387556.0,14387556.0,14387556.0,14387556.0,14387556.0,14387556.0,14387556.0,14382166.0,14377020.0,14377020.0,14377020.0,14377020.0,14377020.0,14377020.0,14376913.0,14376893.0,14376893.0,14371631.0,14371631.0,14371631.0,14371631.0,14371612.0,14371612.0,14371564.0,14371561.0,14371553.0,14371553.0,14371528.0,14371514.0,14371514.0,14371514.0,14371514.0,14371510.0,14371510.0,14371501.0,14371501.0,14371501.0,14371498.0,14371494.0,14371491.0,14371491.0,14371487.0,14371487.0,14371487.0,14371487.0
tune_2,Testing/network-cor-forma_eu_27t.txt,1.0,0.05,0.03,50,3,0.8,0.01,pairwise,19096741.0,744.60,193,47518464.0,45761766.0,45761766.0,35620360.0,33427384.0,33427384.0,31447836.0,30684096.0,28551322.0,26765023.0,26223451.0,26223451.0,25370473.0,25370473.0,25162645.0,23993033.0,23993033.0,23772917.0,22861452.0,22861452.0,22380780.0,22380780.0,21882598.0,21882598.0,21882598.0,21650946.0,21212777.0,21212777.0,21212777.0,21212777.0,21173713.0,20653416.0,20653416.0,20653416.0,20422909.0,20422909.0,20395603.0,20395603.0,20395603.0,20344221.0,20198383.0,20198383.0,20198383.0,20122296.0,20084239.0,20040053.0,20040053.0,20016722.0,19970468.0,19970468.0,19951384.0,19913650.0,19901515.0,19851083.0,19851083.0,19851083.0,19851083.0,19825598.0,19731422.0,19731422.0,19731422.0,19731422.0,19725200.0,19725200.0,19693961.0,19693961.0,19675023.0,19668824.0,19668824.0,19668824.0,19668702.0,19624936.0,19624936.0,19600202.0,19593744.0,19593744.0,19574956.0,19574956.0,19562648.0,19543949.0,19543949.0,19543949.0,19519009.0,19519009.0,19518821.0,19518821.0,19481593.0,19481593.0,19481593.0,19481593.0,19481593.0,19481593.0,19481478.0,19481464.0,19469071.0,19443989.0,19443989.0,19443989.0,19443989.0,19425453.0,19425453.0,19425453.0,19413012.0,19413012.0,19413012.0,19413012.0,19394151.0,19394151.0,19394151.0,19394151.0,19394006.0,19387884.0,19387884.0,19387884.0,19357029.0,19356837.0,19356837.0,19344676.0,19344676.0,19344355.0,19344355.0,19344355.0,19338277.0,19325874.0,19325874.0,19294659.0,19294659.0,19294659.0,19294659.0,19263634.0,19263634.0,19263634.0,19263634.0,19263634.0,19263634.0,19263634.0,19263634.0,19263634.0,19263634.0,19263634.0,19263634.0,19251316.0,19238897.0,19238897.0,19220523.0,19220523.0,19220523.0,19220523.0,19220523.0,19220391.0,19220391.0,19207967.0,19201768.0,19201768.0,19201768.0,19189547.0,19177026.0,19177026.0,19177026.0,19177026.0,19177026.0,19177026.0,19177026.0,19177026.0,19164766.0,19164766.0,19164766.0,19164716.0,19164716.0,19164716.0,19152375.0,19152375.0,19152375.0,19152375.0,19152375.0,19152375.0,19133761.0,19133761.0,19133761.0,19133761.0,19133761.0,19133740.0,19133740.0,19133740.0,19127594.0,19127594.0,19127594.0,19127594.0,19121434.0,19121434.0,19121434.0,19121434.0,19121434.0,19096741.0,19096741.0,19096741.0,19096741.0,19096741.0,19096741.0,19096741.0
tune_3,Testing/network-cor-forma_eu_27t.txt,1.0,0.05,0.03,50,3,0.8,0.01,pairwise,12002037.0,730.12,197,68582685.0,68582685.0,35643087.0,33862844.0,25756598.0,25756598.0,24384212.0,20910569.0,20910569.0,20910569.0,18462544.0,18462544.0,18213025.0,16989335.0,16989335.0,16989335.0,16272170.0,16239893.0,16086129.0,14911201.0,14911201.0,14911201.0,14754711.0,14352190.0,14224092.0,13936198.0,13717464.0,13427357.0,13427357.0,13329830.0,13329830.0,13179671.0,13149318.0,13064394.0,13019793.0,12984509.0,12958561.0,12807008.0,12759003.0,12759003.0,12721262.0,12721262.0,12715571.0,12606320.0,12606320.0,12606320.0,12606320.0,12600677.0,12600677.0,12555798.0,12555798.0,12541764.0,12541764.0,12490465.0,12490465.0,12490465.0,12490465.0,12490465.0,12451353.0,12451353.0,12441751.0,12441751.0,12441327.0,12431618.0,12431618.0,12401116.0,12401116.0,12401116.0,12382396.0,12382396.0,12366461.0,12366461.0,12361972.0,12361972.0,12361972.0,12346992.0,12346992.0,12341808.0,12336430.0,12306834.0,12306834.0,12302021.0,12302021.0,12302021.0,12302021.0,12287228.0,12287099.0,12277624.0,12272792.0,12267960.0,12267960.0,12228183.0,12227352.0,12227352.0,12227352.0,12227352.0,12218067.0,12218067.0,12218067.0,12208360.0,12208360.0,12202821.0,12202821.0,12198804.0,12198804.0,12198804.0,12188181.0,12173780.0,12173780.0,12173780.0,12173780.0,12169316.0,12163996.0,12163996.0,12163996.0,12159474.0,12149002.0,12149002.0,12149002.0,12144255.0,12135092.0,12135092.0,12135092.0,12135092.0,12135092.0,12125114.0,12124773.0,12124773.0,12115349.0,12115349.0,12115349.0,12115349.0,12110389.0,12100517.0,12100517.0,12095396.0,12095396.0,12095396.0,12085781.0,12085781.0,12085781.0,12085781.0,12085781.0,12085693.0,12085274.0,12070899.0,12070899.0,12061441.0,12060497.0,12060497.0,12060497.0,12060497.0,12060497.0,12056099.0,12056099.0,12045902.0,12045902.0,12045902.0,12045902.0,12045902.0,12041629.0,12032174.0,12032174.0,12032174.0,12032171.0,12027216.0,12022237.0,12022237.0,12022237.0,12022102.0,12021851.0,12017718.0,12007837.0,12007837.0,12007766.0,12007732.0,12007579.0,12007563.0,12007563.0,12002909.0,12002722.0,12002690.0,12002634.0,12002140.0,12002140.0,12002140.0,12002061.0,12002061.0,12002053.0,12002053.0,12002053.0,12002046.0,12002046.0,12002046.0,12002046.0,12002038.0,12002038.0,12002037.0,12002037.0,12002037.0
tune_4,Testing/network-cor-forma_eu_27t.txt,1.0,0.05,0.03,50,3,0.8,0.01,pairwise,20306054.0,726.01,194,73832355.0,50076136.0,39295109.0,34923378.0,34923378.0,32721938.0,30824520.0,30824520.0,30824520.0,29315606.0,28563323.0,28164972.0,25989980.0,25371069.0,25371069.0,25174648.0,24379732.0,23818740.0,23818740.0,23729917.0,23729917.0,23080678.0,23080678.0,23006261.0,22930351.0,22400007.0,22254273.0,22254273.0,22048874.0,22048874.0,21956314.0,21869838.0,21869838.0,21862273.0,21830658.0,21718760.0,21607232.0,21606841.0,21599797.0,21586813.0,21534459.0,21534459.0,21507110.0,21435371.0,21389674.0,21330950.0,21330950.0,21325224.0,21324456.0,21266519.0,21239732.0,21221016.0,21188770.0,21188770.0,21175002.0,21136314.0,21136314.0,21129025.0,21103727.0,21103727.0,21097737.0,21097737.0,21077398.0,21057613.0,21018991.0,21018795.0,20973361.0,20973361.0,20973361.0,20973361.0,20973361.0,20883045.0,20883045.0,20883045.0,20877581.0,20877581.0,20844325.0,20844325.0,20844325.0,20844325.0,20844325.0,20831387.0,20831387.0,20786174.0,20786174.0,20786174.0,20767911.0,20747864.0,20747864.0,20747864.0,20742437.0,20709270.0,20709270.0,20709270.0,20709270.0,20697643.0,20697643.0,20697643.0,20665280.0,20657870.0,20657870.0,20657870.0,20625889.0,20625889.0,20625889.0,20625889.0,20625889.0,20625889.0,20620383.0,20620383.0,20612911.0,20612911.0,20612911.0,20612911.0,20593742.0,20593742.0,20593742.0,20580790.0,20580790.0,20580790.0,20574468.0,20561831.0,20561637.0,20561637.0,20504054.0,20504054.0,20504054.0,20504054.0,20504054.0,20504054.0,20504054.0,20478387.0,20478387.0,20478387.0,20478387.0,20478387.0,20478387.0,20478387.0,20465708.0,20465708.0,20452907.0,20446310.0,20427303.0,20420883.0,20420883.0,20414577.0,20414577.0,20414577.0,20414455.0,20401653.0,20401653.0,20395335.0,20395335.0,20389136.0,20389136.0,20389136.0,20382658.0,20382655.0,20382655.0,20376392.0,20376392.0,20376168.0,20376168.0,20369849.0,20363354.0,20363354.0,20363354.0,20363354.0,20350732.0,20350732.0,20350732.0,20350732.0,20350732.0,20350732.0,20350732.0,20350732.0,20350732.0,20350720.0,20344406.0,20337846.0,20331614.0,20331614.0,20331614.0,20331614.0,20331614.0,20331528.0,20331528.0,20331528.0,20331528.0,20331496.0,20325227.0,20325227.0,20325149.0,20325138.0,20306054.0,20306054.0,20306054.0,20306054.0,20306054.0,20306054.0
tune_5,Testing/network-cor-forma_eu_27t.txt,1.0,0.05,0.03,50,3,0.8,0.01,pairwise,19665178.0,726.73,198,71900680.0,50498236.0,47411689.0,45179678.0,38389129.0,36933820.0,35713606.0,32086018.0,31610877.0,30177314.0,29173344.0,29173344.0,28829120.0,27358032.0,27140666.0,27140666.0,25938794.0,25938794.0,25938794.0,24678371.0,24216354.0,23355613.0,23355613.0,23191120.0,23191120.0,23088926.0,22582850.0,22582850.0,22375955.0,21809035.0,21809035.0,21809035.0,21660452.0,21343257.0,21343257.0,21300115.0,21267887.0,21119698.0,21092740.0,20992402.0,20992402.0,20973090.0,20905764.0,20905764.0,20804714.0,20804714.0,20718757.0,20696211.0,20696211.0,20667009.0,20603071.0,20603071.0,20580554.0,20461670.0,20461670.0,20417614.0,20414271.0,20414271.0,20347203.0,20347203.0,20347099.0,20308668.0,20308668.0,20226502.0,20226502.0,20226502.0,20226502.0,20226502.0,20194901.0,20194901.0,20194901.0,20156684.0,20156684.0,20156684.0,20119119.0,20119081.0,20119081.0,20119081.0,20119081.0,20119081.0,20118762.0,20112321.0,20106204.0,20087183.0,20061773.0,20061773.0,20030273.0,20030273.0,20030273.0,20011180.0,20011180.0,20011180.0,20011140.0,19967168.0,19967001.0,19948297.0,19948297.0,19948297.0,19948062.0,19941696.0,19923023.0,19923023.0,19923023.0,19916488.0,19916488.0,19916488.0,19903869.0,19903869.0,19885252.0,19885252.0,19879043.0,19879043.0,19879043.0,19879043.0,19879043.0,19879043.0,19841180.0,19841180.0,19841180.0,19841180.0,19841180.0,19841180.0,19841180.0,19841180.0,19841092.0,19841092.0,19841092.0,19809586.0,19809586.0,19809586.0,19809586.0,19809586.0,19809586.0,19803329.0,19803329.0,19803329.0,19803329.0,19803329.0,19803329.0,19790760.0,19790760.0,19790760.0,19784472.0,19784472.0,19784439.0,19759137.0,19759137.0,19759137.0,19759137.0,19759137.0,19759137.0,19759137.0,19746611.0,19746611.0,19746611.0,19734257.0,19734257.0,19727904.0,19727904.0,19727879.0,19727879.0,19727879.0,19702743.0,19702743.0,19702743.0,19702743.0,19702743.0,19702743.0,19702743.0,19702743.0,19702743.0,19702740.0,19696549.0,19696549.0,19696549.0,19696528.0,19696528.0,19696521.0,19690305.0,19690235.0,19683964.0,19677735.0,19677735.0,19677727.0,19671434.0,19671434.0,19671434.0,19665197.0,19665197.0,19665197.0,19665197.0,19665192.0,19665192.0,19665192.0,19665190.0,19665181.0,19665181.0,19665181.0,19665178.0,19665178.0
tune_6,Testing/network-cor-forma_eu_27t.txt,1.0,0.05,0.03,50,3,0.8,0.01,pairwise,18352845.0,725.93,198,74050976.0,51284468.0,51284468.0,37146409.0,37146409.0,30766122.0,29788368.0,26609802.0,26609802.0,26018904.0,24772313.0,23349673.0,22675862.0,22675862.0,22675862.0,22634335.0,22634335.0,22076200.0,21864351.0,21478208.0,21058352.0,20980226.0,20723377.0,20492688.0,20492688.0,20492688.0,20492688.0,20407910.0,20211521.0,20092443.0,19870876.0,19751260.0,19751260.0,19738641.0,19607247.0,19532507.0,19532507.0,19463955.0,19376805.0,19376805.0,19351666.0,19345548.0,19345544.0,19289095.0,19289095.0,19227414.0,19227414.0,19215419.0,19177935.0,19177935.0,19153405.0,19141203.0,19073502.0,19030036.0,19030036.0,18993062.0,18993062.0,18993062.0,18993062.0,18987355.0,18925546.0,18925546.0,18925546.0,18925546.0,18907237.0,18907237.0,18901184.0,18882785.0,18882785.0,18858299.0,18858127.0,18858127.0,18846056.0,18809186.0,18809186.0,18809186.0,18809186.0,18809186.0,18802737.0,18772498.0,18772498.0,18772498.0,18772498.0,18754060.0,18753961.0,18753936.0,18753936.0,18747702.0,18742091.0,18711197.0,18711197.0,18705245.0,18705245.0,18705227.0,18632123.0,18632123.0,18632123.0,18632123.0,18632123.0,18632123.0,18632123.0,18632123.0,18625961.0,18607713.0,18607713.0,18589411.0,18589411.0,18589411.0,18589411.0,18571467.0,18571467.0,18571467.0,18571467.0,18559093.0,18559093.0,18559093.0,18559093.0,18559093.0,18553172.0,18553172.0,18553172.0,18553172.0,18528757.0,18528757.0,18528757.0,18528757.0,18516471.0,18516471.0,18516471.0,18504164.0,18504164.0,18504164.0,18504164.0,18492194.0,18492194.0,18492194.0,18480186.0,18480186.0,18479980.0,18479980.0,18479980.0,18467888.0,18467888.0,18467888.0,18467888.0,18437552.0,18437544.0,18437544.0,18437544.0,18431513.0,18431513.0,18419448.0,18419448.0,18419448.0,18419448.0,18419448.0,18419448.0,18407236.0,18407236.0,18407236.0,18407236.0,18401309.0,18401309.0,18401309.0,18401309.0,18401268.0,18395303.0,18389100.0,18389100.0,18389100.0,18389100.0,18389100.0,18389100.0,18376989.0,18376989.0,18376989.0,18376989.0,18376989.0,18376989.0,18376989.0,18376989.0,18376989.0,18376989.0,18376989.0,18376989.0,18376989.0,18376989.0,18359044.0,18359044.0,18359044.0,18352948.0,18352948.0,18352948.0,18352948.0,18352948.0,18352948.0,18352948.0,18352948.0,18352845.0,18352845.0
tune_7,Testing/network-cor-forma_eu_27t.txt,1.0,0.05,0.03,50,3,0.8,0.01,pairwise,5373293.0,713.67,178,67742291.0,66421781.0,34489652.0,34489652.0,32567477.0,30854573.0,30854573.0,21129315.0,21129315.0,16450826.0,14162630.0,11389933.0,11389933.0,8382885.0,7837169.0,7726053.0,6886754.0,6886754.0,6886754.0,6886754.0,6886754.0,6886754.0,6859755.0,6679308.0,6383783.0,6383783.0,6383783.0,6355162.0,6355162.0,6305304.0,6305304.0,6285864.0,6285864.0,6270984.0,5983241.0,5929358.0,5774674.0,5774674.0,5706954.0,5706954.0,5670492.0,5670492.0,5666306.0,5658234.0,5622370.0,5618562.0,5618562.0,5611430.0,5606790.0,5604781.0,5598154.0,5579526.0,5579526.0,5573482.0,5563734.0,5563734.0,5563734.0,5538794.0,5538794.0,5533366.0,5520200.0,5520200.0,5520200.0,5511497.0,5511497.0,5511497.0,5500610.0,5492961.0,5492961.0,5492961.0,5485914.0,5485914.0,5481888.0,5468419.0,5463580.0,5463580.0,5461829.0,5455302.0,5455302.0,5449853.0,5449853.0,5445036.0,5445036.0,5445036.0,5436585.0,5430057.0,5430057.0,5430057.0,5430026.0,5420819.0,5420819.0,5420819.0,5420819.0,5408157.0,5407528.0,5404481.0,5404481.0,5394497.0,5394497.0,5393742.0,5393742.0,5393742.0,5389015.0,5389015.0,5388532.0,5388081.0,5382403.0,5382403.0,5382403.0,5382403.0,5382062.0,5381906.0,5379211.0,5375435.0,5375435.0,5375435.0,5375351.0,5375351.0,5374899.0,5374899.0,5374899.0,5374899.0,5374899.0,5374604.0,5374534.0,5374534.0,5374534.0,5374534.0,5374484.0,5374484.0,5374218.0,5374174.0,5374174.0,5374174.0,5374174.0,5374113.0,5373877.0,5373877.0,5373763.0,5373763.0,5373712.0,5373712.0,5373712.0,5373682.0,5373682.0,5373682.0,5373682.0,5373682.0,5373569.0,5373449.0,5373449.0,5373449.0,5373434.0,5373434.0,5373398.0,5373398.0,5373398.0,5373398.0,5373392.0,5373392.0,5373361.0,5373361.0,5373361.0,5373361.0,5373361.0,5373339.0,5373339.0,5373321.0,5373321.0,5373321.0,5373321.0,5373319.0,5373297.0,5373297.0,5373297.0,5373294.0,5373294.0,5373294.0,5373293.0,5373293.0,5373293.0,5373293.0,5373293.0,5373293.0,5373293.0,5373293.0,5373293.0,5373293.0,5373293.0,5373293.0,5373293.0,5373293.0,5373293.0,5373293.0,5373293.0,5373293.0,5373293.0,5373293.0,5373293.0,5373293.0
tune_8,Testing/network-cor-forma_eu_27t.txt,1.0,0.05,0.03,50,3,0.8,0.01,pairwise,8091643.0,713.42,196,68559033.0,44726555.0,38572537.0,38572537.0,30127792.0,25063043.0,20767887.0,20767887.0,17328124.0,17328124.0,16320785.0,16259815.0,15738675.0,15738675.0,13424665.0,13424665.0,13377673.0,11934537.0,11934537.0,11731947.0,11534454.0,11534454.0,10000347.0,10000347.0,10000347.0,10000347.0,9617586.0,9456252.0,9212495.0,9094816.0,9029679.0,8954933.0,8916464.0,8809544.0,8726056.0,8714164.0,8637466.0,8636075.0,8589435.0,8582815.0,8575888.0,8571360.0,8551503.0,8524756.0,8524756.0,8498583.0,8496471.0,8476118.0,8454000.0,8454000.0,8454000.0,8454000.0,8448089.0,8433486.0,8433486.0,8433486.0,8420708.0,8420708.0,8418272.0,8414407.0,8398967.0,8396187.0,8392825.0,8385911.0,8382625.0,8371724.0,8371724.0,8366265.0,8362060.0,8344832.0,8337410.0,8337410.0,8336678.0,8329479.0,8328874.0,8328544.0,8299369.0,8299369.0,8299369.0,8299369.0,8285211.0,8284737.0,8277861.0,8274628.0,8269607.0,8260940.0,8260320.0,8252150.0,8252150.0,8241658.0,8238621.0,8238621.0,8236508.0,8217835.0,8217835.0,8217835.0,8213388.0,8208868.0,8200671.0,8200671.0,8200671.0,8187765.0,8187765.0,8187765.0,8187765.0,8187765.0,8187765.0,8177048.0,8177048.0,8177048.0,8177048.0,8177048.0,8152291.0,8152291.0,8152291.0,8152291.0,8152291.0,8150720.0,8150079.0,8137021.0,8137021.0,8137021.0,8137021.0,8137021.0,8137021.0,8136986.0,8132835.0,8132835.0,8132835.0,8129295.0,8120795.0,8120795.0,8120795.0,8120518.0,8113306.0,8113306.0,8112672.0,8112672.0,8108931.0,8104630.0,8104630.0,8101020.0,8101020.0,8101020.0,8101020.0,8097956.0,8093274.0,8093274.0,8092112.0,8092112.0,8092112.0,8092112.0,8092112.0,8092112.0,8092112.0,8092112.0,8092112.0,8092112.0,8092112.0,8092112.0,8091941.0,8091941.0,8091941.0,8091929.0,8091929.0,8091866.0,8091826.0,8091826.0,8091818.0,8091818.0,8091716.0,8091716.0,8091716.0,8091703.0,8091703.0,8091703.0,8091703.0,8091680.0,8091669.0,8091669.0,8091669.0,8091669.0,8091669.0,8091669.0,8091666.0,8091644.0,8091644.0,8091644.0,8091644.0,8091644.0,8091644.0,8091644.0,8091644.0,8091644.0,8091644.0,8091644.0,8091643.0,8091643.0,8091643.0,8091643.0
tune_9,Testing/network-cor-forma_eu_27t.txt,1.0,0.05,0.03,50,3,0.8,0.01,pairwise,16958005.0,727.18,182,72996086.0,70837460.0,47977421.0,43057255.0,43057255.0,42437832.0,40212182.0,40212182.0,37000130.0,33483308.0,33483308.0,30562876.0,29411063.0,29228402.0,27237652.0,26350306.0,25495521.0,25111429.0,23467403.0,23143362.0,22671157.0,22418532.0,21726674.0,21564146.0,21564146.0,20415117.0,20415117.0,20369234.0,20103673.0,19814815.0,19814815.0,19526427.0,19209254.0,19172880.0,19092437.0,18791595.0,18760261.0,18614311.0,18614311.0,18565576.0,18492180.0,18492180.0,18286856.0,18255530.0,17919643.0,17919643.0,17919643.0,17919643.0,17919643.0,17913659.0,17913659.0,17836394.0,17812107.0,17770487.0,17770487.0,17740552.0,17740552.0,17717246.0,17639659.0,17639659.0,17633932.0,17633932.0,17550898.0,17550898.0,17550898.0,17550898.0,17550779.0,17480060.0,17480060.0,17480060.0,17438628.0,17438628.0,17438628.0,17415101.0,17415101.0,17415101.0,17415101.0,17414961.0,17373795.0,17367906.0,17367906.0,17367906.0,17367906.0,17362042.0,17362042.0,17303108.0,17303108.0,17303108.0,17303108.0,17303108.0,17291723.0,17244460.0,17244460.0,17244460.0,17244460.0,17244460.0,17238532.0,17209155.0,17209155.0,17209155.0,17203317.0,17203317.0,17203195.0,17203195.0,17203195.0,17144783.0,17144783.0,17144783.0,17144783.0,17144783.0,17144783.0,17144783.0,17144775.0,17103969.0,17103969.0,17103969.0,17103969.0,17098002.0,17098002.0,17098002.0,17092170.0,17092170.0,17074680.0,17074680.0,17074680.0,17074680.0,17074680.0,17074680.0,17062937.0,17062937.0,17039862.0,17039862.0,17039862.0,17039862.0,17039862.0,17039862.0,17039862.0,17039585.0,17039474.0,17027997.0,17027997.0,17027956.0,17022262.0,17022262.0,17016453.0,17016453.0,17016453.0,17010544.0,17010502.0,17004669.0,16992933.0,16992933.0,16981455.0,16981455.0,16981455.0,16981455.0,16975642.0,16975642.0,16969743.0,16969727.0,16969647.0,16969647.0,16969647.0,16963929.0,16958101.0,16958056.0,16958056.0,16958056.0,16958056.0,16958056.0,16958018.0,16958018.0,16958018.0,16958013.0,16958013.0,16958013.0,16958013.0,16958013.0,16958012.0,16958010.0,16958010.0,16958007.0,16958005.0,16958005.0,16958005.0,16958005.0,16958005.0,16958005.0,16958005.0,16958005.0,16958005.0,16958005.0,16958005.0,16958005.0,16958005.0,16958005.0,16958005.0,16958005.0,16958005.0,16958005.0
tune_10,Testing/network-cor-forma_eu_27t.txt,1.0,0.05,0.03,50,3,0.8,0.01,pairwise,11657469.0,724.23,198,71028026.0,71028026.0,49042085.0,45578775.0,36273159.0,36273159.0,33992595.0,30287416.0,29236384.0,21347764.0,21347764.0,21347764.0,20034620.0,18650933.0,16640892.0,15800832.0,15148847.0,14368616.0,14191723.0,14191723.0,13890991.0,13890991.0,13890991.0,13572516.0,13572516.0,13526758.0,13451758.0,13318707.0,13212240.0,13064124.0,13022607.0,12766263.0,12766263.0,12766263.0,12606311.0,12584730.0,12569928.0,12518624.0,12439699.0,12425293.0,12405951.0,12405951.0,12405951.0,12320664.0,12320664.0,12295540.0,12276093.0,12261004.0,12256239.0,12242496.0,12163296.0,12163296.0,12163296.0,12163296.0,12163296.0,12138827.0,12138827.0,12113459.0,12064877.0,12064877.0,12064877.0,12064877.0,12064877.0,12064877.0,12064877.0,12064877.0,12064877.0,12039864.0,12039864.0,12039864.0,12039864.0,12030624.0,12030624.0,12021189.0,11981642.0,11981642.0,11981642.0,11981642.0,11972583.0,11962376.0,11923789.0,11923789.0,11923789.0,11923789.0,11923789.0,11923789.0,11923789.0,11913139.0,11894203.0,11894203.0,11879959.0,11879959.0,11879959.0,11879959.0,11870298.0,11870298.0,11870298.0,11870298.0,11870298.0,11860346.0,11860346.0,11826706.0,11826706.0,11826706.0,11826706.0,11826706.0,11817226.0,11817226.0,11797950.0,11797950.0,11797950.0,11788299.0,11788299.0,11788299.0,11788299.0,11788299.0,11778450.0,11778450.0,11773448.0,11758929.0,11758929.0,11758929.0,11758929.0,11758929.0,11758929.0,11749531.0,11749368.0,11749368.0,11749368.0,11749368.0,11749368.0,11744779.0,11744779.0,11744779.0,11744528.0,11730194.0,11730194.0,11729758.0,11729758.0,11729758.0,11729758.0,11729758.0,11729758.0,11729758.0,11710977.0,11710977.0,11710977.0,11710977.0,11710898.0,11701118.0,11691616.0,11691616.0,11691616.0,11691616.0,11691616.0,11691616.0,11691616.0,11686693.0,11686693.0,11686693.0,11681789.0,11681789.0,11681789.0,11677199.0,11677199.0,11672255.0,11672255.0,11672255.0,11672255.0,11672255.0,11667536.0,11667536.0,11667536.0,11667412.0,11667412.0,11658007.0,11658007.0,11658007.0,11657706.0,11657706.0,11657706.0,11657706.0,11657706.0,11657706.0,11657706.0,11657706.0,11657706.0,11657693.0,11657693.0,11657693.0,11657648.0,11657609.0,11657609.0,11657609.0,11657556.0,11657551.0,11657551.0,11657551.0,11657469.0,11657469.0
tune_1,Testing/network-cor-forma_eu_27t.txt,1.0,0.05,0.03,50,3,0.8,0.01,components,5199.0,738.68,199,1462.0,1578.0,2393.0,2439.0,2707.0,2787.0,3072.0,3416.0,3462.0,3654.0,3922.0,4206.0,4206.0,4206.0,4206.0,4206.0,4222.0,4342.0,4373.0,4373.0,4440.0,4536.0,4578.0,4578.0,4607.0,4655.0,4661.0,4710.0,4720.0,4754.0,4758.0,4814.0,4814.0,4816.0,4846.0,4847.0,4847.0,4907.0,4908.0,4937.0,4937.0,4946.0,4963.0,4963.0,4990.0,4990.0,4990.0,4999.0,5011.0,5012.0,5016.0,5016.0,5029.0,5033.0,5036.0,5039.0,5039.0,5054.0,5054.0,5056.0,5056.0,5060.0,5060.0,5064.0,5071.0,5071.0,5071.0,5078.0,5090.0,5091.0,5091.0,5091.0,5091.0,5093.0,5100.0,5108.0,5108.0,5108.0,5111.0,5111.0,5111.0,5118.0,5125.0,5125.0,5125.0,5125.0,5126.0,5126.0,5127.0,5129.0,5134.0,5134.0,5134.0,5140.0,5140.0,5147.0,5147.0,5147.0,5147.0,5147.0,5147.0,5147.0,5147.0,5147.0,5147.0,5147.0,5147.0,5149.0,5155.0,5155.0,5155.0,5156.0,5156.0,5159.0,5159.0,5161.0,5161.0,5161.0,5164.0,5164.0,5164.0,5164.0,5164.0,5164.0,5164.0,5164.0,5164.0,5166.0,5166.0,5173.0,5173.0,5173.0,5175.0,5175.0,5175.0,5175.0,5175.0,5175.0,5175.0,5175.0,5176.0,5176.0,5176.0,5176.0,5177.0,5177.0,5178.0,5178.0,5178.0,5181.0,5181.0,5181.0,5181.0,5181.0,5183.0,5183.0,5183.0,5186.0,5186.0,5186.0,5186.0,5186.0,5186.0,5186.0,5187.0,5187.0,5187.0,5189.0,5189.0,5189.0,5191.0,5191.0,5191.0,5193.0,5193.0,5193.0,5193.0,5193.0,5193.0,5194.0,5194.0,5194.0,5194.0,5194.0,5194.0,5194.0,5197.0,5197.0,5197.0,5197.0,5197.0,5197.0,5197.0,5198.0,5198.0,5198.0,5198.0,5198.0,5198.0,5199.0
tune_2,Testing/network-cor-forma_eu_27t.txt,1.0,0.05,0.03,50,3,0.8,0.01,components,4003.0,726.03,182,1659.0,2024.0,2295.0,2410.0,2518.0,2518.0,2632.0,3017.0,3017.0,3017.0,3105.0,3182.0,3242.0,3322.0,3463.0,3463.0,3463.0,3523.0,3523.0,3523.0,3571.0,3571.0,3603.0,3631.0,3667.0,3669.0,3669.0,3700.0,3702.0,3736.0,3740.0,3758.0,3762.0,3791.0,3805.0,3807.0,3807.0,3816.0,3825.0,3825.0,3836.0,3841.0,3847.0,3850.0,3857.0,3861.0,3862.0,3876.0,3876.0,3876.0,3886.0,3895.0,3895.0,3895.0,3903.0,3903.0,3907.0,3907.0,3913.0,3913.0,3913.0,3913.0,3913.0,3914.0,3915.0,3924.0,3924.0,3925.0,3926.0,3932.0,3932.0,3933.0,3933.0,3933.0,3933.0,3937.0,3938.0,3940.0,3940.0,3940.0,3941.0,3941.0,3945.0,3946.0,3946.0,3952.0,3952.0,3954.0,3954.0,3954.0,3954.0,3954.0,3954.0,3959.0,3959.0,3959.0,3961.0,3965.0,3973.0,3973.0,3973.0,3973.0,3973.0,3973.0,3973.0,3976.0,3976.0,3976.0,3976.0,3976.0,3976.0,3977.0,3977.0,3977.0,3977.0,3978.0,3981.0,3981.0,3981.0,3981.0,3981.0,3981.0,3981.0,3981.0,3983.0,3983.0,3983.0,3984.0,3985.0,3985.0,3985.0,3986.0,3986.0,3986.0,3986.0,3986.0,3986.0,3986.0,3986.0,3989.0,3989.0,3989.0,3989.0,3989.0,3989.0,3989.0,3989.0,3989.0,3993.0,3993.0,3993.0,3993.0,3993.0,3993.0,3993.0,3995.0,3995.0,3995.0,3996.0,3996.0,3996.0,3996.0,3996.0,3996.0,3996.0,3996.0,3996.0,3998.0,3998.0,3998.0,3998.0,3998.0,3998.0,4002.0,4002.0,4002.0,4002.0,4002.0,4002.0,4002.0,4002.0,4002.0,4003.0,4003.0,4003.0,4003.0,4003.0,4003.0,4003.0,4003.0,4003.0,4003.0,4003.0,4003.0,4003.0,4003.0,4003.0,4003.0,4003.0,4003.0
tune_3,Testing/network-cor-forma_eu_27t.txt,1.0,0.05,0.03,50,3,0.8,0.01,components,4471.0,734.95,190,1307.0,1472.0,1639.0,1639.0,2385.0,2434.0,2577.0,2724.0,2724.0,2877.0,2877.0,3100.0,3213.0,3287.0,3301.0,3398.0,3428.0,3464.0,3515.0,3608.0,3719.0,3719.0,3775.0,3775.0,3791.0,3881.0,3908.0,3956.0,3971.0,4044.0,4044.0,4092.0,4092.0,4116.0,4137.0,4142.0,4158.0,4206.0,4206.0,4210.0,4219.0,4222.0,4248.0,4263.0,4263.0,4266.0,4266.0,4279.0,4284.0,4284.0,4302.0,4302.0,4304.0,4318.0,4318.0,4318.0,4318.0,4330.0,4330.0,4336.0,4336.0,4339.0,4339.0,4350.0,4350.0,4355.0,4356.0,4359.0,4359.0,4364.0,4364.0,4370.0,4370.0,4373.0,4375.0,4375.0,4380.0,4380.0,4381.0,4386.0,4386.0,4390.0,4390.0,4390.0,4392.0,4392.0,4395.0,4395.0,4397.0,4401.0,4401.0,4401.0,4404.0,4404.0,4413.0,4413.0,4413.0,4418.0,4418.0,4418.0,4418.0,4418.0,4418.0,4418.0,4420.0,4420.0,4423.0,4423.0,4423.0,4430.0,4430.0,4430.0,4430.0,4430.0,4430.0,4430.0,4434.0,4434.0,4436.0,4436.0,4436.0,4437.0,4437.0,4437.0,4444.0,4444.0,4444.0,4444.0,4444.0,4444.0,4444.0,4444.0,4444.0,4446.0,4446.0,4450.0,4450.0,4450.0,4450.0,4450.0,4450.0,4450.0,4450.0,4450.0,4452.0,4452.0,4452.0,4457.0,4457.0,4457.0,4457.0,4457.0,4457.0,4458.0,4458.0,4458.0,4458.0,4458.0,4458.0,4458.0,4458.0,4458.0,4458.0,4458.0,4458.0,4458.0,4458.0,4458.0,4458.0,4458.0,4458.0,4459.0,4459.0,4462.0,4462.0,4462.0,4462.0,4462.0,4462.0,4462.0,4462.0,4462.0,4462.0,4462.0,4462.0,4462.0,4462.0,4462.0,4462.0,4462.0,4471.0,4471.0,4471.0,4471.0,4471.0,4471.0,4471.0,4471.0,4471.0,4471.0
tune_4,Testing/network-cor-forma_eu_27t.txt,1.0,0.05,0.03,50,3,0.8,0.01,components,5135.0,726.94,187,1766.0,1818.0,2191.0,2453.0,2736.0,2736.0,2736.0,3009.0,3029.0,3318.0,3708.0,3708.0,3708.0,3769.0,3769.0,3891.0,3891.0,3958.0,4160.0,4160.0,4266.0,4266.0,4279.0,4285.0,4357.0,4421.0,4448.0,4469.0,4537.0,4537.0,4541.0,4567.0,4584.0,4640.0,4650.0,4697.0,4725.0,4738.0,4772.0,4772.0,4801.0,4827.0,4834.0,4866.0,4866.0,4866.0,4871.0,4885.0,4909.0,4909.0,4946.0,4946.0,4955.0,4955.0,4955.0,4955.0,4961.0,4961.0,4974.0,4974.0,4974.0,4977.0,4985.0,5001.0,5001.0,5001.0,5004.0,5006.0,5008.0,5012.0,5013.0,5016.0,5016.0,5025.0,5025.0,5025.0,5026.0,5035.0,5035.0,5035.0,5047.0,5047.0,5055.0,5055.0,5055.0,5055.0,5058.0,5058.0,5061.0,5061.0,5067.0,5067.0,5067.0,5068.0,5074.0,5074.0,5083.0,5083.0,5083.0,5083.0,5083.0,5083.0,5083.0,5083.0,5087.0,5087.0,5087.0,5092.0,5092.0,5092.0,5092.0,5092.0,5100.0,5100.0,5100.0,5100.0,5100.0,5100.0,5101.0,5101.0,5101.0,5101.0,5102.0,5102.0,5105.0,5105.0,5107.0,5108.0,5108.0,5109.0,5109.0,5112.0,5112.0,5112.0,5112.0,5112.0,5112.0,5112.0,5116.0,5116.0,5116.0,5116.0,5116.0,5116.0,5116.0,5116.0,5119.0,5119.0,5119.0,5121.0,5121.0,5121.0,5121.0,5121.0,5121.0,5124.0,5124.0,5124.0,5124.0,5124.0,5124.0,5126.0,5126.0,5126.0,5126.0,5126.0,5127.0,5127.0,5127.0,5127.0,5127.0,5130.0,5132.0,5132.0,5132.0,5132.0,5132.0,5132.0,5132.0,5132.0,5132.0,5132.0,5133.0,5133.0,5133.0,5133.0,5133.0,5135.0,5135.0,5135.0,5135.0,5135.0,5135.0,5135.0,5135.0,5135.0,5135.0,5135.0,5135.0,5135.0
tune_5,Testing/network-cor-forma_eu_27t.txt,1.0,0.05,0.03,50,3,0.8,0.01,components,4610.0,729.24,198,2086.0,2086.0,2216.0,2399.0,2509.0,2715.0,2769.0,3142.0,3142.0,3142.0,3239.0,3286.0,3442.0,3589.0,3589.0,3701.0,3701.0,3701.0,3778.0,3885.0,3932.0,3990.0,4109.0,4162.0,4176.0,4193.0,4221.0,4234.0,4239.0,4272.0,4281.0,4301.0,4301.0,4314.0,4330.0,4341.0,4341.0,4373.0,4373.0,4373.0,4385.0,4391.0,4415.0,4415.0,4415.0,4417.0,4438.0,4438.0,4438.0,4441.0,4441.0,4465.0,4467.0,4467.0,4467.0,4472.0,4477.0,4480.0,4486.0,4486.0,4495.0,4495.0,4495.0,4495.0,4501.0,4501.0,4501.0,4506.0,4506.0,4506.0,4509.0,4509.0,4512.0,4512.0,4519.0,4519.0,4519.0,4522.0,4529.0,4529.0,4529.0,4529.0,4529.0,4529.0,4529.0,4542.0,4542.0,4546.0,4546.0,4546.0,4546.0,4546.0,4549.0,4549.0,4549.0,4550.0,4550.0,4550.0,4550.0,4561.0,4561.0,4561.0,4561.0,4562.0,4562.0,4568.0,4568.0,4568.0,4573.0,4573.0,4573.0,4573.0,4573.0,4573.0,4575.0,4575.0,4578.0,4578.0,4580.0,4580.0,4580.0,4580.0,4580.0,4580.0,4580.0,4581.0,4581.0,4581.0,4585.0,4585.0,4585.0,4585.0,4585.0,4589.0,4589.0,4589.0,4589.0,4591.0,4591.0,4591.0,4591.0,4591.0,4591.0,4592.0,4595.0,4595.0,4597.0,4597.0,4597.0,4597.0,4597.0,4597.0,4597.0,4597.0,4597.0,4597.0,4597.0,4597.0,4597.0,4597.0,4597.0,4597.0,4597.0,4598.0,4598.0,4599.0,4601.0,4604.0,4604.0,4604.0,4604.0,4604.0,4604.0,4604.0,4604.0,4604.0,4604.0,4604.0,4604.0,4604.0,4607.0,4607.0,4607.0,4607.0,4607.0,4607.0,4609.0,4609.0,4609.0,4609.0,4609.0,4609.0,4609.0,4609.0,4609.0,4609.0,4609.0,4609.0,4610.0,4610.0
tune_6,Testing/network-cor-forma_eu_27t.txt,1.0,0.05,0.03,50,3,0.8,0.01,components,4701.0,730.03,198,2048.0,2048.0,2240.0,2741.0,2741.0,2741.0,2741.0,2890.0,3095.0,3180.0,3295.0,3585.0,3668.0,3718.0,3718.0,3852.0,3928.0,3928.0,3932.0,4010.0,4044.0,4044.0,4132.0,4144.0,4154.0,4183.0,4211.0,4258.0,4281.0,4309.0,4365.0,4365.0,4365.0,4375.0,4375.0,4397.0,4398.0,4416.0,4430.0,4460.0,4460.0,4469.0,4469.0,4480.0,4482.0,4504.0,4504.0,4504.0,4511.0,4511.0,4518.0,4519.0,4527.0,4531.0,4545.0,4545.0,4553.0,4554.0,4554.0,4560.0,4562.0,4567.0,4567.0,4571.0,4571.0,4571.0,4573.0,4581.0,4582.0,4583.0,4588.0,4589.0,4589.0,4593.0,4597.0,4597.0,4601.0,4610.0,4610.0,4623.0,4623.0,4623.0,4623.0,4623.0,4623.0,4623.0,4625.0,4625.0,4625.0,4627.0,4629.0,4629.0,4632.0,4632.0,4634.0,4634.0,4639.0,4639.0,4640.0,4640.0,4645.0,4645.0,4650.0,4651.0,4651.0,4651.0,4651.0,4651.0,4657.0,4657.0,4657.0,4657.0,4657.0,4657.0,4657.0,4657.0,4657.0,4657.0,4659.0,4662.0,4662.0,4662.0,4662.0,4662.0,4663.0,4663.0,4666.0,4666.0,4666.0,4666.0,4666.0,4668.0,4669.0,4669.0,4669.0,4669.0,4669.0,4674.0,4674.0,4674.0,4674.0,4677.0,4679.0,4679.0,4679.0,4681.0,4681.0,4681.0,4681.0,4681.0,4681.0,4681.0,4681.0,4686.0,4686.0,4686.0,4686.0,4686.0,4686.0,4686.0,4686.0,4686.0,4686.0,4686.0,4686.0,4686.0,4688.0,4688.0,4688.0,4690.0,4691.0,4691.0,4691.0,4691.0,4691.0,4691.0,4691.0,4691.0,4691.0,4691.0,4691.0,4691.0,4698.0,4698.0,4698.0,4698.0,4698.0,4700.0,4700.0,4700.0,4700.0,4700.0,4700.0,4700.0,4700.0,4700.0,4700.0,4700.0,4701.0,4701.0
tune_7,Testing/network-cor-forma_eu_27t.txt,1.0,0.05,0.03,50,3,0.8,0.01,components,4404.0,733.69,194,1598.0,2016.0,2016.0,2021.0,2417.0,2530.0,2602.0,3139.0,3139.0,3266.0,3358.0,3446.0,3446.0,3586.0,3586.0,3586.0,3606.0,3661.0,3717.0,3843.0,3843.0,3885.0,3899.0,3933.0,3965.0,3965.0,3999.0,4045.0,4045.0,4045.0,4054.0,4097.0,4097.0,4100.0,4131.0,4133.0,4147.0,4175.0,4175.0,4201.0,4201.0,4201.0,4201.0,4221.0,4225.0,4225.0,4231.0,4243.0,4243.0,4243.0,4255.0,4268.0,4268.0,4268.0,4269.0,4278.0,4278.0,4283.0,4283.0,4287.0,4287.0,4289.0,4289.0,4297.0,4297.0,4298.0,4298.0,4308.0,4308.0,4308.0,4308.0,4313.0,4313.0,4313.0,4320.0,4320.0,4322.0,4322.0,4322.0,4324.0,4324.0,4332.0,4332.0,4332.0,4335.0,4336.0,4338.0,4342.0,4342.0,4346.0,4346.0,4346.0,4347.0,4347.0,4347.0,4347.0,4347.0,4349.0,4353.0,4353.0,4353.0,4353.0,4353.0,4353.0,4353.0,4353.0,4365.0,4365.0,4365.0,4365.0,4365.0,4365.0,4365.0,4368.0,4368.0,4368.0,4371.0,4371.0,4371.0,4371.0,4371.0,4371.0,4374.0,4374.0,4374.0,4374.0,4374.0,4374.0,4374.0,4376.0,4376.0,4376.0,4376.0,4376.0,4376.0,4381.0,4381.0,4381.0,4381.0,4381.0,4381.0,4381.0,4383.0,4383.0,4383.0,4383.0,4384.0,4384.0,4384.0,4385.0,4385.0,4385.0,4385.0,4385.0,4385.0,4386.0,4386.0,4390.0,4390.0,4390.0,4390.0,4390.0,4390.0,4390.0,4390.0,4393.0,4393.0,4393.0,4393.0,4393.0,4399.0,4399.0,4399.0,4399.0,4399.0,4399.0,4399.0,4399.0,4399.0,4399.0,4399.0,4399.0,4399.0,4399.0,4399.0,4399.0,4399.0,4399.0,4399.0,4400.0,4400.0,4403.0,4403.0,4403.0,4404.0,4404.0,4404.0,4404.0,4404.0,4404.0
tune_8,Testing/network-cor-forma_eu_27t.txt,1.0,0.05,0.03,50,3,0.8,0.01,components,4774.0,721.34,190,1365.0,1365.0,1365.0,1452.0,2157.0,2253.0,2672.0,2921.0,2921.0,3029.0,3096.0,3096.0,3130.0,3316.0,3398.0,3456.0,3472.0,3613.0,3764.0,3764.0,3806.0,3851.0,3960.0,3960.0,4133.0,4207.0,4207.0,4292.0,4304.0,4328.0,4355.0,4355.0,4383.0,4421.0,4426.0,4426.0,4483.0,4487.0,4498.0,4524.0,4566.0,4566.0,4566.0,4566.0,4574.0,4574.0,4586.0,4587.0,4601.0,4601.0,4620.0,4620.0,4620.0,4620.0,4638.0,4638.0,4650.0,4650.0,4650.0,4650.0,4654.0,4659.0,4659.0,4662.0,4663.0,4667.0,4667.0,4669.0,4673.0,4677.0,4677.0,4677.0,4677.0,4691.0,4691.0,4695.0,4695.0,4695.0,4695.0,4698.0,4698.0,4702.0,4702.0,4702.0,4707.0,4707.0,4709.0,4711.0,4717.0,4717.0,4717.0,4720.0,4720.0,4720.0,4720.0,4720.0,4722.0,4722.0,4725.0,4732.0,4732.0,4732.0,4732.0,4732.0,4732.0,4732.0,4732.0,4735.0,4735.0,4735.0,4735.0,4736.0,4736.0,4736.0,4736.0,4736.0,4737.0,4751.0,4751.0,4751.0,4751.0,4751.0,4751.0,4751.0,4751.0,4751.0,4751.0,4751.0,4751.0,4753.0,4753.0,4753.0,4753.0,4753.0,4754.0,4754.0,4754.0,4754.0,4755.0,4755.0,4755.0,4755.0,4755.0,4758.0,4758.0,4758.0,4758.0,4758.0,4758.0,4758.0,4758.0,4763.0,4763.0,4763.0,4763.0,4763.0,4763.0,4763.0,4763.0,4763.0,4763.0,4763.0,4763.0,4763.0,4763.0,4768.0,4768.0,4768.0,4769.0,4769.0,4769.0,4769.0,4769.0,4769.0,4769.0,4769.0,4770.0,4771.0,4771.0,4771.0,4771.0,4771.0,4771.0,4771.0,4771.0,4771.0,4771.0,4771.0,4771.0,4771.0,4774.0,4774.0,4774.0,4774.0,4774.0,4774.0,4774.0,4774.0,4774.0,4774.0
tune_9,Testing/network-cor-forma_eu_27t.txt,1.0,0.05,0.03,50,3,0.8,0.01,components,4750.0,673.17,199,1636.0,1787.0,1872.0,2363.0,2363.0,2735.0,2822.0,2996.0,2996.0,3313.0,3313.0,3400.0,3607.0,3612.0,3733.0,3791.0,3977.0,3977.0,3977.0,4114.0,4187.0,4187.0,4189.0,4249.0,4328.0,4332.0,4332.0,4333.0,4376.0,4376.0,4387.0,4443.0,4443.0,4443.0,4453.0,4483.0,4492.0,4492.0,4492.0,4505.0,4518.0,4532.0,4532.0,4545.0,4545.0,4549.0,4555.0,4556.0,4563.0,4575.0,4575.0,4578.0,4580.0,4582.0,4587.0,4587.0,4597.0,4597.0,4605.0,4605.0,4605.0,4605.0,4606.0,4609.0,4616.0,4616.0,4616.0,4616.0,4616.0,4623.0,4629.0,4629.0,4629.0,4633.0,4633.0,4633.0,4633.0,4633.0,4636.0,4636.0,4641.0,4641.0,4641.0,4642.0,4649.0,4649.0,4654.0,4654.0,4654.0,4654.0,4655.0,4657.0,4657.0,4657.0,4658.0,4658.0,4661.0,4666.0,4669.0,4669.0,4669.0,4669.0,4669.0,4669.0,4669.0,4670.0,4674.0,4674.0,4674.0,4680.0,4680.0,4680.0,4680.0,4686.0,4686.0,4686.0,4686.0,4686.0,4686.0,4686.0,4689.0,4689.0,4689.0,4689.0,4689.0,4689.0,4689.0,4709.0,4709.0,4709.0,4719.0,4719.0,4719.0,4719.0,4719.0,4719.0,4719.0,4721.0,4721.0,4721.0,4721.0,4721.0,4723.0,4725.0,4725.0,4726.0,4726.0,4726.0,4726.0,4726.0,4726.0,4726.0,4726.0,4728.0,4728.0,4732.0,4732.0,4732.0,4732.0,4732.0,4732.0,4732.0,4732.0,4732.0,4732.0,4732.0,4732.0,4732.0,4733.0,4733.0,4733.0,4734.0,4734.0,4734.0,4735.0,4735.0,4735.0,4742.0,4742.0,4742.0,4742.0,4742.0,4742.0,4742.0,4742.0,4742.0,4742.0,4742.0,4742.0,4745.0,4745.0,4745.0,4745.0,4745.0,4745.0,4745.0,4747.0,4747.0,4747.0,4750.0
tune_10,Testing/network-cor-forma_eu_27t.txt,1.0,0.05,0.03,50,3,0.8,0.01,components,5201.0,665.34,187,1401.0,2125.0,2125.0,2361.0,2844.0,2921.0,2921.0,3105.0,3105.0,3258.0,3639.0,3808.0,3937.0,3937.0,4064.0,4064.0,4168.0,4195.0,4206.0,4225.0,4270.0,4312.0,4403.0,4474.0,4513.0,4614.0,4660.0,4699.0,4725.0,4750.0,4808.0,4815.0,4853.0,4853.0,4861.0,4875.0,4898.0,4922.0,4949.0,4949.0,4971.0,4979.0,4991.0,4991.0,5000.0,5005.0,5025.0,5025.0,5028.0,5035.0,5035.0,5037.0,5044.0,5047.0,5049.0,5062.0,5066.0,5072.0,5073.0,5073.0,5076.0,5083.0,5083.0,5090.0,5101.0,5101.0,5105.0,5105.0,5105.0,5112.0,5118.0,5118.0,5118.0,5122.0,5122.0,5123.0,5123.0,5129.0,5129.0,5129.0,5129.0,5129.0,5141.0,5141.0,5141.0,5141.0,5141.0,5141.0,5141.0,5141.0,5142.0,5148.0,5148.0,5148.0,5151.0,5151.0,5153.0,5153.0,5153.0,5153.0,5153.0,5155.0,5156.0,5156.0,5156.0,5156.0,5157.0,5158.0,5158.0,5165.0,5165.0,5165.0,5165.0,5165.0,5165.0,5166.0,5166.0,5166.0,5166.0,5167.0,5167.0,5167.0,5169.0,5169.0,5169.0,5169.0,5169.0,5169.0,5169.0,5169.0,5172.0,5176.0,5176.0,5176.0,5176.0,5180.0,5180.0,5180.0,5180.0,5180.0,5180.0,5182.0,5182.0,5182.0,5182.0,5184.0,5184.0,5184.0,5184.0,5184.0,5185.0,5185.0,5185.0,5185.0,5185.0,5185.0,5188.0,5188.0,5188.0,5188.0,5188.0,5197.0,5197.0,5197.0,5197.0,5197.0,5197.0,5197.0,5197.0,5197.0,5197.0,5197.0,5197.0,5197.0,5197.0,5197.0,5197.0,5197.0,5197.0,5197.0,5197.0,5197.0,5197.0,5197.0,5197.0,5197.0,5197.0,5201.0,5201.0,5201.0,5201.0,5201.0,5201.0,5201.0,5201.0,5201.0,5201.0,5201.0,5201.0,5201.0
