run_id,input_file,budget,node_fraction,edge_fraction,population_size,tournament_size,p_crossover,p_mutation,payoff_function,best_fitness,runtime_seconds
tune_1,Tuning/bog_150_p0.1_2.txt,0.15,0.05,0.03,50,3,0.8,0.01,pairwise,10153.0,2.85
tune_2,Tuning/bog_150_p0.1_2.txt,0.15,0.05,0.03,50,3,0.8,0.01,pairwise,10153.0,2.92
tune_3,Tuning/bog_150_p0.1_2.txt,0.15,0.05,0.03,50,3,0.8,0.01,pairwise,10153.0,2.90
tune_4,Tuning/bog_150_p0.1_2.txt,0.15,0.05,0.03,50,3,0.8,0.01,pairwise,10153.0,2.90
tune_5,Tuning/bog_150_p0.1_2.txt,0.15,0.05,0.03,50,3,0.8,0.01,pairwise,10153.0,2.91
tune_6,Tuning/bog_150_p0.1_2.txt,0.15,0.05,0.03,50,3,0.8,0.01,pairwise,10153.0,2.93
tune_7,Tuning/bog_150_p0.1_2.txt,0.15,0.05,0.03,50,3,0.8,0.01,pairwise,10153.0,2.93
tune_8,Tuning/bog_150_p0.1_2.txt,0.15,0.05,0.03,50,3,0.8,0.01,pairwise,10153.0,2.90
tune_9,Tuning/bog_150_p0.1_2.txt,0.15,0.05,0.03,50,3,0.8,0.01,pairwise,10153.0,2.90
tune_10,Tuning/bog_150_p0.1_2.txt,0.15,0.05,0.03,50,3,0.8,0.01,pairwise,10153.0,2.87
tune_1,Tuning/cor_dolphins-w.txt,0.15,0.05,0.03,50,3,0.8,0.01,pairwise,1275.0,1.24
tune_2,Tuning/cor_dolphins-w.txt,0.15,0.05,0.03,50,3,0.8,0.01,pairwise,1326.0,1.24
tune_3,Tuning/cor_dolphins-w.txt,0.15,0.05,0.03,50,3,0.8,0.01,pairwise,1275.0,1.23
tune_4,Tuning/cor_dolphins-w.txt,0.15,0.05,0.03,50,3,0.8,0.01,pairwise,1275.0,1.25
tune_5,Tuning/cor_dolphins-w.txt,0.15,0.05,0.03,50,3,0.8,0.01,pairwise,1275.0,1.23
tune_6,Tuning/cor_dolphins-w.txt,0.15,0.05,0.03,50,3,0.8,0.01,pairwise,1275.0,1.23
tune_7,Tuning/cor_dolphins-w.txt,0.15,0.05,0.03,50,3,0.8,0.01,pairwise,1275.0,1.23
tune_8,Tuning/cor_dolphins-w.txt,0.15,0.05,0.03,50,3,0.8,0.01,pairwise,1275.0,1.24
tune_9,Tuning/cor_dolphins-w.txt,0.15,0.05,0.03,50,3,0.8,0.01,pairwise,1275.0,1.22
tune_10,Tuning/cor_dolphins-w.txt,0.15,0.05,0.03,50,3,0.8,0.01,pairwise,1326.0,1.25
tune_1,Tuning/hos_35_r1_1.txt,0.15,0.05,0.03,50,3,0.8,0.01,pairwise,468.0,1.06
tune_2,Tuning/hos_35_r1_1.txt,0.15,0.05,0.03,50,3,0.8,0.01,pairwise,441.0,1.07
tune_3,Tuning/hos_35_r1_1.txt,0.15,0.05,0.03,50,3,0.8,0.01,pairwise,468.0,1.05
tune_4,Tuning/hos_35_r1_1.txt,0.15,0.05,0.03,50,3,0.8,0.01,pairwise,468.0,1.05
tune_5,Tuning/hos_35_r1_1.txt,0.15,0.05,0.03,50,3,0.8,0.01,pairwise,441.0,1.06
tune_6,Tuning/hos_35_r1_1.txt,0.15,0.05,0.03,50,3,0.8,0.01,pairwise,496.0,1.06
tune_7,Tuning/hos_35_r1_1.txt,0.15,0.05,0.03,50,3,0.8,0.01,pairwise,468.0,1.06
tune_8,Tuning/hos_35_r1_1.txt,0.15,0.05,0.03,50,3,0.8,0.01,pairwise,466.0,1.06
tune_9,Tuning/hos_35_r1_1.txt,0.15,0.05,0.03,50,3,0.8,0.01,pairwise,466.0,1.05
tune_10,Tuning/hos_35_r1_1.txt,0.15,0.05,0.03,50,3,0.8,0.01,pairwise,441.0,1.07
tune_1,Tuning/mac_grafo20dens30.txt,0.15,0.05,0.03,50,3,0.8,0.01,pairwise,171.0,1.06
tune_2,Tuning/mac_grafo20dens30.txt,0.15,0.05,0.03,50,3,0.8,0.01,pairwise,153.0,1.06
tune_3,Tuning/mac_grafo20dens30.txt,0.15,0.05,0.03,50,3,0.8,0.01,pairwise,153.0,1.03
tune_4,Tuning/mac_grafo20dens30.txt,0.15,0.05,0.03,50,3,0.8,0.01,pairwise,153.0,1.05
tune_5,Tuning/mac_grafo20dens30.txt,0.15,0.05,0.03,50,3,0.8,0.01,pairwise,153.0,1.06
tune_6,Tuning/mac_grafo20dens30.txt,0.15,0.05,0.03,50,3,0.8,0.01,pairwise,153.0,1.06
tune_7,Tuning/mac_grafo20dens30.txt,0.15,0.05,0.03,50,3,0.8,0.01,pairwise,153.0,1.06
tune_8,Tuning/mac_grafo20dens30.txt,0.15,0.05,0.03,50,3,0.8,0.01,pairwise,153.0,1.03
tune_9,Tuning/mac_grafo20dens30.txt,0.15,0.05,0.03,50,3,0.8,0.01,pairwise,153.0,1.06
tune_10,Tuning/mac_grafo20dens30.txt,0.15,0.05,0.03,50,3,0.8,0.01,pairwise,171.0,1.05
tune_1,Tuning/bog_150_p0.1_2.txt,0.15,0.05,0.03,50,3,0.8,0.02,pairwise,10153.0,2.90
tune_2,Tuning/bog_150_p0.1_2.txt,0.15,0.05,0.03,50,3,0.8,0.02,pairwise,10153.0,2.91
tune_3,Tuning/bog_150_p0.1_2.txt,0.15,0.05,0.03,50,3,0.8,0.02,pairwise,10153.0,2.90
tune_4,Tuning/bog_150_p0.1_2.txt,0.15,0.05,0.03,50,3,0.8,0.02,pairwise,10153.0,2.91
tune_5,Tuning/bog_150_p0.1_2.txt,0.15,0.05,0.03,50,3,0.8,0.02,pairwise,10153.0,2.90
tune_6,Tuning/bog_150_p0.1_2.txt,0.15,0.05,0.03,50,3,0.8,0.02,pairwise,10153.0,2.90
tune_7,Tuning/bog_150_p0.1_2.txt,0.15,0.05,0.03,50,3,0.8,0.02,pairwise,10153.0,2.91
tune_8,Tuning/bog_150_p0.1_2.txt,0.15,0.05,0.03,50,3,0.8,0.02,pairwise,10153.0,2.93
tune_9,Tuning/bog_150_p0.1_2.txt,0.15,0.05,0.03,50,3,0.8,0.02,pairwise,10153.0,2.92
tune_10,Tuning/bog_150_p0.1_2.txt,0.15,0.05,0.03,50,3,0.8,0.02,pairwise,10153.0,2.89
tune_1,Tuning/cor_dolphins-w.txt,0.15,0.05,0.03,50,3,0.8,0.02,pairwise,1326.0,1.23
tune_2,Tuning/cor_dolphins-w.txt,0.15,0.05,0.03,50,3,0.8,0.02,pairwise,1275.0,1.26
tune_3,Tuning/cor_dolphins-w.txt,0.15,0.05,0.03,50,3,0.8,0.02,pairwise,1275.0,1.24
tune_4,Tuning/cor_dolphins-w.txt,0.15,0.05,0.03,50,3,0.8,0.02,pairwise,1326.0,1.25
tune_5,Tuning/cor_dolphins-w.txt,0.15,0.05,0.03,50,3,0.8,0.02,pairwise,877.0,1.23
tune_6,Tuning/cor_dolphins-w.txt,0.15,0.05,0.03,50,3,0.8,0.02,pairwise,1226.0,1.24
tune_7,Tuning/cor_dolphins-w.txt,0.15,0.05,0.03,50,3,0.8,0.02,pairwise,1275.0,1.24
tune_8,Tuning/cor_dolphins-w.txt,0.15,0.05,0.03,50,3,0.8,0.02,pairwise,1326.0,1.24
tune_9,Tuning/cor_dolphins-w.txt,0.15,0.05,0.03,50,3,0.8,0.02,pairwise,1275.0,1.23
tune_10,Tuning/cor_dolphins-w.txt,0.15,0.05,0.03,50,3,0.8,0.02,pairwise,1278.0,1.24
tune_1,Tuning/hos_35_r1_1.txt,0.15,0.05,0.03,50,3,0.8,0.02,pairwise,468.0,1.06
tune_2,Tuning/hos_35_r1_1.txt,0.15,0.05,0.03,50,3,0.8,0.02,pairwise,468.0,1.08
tune_3,Tuning/hos_35_r1_1.txt,0.15,0.05,0.03,50,3,0.8,0.02,pairwise,466.0,1.07
tune_4,Tuning/hos_35_r1_1.txt,0.15,0.05,0.03,50,3,0.8,0.02,pairwise,466.0,1.06
tune_5,Tuning/hos_35_r1_1.txt,0.15,0.05,0.03,50,3,0.8,0.02,pairwise,468.0,1.05
tune_6,Tuning/hos_35_r1_1.txt,0.15,0.05,0.03,50,3,0.8,0.02,pairwise,468.0,1.03
tune_7,Tuning/hos_35_r1_1.txt,0.15,0.05,0.03,50,3,0.8,0.02,pairwise,468.0,1.06
tune_8,Tuning/hos_35_r1_1.txt,0.15,0.05,0.03,50,3,0.8,0.02,pairwise,466.0,1.06
tune_9,Tuning/hos_35_r1_1.txt,0.15,0.05,0.03,50,3,0.8,0.02,pairwise,466.0,1.07
tune_10,Tuning/hos_35_r1_1.txt,0.15,0.05,0.03,50,3,0.8,0.02,pairwise,466.0,1.06
tune_1,Tuning/mac_grafo20dens30.txt,0.15,0.05,0.03,50,3,0.8,0.02,pairwise,171.0,1.07
tune_2,Tuning/mac_grafo20dens30.txt,0.15,0.05,0.03,50,3,0.8,0.02,pairwise,153.0,1.06
tune_3,Tuning/mac_grafo20dens30.txt,0.15,0.05,0.03,50,3,0.8,0.02,pairwise,171.0,1.05
tune_4,Tuning/mac_grafo20dens30.txt,0.15,0.05,0.03,50,3,0.8,0.02,pairwise,153.0,1.05
tune_5,Tuning/mac_grafo20dens30.txt,0.15,0.05,0.03,50,3,0.8,0.02,pairwise,153.0,1.05
tune_6,Tuning/mac_grafo20dens30.txt,0.15,0.05,0.03,50,3,0.8,0.02,pairwise,153.0,1.05
tune_7,Tuning/mac_grafo20dens30.txt,0.15,0.05,0.03,50,3,0.8,0.02,pairwise,171.0,1.06
tune_8,Tuning/mac_grafo20dens30.txt,0.15,0.05,0.03,50,3,0.8,0.02,pairwise,153.0,1.05
tune_9,Tuning/mac_grafo20dens30.txt,0.15,0.05,0.03,50,3,0.8,0.02,pairwise,153.0,1.05
tune_10,Tuning/mac_grafo20dens30.txt,0.15,0.05,0.03,50,3,0.8,0.02,pairwise,153.0,1.05
tune_1,Tuning/bog_150_p0.1_2.txt,0.15,0.05,0.03,50,3,0.9,0.01,pairwise,10153.0,3.08
tune_2,Tuning/bog_150_p0.1_2.txt,0.15,0.05,0.03,50,3,0.9,0.01,pairwise,10153.0,3.05
tune_3,Tuning/bog_150_p0.1_2.txt,0.15,0.05,0.03,50,3,0.9,0.01,pairwise,10153.0,3.10
tune_4,Tuning/bog_150_p0.1_2.txt,0.15,0.05,0.03,50,3,0.9,0.01,pairwise,10153.0,3.09
tune_5,Tuning/bog_150_p0.1_2.txt,0.15,0.05,0.03,50,3,0.9,0.01,pairwise,10153.0,3.10
tune_6,Tuning/bog_150_p0.1_2.txt,0.15,0.05,0.03,50,3,0.9,0.01,pairwise,10153.0,3.08
tune_7,Tuning/bog_150_p0.1_2.txt,0.15,0.05,0.03,50,3,0.9,0.01,pairwise,10153.0,3.09
tune_8,Tuning/bog_150_p0.1_2.txt,0.15,0.05,0.03,50,3,0.9,0.01,pairwise,10153.0,3.07
tune_9,Tuning/bog_150_p0.1_2.txt,0.15,0.05,0.03,50,3,0.9,0.01,pairwise,10153.0,3.10
tune_10,Tuning/bog_150_p0.1_2.txt,0.15,0.05,0.03,50,3,0.9,0.01,pairwise,10153.0,3.07
tune_1,Tuning/cor_dolphins-w.txt,0.15,0.05,0.03,50,3,0.9,0.01,pairwise,1225.0,1.27
tune_2,Tuning/cor_dolphins-w.txt,0.15,0.05,0.03,50,3,0.9,0.01,pairwise,1378.0,1.27
tune_3,Tuning/cor_dolphins-w.txt,0.15,0.05,0.03,50,3,0.9,0.01,pairwise,1225.0,1.28
tune_4,Tuning/cor_dolphins-w.txt,0.15,0.05,0.03,50,3,0.9,0.01,pairwise,1378.0,1.29
tune_5,Tuning/cor_dolphins-w.txt,0.15,0.05,0.03,50,3,0.9,0.01,pairwise,1225.0,1.25
tune_6,Tuning/cor_dolphins-w.txt,0.15,0.05,0.03,50,3,0.9,0.01,pairwise,1275.0,1.27
tune_7,Tuning/cor_dolphins-w.txt,0.15,0.05,0.03,50,3,0.9,0.01,pairwise,1275.0,1.29
tune_8,Tuning/cor_dolphins-w.txt,0.15,0.05,0.03,50,3,0.9,0.01,pairwise,1275.0,1.26
tune_9,Tuning/cor_dolphins-w.txt,0.15,0.05,0.03,50,3,0.9,0.01,pairwise,1326.0,1.28
tune_10,Tuning/cor_dolphins-w.txt,0.15,0.05,0.03,50,3,0.9,0.01,pairwise,1226.0,1.25
tune_1,Tuning/hos_35_r1_1.txt,0.15,0.05,0.03,50,3,0.9,0.01,pairwise,466.0,1.09
tune_2,Tuning/hos_35_r1_1.txt,0.15,0.05,0.03,50,3,0.9,0.01,pairwise,468.0,1.08
tune_3,Tuning/hos_35_r1_1.txt,0.15,0.05,0.03,50,3,0.9,0.01,pairwise,468.0,1.08
tune_4,Tuning/hos_35_r1_1.txt,0.15,0.05,0.03,50,3,0.9,0.01,pairwise,441.0,1.09
tune_5,Tuning/hos_35_r1_1.txt,0.15,0.05,0.03,50,3,0.9,0.01,pairwise,466.0,1.08
tune_6,Tuning/hos_35_r1_1.txt,0.15,0.05,0.03,50,3,0.9,0.01,pairwise,468.0,1.08
tune_7,Tuning/hos_35_r1_1.txt,0.15,0.05,0.03,50,3,0.9,0.01,pairwise,466.0,1.08
tune_8,Tuning/hos_35_r1_1.txt,0.15,0.05,0.03,50,3,0.9,0.01,pairwise,468.0,1.08
tune_9,Tuning/hos_35_r1_1.txt,0.15,0.05,0.03,50,3,0.9,0.01,pairwise,468.0,1.09
tune_10,Tuning/hos_35_r1_1.txt,0.15,0.05,0.03,50,3,0.9,0.01,pairwise,468.0,1.08
tune_1,Tuning/mac_grafo20dens30.txt,0.15,0.05,0.03,50,3,0.9,0.01,pairwise,171.0,1.08
tune_2,Tuning/mac_grafo20dens30.txt,0.15,0.05,0.03,50,3,0.9,0.01,pairwise,153.0,1.08
tune_3,Tuning/mac_grafo20dens30.txt,0.15,0.05,0.03,50,3,0.9,0.01,pairwise,171.0,1.07
tune_4,Tuning/mac_grafo20dens30.txt,0.15,0.05,0.03,50,3,0.9,0.01,pairwise,153.0,1.08
tune_5,Tuning/mac_grafo20dens30.txt,0.15,0.05,0.03,50,3,0.9,0.01,pairwise,153.0,1.07
tune_6,Tuning/mac_grafo20dens30.txt,0.15,0.05,0.03,50,3,0.9,0.01,pairwise,153.0,1.07
tune_7,Tuning/mac_grafo20dens30.txt,0.15,0.05,0.03,50,3,0.9,0.01,pairwise,153.0,1.06
tune_8,Tuning/mac_grafo20dens30.txt,0.15,0.05,0.03,50,3,0.9,0.01,pairwise,153.0,1.07
tune_9,Tuning/mac_grafo20dens30.txt,0.15,0.05,0.03,50,3,0.9,0.01,pairwise,153.0,1.07
tune_10,Tuning/mac_grafo20dens30.txt,0.15,0.05,0.03,50,3,0.9,0.01,pairwise,153.0,1.07
tune_1,Tuning/bog_150_p0.1_2.txt,0.15,0.05,0.03,50,3,0.9,0.02,pairwise,10153.0,3.09
tune_2,Tuning/bog_150_p0.1_2.txt,0.15,0.05,0.03,50,3,0.9,0.02,pairwise,10153.0,3.07
tune_3,Tuning/bog_150_p0.1_2.txt,0.15,0.05,0.03,50,3,0.9,0.02,pairwise,10153.0,3.11
tune_4,Tuning/bog_150_p0.1_2.txt,0.15,0.05,0.03,50,3,0.9,0.02,pairwise,10153.0,3.07
tune_5,Tuning/bog_150_p0.1_2.txt,0.15,0.05,0.03,50,3,0.9,0.02,pairwise,10153.0,3.06
tune_6,Tuning/bog_150_p0.1_2.txt,0.15,0.05,0.03,50,3,0.9,0.02,pairwise,10153.0,3.11
tune_7,Tuning/bog_150_p0.1_2.txt,0.15,0.05,0.03,50,3,0.9,0.02,pairwise,10153.0,3.08
tune_8,Tuning/bog_150_p0.1_2.txt,0.15,0.05,0.03,50,3,0.9,0.02,pairwise,10153.0,3.10
tune_9,Tuning/bog_150_p0.1_2.txt,0.15,0.05,0.03,50,3,0.9,0.02,pairwise,10153.0,3.08
tune_10,Tuning/bog_150_p0.1_2.txt,0.15,0.05,0.03,50,3,0.9,0.02,pairwise,10153.0,3.09
tune_1,Tuning/cor_dolphins-w.txt,0.15,0.05,0.03,50,3,0.9,0.02,pairwise,1228.0,1.28
tune_2,Tuning/cor_dolphins-w.txt,0.15,0.05,0.03,50,3,0.9,0.02,pairwise,1276.0,1.27
tune_3,Tuning/cor_dolphins-w.txt,0.15,0.05,0.03,50,3,0.9,0.02,pairwise,1226.0,1.27
tune_4,Tuning/cor_dolphins-w.txt,0.15,0.05,0.03,50,3,0.9,0.02,pairwise,1275.0,1.29
tune_5,Tuning/cor_dolphins-w.txt,0.15,0.05,0.03,50,3,0.9,0.02,pairwise,1326.0,1.28
tune_6,Tuning/cor_dolphins-w.txt,0.15,0.05,0.03,50,3,0.9,0.02,pairwise,1326.0,1.28
tune_7,Tuning/cor_dolphins-w.txt,0.15,0.05,0.03,50,3,0.9,0.02,pairwise,1276.0,1.28
tune_8,Tuning/cor_dolphins-w.txt,0.15,0.05,0.03,50,3,0.9,0.02,pairwise,1326.0,1.29
tune_9,Tuning/cor_dolphins-w.txt,0.15,0.05,0.03,50,3,0.9,0.02,pairwise,1226.0,1.28
tune_10,Tuning/cor_dolphins-w.txt,0.15,0.05,0.03,50,3,0.9,0.02,pairwise,1326.0,1.27
tune_1,Tuning/hos_35_r1_1.txt,0.15,0.05,0.03,50,3,0.9,0.02,pairwise,466.0,1.10
tune_2,Tuning/hos_35_r1_1.txt,0.15,0.05,0.03,50,3,0.9,0.02,pairwise,466.0,1.06
tune_3,Tuning/hos_35_r1_1.txt,0.15,0.05,0.03,50,3,0.9,0.02,pairwise,466.0,1.09
tune_4,Tuning/hos_35_r1_1.txt,0.15,0.05,0.03,50,3,0.9,0.02,pairwise,441.0,1.08
tune_5,Tuning/hos_35_r1_1.txt,0.15,0.05,0.03,50,3,0.9,0.02,pairwise,441.0,1.08
tune_6,Tuning/hos_35_r1_1.txt,0.15,0.05,0.03,50,3,0.9,0.02,pairwise,466.0,1.10
tune_7,Tuning/hos_35_r1_1.txt,0.15,0.05,0.03,50,3,0.9,0.02,pairwise,468.0,1.14
tune_8,Tuning/hos_35_r1_1.txt,0.15,0.05,0.03,50,3,0.9,0.02,pairwise,441.0,1.16
tune_9,Tuning/hos_35_r1_1.txt,0.15,0.05,0.03,50,3,0.9,0.02,pairwise,466.0,1.15
tune_10,Tuning/hos_35_r1_1.txt,0.15,0.05,0.03,50,3,0.9,0.02,pairwise,468.0,1.17
tune_1,Tuning/mac_grafo20dens30.txt,0.15,0.05,0.03,50,3,0.9,0.02,pairwise,153.0,1.13
tune_2,Tuning/mac_grafo20dens30.txt,0.15,0.05,0.03,50,3,0.9,0.02,pairwise,153.0,1.12
tune_3,Tuning/mac_grafo20dens30.txt,0.15,0.05,0.03,50,3,0.9,0.02,pairwise,153.0,1.11
tune_4,Tuning/mac_grafo20dens30.txt,0.15,0.05,0.03,50,3,0.9,0.02,pairwise,171.0,1.15
tune_5,Tuning/mac_grafo20dens30.txt,0.15,0.05,0.03,50,3,0.9,0.02,pairwise,171.0,1.16
tune_6,Tuning/mac_grafo20dens30.txt,0.15,0.05,0.03,50,3,0.9,0.02,pairwise,153.0,1.13
tune_7,Tuning/mac_grafo20dens30.txt,0.15,0.05,0.03,50,3,0.9,0.02,pairwise,153.0,1.12
tune_8,Tuning/mac_grafo20dens30.txt,0.15,0.05,0.03,50,3,0.9,0.02,pairwise,153.0,1.12
tune_9,Tuning/mac_grafo20dens30.txt,0.15,0.05,0.03,50,3,0.9,0.02,pairwise,153.0,1.13
tune_10,Tuning/mac_grafo20dens30.txt,0.15,0.05,0.03,50,3,0.9,0.02,pairwise,171.0,1.14
tune_1,Tuning/bog_150_p0.1_2.txt,0.15,0.05,0.03,50,5,0.8,0.01,pairwise,10153.0,2.97
tune_2,Tuning/bog_150_p0.1_2.txt,0.15,0.05,0.03,50,5,0.8,0.01,pairwise,10153.0,2.97
tune_3,Tuning/bog_150_p0.1_2.txt,0.15,0.05,0.03,50,5,0.8,0.01,pairwise,10153.0,2.96
tune_4,Tuning/bog_150_p0.1_2.txt,0.15,0.05,0.03,50,5,0.8,0.01,pairwise,10153.0,2.97
tune_5,Tuning/bog_150_p0.1_2.txt,0.15,0.05,0.03,50,5,0.8,0.01,pairwise,10153.0,2.95
tune_6,Tuning/bog_150_p0.1_2.txt,0.15,0.05,0.03,50,5,0.8,0.01,pairwise,10153.0,2.97
tune_7,Tuning/bog_150_p0.1_2.txt,0.15,0.05,0.03,50,5,0.8,0.01,pairwise,10153.0,2.95
tune_8,Tuning/bog_150_p0.1_2.txt,0.15,0.05,0.03,50,5,0.8,0.01,pairwise,10153.0,3.10
tune_9,Tuning/bog_150_p0.1_2.txt,0.15,0.05,0.03,50,5,0.8,0.01,pairwise,10153.0,2.99
tune_10,Tuning/bog_150_p0.1_2.txt,0.15,0.05,0.03,50,5,0.8,0.01,pairwise,10153.0,2.93
tune_1,Tuning/cor_dolphins-w.txt,0.15,0.05,0.03,50,5,0.8,0.01,pairwise,1378.0,1.31
tune_2,Tuning/cor_dolphins-w.txt,0.15,0.05,0.03,50,5,0.8,0.01,pairwise,1378.0,1.31
tune_3,Tuning/cor_dolphins-w.txt,0.15,0.05,0.03,50,5,0.8,0.01,pairwise,1225.0,1.29
tune_4,Tuning/cor_dolphins-w.txt,0.15,0.05,0.03,50,5,0.8,0.01,pairwise,1326.0,1.31
tune_5,Tuning/cor_dolphins-w.txt,0.15,0.05,0.03,50,5,0.8,0.01,pairwise,1326.0,1.37
tune_6,Tuning/cor_dolphins-w.txt,0.15,0.05,0.03,50,5,0.8,0.01,pairwise,1275.0,1.27
tune_7,Tuning/cor_dolphins-w.txt,0.15,0.05,0.03,50,5,0.8,0.01,pairwise,1326.0,1.31
tune_8,Tuning/cor_dolphins-w.txt,0.15,0.05,0.03,50,5,0.8,0.01,pairwise,1275.0,1.29
tune_9,Tuning/cor_dolphins-w.txt,0.15,0.05,0.03,50,5,0.8,0.01,pairwise,1431.0,1.31
tune_10,Tuning/cor_dolphins-w.txt,0.15,0.05,0.03,50,5,0.8,0.01,pairwise,1275.0,1.30
tune_1,Tuning/hos_35_r1_1.txt,0.15,0.05,0.03,50,5,0.8,0.01,pairwise,466.0,1.12
tune_2,Tuning/hos_35_r1_1.txt,0.15,0.05,0.03,50,5,0.8,0.01,pairwise,466.0,1.12
tune_3,Tuning/hos_35_r1_1.txt,0.15,0.05,0.03,50,5,0.8,0.01,pairwise,466.0,1.13
tune_4,Tuning/hos_35_r1_1.txt,0.15,0.05,0.03,50,5,0.8,0.01,pairwise,466.0,1.12
tune_5,Tuning/hos_35_r1_1.txt,0.15,0.05,0.03,50,5,0.8,0.01,pairwise,466.0,1.06
tune_6,Tuning/hos_35_r1_1.txt,0.15,0.05,0.03,50,5,0.8,0.01,pairwise,468.0,1.09
tune_7,Tuning/hos_35_r1_1.txt,0.15,0.05,0.03,50,5,0.8,0.01,pairwise,441.0,1.07
tune_8,Tuning/hos_35_r1_1.txt,0.15,0.05,0.03,50,5,0.8,0.01,pairwise,468.0,1.07
tune_9,Tuning/hos_35_r1_1.txt,0.15,0.05,0.03,50,5,0.8,0.01,pairwise,466.0,1.06
tune_10,Tuning/hos_35_r1_1.txt,0.15,0.05,0.03,50,5,0.8,0.01,pairwise,468.0,1.05
tune_1,Tuning/mac_grafo20dens30.txt,0.15,0.05,0.03,50,5,0.8,0.01,pairwise,153.0,1.06
tune_2,Tuning/mac_grafo20dens30.txt,0.15,0.05,0.03,50,5,0.8,0.01,pairwise,153.0,1.04
tune_3,Tuning/mac_grafo20dens30.txt,0.15,0.05,0.03,50,5,0.8,0.01,pairwise,153.0,1.05
tune_4,Tuning/mac_grafo20dens30.txt,0.15,0.05,0.03,50,5,0.8,0.01,pairwise,153.0,1.05
tune_5,Tuning/mac_grafo20dens30.txt,0.15,0.05,0.03,50,5,0.8,0.01,pairwise,153.0,1.04
tune_6,Tuning/mac_grafo20dens30.txt,0.15,0.05,0.03,50,5,0.8,0.01,pairwise,171.0,1.07
tune_7,Tuning/mac_grafo20dens30.txt,0.15,0.05,0.03,50,5,0.8,0.01,pairwise,171.0,1.06
tune_8,Tuning/mac_grafo20dens30.txt,0.15,0.05,0.03,50,5,0.8,0.01,pairwise,153.0,1.06
tune_9,Tuning/mac_grafo20dens30.txt,0.15,0.05,0.03,50,5,0.8,0.01,pairwise,153.0,1.05
tune_10,Tuning/mac_grafo20dens30.txt,0.15,0.05,0.03,50,5,0.8,0.01,pairwise,153.0,1.04
tune_1,Tuning/bog_150_p0.1_2.txt,0.15,0.05,0.03,50,5,0.8,0.02,pairwise,10153.0,2.91
tune_2,Tuning/bog_150_p0.1_2.txt,0.15,0.05,0.03,50,5,0.8,0.02,pairwise,10153.0,2.88
tune_3,Tuning/bog_150_p0.1_2.txt,0.15,0.05,0.03,50,5,0.8,0.02,pairwise,10153.0,2.89
tune_4,Tuning/bog_150_p0.1_2.txt,0.15,0.05,0.03,50,5,0.8,0.02,pairwise,10153.0,2.89
tune_5,Tuning/bog_150_p0.1_2.txt,0.15,0.05,0.03,50,5,0.8,0.02,pairwise,10153.0,2.88
tune_6,Tuning/bog_150_p0.1_2.txt,0.15,0.05,0.03,50,5,0.8,0.02,pairwise,10153.0,2.87
tune_7,Tuning/bog_150_p0.1_2.txt,0.15,0.05,0.03,50,5,0.8,0.02,pairwise,10153.0,2.90
tune_8,Tuning/bog_150_p0.1_2.txt,0.15,0.05,0.03,50,5,0.8,0.02,pairwise,10153.0,2.88
tune_9,Tuning/bog_150_p0.1_2.txt,0.15,0.05,0.03,50,5,0.8,0.02,pairwise,10153.0,2.87
tune_10,Tuning/bog_150_p0.1_2.txt,0.15,0.05,0.03,50,5,0.8,0.02,pairwise,10153.0,2.87
tune_1,Tuning/cor_dolphins-w.txt,0.15,0.05,0.03,50,5,0.8,0.02,pairwise,1275.0,1.24
tune_2,Tuning/cor_dolphins-w.txt,0.15,0.05,0.03,50,5,0.8,0.02,pairwise,982.0,1.24
tune_3,Tuning/cor_dolphins-w.txt,0.15,0.05,0.03,50,5,0.8,0.02,pairwise,1275.0,1.24
tune_4,Tuning/cor_dolphins-w.txt,0.15,0.05,0.03,50,5,0.8,0.02,pairwise,1327.0,1.23
tune_5,Tuning/cor_dolphins-w.txt,0.15,0.05,0.03,50,5,0.8,0.02,pairwise,1326.0,1.24
tune_6,Tuning/cor_dolphins-w.txt,0.15,0.05,0.03,50,5,0.8,0.02,pairwise,1275.0,1.22
tune_7,Tuning/cor_dolphins-w.txt,0.15,0.05,0.03,50,5,0.8,0.02,pairwise,1326.0,1.23
tune_8,Tuning/cor_dolphins-w.txt,0.15,0.05,0.03,50,5,0.8,0.02,pairwise,1275.0,1.24
tune_9,Tuning/cor_dolphins-w.txt,0.15,0.05,0.03,50,5,0.8,0.02,pairwise,1326.0,1.24
tune_10,Tuning/cor_dolphins-w.txt,0.15,0.05,0.03,50,5,0.8,0.02,pairwise,1326.0,1.25
tune_1,Tuning/hos_35_r1_1.txt,0.15,0.05,0.03,50,5,0.8,0.02,pairwise,468.0,1.07
tune_2,Tuning/hos_35_r1_1.txt,0.15,0.05,0.03,50,5,0.8,0.02,pairwise,468.0,1.06
tune_3,Tuning/hos_35_r1_1.txt,0.15,0.05,0.03,50,5,0.8,0.02,pairwise,468.0,1.06
tune_4,Tuning/hos_35_r1_1.txt,0.15,0.05,0.03,50,5,0.8,0.02,pairwise,466.0,1.06
tune_5,Tuning/hos_35_r1_1.txt,0.15,0.05,0.03,50,5,0.8,0.02,pairwise,466.0,1.06
tune_6,Tuning/hos_35_r1_1.txt,0.15,0.05,0.03,50,5,0.8,0.02,pairwise,468.0,1.07
tune_7,Tuning/hos_35_r1_1.txt,0.15,0.05,0.03,50,5,0.8,0.02,pairwise,468.0,1.07
tune_8,Tuning/hos_35_r1_1.txt,0.15,0.05,0.03,50,5,0.8,0.02,pairwise,468.0,1.07
tune_9,Tuning/hos_35_r1_1.txt,0.15,0.05,0.03,50,5,0.8,0.02,pairwise,468.0,1.07
tune_10,Tuning/hos_35_r1_1.txt,0.15,0.05,0.03,50,5,0.8,0.02,pairwise,441.0,1.06
tune_1,Tuning/mac_grafo20dens30.txt,0.15,0.05,0.03,50,5,0.8,0.02,pairwise,153.0,1.05
tune_2,Tuning/mac_grafo20dens30.txt,0.15,0.05,0.03,50,5,0.8,0.02,pairwise,171.0,1.06
tune_3,Tuning/mac_grafo20dens30.txt,0.15,0.05,0.03,50,5,0.8,0.02,pairwise,153.0,1.06
tune_4,Tuning/mac_grafo20dens30.txt,0.15,0.05,0.03,50,5,0.8,0.02,pairwise,153.0,1.06
tune_5,Tuning/mac_grafo20dens30.txt,0.15,0.05,0.03,50,5,0.8,0.02,pairwise,171.0,1.05
tune_6,Tuning/mac_grafo20dens30.txt,0.15,0.05,0.03,50,5,0.8,0.02,pairwise,153.0,1.05
tune_7,Tuning/mac_grafo20dens30.txt,0.15,0.05,0.03,50,5,0.8,0.02,pairwise,171.0,1.05
tune_8,Tuning/mac_grafo20dens30.txt,0.15,0.05,0.03,50,5,0.8,0.02,pairwise,153.0,1.05
tune_9,Tuning/mac_grafo20dens30.txt,0.15,0.05,0.03,50,5,0.8,0.02,pairwise,153.0,1.05
tune_10,Tuning/mac_grafo20dens30.txt,0.15,0.05,0.03,50,5,0.8,0.02,pairwise,153.0,1.06
tune_1,Tuning/bog_150_p0.1_2.txt,0.15,0.05,0.03,50,5,0.9,0.01,pairwise,10153.0,3.09
tune_2,Tuning/bog_150_p0.1_2.txt,0.15,0.05,0.03,50,5,0.9,0.01,pairwise,10153.0,3.07
tune_3,Tuning/bog_150_p0.1_2.txt,0.15,0.05,0.03,50,5,0.9,0.01,pairwise,10153.0,3.10
tune_4,Tuning/bog_150_p0.1_2.txt,0.15,0.05,0.03,50,5,0.9,0.01,pairwise,10153.0,3.07
tune_5,Tuning/bog_150_p0.1_2.txt,0.15,0.05,0.03,50,5,0.9,0.01,pairwise,10153.0,3.08
tune_6,Tuning/bog_150_p0.1_2.txt,0.15,0.05,0.03,50,5,0.9,0.01,pairwise,10153.0,3.10
tune_7,Tuning/bog_150_p0.1_2.txt,0.15,0.05,0.03,50,5,0.9,0.01,pairwise,10153.0,3.10
tune_8,Tuning/bog_150_p0.1_2.txt,0.15,0.05,0.03,50,5,0.9,0.01,pairwise,10153.0,3.08
tune_9,Tuning/bog_150_p0.1_2.txt,0.15,0.05,0.03,50,5,0.9,0.01,pairwise,10153.0,3.07
tune_10,Tuning/bog_150_p0.1_2.txt,0.15,0.05,0.03,50,5,0.9,0.01,pairwise,10153.0,3.09
tune_1,Tuning/cor_dolphins-w.txt,0.15,0.05,0.03,50,5,0.9,0.01,pairwise,1326.0,1.29
tune_2,Tuning/cor_dolphins-w.txt,0.15,0.05,0.03,50,5,0.9,0.01,pairwise,1226.0,1.29
tune_3,Tuning/cor_dolphins-w.txt,0.15,0.05,0.03,50,5,0.9,0.01,pairwise,1275.0,1.28
tune_4,Tuning/cor_dolphins-w.txt,0.15,0.05,0.03,50,5,0.9,0.01,pairwise,1378.0,1.29
tune_5,Tuning/cor_dolphins-w.txt,0.15,0.05,0.03,50,5,0.9,0.01,pairwise,1326.0,1.27
tune_6,Tuning/cor_dolphins-w.txt,0.15,0.05,0.03,50,5,0.9,0.01,pairwise,1326.0,1.29
tune_7,Tuning/cor_dolphins-w.txt,0.15,0.05,0.03,50,5,0.9,0.01,pairwise,1326.0,1.28
tune_8,Tuning/cor_dolphins-w.txt,0.15,0.05,0.03,50,5,0.9,0.01,pairwise,1326.0,1.30
tune_9,Tuning/cor_dolphins-w.txt,0.15,0.05,0.03,50,5,0.9,0.01,pairwise,1275.0,1.28
tune_10,Tuning/cor_dolphins-w.txt,0.15,0.05,0.03,50,5,0.9,0.01,pairwise,1326.0,1.27
tune_1,Tuning/hos_35_r1_1.txt,0.15,0.05,0.03,50,5,0.9,0.01,pairwise,466.0,1.09
tune_2,Tuning/hos_35_r1_1.txt,0.15,0.05,0.03,50,5,0.9,0.01,pairwise,468.0,1.09
tune_3,Tuning/hos_35_r1_1.txt,0.15,0.05,0.03,50,5,0.9,0.01,pairwise,468.0,1.07
tune_4,Tuning/hos_35_r1_1.txt,0.15,0.05,0.03,50,5,0.9,0.01,pairwise,468.0,1.08
tune_5,Tuning/hos_35_r1_1.txt,0.15,0.05,0.03,50,5,0.9,0.01,pairwise,466.0,1.07
tune_6,Tuning/hos_35_r1_1.txt,0.15,0.05,0.03,50,5,0.9,0.01,pairwise,441.0,1.09
tune_7,Tuning/hos_35_r1_1.txt,0.15,0.05,0.03,50,5,0.9,0.01,pairwise,441.0,1.09
tune_8,Tuning/hos_35_r1_1.txt,0.15,0.05,0.03,50,5,0.9,0.01,pairwise,441.0,1.08
tune_9,Tuning/hos_35_r1_1.txt,0.15,0.05,0.03,50,5,0.9,0.01,pairwise,441.0,1.08
tune_10,Tuning/hos_35_r1_1.txt,0.15,0.05,0.03,50,5,0.9,0.01,pairwise,468.0,1.08
tune_1,Tuning/mac_grafo20dens30.txt,0.15,0.05,0.03,50,5,0.9,0.01,pairwise,153.0,1.08
tune_2,Tuning/mac_grafo20dens30.txt,0.15,0.05,0.03,50,5,0.9,0.01,pairwise,171.0,1.09
tune_3,Tuning/mac_grafo20dens30.txt,0.15,0.05,0.03,50,5,0.9,0.01,pairwise,153.0,1.08
tune_4,Tuning/mac_grafo20dens30.txt,0.15,0.05,0.03,50,5,0.9,0.01,pairwise,153.0,1.06
tune_5,Tuning/mac_grafo20dens30.txt,0.15,0.05,0.03,50,5,0.9,0.01,pairwise,153.0,1.07
tune_6,Tuning/mac_grafo20dens30.txt,0.15,0.05,0.03,50,5,0.9,0.01,pairwise,153.0,1.06
tune_7,Tuning/mac_grafo20dens30.txt,0.15,0.05,0.03,50,5,0.9,0.01,pairwise,153.0,1.08
tune_8,Tuning/mac_grafo20dens30.txt,0.15,0.05,0.03,50,5,0.9,0.01,pairwise,153.0,1.07
tune_9,Tuning/mac_grafo20dens30.txt,0.15,0.05,0.03,50,5,0.9,0.01,pairwise,171.0,1.08
tune_10,Tuning/mac_grafo20dens30.txt,0.15,0.05,0.03,50,5,0.9,0.01,pairwise,153.0,1.07
tune_1,Tuning/bog_150_p0.1_2.txt,0.15,0.05,0.03,50,5,0.9,0.02,pairwise,10153.0,3.10
tune_2,Tuning/bog_150_p0.1_2.txt,0.15,0.05,0.03,50,5,0.9,0.02,pairwise,10153.0,3.09
tune_3,Tuning/bog_150_p0.1_2.txt,0.15,0.05,0.03,50,5,0.9,0.02,pairwise,10153.0,3.09
tune_4,Tuning/bog_150_p0.1_2.txt,0.15,0.05,0.03,50,5,0.9,0.02,pairwise,10153.0,3.10
tune_5,Tuning/bog_150_p0.1_2.txt,0.15,0.05,0.03,50,5,0.9,0.02,pairwise,10153.0,3.10
tune_6,Tuning/bog_150_p0.1_2.txt,0.15,0.05,0.03,50,5,0.9,0.02,pairwise,10153.0,3.11
tune_7,Tuning/bog_150_p0.1_2.txt,0.15,0.05,0.03,50,5,0.9,0.02,pairwise,10153.0,3.09
tune_8,Tuning/bog_150_p0.1_2.txt,0.15,0.05,0.03,50,5,0.9,0.02,pairwise,10153.0,3.10
tune_9,Tuning/bog_150_p0.1_2.txt,0.15,0.05,0.03,50,5,0.9,0.02,pairwise,10153.0,3.10
tune_10,Tuning/bog_150_p0.1_2.txt,0.15,0.05,0.03,50,5,0.9,0.02,pairwise,10153.0,3.10
tune_1,Tuning/cor_dolphins-w.txt,0.15,0.05,0.03,50,5,0.9,0.02,pairwise,1225.0,1.29
tune_2,Tuning/cor_dolphins-w.txt,0.15,0.05,0.03,50,5,0.9,0.02,pairwise,1226.0,1.28
tune_3,Tuning/cor_dolphins-w.txt,0.15,0.05,0.03,50,5,0.9,0.02,pairwise,1326.0,1.28
tune_4,Tuning/cor_dolphins-w.txt,0.15,0.05,0.03,50,5,0.9,0.02,pairwise,1226.0,1.29
tune_5,Tuning/cor_dolphins-w.txt,0.15,0.05,0.03,50,5,0.9,0.02,pairwise,1326.0,1.28
tune_6,Tuning/cor_dolphins-w.txt,0.15,0.05,0.03,50,5,0.9,0.02,pairwise,1326.0,1.27
tune_7,Tuning/cor_dolphins-w.txt,0.15,0.05,0.03,50,5,0.9,0.02,pairwise,1275.0,1.28
tune_8,Tuning/cor_dolphins-w.txt,0.15,0.05,0.03,50,5,0.9,0.02,pairwise,1326.0,1.28
tune_9,Tuning/cor_dolphins-w.txt,0.15,0.05,0.03,50,5,0.9,0.02,pairwise,1275.0,1.27
tune_10,Tuning/cor_dolphins-w.txt,0.15,0.05,0.03,50,5,0.9,0.02,pairwise,1275.0,1.28
tune_1,Tuning/hos_35_r1_1.txt,0.15,0.05,0.03,50,5,0.9,0.02,pairwise,466.0,1.09
tune_2,Tuning/hos_35_r1_1.txt,0.15,0.05,0.03,50,5,0.9,0.02,pairwise,466.0,1.09
tune_3,Tuning/hos_35_r1_1.txt,0.15,0.05,0.03,50,5,0.9,0.02,pairwise,468.0,1.08
tune_4,Tuning/hos_35_r1_1.txt,0.15,0.05,0.03,50,5,0.9,0.02,pairwise,468.0,1.09
tune_5,Tuning/hos_35_r1_1.txt,0.15,0.05,0.03,50,5,0.9,0.02,pairwise,466.0,1.08
tune_6,Tuning/hos_35_r1_1.txt,0.15,0.05,0.03,50,5,0.9,0.02,pairwise,466.0,1.07
tune_7,Tuning/hos_35_r1_1.txt,0.15,0.05,0.03,50,5,0.9,0.02,pairwise,496.0,1.07
tune_8,Tuning/hos_35_r1_1.txt,0.15,0.05,0.03,50,5,0.9,0.02,pairwise,441.0,1.08
tune_9,Tuning/hos_35_r1_1.txt,0.15,0.05,0.03,50,5,0.9,0.02,pairwise,468.0,1.06
tune_10,Tuning/hos_35_r1_1.txt,0.15,0.05,0.03,50,5,0.9,0.02,pairwise,466.0,1.08
tune_1,Tuning/mac_grafo20dens30.txt,0.15,0.05,0.03,50,5,0.9,0.02,pairwise,153.0,1.10
tune_2,Tuning/mac_grafo20dens30.txt,0.15,0.05,0.03,50,5,0.9,0.02,pairwise,153.0,1.08
tune_3,Tuning/mac_grafo20dens30.txt,0.15,0.05,0.03,50,5,0.9,0.02,pairwise,153.0,1.07
tune_4,Tuning/mac_grafo20dens30.txt,0.15,0.05,0.03,50,5,0.9,0.02,pairwise,153.0,1.07
tune_5,Tuning/mac_grafo20dens30.txt,0.15,0.05,0.03,50,5,0.9,0.02,pairwise,171.0,1.08
tune_6,Tuning/mac_grafo20dens30.txt,0.15,0.05,0.03,50,5,0.9,0.02,pairwise,153.0,1.07
tune_7,Tuning/mac_grafo20dens30.txt,0.15,0.05,0.03,50,5,0.9,0.02,pairwise,153.0,1.10
tune_8,Tuning/mac_grafo20dens30.txt,0.15,0.05,0.03,50,5,0.9,0.02,pairwise,153.0,1.07
tune_9,Tuning/mac_grafo20dens30.txt,0.15,0.05,0.03,50,5,0.9,0.02,pairwise,153.0,1.07
tune_10,Tuning/mac_grafo20dens30.txt,0.15,0.05,0.03,50,5,0.9,0.02,pairwise,153.0,1.07
tune_1,Tuning/bog_150_p0.1_2.txt,0.15,0.05,0.03,100,3,0.8,0.01,pairwise,10153.0,4.88
tune_2,Tuning/bog_150_p0.1_2.txt,0.15,0.05,0.03,100,3,0.8,0.01,pairwise,10153.0,4.96
tune_3,Tuning/bog_150_p0.1_2.txt,0.15,0.05,0.03,100,3,0.8,0.01,pairwise,10153.0,4.98
tune_4,Tuning/bog_150_p0.1_2.txt,0.15,0.05,0.03,100,3,0.8,0.01,pairwise,10153.0,4.99
tune_5,Tuning/bog_150_p0.1_2.txt,0.15,0.05,0.03,100,3,0.8,0.01,pairwise,10153.0,5.04
tune_6,Tuning/bog_150_p0.1_2.txt,0.15,0.05,0.03,100,3,0.8,0.01,pairwise,10153.0,5.00
tune_7,Tuning/bog_150_p0.1_2.txt,0.15,0.05,0.03,100,3,0.8,0.01,pairwise,10153.0,4.99
tune_8,Tuning/bog_150_p0.1_2.txt,0.15,0.05,0.03,100,3,0.8,0.01,pairwise,10153.0,5.01
tune_9,Tuning/bog_150_p0.1_2.txt,0.15,0.05,0.03,100,3,0.8,0.01,pairwise,10153.0,4.98
tune_10,Tuning/bog_150_p0.1_2.txt,0.15,0.05,0.03,100,3,0.8,0.01,pairwise,10153.0,4.99
tune_1,Tuning/cor_dolphins-w.txt,0.15,0.05,0.03,100,3,0.8,0.01,pairwise,1225.0,1.71
tune_2,Tuning/cor_dolphins-w.txt,0.15,0.05,0.03,100,3,0.8,0.01,pairwise,1275.0,1.69
tune_3,Tuning/cor_dolphins-w.txt,0.15,0.05,0.03,100,3,0.8,0.01,pairwise,1225.0,1.74
tune_4,Tuning/cor_dolphins-w.txt,0.15,0.05,0.03,100,3,0.8,0.01,pairwise,1275.0,1.79
tune_5,Tuning/cor_dolphins-w.txt,0.15,0.05,0.03,100,3,0.8,0.01,pairwise,1225.0,1.72
tune_6,Tuning/cor_dolphins-w.txt,0.15,0.05,0.03,100,3,0.8,0.01,pairwise,1275.0,1.75
tune_7,Tuning/cor_dolphins-w.txt,0.15,0.05,0.03,100,3,0.8,0.01,pairwise,1225.0,1.76
tune_8,Tuning/cor_dolphins-w.txt,0.15,0.05,0.03,100,3,0.8,0.01,pairwise,1225.0,1.71
tune_9,Tuning/cor_dolphins-w.txt,0.15,0.05,0.03,100,3,0.8,0.01,pairwise,1225.0,1.70
tune_10,Tuning/cor_dolphins-w.txt,0.15,0.05,0.03,100,3,0.8,0.01,pairwise,1225.0,1.70
tune_1,Tuning/hos_35_r1_1.txt,0.15,0.05,0.03,100,3,0.8,0.01,pairwise,441.0,1.37
tune_2,Tuning/hos_35_r1_1.txt,0.15,0.05,0.03,100,3,0.8,0.01,pairwise,466.0,1.35
tune_3,Tuning/hos_35_r1_1.txt,0.15,0.05,0.03,100,3,0.8,0.01,pairwise,466.0,1.37
tune_4,Tuning/hos_35_r1_1.txt,0.15,0.05,0.03,100,3,0.8,0.01,pairwise,466.0,1.37
tune_5,Tuning/hos_35_r1_1.txt,0.15,0.05,0.03,100,3,0.8,0.01,pairwise,468.0,1.34
tune_6,Tuning/hos_35_r1_1.txt,0.15,0.05,0.03,100,3,0.8,0.01,pairwise,441.0,1.36
tune_7,Tuning/hos_35_r1_1.txt,0.15,0.05,0.03,100,3,0.8,0.01,pairwise,441.0,1.36
tune_8,Tuning/hos_35_r1_1.txt,0.15,0.05,0.03,100,3,0.8,0.01,pairwise,466.0,1.36
tune_9,Tuning/hos_35_r1_1.txt,0.15,0.05,0.03,100,3,0.8,0.01,pairwise,466.0,1.38
tune_10,Tuning/hos_35_r1_1.txt,0.15,0.05,0.03,100,3,0.8,0.01,pairwise,466.0,1.54
tune_1,Tuning/mac_grafo20dens30.txt,0.15,0.05,0.03,100,3,0.8,0.01,pairwise,153.0,1.35
tune_2,Tuning/mac_grafo20dens30.txt,0.15,0.05,0.03,100,3,0.8,0.01,pairwise,153.0,1.40
tune_3,Tuning/mac_grafo20dens30.txt,0.15,0.05,0.03,100,3,0.8,0.01,pairwise,153.0,1.30
tune_4,Tuning/mac_grafo20dens30.txt,0.15,0.05,0.03,100,3,0.8,0.01,pairwise,153.0,1.34
tune_5,Tuning/mac_grafo20dens30.txt,0.15,0.05,0.03,100,3,0.8,0.01,pairwise,153.0,1.35
tune_6,Tuning/mac_grafo20dens30.txt,0.15,0.05,0.03,100,3,0.8,0.01,pairwise,153.0,1.32
tune_7,Tuning/mac_grafo20dens30.txt,0.15,0.05,0.03,100,3,0.8,0.01,pairwise,153.0,1.38
tune_8,Tuning/mac_grafo20dens30.txt,0.15,0.05,0.03,100,3,0.8,0.01,pairwise,153.0,1.34
tune_9,Tuning/mac_grafo20dens30.txt,0.15,0.05,0.03,100,3,0.8,0.01,pairwise,153.0,1.33
tune_10,Tuning/mac_grafo20dens30.txt,0.15,0.05,0.03,100,3,0.8,0.01,pairwise,153.0,1.34
tune_1,Tuning/bog_150_p0.1_2.txt,0.15,0.05,0.03,100,3,0.8,0.02,pairwise,10153.0,4.96
tune_2,Tuning/bog_150_p0.1_2.txt,0.15,0.05,0.03,100,3,0.8,0.02,pairwise,10153.0,5.02
tune_3,Tuning/bog_150_p0.1_2.txt,0.15,0.05,0.03,100,3,0.8,0.02,pairwise,10153.0,5.00
tune_4,Tuning/bog_150_p0.1_2.txt,0.15,0.05,0.03,100,3,0.8,0.02,pairwise,10153.0,5.02
tune_5,Tuning/bog_150_p0.1_2.txt,0.15,0.05,0.03,100,3,0.8,0.02,pairwise,10153.0,4.96
tune_6,Tuning/bog_150_p0.1_2.txt,0.15,0.05,0.03,100,3,0.8,0.02,pairwise,10153.0,4.95
tune_7,Tuning/bog_150_p0.1_2.txt,0.15,0.05,0.03,100,3,0.8,0.02,pairwise,10153.0,5.04
tune_8,Tuning/bog_150_p0.1_2.txt,0.15,0.05,0.03,100,3,0.8,0.02,pairwise,10153.0,4.99
tune_9,Tuning/bog_150_p0.1_2.txt,0.15,0.05,0.03,100,3,0.8,0.02,pairwise,10153.0,4.99
tune_10,Tuning/bog_150_p0.1_2.txt,0.15,0.05,0.03,100,3,0.8,0.02,pairwise,10153.0,4.94
tune_1,Tuning/cor_dolphins-w.txt,0.15,0.05,0.03,100,3,0.8,0.02,pairwise,1226.0,1.71
tune_2,Tuning/cor_dolphins-w.txt,0.15,0.05,0.03,100,3,0.8,0.02,pairwise,1225.0,1.73
tune_3,Tuning/cor_dolphins-w.txt,0.15,0.05,0.03,100,3,0.8,0.02,pairwise,1225.0,1.70
tune_4,Tuning/cor_dolphins-w.txt,0.15,0.05,0.03,100,3,0.8,0.02,pairwise,1225.0,1.75
tune_5,Tuning/cor_dolphins-w.txt,0.15,0.05,0.03,100,3,0.8,0.02,pairwise,1225.0,1.71
tune_6,Tuning/cor_dolphins-w.txt,0.15,0.05,0.03,100,3,0.8,0.02,pairwise,1225.0,1.71
tune_7,Tuning/cor_dolphins-w.txt,0.15,0.05,0.03,100,3,0.8,0.02,pairwise,1225.0,1.75
tune_8,Tuning/cor_dolphins-w.txt,0.15,0.05,0.03,100,3,0.8,0.02,pairwise,1225.0,1.73
tune_9,Tuning/cor_dolphins-w.txt,0.15,0.05,0.03,100,3,0.8,0.02,pairwise,1225.0,1.73
tune_10,Tuning/cor_dolphins-w.txt,0.15,0.05,0.03,100,3,0.8,0.02,pairwise,1225.0,1.71
tune_1,Tuning/hos_35_r1_1.txt,0.15,0.05,0.03,100,3,0.8,0.02,pairwise,468.0,1.36
tune_2,Tuning/hos_35_r1_1.txt,0.15,0.05,0.03,100,3,0.8,0.02,pairwise,441.0,1.36
tune_3,Tuning/hos_35_r1_1.txt,0.15,0.05,0.03,100,3,0.8,0.02,pairwise,466.0,1.35
tune_4,Tuning/hos_35_r1_1.txt,0.15,0.05,0.03,100,3,0.8,0.02,pairwise,441.0,1.32
tune_5,Tuning/hos_35_r1_1.txt,0.15,0.05,0.03,100,3,0.8,0.02,pairwise,441.0,1.34
tune_6,Tuning/hos_35_r1_1.txt,0.15,0.05,0.03,100,3,0.8,0.02,pairwise,466.0,1.36
tune_7,Tuning/hos_35_r1_1.txt,0.15,0.05,0.03,100,3,0.8,0.02,pairwise,441.0,1.48
tune_8,Tuning/hos_35_r1_1.txt,0.15,0.05,0.03,100,3,0.8,0.02,pairwise,496.0,1.34
tune_9,Tuning/hos_35_r1_1.txt,0.15,0.05,0.03,100,3,0.8,0.02,pairwise,466.0,1.35
tune_10,Tuning/hos_35_r1_1.txt,0.15,0.05,0.03,100,3,0.8,0.02,pairwise,441.0,1.33
tune_1,Tuning/mac_grafo20dens30.txt,0.15,0.05,0.03,100,3,0.8,0.02,pairwise,153.0,1.36
tune_2,Tuning/mac_grafo20dens30.txt,0.15,0.05,0.03,100,3,0.8,0.02,pairwise,153.0,1.31
tune_3,Tuning/mac_grafo20dens30.txt,0.15,0.05,0.03,100,3,0.8,0.02,pairwise,153.0,1.33
tune_4,Tuning/mac_grafo20dens30.txt,0.15,0.05,0.03,100,3,0.8,0.02,pairwise,153.0,1.31
tune_5,Tuning/mac_grafo20dens30.txt,0.15,0.05,0.03,100,3,0.8,0.02,pairwise,153.0,1.32
tune_6,Tuning/mac_grafo20dens30.txt,0.15,0.05,0.03,100,3,0.8,0.02,pairwise,153.0,1.38
tune_7,Tuning/mac_grafo20dens30.txt,0.15,0.05,0.03,100,3,0.8,0.02,pairwise,153.0,1.33
tune_8,Tuning/mac_grafo20dens30.txt,0.15,0.05,0.03,100,3,0.8,0.02,pairwise,153.0,1.33
tune_9,Tuning/mac_grafo20dens30.txt,0.15,0.05,0.03,100,3,0.8,0.02,pairwise,153.0,1.33
tune_10,Tuning/mac_grafo20dens30.txt,0.15,0.05,0.03,100,3,0.8,0.02,pairwise,153.0,1.34
tune_1,Tuning/bog_150_p0.1_2.txt,0.15,0.05,0.03,100,3,0.9,0.01,pairwise,10153.0,5.53
tune_2,Tuning/bog_150_p0.1_2.txt,0.15,0.05,0.03,100,3,0.9,0.01,pairwise,10153.0,5.51
tune_3,Tuning/bog_150_p0.1_2.txt,0.15,0.05,0.03,100,3,0.9,0.01,pairwise,10153.0,5.43
tune_4,Tuning/bog_150_p0.1_2.txt,0.15,0.05,0.03,100,3,0.9,0.01,pairwise,10153.0,5.48
tune_5,Tuning/bog_150_p0.1_2.txt,0.15,0.05,0.03,100,3,0.9,0.01,pairwise,10153.0,5.48
tune_6,Tuning/bog_150_p0.1_2.txt,0.15,0.05,0.03,100,3,0.9,0.01,pairwise,10153.0,5.42
tune_7,Tuning/bog_150_p0.1_2.txt,0.15,0.05,0.03,100,3,0.9,0.01,pairwise,10153.0,5.54
tune_8,Tuning/bog_150_p0.1_2.txt,0.15,0.05,0.03,100,3,0.9,0.01,pairwise,10153.0,5.48
tune_9,Tuning/bog_150_p0.1_2.txt,0.15,0.05,0.03,100,3,0.9,0.01,pairwise,10153.0,5.44
tune_10,Tuning/bog_150_p0.1_2.txt,0.15,0.05,0.03,100,3,0.9,0.01,pairwise,10153.0,5.47
tune_1,Tuning/cor_dolphins-w.txt,0.15,0.05,0.03,100,3,0.9,0.01,pairwise,1225.0,1.81
tune_2,Tuning/cor_dolphins-w.txt,0.15,0.05,0.03,100,3,0.9,0.01,pairwise,1225.0,1.79
tune_3,Tuning/cor_dolphins-w.txt,0.15,0.05,0.03,100,3,0.9,0.01,pairwise,1225.0,1.81
tune_4,Tuning/cor_dolphins-w.txt,0.15,0.05,0.03,100,3,0.9,0.01,pairwise,1179.0,1.84
tune_5,Tuning/cor_dolphins-w.txt,0.15,0.05,0.03,100,3,0.9,0.01,pairwise,1225.0,1.80
tune_6,Tuning/cor_dolphins-w.txt,0.15,0.05,0.03,100,3,0.9,0.01,pairwise,1275.0,1.81
tune_7,Tuning/cor_dolphins-w.txt,0.15,0.05,0.03,100,3,0.9,0.01,pairwise,1275.0,1.80
tune_8,Tuning/cor_dolphins-w.txt,0.15,0.05,0.03,100,3,0.9,0.01,pairwise,1225.0,1.83
tune_9,Tuning/cor_dolphins-w.txt,0.15,0.05,0.03,100,3,0.9,0.01,pairwise,1275.0,1.79
tune_10,Tuning/cor_dolphins-w.txt,0.15,0.05,0.03,100,3,0.9,0.01,pairwise,1275.0,1.80
tune_1,Tuning/hos_35_r1_1.txt,0.15,0.05,0.03,100,3,0.9,0.01,pairwise,466.0,1.48
tune_2,Tuning/hos_35_r1_1.txt,0.15,0.05,0.03,100,3,0.9,0.01,pairwise,466.0,1.44
tune_3,Tuning/hos_35_r1_1.txt,0.15,0.05,0.03,100,3,0.9,0.01,pairwise,466.0,1.42
tune_4,Tuning/hos_35_r1_1.txt,0.15,0.05,0.03,100,3,0.9,0.01,pairwise,441.0,1.40
tune_5,Tuning/hos_35_r1_1.txt,0.15,0.05,0.03,100,3,0.9,0.01,pairwise,441.0,1.41
tune_6,Tuning/hos_35_r1_1.txt,0.15,0.05,0.03,100,3,0.9,0.01,pairwise,466.0,1.43
tune_7,Tuning/hos_35_r1_1.txt,0.15,0.05,0.03,100,3,0.9,0.01,pairwise,466.0,1.41
tune_8,Tuning/hos_35_r1_1.txt,0.15,0.05,0.03,100,3,0.9,0.01,pairwise,466.0,1.40
tune_9,Tuning/hos_35_r1_1.txt,0.15,0.05,0.03,100,3,0.9,0.01,pairwise,441.0,1.40
tune_10,Tuning/hos_35_r1_1.txt,0.15,0.05,0.03,100,3,0.9,0.01,pairwise,441.0,1.40
tune_1,Tuning/mac_grafo20dens30.txt,0.15,0.05,0.03,100,3,0.9,0.01,pairwise,153.0,1.42
tune_2,Tuning/mac_grafo20dens30.txt,0.15,0.05,0.03,100,3,0.9,0.01,pairwise,153.0,1.40
tune_3,Tuning/mac_grafo20dens30.txt,0.15,0.05,0.03,100,3,0.9,0.01,pairwise,153.0,1.39
tune_4,Tuning/mac_grafo20dens30.txt,0.15,0.05,0.03,100,3,0.9,0.01,pairwise,153.0,1.38
tune_5,Tuning/mac_grafo20dens30.txt,0.15,0.05,0.03,100,3,0.9,0.01,pairwise,153.0,1.41
tune_6,Tuning/mac_grafo20dens30.txt,0.15,0.05,0.03,100,3,0.9,0.01,pairwise,153.0,1.53
tune_7,Tuning/mac_grafo20dens30.txt,0.15,0.05,0.03,100,3,0.9,0.01,pairwise,153.0,1.37
tune_8,Tuning/mac_grafo20dens30.txt,0.15,0.05,0.03,100,3,0.9,0.01,pairwise,153.0,1.37
tune_9,Tuning/mac_grafo20dens30.txt,0.15,0.05,0.03,100,3,0.9,0.01,pairwise,153.0,1.36
tune_10,Tuning/mac_grafo20dens30.txt,0.15,0.05,0.03,100,3,0.9,0.01,pairwise,153.0,1.40
tune_1,Tuning/bog_150_p0.1_2.txt,0.15,0.05,0.03,100,3,0.9,0.02,pairwise,10153.0,5.60
tune_2,Tuning/bog_150_p0.1_2.txt,0.15,0.05,0.03,100,3,0.9,0.02,pairwise,10153.0,5.58
tune_3,Tuning/bog_150_p0.1_2.txt,0.15,0.05,0.03,100,3,0.9,0.02,pairwise,10153.0,5.57
tune_4,Tuning/bog_150_p0.1_2.txt,0.15,0.05,0.03,100,3,0.9,0.02,pairwise,10153.0,5.49
tune_5,Tuning/bog_150_p0.1_2.txt,0.15,0.05,0.03,100,3,0.9,0.02,pairwise,10153.0,5.43
tune_6,Tuning/bog_150_p0.1_2.txt,0.15,0.05,0.03,100,3,0.9,0.02,pairwise,10153.0,5.50
tune_7,Tuning/bog_150_p0.1_2.txt,0.15,0.05,0.03,100,3,0.9,0.02,pairwise,10153.0,5.58
tune_8,Tuning/bog_150_p0.1_2.txt,0.15,0.05,0.03,100,3,0.9,0.02,pairwise,10153.0,5.57
tune_9,Tuning/bog_150_p0.1_2.txt,0.15,0.05,0.03,100,3,0.9,0.02,pairwise,10153.0,5.50
tune_10,Tuning/bog_150_p0.1_2.txt,0.15,0.05,0.03,100,3,0.9,0.02,pairwise,10153.0,5.53
tune_1,Tuning/cor_dolphins-w.txt,0.15,0.05,0.03,100,3,0.9,0.02,pairwise,1225.0,1.84
tune_2,Tuning/cor_dolphins-w.txt,0.15,0.05,0.03,100,3,0.9,0.02,pairwise,1225.0,1.80
tune_3,Tuning/cor_dolphins-w.txt,0.15,0.05,0.03,100,3,0.9,0.02,pairwise,1225.0,1.83
tune_4,Tuning/cor_dolphins-w.txt,0.15,0.05,0.03,100,3,0.9,0.02,pairwise,1225.0,1.91
tune_5,Tuning/cor_dolphins-w.txt,0.15,0.05,0.03,100,3,0.9,0.02,pairwise,1225.0,1.81
tune_6,Tuning/cor_dolphins-w.txt,0.15,0.05,0.03,100,3,0.9,0.02,pairwise,1275.0,1.85
tune_7,Tuning/cor_dolphins-w.txt,0.15,0.05,0.03,100,3,0.9,0.02,pairwise,1225.0,1.87
tune_8,Tuning/cor_dolphins-w.txt,0.15,0.05,0.03,100,3,0.9,0.02,pairwise,1225.0,1.84
tune_9,Tuning/cor_dolphins-w.txt,0.15,0.05,0.03,100,3,0.9,0.02,pairwise,1225.0,1.83
tune_10,Tuning/cor_dolphins-w.txt,0.15,0.05,0.03,100,3,0.9,0.02,pairwise,1226.0,1.86
tune_1,Tuning/hos_35_r1_1.txt,0.15,0.05,0.03,100,3,0.9,0.02,pairwise,466.0,1.45
tune_2,Tuning/hos_35_r1_1.txt,0.15,0.05,0.03,100,3,0.9,0.02,pairwise,441.0,1.44
tune_3,Tuning/hos_35_r1_1.txt,0.15,0.05,0.03,100,3,0.9,0.02,pairwise,466.0,1.40
tune_4,Tuning/hos_35_r1_1.txt,0.15,0.05,0.03,100,3,0.9,0.02,pairwise,466.0,1.40
tune_5,Tuning/hos_35_r1_1.txt,0.15,0.05,0.03,100,3,0.9,0.02,pairwise,441.0,1.41
tune_6,Tuning/hos_35_r1_1.txt,0.15,0.05,0.03,100,3,0.9,0.02,pairwise,466.0,1.46
tune_7,Tuning/hos_35_r1_1.txt,0.15,0.05,0.03,100,3,0.9,0.02,pairwise,466.0,1.43
tune_8,Tuning/hos_35_r1_1.txt,0.15,0.05,0.03,100,3,0.9,0.02,pairwise,468.0,1.45
tune_9,Tuning/hos_35_r1_1.txt,0.15,0.05,0.03,100,3,0.9,0.02,pairwise,466.0,1.42
tune_10,Tuning/hos_35_r1_1.txt,0.15,0.05,0.03,100,3,0.9,0.02,pairwise,466.0,1.47
tune_1,Tuning/mac_grafo20dens30.txt,0.15,0.05,0.03,100,3,0.9,0.02,pairwise,171.0,1.41
tune_2,Tuning/mac_grafo20dens30.txt,0.15,0.05,0.03,100,3,0.9,0.02,pairwise,153.0,1.39
tune_3,Tuning/mac_grafo20dens30.txt,0.15,0.05,0.03,100,3,0.9,0.02,pairwise,153.0,1.39
tune_4,Tuning/mac_grafo20dens30.txt,0.15,0.05,0.03,100,3,0.9,0.02,pairwise,153.0,1.38
tune_5,Tuning/mac_grafo20dens30.txt,0.15,0.05,0.03,100,3,0.9,0.02,pairwise,153.0,1.40
tune_6,Tuning/mac_grafo20dens30.txt,0.15,0.05,0.03,100,3,0.9,0.02,pairwise,153.0,1.39
tune_7,Tuning/mac_grafo20dens30.txt,0.15,0.05,0.03,100,3,0.9,0.02,pairwise,153.0,1.38
tune_8,Tuning/mac_grafo20dens30.txt,0.15,0.05,0.03,100,3,0.9,0.02,pairwise,171.0,1.41
tune_9,Tuning/mac_grafo20dens30.txt,0.15,0.05,0.03,100,3,0.9,0.02,pairwise,153.0,1.38
tune_10,Tuning/mac_grafo20dens30.txt,0.15,0.05,0.03,100,3,0.9,0.02,pairwise,153.0,1.39
tune_1,Tuning/bog_150_p0.1_2.txt,0.15,0.05,0.03,100,5,0.8,0.01,pairwise,10153.0,4.96
tune_2,Tuning/bog_150_p0.1_2.txt,0.15,0.05,0.03,100,5,0.8,0.01,pairwise,10153.0,4.97
tune_3,Tuning/bog_150_p0.1_2.txt,0.15,0.05,0.03,100,5,0.8,0.01,pairwise,10153.0,4.97
tune_4,Tuning/bog_150_p0.1_2.txt,0.15,0.05,0.03,100,5,0.8,0.01,pairwise,10153.0,5.00
tune_5,Tuning/bog_150_p0.1_2.txt,0.15,0.05,0.03,100,5,0.8,0.01,pairwise,10153.0,5.09
tune_6,Tuning/bog_150_p0.1_2.txt,0.15,0.05,0.03,100,5,0.8,0.01,pairwise,10153.0,4.97
tune_7,Tuning/bog_150_p0.1_2.txt,0.15,0.05,0.03,100,5,0.8,0.01,pairwise,10153.0,4.94
tune_8,Tuning/bog_150_p0.1_2.txt,0.15,0.05,0.03,100,5,0.8,0.01,pairwise,10153.0,4.99
tune_9,Tuning/bog_150_p0.1_2.txt,0.15,0.05,0.03,100,5,0.8,0.01,pairwise,10153.0,5.02
tune_10,Tuning/bog_150_p0.1_2.txt,0.15,0.05,0.03,100,5,0.8,0.01,pairwise,10153.0,5.07
tune_1,Tuning/cor_dolphins-w.txt,0.15,0.05,0.03,100,5,0.8,0.01,pairwise,1001.0,1.75
tune_2,Tuning/cor_dolphins-w.txt,0.15,0.05,0.03,100,5,0.8,0.01,pairwise,1225.0,1.71
tune_3,Tuning/cor_dolphins-w.txt,0.15,0.05,0.03,100,5,0.8,0.01,pairwise,1225.0,1.73
tune_4,Tuning/cor_dolphins-w.txt,0.15,0.05,0.03,100,5,0.8,0.01,pairwise,1225.0,1.76
tune_5,Tuning/cor_dolphins-w.txt,0.15,0.05,0.03,100,5,0.8,0.01,pairwise,1225.0,1.75
tune_6,Tuning/cor_dolphins-w.txt,0.15,0.05,0.03,100,5,0.8,0.01,pairwise,1275.0,1.75
tune_7,Tuning/cor_dolphins-w.txt,0.15,0.05,0.03,100,5,0.8,0.01,pairwise,1275.0,1.72
tune_8,Tuning/cor_dolphins-w.txt,0.15,0.05,0.03,100,5,0.8,0.01,pairwise,1225.0,1.72
tune_9,Tuning/cor_dolphins-w.txt,0.15,0.05,0.03,100,5,0.8,0.01,pairwise,1275.0,1.70
tune_10,Tuning/cor_dolphins-w.txt,0.15,0.05,0.03,100,5,0.8,0.01,pairwise,1056.0,1.71
tune_1,Tuning/hos_35_r1_1.txt,0.15,0.05,0.03,100,5,0.8,0.01,pairwise,466.0,1.38
tune_2,Tuning/hos_35_r1_1.txt,0.15,0.05,0.03,100,5,0.8,0.01,pairwise,466.0,1.40
tune_3,Tuning/hos_35_r1_1.txt,0.15,0.05,0.03,100,5,0.8,0.01,pairwise,466.0,1.36
tune_4,Tuning/hos_35_r1_1.txt,0.15,0.05,0.03,100,5,0.8,0.01,pairwise,441.0,1.39
tune_5,Tuning/hos_35_r1_1.txt,0.15,0.05,0.03,100,5,0.8,0.01,pairwise,466.0,1.35
tune_6,Tuning/hos_35_r1_1.txt,0.15,0.05,0.03,100,5,0.8,0.01,pairwise,466.0,1.34
tune_7,Tuning/hos_35_r1_1.txt,0.15,0.05,0.03,100,5,0.8,0.01,pairwise,466.0,1.35
tune_8,Tuning/hos_35_r1_1.txt,0.15,0.05,0.03,100,5,0.8,0.01,pairwise,466.0,1.36
tune_9,Tuning/hos_35_r1_1.txt,0.15,0.05,0.03,100,5,0.8,0.01,pairwise,466.0,1.36
tune_10,Tuning/hos_35_r1_1.txt,0.15,0.05,0.03,100,5,0.8,0.01,pairwise,466.0,1.38
tune_1,Tuning/mac_grafo20dens30.txt,0.15,0.05,0.03,100,5,0.8,0.01,pairwise,153.0,1.36
tune_2,Tuning/mac_grafo20dens30.txt,0.15,0.05,0.03,100,5,0.8,0.01,pairwise,153.0,1.35
tune_3,Tuning/mac_grafo20dens30.txt,0.15,0.05,0.03,100,5,0.8,0.01,pairwise,153.0,1.36
tune_4,Tuning/mac_grafo20dens30.txt,0.15,0.05,0.03,100,5,0.8,0.01,pairwise,153.0,1.34
tune_5,Tuning/mac_grafo20dens30.txt,0.15,0.05,0.03,100,5,0.8,0.01,pairwise,153.0,1.33
tune_6,Tuning/mac_grafo20dens30.txt,0.15,0.05,0.03,100,5,0.8,0.01,pairwise,153.0,1.33
tune_7,Tuning/mac_grafo20dens30.txt,0.15,0.05,0.03,100,5,0.8,0.01,pairwise,153.0,1.34
tune_8,Tuning/mac_grafo20dens30.txt,0.15,0.05,0.03,100,5,0.8,0.01,pairwise,153.0,1.34
tune_9,Tuning/mac_grafo20dens30.txt,0.15,0.05,0.03,100,5,0.8,0.01,pairwise,153.0,1.34
tune_10,Tuning/mac_grafo20dens30.txt,0.15,0.05,0.03,100,5,0.8,0.01,pairwise,153.0,1.33
tune_1,Tuning/bog_150_p0.1_2.txt,0.15,0.05,0.03,100,5,0.8,0.02,pairwise,10153.0,5.00
tune_2,Tuning/bog_150_p0.1_2.txt,0.15,0.05,0.03,100,5,0.8,0.02,pairwise,10153.0,5.00
tune_3,Tuning/bog_150_p0.1_2.txt,0.15,0.05,0.03,100,5,0.8,0.02,pairwise,10153.0,4.99
tune_4,Tuning/bog_150_p0.1_2.txt,0.15,0.05,0.03,100,5,0.8,0.02,pairwise,10153.0,5.01
tune_5,Tuning/bog_150_p0.1_2.txt,0.15,0.05,0.03,100,5,0.8,0.02,pairwise,10153.0,4.96
tune_6,Tuning/bog_150_p0.1_2.txt,0.15,0.05,0.03,100,5,0.8,0.02,pairwise,10153.0,5.00
tune_7,Tuning/bog_150_p0.1_2.txt,0.15,0.05,0.03,100,5,0.8,0.02,pairwise,10153.0,5.04
tune_8,Tuning/bog_150_p0.1_2.txt,0.15,0.05,0.03,100,5,0.8,0.02,pairwise,10153.0,4.98
tune_9,Tuning/bog_150_p0.1_2.txt,0.15,0.05,0.03,100,5,0.8,0.02,pairwise,10153.0,4.99
tune_10,Tuning/bog_150_p0.1_2.txt,0.15,0.05,0.03,100,5,0.8,0.02,pairwise,10153.0,5.00
tune_1,Tuning/cor_dolphins-w.txt,0.15,0.05,0.03,100,5,0.8,0.02,pairwise,1275.0,1.73
tune_2,Tuning/cor_dolphins-w.txt,0.15,0.05,0.03,100,5,0.8,0.02,pairwise,1225.0,1.76
tune_3,Tuning/cor_dolphins-w.txt,0.15,0.05,0.03,100,5,0.8,0.02,pairwise,1225.0,1.71
tune_4,Tuning/cor_dolphins-w.txt,0.15,0.05,0.03,100,5,0.8,0.02,pairwise,1225.0,1.77
tune_5,Tuning/cor_dolphins-w.txt,0.15,0.05,0.03,100,5,0.8,0.02,pairwise,1225.0,1.72
tune_6,Tuning/cor_dolphins-w.txt,0.15,0.05,0.03,100,5,0.8,0.02,pairwise,1225.0,1.71
tune_7,Tuning/cor_dolphins-w.txt,0.15,0.05,0.03,100,5,0.8,0.02,pairwise,1225.0,1.72
tune_8,Tuning/cor_dolphins-w.txt,0.15,0.05,0.03,100,5,0.8,0.02,pairwise,1276.0,1.70
tune_9,Tuning/cor_dolphins-w.txt,0.15,0.05,0.03,100,5,0.8,0.02,pairwise,1275.0,1.71
tune_10,Tuning/cor_dolphins-w.txt,0.15,0.05,0.03,100,5,0.8,0.02,pairwise,1226.0,1.73
tune_1,Tuning/hos_35_r1_1.txt,0.15,0.05,0.03,100,5,0.8,0.02,pairwise,466.0,1.36
tune_2,Tuning/hos_35_r1_1.txt,0.15,0.05,0.03,100,5,0.8,0.02,pairwise,466.0,1.36
tune_3,Tuning/hos_35_r1_1.txt,0.15,0.05,0.03,100,5,0.8,0.02,pairwise,468.0,1.38
tune_4,Tuning/hos_35_r1_1.txt,0.15,0.05,0.03,100,5,0.8,0.02,pairwise,466.0,1.36
tune_5,Tuning/hos_35_r1_1.txt,0.15,0.05,0.03,100,5,0.8,0.02,pairwise,466.0,1.39
tune_6,Tuning/hos_35_r1_1.txt,0.15,0.05,0.03,100,5,0.8,0.02,pairwise,466.0,1.40
tune_7,Tuning/hos_35_r1_1.txt,0.15,0.05,0.03,100,5,0.8,0.02,pairwise,441.0,1.39
tune_8,Tuning/hos_35_r1_1.txt,0.15,0.05,0.03,100,5,0.8,0.02,pairwise,441.0,1.36
tune_9,Tuning/hos_35_r1_1.txt,0.15,0.05,0.03,100,5,0.8,0.02,pairwise,466.0,1.36
tune_10,Tuning/hos_35_r1_1.txt,0.15,0.05,0.03,100,5,0.8,0.02,pairwise,468.0,1.36
tune_1,Tuning/mac_grafo20dens30.txt,0.15,0.05,0.03,100,5,0.8,0.02,pairwise,153.0,1.36
tune_2,Tuning/mac_grafo20dens30.txt,0.15,0.05,0.03,100,5,0.8,0.02,pairwise,153.0,1.34
tune_3,Tuning/mac_grafo20dens30.txt,0.15,0.05,0.03,100,5,0.8,0.02,pairwise,153.0,1.47
tune_4,Tuning/mac_grafo20dens30.txt,0.15,0.05,0.03,100,5,0.8,0.02,pairwise,153.0,1.32
tune_5,Tuning/mac_grafo20dens30.txt,0.15,0.05,0.03,100,5,0.8,0.02,pairwise,153.0,1.32
tune_6,Tuning/mac_grafo20dens30.txt,0.15,0.05,0.03,100,5,0.8,0.02,pairwise,153.0,1.32
tune_7,Tuning/mac_grafo20dens30.txt,0.15,0.05,0.03,100,5,0.8,0.02,pairwise,153.0,1.34
tune_8,Tuning/mac_grafo20dens30.txt,0.15,0.05,0.03,100,5,0.8,0.02,pairwise,153.0,1.34
tune_9,Tuning/mac_grafo20dens30.txt,0.15,0.05,0.03,100,5,0.8,0.02,pairwise,153.0,1.32
tune_10,Tuning/mac_grafo20dens30.txt,0.15,0.05,0.03,100,5,0.8,0.02,pairwise,153.0,1.32
tune_1,Tuning/bog_150_p0.1_2.txt,0.15,0.05,0.03,100,5,0.9,0.01,pairwise,10153.0,5.47
tune_2,Tuning/bog_150_p0.1_2.txt,0.15,0.05,0.03,100,5,0.9,0.01,pairwise,10153.0,5.47
tune_3,Tuning/bog_150_p0.1_2.txt,0.15,0.05,0.03,100,5,0.9,0.01,pairwise,10153.0,5.44
tune_4,Tuning/bog_150_p0.1_2.txt,0.15,0.05,0.03,100,5,0.9,0.01,pairwise,10153.0,5.53
tune_5,Tuning/bog_150_p0.1_2.txt,0.15,0.05,0.03,100,5,0.9,0.01,pairwise,10153.0,5.49
tune_6,Tuning/bog_150_p0.1_2.txt,0.15,0.05,0.03,100,5,0.9,0.01,pairwise,10153.0,5.55
tune_7,Tuning/bog_150_p0.1_2.txt,0.15,0.05,0.03,100,5,0.9,0.01,pairwise,10153.0,5.53
tune_8,Tuning/bog_150_p0.1_2.txt,0.15,0.05,0.03,100,5,0.9,0.01,pairwise,10153.0,5.53
tune_9,Tuning/bog_150_p0.1_2.txt,0.15,0.05,0.03,100,5,0.9,0.01,pairwise,10153.0,5.47
tune_10,Tuning/bog_150_p0.1_2.txt,0.15,0.05,0.03,100,5,0.9,0.01,pairwise,10153.0,5.48
tune_1,Tuning/cor_dolphins-w.txt,0.15,0.05,0.03,100,5,0.9,0.01,pairwise,1225.0,1.85
tune_2,Tuning/cor_dolphins-w.txt,0.15,0.05,0.03,100,5,0.9,0.01,pairwise,1275.0,1.91
tune_3,Tuning/cor_dolphins-w.txt,0.15,0.05,0.03,100,5,0.9,0.01,pairwise,1225.0,1.84
tune_4,Tuning/cor_dolphins-w.txt,0.15,0.05,0.03,100,5,0.9,0.01,pairwise,1225.0,1.84
tune_5,Tuning/cor_dolphins-w.txt,0.15,0.05,0.03,100,5,0.9,0.01,pairwise,1275.0,1.79
tune_6,Tuning/cor_dolphins-w.txt,0.15,0.05,0.03,100,5,0.9,0.01,pairwise,1225.0,1.85
tune_7,Tuning/cor_dolphins-w.txt,0.15,0.05,0.03,100,5,0.9,0.01,pairwise,1326.0,1.86
tune_8,Tuning/cor_dolphins-w.txt,0.15,0.05,0.03,100,5,0.9,0.01,pairwise,1225.0,1.84
tune_9,Tuning/cor_dolphins-w.txt,0.15,0.05,0.03,100,5,0.9,0.01,pairwise,1225.0,1.86
tune_10,Tuning/cor_dolphins-w.txt,0.15,0.05,0.03,100,5,0.9,0.01,pairwise,1225.0,1.82
tune_1,Tuning/hos_35_r1_1.txt,0.15,0.05,0.03,100,5,0.9,0.01,pairwise,466.0,1.46
tune_2,Tuning/hos_35_r1_1.txt,0.15,0.05,0.03,100,5,0.9,0.01,pairwise,466.0,1.42
tune_3,Tuning/hos_35_r1_1.txt,0.15,0.05,0.03,100,5,0.9,0.01,pairwise,466.0,1.40
tune_4,Tuning/hos_35_r1_1.txt,0.15,0.05,0.03,100,5,0.9,0.01,pairwise,466.0,1.43
tune_5,Tuning/hos_35_r1_1.txt,0.15,0.05,0.03,100,5,0.9,0.01,pairwise,441.0,1.40
tune_6,Tuning/hos_35_r1_1.txt,0.15,0.05,0.03,100,5,0.9,0.01,pairwise,441.0,1.43
tune_7,Tuning/hos_35_r1_1.txt,0.15,0.05,0.03,100,5,0.9,0.01,pairwise,441.0,1.43
tune_8,Tuning/hos_35_r1_1.txt,0.15,0.05,0.03,100,5,0.9,0.01,pairwise,466.0,1.40
tune_9,Tuning/hos_35_r1_1.txt,0.15,0.05,0.03,100,5,0.9,0.01,pairwise,466.0,1.43
tune_10,Tuning/hos_35_r1_1.txt,0.15,0.05,0.03,100,5,0.9,0.01,pairwise,466.0,1.41
tune_1,Tuning/mac_grafo20dens30.txt,0.15,0.05,0.03,100,5,0.9,0.01,pairwise,153.0,1.43
tune_2,Tuning/mac_grafo20dens30.txt,0.15,0.05,0.03,100,5,0.9,0.01,pairwise,153.0,1.38
tune_3,Tuning/mac_grafo20dens30.txt,0.15,0.05,0.03,100,5,0.9,0.01,pairwise,153.0,1.39
tune_4,Tuning/mac_grafo20dens30.txt,0.15,0.05,0.03,100,5,0.9,0.01,pairwise,171.0,1.39
tune_5,Tuning/mac_grafo20dens30.txt,0.15,0.05,0.03,100,5,0.9,0.01,pairwise,153.0,1.40
tune_6,Tuning/mac_grafo20dens30.txt,0.15,0.05,0.03,100,5,0.9,0.01,pairwise,153.0,1.36
tune_7,Tuning/mac_grafo20dens30.txt,0.15,0.05,0.03,100,5,0.9,0.01,pairwise,153.0,1.39
tune_8,Tuning/mac_grafo20dens30.txt,0.15,0.05,0.03,100,5,0.9,0.01,pairwise,153.0,1.40
tune_9,Tuning/mac_grafo20dens30.txt,0.15,0.05,0.03,100,5,0.9,0.01,pairwise,153.0,1.38
tune_10,Tuning/mac_grafo20dens30.txt,0.15,0.05,0.03,100,5,0.9,0.01,pairwise,171.0,1.39
tune_1,Tuning/bog_150_p0.1_2.txt,0.15,0.05,0.03,100,5,0.9,0.02,pairwise,10153.0,5.46
tune_2,Tuning/bog_150_p0.1_2.txt,0.15,0.05,0.03,100,5,0.9,0.02,pairwise,10153.0,5.55
tune_3,Tuning/bog_150_p0.1_2.txt,0.15,0.05,0.03,100,5,0.9,0.02,pairwise,10153.0,5.49
tune_4,Tuning/bog_150_p0.1_2.txt,0.15,0.05,0.03,100,5,0.9,0.02,pairwise,10153.0,5.52
tune_5,Tuning/bog_150_p0.1_2.txt,0.15,0.05,0.03,100,5,0.9,0.02,pairwise,10153.0,5.50
tune_6,Tuning/bog_150_p0.1_2.txt,0.15,0.05,0.03,100,5,0.9,0.02,pairwise,10153.0,5.48
tune_7,Tuning/bog_150_p0.1_2.txt,0.15,0.05,0.03,100,5,0.9,0.02,pairwise,10153.0,5.47
tune_8,Tuning/bog_150_p0.1_2.txt,0.15,0.05,0.03,100,5,0.9,0.02,pairwise,10153.0,5.46
tune_9,Tuning/bog_150_p0.1_2.txt,0.15,0.05,0.03,100,5,0.9,0.02,pairwise,10153.0,5.43
tune_10,Tuning/bog_150_p0.1_2.txt,0.15,0.05,0.03,100,5,0.9,0.02,pairwise,10153.0,5.53
tune_1,Tuning/cor_dolphins-w.txt,0.15,0.05,0.03,100,5,0.9,0.02,pairwise,991.0,1.82
tune_2,Tuning/cor_dolphins-w.txt,0.15,0.05,0.03,100,5,0.9,0.02,pairwise,1276.0,1.79
tune_3,Tuning/cor_dolphins-w.txt,0.15,0.05,0.03,100,5,0.9,0.02,pairwise,1225.0,1.89
tune_4,Tuning/cor_dolphins-w.txt,0.15,0.05,0.03,100,5,0.9,0.02,pairwise,1225.0,1.85
tune_5,Tuning/cor_dolphins-w.txt,0.15,0.05,0.03,100,5,0.9,0.02,pairwise,1225.0,1.81
tune_6,Tuning/cor_dolphins-w.txt,0.15,0.05,0.03,100,5,0.9,0.02,pairwise,1225.0,1.81
tune_7,Tuning/cor_dolphins-w.txt,0.15,0.05,0.03,100,5,0.9,0.02,pairwise,1226.0,1.87
tune_8,Tuning/cor_dolphins-w.txt,0.15,0.05,0.03,100,5,0.9,0.02,pairwise,1275.0,1.81
tune_9,Tuning/cor_dolphins-w.txt,0.15,0.05,0.03,100,5,0.9,0.02,pairwise,1226.0,1.84
tune_10,Tuning/cor_dolphins-w.txt,0.15,0.05,0.03,100,5,0.9,0.02,pairwise,916.0,1.83
tune_1,Tuning/hos_35_r1_1.txt,0.15,0.05,0.03,100,5,0.9,0.02,pairwise,466.0,1.47
tune_2,Tuning/hos_35_r1_1.txt,0.15,0.05,0.03,100,5,0.9,0.02,pairwise,466.0,1.42
tune_3,Tuning/hos_35_r1_1.txt,0.15,0.05,0.03,100,5,0.9,0.02,pairwise,468.0,1.40
tune_4,Tuning/hos_35_r1_1.txt,0.15,0.05,0.03,100,5,0.9,0.02,pairwise,466.0,1.42
tune_5,Tuning/hos_35_r1_1.txt,0.15,0.05,0.03,100,5,0.9,0.02,pairwise,441.0,1.42
tune_6,Tuning/hos_35_r1_1.txt,0.15,0.05,0.03,100,5,0.9,0.02,pairwise,466.0,1.41
tune_7,Tuning/hos_35_r1_1.txt,0.15,0.05,0.03,100,5,0.9,0.02,pairwise,466.0,1.41
tune_8,Tuning/hos_35_r1_1.txt,0.15,0.05,0.03,100,5,0.9,0.02,pairwise,441.0,1.41
tune_9,Tuning/hos_35_r1_1.txt,0.15,0.05,0.03,100,5,0.9,0.02,pairwise,441.0,1.40
tune_10,Tuning/hos_35_r1_1.txt,0.15,0.05,0.03,100,5,0.9,0.02,pairwise,466.0,1.40
tune_1,Tuning/mac_grafo20dens30.txt,0.15,0.05,0.03,100,5,0.9,0.02,pairwise,153.0,1.37
tune_2,Tuning/mac_grafo20dens30.txt,0.15,0.05,0.03,100,5,0.9,0.02,pairwise,153.0,1.38
tune_3,Tuning/mac_grafo20dens30.txt,0.15,0.05,0.03,100,5,0.9,0.02,pairwise,153.0,1.38
tune_4,Tuning/mac_grafo20dens30.txt,0.15,0.05,0.03,100,5,0.9,0.02,pairwise,153.0,1.38
tune_5,Tuning/mac_grafo20dens30.txt,0.15,0.05,0.03,100,5,0.9,0.02,pairwise,153.0,1.39
tune_6,Tuning/mac_grafo20dens30.txt,0.15,0.05,0.03,100,5,0.9,0.02,pairwise,153.0,1.38
tune_7,Tuning/mac_grafo20dens30.txt,0.15,0.05,0.03,100,5,0.9,0.02,pairwise,153.0,1.39
tune_8,Tuning/mac_grafo20dens30.txt,0.15,0.05,0.03,100,5,0.9,0.02,pairwise,153.0,1.38
tune_9,Tuning/mac_grafo20dens30.txt,0.15,0.05,0.03,100,5,0.9,0.02,pairwise,153.0,1.40
tune_10,Tuning/mac_grafo20dens30.txt,0.15,0.05,0.03,100,5,0.9,0.02,pairwise,153.0,1.38
tune_1,Tuning/bog_150_p0.1_2.txt,0.2,0.05,0.03,50,3,0.8,0.01,pairwise,10153.0,3.00
tune_2,Tuning/bog_150_p0.1_2.txt,0.2,0.05,0.03,50,3,0.8,0.01,pairwise,10153.0,2.94
tune_3,Tuning/bog_150_p0.1_2.txt,0.2,0.05,0.03,50,3,0.8,0.01,pairwise,10153.0,3.00
tune_4,Tuning/bog_150_p0.1_2.txt,0.2,0.05,0.03,50,3,0.8,0.01,pairwise,10153.0,2.99
tune_5,Tuning/bog_150_p0.1_2.txt,0.2,0.05,0.03,50,3,0.8,0.01,pairwise,10153.0,2.96
tune_6,Tuning/bog_150_p0.1_2.txt,0.2,0.05,0.03,50,3,0.8,0.01,pairwise,10153.0,3.01
tune_7,Tuning/bog_150_p0.1_2.txt,0.2,0.05,0.03,50,3,0.8,0.01,pairwise,10153.0,2.92
tune_8,Tuning/bog_150_p0.1_2.txt,0.2,0.05,0.03,50,3,0.8,0.01,pairwise,10153.0,2.98
tune_9,Tuning/bog_150_p0.1_2.txt,0.2,0.05,0.03,50,3,0.8,0.01,pairwise,10153.0,3.03
tune_10,Tuning/bog_150_p0.1_2.txt,0.2,0.05,0.03,50,3,0.8,0.01,pairwise,10153.0,2.95
tune_1,Tuning/cor_dolphins-w.txt,0.2,0.05,0.03,50,3,0.8,0.01,pairwise,1275.0,1.34
tune_2,Tuning/cor_dolphins-w.txt,0.2,0.05,0.03,50,3,0.8,0.01,pairwise,1275.0,1.31
tune_3,Tuning/cor_dolphins-w.txt,0.2,0.05,0.03,50,3,0.8,0.01,pairwise,1378.0,1.30
tune_4,Tuning/cor_dolphins-w.txt,0.2,0.05,0.03,50,3,0.8,0.01,pairwise,1275.0,1.31
tune_5,Tuning/cor_dolphins-w.txt,0.2,0.05,0.03,50,3,0.8,0.01,pairwise,1378.0,1.31
tune_6,Tuning/cor_dolphins-w.txt,0.2,0.05,0.03,50,3,0.8,0.01,pairwise,1278.0,1.32
tune_7,Tuning/cor_dolphins-w.txt,0.2,0.05,0.03,50,3,0.8,0.01,pairwise,1378.0,1.29
tune_8,Tuning/cor_dolphins-w.txt,0.2,0.05,0.03,50,3,0.8,0.01,pairwise,1276.0,1.29
tune_9,Tuning/cor_dolphins-w.txt,0.2,0.05,0.03,50,3,0.8,0.01,pairwise,1326.0,1.29
tune_10,Tuning/cor_dolphins-w.txt,0.2,0.05,0.03,50,3,0.8,0.01,pairwise,1378.0,1.32
tune_1,Tuning/hos_35_r1_1.txt,0.2,0.05,0.03,50,3,0.8,0.01,pairwise,466.0,1.12
tune_2,Tuning/hos_35_r1_1.txt,0.2,0.05,0.03,50,3,0.8,0.01,pairwise,466.0,1.15
tune_3,Tuning/hos_35_r1_1.txt,0.2,0.05,0.03,50,3,0.8,0.01,pairwise,468.0,1.11
tune_4,Tuning/hos_35_r1_1.txt,0.2,0.05,0.03,50,3,0.8,0.01,pairwise,466.0,1.13
tune_5,Tuning/hos_35_r1_1.txt,0.2,0.05,0.03,50,3,0.8,0.01,pairwise,441.0,1.12
tune_6,Tuning/hos_35_r1_1.txt,0.2,0.05,0.03,50,3,0.8,0.01,pairwise,466.0,1.11
tune_7,Tuning/hos_35_r1_1.txt,0.2,0.05,0.03,50,3,0.8,0.01,pairwise,468.0,1.24
tune_8,Tuning/hos_35_r1_1.txt,0.2,0.05,0.03,50,3,0.8,0.01,pairwise,466.0,1.10
tune_9,Tuning/hos_35_r1_1.txt,0.2,0.05,0.03,50,3,0.8,0.01,pairwise,468.0,1.12
tune_10,Tuning/hos_35_r1_1.txt,0.2,0.05,0.03,50,3,0.8,0.01,pairwise,466.0,1.14
tune_1,Tuning/mac_grafo20dens30.txt,0.2,0.05,0.03,50,3,0.8,0.01,pairwise,153.0,1.11
tune_2,Tuning/mac_grafo20dens30.txt,0.2,0.05,0.03,50,3,0.8,0.01,pairwise,153.0,1.09
tune_3,Tuning/mac_grafo20dens30.txt,0.2,0.05,0.03,50,3,0.8,0.01,pairwise,171.0,1.12
tune_4,Tuning/mac_grafo20dens30.txt,0.2,0.05,0.03,50,3,0.8,0.01,pairwise,153.0,1.10
tune_5,Tuning/mac_grafo20dens30.txt,0.2,0.05,0.03,50,3,0.8,0.01,pairwise,153.0,1.10
tune_6,Tuning/mac_grafo20dens30.txt,0.2,0.05,0.03,50,3,0.8,0.01,pairwise,153.0,1.10
tune_7,Tuning/mac_grafo20dens30.txt,0.2,0.05,0.03,50,3,0.8,0.01,pairwise,153.0,1.11
tune_8,Tuning/mac_grafo20dens30.txt,0.2,0.05,0.03,50,3,0.8,0.01,pairwise,153.0,1.11
tune_9,Tuning/mac_grafo20dens30.txt,0.2,0.05,0.03,50,3,0.8,0.01,pairwise,153.0,1.11
tune_10,Tuning/mac_grafo20dens30.txt,0.2,0.05,0.03,50,3,0.8,0.01,pairwise,153.0,1.10
tune_1,Tuning/bog_150_p0.1_2.txt,0.2,0.05,0.03,50,3,0.8,0.02,pairwise,10153.0,3.01
tune_2,Tuning/bog_150_p0.1_2.txt,0.2,0.05,0.03,50,3,0.8,0.02,pairwise,10153.0,2.94
tune_3,Tuning/bog_150_p0.1_2.txt,0.2,0.05,0.03,50,3,0.8,0.02,pairwise,10153.0,2.99
tune_4,Tuning/bog_150_p0.1_2.txt,0.2,0.05,0.03,50,3,0.8,0.02,pairwise,10153.0,3.04
tune_5,Tuning/bog_150_p0.1_2.txt,0.2,0.05,0.03,50,3,0.8,0.02,pairwise,10153.0,3.01
tune_6,Tuning/bog_150_p0.1_2.txt,0.2,0.05,0.03,50,3,0.8,0.02,pairwise,10153.0,2.98
tune_7,Tuning/bog_150_p0.1_2.txt,0.2,0.05,0.03,50,3,0.8,0.02,pairwise,10153.0,2.95
tune_8,Tuning/bog_150_p0.1_2.txt,0.2,0.05,0.03,50,3,0.8,0.02,pairwise,10153.0,2.98
tune_9,Tuning/bog_150_p0.1_2.txt,0.2,0.05,0.03,50,3,0.8,0.02,pairwise,10153.0,2.96
tune_10,Tuning/bog_150_p0.1_2.txt,0.2,0.05,0.03,50,3,0.8,0.02,pairwise,10153.0,2.95
tune_1,Tuning/cor_dolphins-w.txt,0.2,0.05,0.03,50,3,0.8,0.02,pairwise,1326.0,1.32
tune_2,Tuning/cor_dolphins-w.txt,0.2,0.05,0.03,50,3,0.8,0.02,pairwise,1378.0,1.33
tune_3,Tuning/cor_dolphins-w.txt,0.2,0.05,0.03,50,3,0.8,0.02,pairwise,1275.0,1.28
tune_4,Tuning/cor_dolphins-w.txt,0.2,0.05,0.03,50,3,0.8,0.02,pairwise,1275.0,1.30
tune_5,Tuning/cor_dolphins-w.txt,0.2,0.05,0.03,50,3,0.8,0.02,pairwise,1275.0,1.32
tune_6,Tuning/cor_dolphins-w.txt,0.2,0.05,0.03,50,3,0.8,0.02,pairwise,1275.0,1.29
tune_7,Tuning/cor_dolphins-w.txt,0.2,0.05,0.03,50,3,0.8,0.02,pairwise,1326.0,1.28
tune_8,Tuning/cor_dolphins-w.txt,0.2,0.05,0.03,50,3,0.8,0.02,pairwise,1275.0,1.30
tune_9,Tuning/cor_dolphins-w.txt,0.2,0.05,0.03,50,3,0.8,0.02,pairwise,1326.0,1.30
tune_10,Tuning/cor_dolphins-w.txt,0.2,0.05,0.03,50,3,0.8,0.02,pairwise,1225.0,1.29
tune_1,Tuning/hos_35_r1_1.txt,0.2,0.05,0.03,50,3,0.8,0.02,pairwise,466.0,1.11
tune_2,Tuning/hos_35_r1_1.txt,0.2,0.05,0.03,50,3,0.8,0.02,pairwise,468.0,1.12
tune_3,Tuning/hos_35_r1_1.txt,0.2,0.05,0.03,50,3,0.8,0.02,pairwise,468.0,1.12
tune_4,Tuning/hos_35_r1_1.txt,0.2,0.05,0.03,50,3,0.8,0.02,pairwise,497.0,1.11
tune_5,Tuning/hos_35_r1_1.txt,0.2,0.05,0.03,50,3,0.8,0.02,pairwise,466.0,1.10
tune_6,Tuning/hos_35_r1_1.txt,0.2,0.05,0.03,50,3,0.8,0.02,pairwise,466.0,1.13
tune_7,Tuning/hos_35_r1_1.txt,0.2,0.05,0.03,50,3,0.8,0.02,pairwise,468.0,1.13
tune_8,Tuning/hos_35_r1_1.txt,0.2,0.05,0.03,50,3,0.8,0.02,pairwise,466.0,1.11
tune_9,Tuning/hos_35_r1_1.txt,0.2,0.05,0.03,50,3,0.8,0.02,pairwise,468.0,1.12
tune_10,Tuning/hos_35_r1_1.txt,0.2,0.05,0.03,50,3,0.8,0.02,pairwise,441.0,1.10
tune_1,Tuning/mac_grafo20dens30.txt,0.2,0.05,0.03,50,3,0.8,0.02,pairwise,153.0,1.13
tune_2,Tuning/mac_grafo20dens30.txt,0.2,0.05,0.03,50,3,0.8,0.02,pairwise,153.0,1.12
tune_3,Tuning/mac_grafo20dens30.txt,0.2,0.05,0.03,50,3,0.8,0.02,pairwise,153.0,1.10
tune_4,Tuning/mac_grafo20dens30.txt,0.2,0.05,0.03,50,3,0.8,0.02,pairwise,153.0,1.11
tune_5,Tuning/mac_grafo20dens30.txt,0.2,0.05,0.03,50,3,0.8,0.02,pairwise,153.0,1.10
tune_6,Tuning/mac_grafo20dens30.txt,0.2,0.05,0.03,50,3,0.8,0.02,pairwise,171.0,1.09
tune_7,Tuning/mac_grafo20dens30.txt,0.2,0.05,0.03,50,3,0.8,0.02,pairwise,153.0,1.10
tune_8,Tuning/mac_grafo20dens30.txt,0.2,0.05,0.03,50,3,0.8,0.02,pairwise,153.0,1.10
tune_9,Tuning/mac_grafo20dens30.txt,0.2,0.05,0.03,50,3,0.8,0.02,pairwise,153.0,1.08
tune_10,Tuning/mac_grafo20dens30.txt,0.2,0.05,0.03,50,3,0.8,0.02,pairwise,153.0,1.08
tune_1,Tuning/bog_150_p0.1_2.txt,0.2,0.05,0.03,50,3,0.9,0.01,pairwise,10153.0,3.15
tune_2,Tuning/bog_150_p0.1_2.txt,0.2,0.05,0.03,50,3,0.9,0.01,pairwise,10153.0,3.18
tune_3,Tuning/bog_150_p0.1_2.txt,0.2,0.05,0.03,50,3,0.9,0.01,pairwise,10153.0,3.15
tune_4,Tuning/bog_150_p0.1_2.txt,0.2,0.05,0.03,50,3,0.9,0.01,pairwise,10153.0,3.19
tune_5,Tuning/bog_150_p0.1_2.txt,0.2,0.05,0.03,50,3,0.9,0.01,pairwise,10153.0,3.13
tune_6,Tuning/bog_150_p0.1_2.txt,0.2,0.05,0.03,50,3,0.9,0.01,pairwise,10153.0,3.18
tune_7,Tuning/bog_150_p0.1_2.txt,0.2,0.05,0.03,50,3,0.9,0.01,pairwise,10153.0,3.17
tune_8,Tuning/bog_150_p0.1_2.txt,0.2,0.05,0.03,50,3,0.9,0.01,pairwise,10153.0,3.15
tune_9,Tuning/bog_150_p0.1_2.txt,0.2,0.05,0.03,50,3,0.9,0.01,pairwise,10153.0,3.21
tune_10,Tuning/bog_150_p0.1_2.txt,0.2,0.05,0.03,50,3,0.9,0.01,pairwise,10153.0,3.19
tune_1,Tuning/cor_dolphins-w.txt,0.2,0.05,0.03,50,3,0.9,0.01,pairwise,1225.0,1.32
tune_2,Tuning/cor_dolphins-w.txt,0.2,0.05,0.03,50,3,0.9,0.01,pairwise,1275.0,1.35
tune_3,Tuning/cor_dolphins-w.txt,0.2,0.05,0.03,50,3,0.9,0.01,pairwise,1275.0,1.33
tune_4,Tuning/cor_dolphins-w.txt,0.2,0.05,0.03,50,3,0.9,0.01,pairwise,1275.0,1.36
tune_5,Tuning/cor_dolphins-w.txt,0.2,0.05,0.03,50,3,0.9,0.01,pairwise,1326.0,1.34
tune_6,Tuning/cor_dolphins-w.txt,0.2,0.05,0.03,50,3,0.9,0.01,pairwise,1275.0,1.35
tune_7,Tuning/cor_dolphins-w.txt,0.2,0.05,0.03,50,3,0.9,0.01,pairwise,1327.0,1.34
tune_8,Tuning/cor_dolphins-w.txt,0.2,0.05,0.03,50,3,0.9,0.01,pairwise,1275.0,1.33
tune_9,Tuning/cor_dolphins-w.txt,0.2,0.05,0.03,50,3,0.9,0.01,pairwise,1225.0,1.33
tune_10,Tuning/cor_dolphins-w.txt,0.2,0.05,0.03,50,3,0.9,0.01,pairwise,1276.0,1.42
tune_1,Tuning/hos_35_r1_1.txt,0.2,0.05,0.03,50,3,0.9,0.01,pairwise,468.0,1.13
tune_2,Tuning/hos_35_r1_1.txt,0.2,0.05,0.03,50,3,0.9,0.01,pairwise,466.0,1.14
tune_3,Tuning/hos_35_r1_1.txt,0.2,0.05,0.03,50,3,0.9,0.01,pairwise,468.0,1.11
tune_4,Tuning/hos_35_r1_1.txt,0.2,0.05,0.03,50,3,0.9,0.01,pairwise,441.0,1.12
tune_5,Tuning/hos_35_r1_1.txt,0.2,0.05,0.03,50,3,0.9,0.01,pairwise,497.0,1.14
tune_6,Tuning/hos_35_r1_1.txt,0.2,0.05,0.03,50,3,0.9,0.01,pairwise,466.0,1.14
tune_7,Tuning/hos_35_r1_1.txt,0.2,0.05,0.03,50,3,0.9,0.01,pairwise,466.0,1.14
tune_8,Tuning/hos_35_r1_1.txt,0.2,0.05,0.03,50,3,0.9,0.01,pairwise,466.0,1.16
tune_9,Tuning/hos_35_r1_1.txt,0.2,0.05,0.03,50,3,0.9,0.01,pairwise,441.0,1.15
tune_10,Tuning/hos_35_r1_1.txt,0.2,0.05,0.03,50,3,0.9,0.01,pairwise,468.0,1.17
tune_1,Tuning/mac_grafo20dens30.txt,0.2,0.05,0.03,50,3,0.9,0.01,pairwise,153.0,1.13
tune_2,Tuning/mac_grafo20dens30.txt,0.2,0.05,0.03,50,3,0.9,0.01,pairwise,171.0,1.15
tune_3,Tuning/mac_grafo20dens30.txt,0.2,0.05,0.03,50,3,0.9,0.01,pairwise,153.0,1.14
tune_4,Tuning/mac_grafo20dens30.txt,0.2,0.05,0.03,50,3,0.9,0.01,pairwise,153.0,1.11
tune_5,Tuning/mac_grafo20dens30.txt,0.2,0.05,0.03,50,3,0.9,0.01,pairwise,171.0,1.13
tune_6,Tuning/mac_grafo20dens30.txt,0.2,0.05,0.03,50,3,0.9,0.01,pairwise,153.0,1.12
tune_7,Tuning/mac_grafo20dens30.txt,0.2,0.05,0.03,50,3,0.9,0.01,pairwise,153.0,1.17
tune_8,Tuning/mac_grafo20dens30.txt,0.2,0.05,0.03,50,3,0.9,0.01,pairwise,153.0,1.13
tune_9,Tuning/mac_grafo20dens30.txt,0.2,0.05,0.03,50,3,0.9,0.01,pairwise,153.0,1.17
tune_10,Tuning/mac_grafo20dens30.txt,0.2,0.05,0.03,50,3,0.9,0.01,pairwise,153.0,1.12
tune_1,Tuning/bog_150_p0.1_2.txt,0.2,0.05,0.03,50,3,0.9,0.02,pairwise,10153.0,3.22
tune_2,Tuning/bog_150_p0.1_2.txt,0.2,0.05,0.03,50,3,0.9,0.02,pairwise,10153.0,3.15
tune_3,Tuning/bog_150_p0.1_2.txt,0.2,0.05,0.03,50,3,0.9,0.02,pairwise,10153.0,3.20
tune_4,Tuning/bog_150_p0.1_2.txt,0.2,0.05,0.03,50,3,0.9,0.02,pairwise,10153.0,3.17
tune_5,Tuning/bog_150_p0.1_2.txt,0.2,0.05,0.03,50,3,0.9,0.02,pairwise,10153.0,3.19
tune_6,Tuning/bog_150_p0.1_2.txt,0.2,0.05,0.03,50,3,0.9,0.02,pairwise,10153.0,3.20
tune_7,Tuning/bog_150_p0.1_2.txt,0.2,0.05,0.03,50,3,0.9,0.02,pairwise,10153.0,3.25
tune_8,Tuning/bog_150_p0.1_2.txt,0.2,0.05,0.03,50,3,0.9,0.02,pairwise,10153.0,3.20
tune_9,Tuning/bog_150_p0.1_2.txt,0.2,0.05,0.03,50,3,0.9,0.02,pairwise,10153.0,3.20
tune_10,Tuning/bog_150_p0.1_2.txt,0.2,0.05,0.03,50,3,0.9,0.02,pairwise,10153.0,3.22
tune_1,Tuning/cor_dolphins-w.txt,0.2,0.05,0.03,50,3,0.9,0.02,pairwise,1276.0,1.35
tune_2,Tuning/cor_dolphins-w.txt,0.2,0.05,0.03,50,3,0.9,0.02,pairwise,1276.0,1.33
tune_3,Tuning/cor_dolphins-w.txt,0.2,0.05,0.03,50,3,0.9,0.02,pairwise,1326.0,1.33
tune_4,Tuning/cor_dolphins-w.txt,0.2,0.05,0.03,50,3,0.9,0.02,pairwise,1275.0,1.35
tune_5,Tuning/cor_dolphins-w.txt,0.2,0.05,0.03,50,3,0.9,0.02,pairwise,1225.0,1.35
tune_6,Tuning/cor_dolphins-w.txt,0.2,0.05,0.03,50,3,0.9,0.02,pairwise,1326.0,1.34
tune_7,Tuning/cor_dolphins-w.txt,0.2,0.05,0.03,50,3,0.9,0.02,pairwise,1275.0,1.35
tune_8,Tuning/cor_dolphins-w.txt,0.2,0.05,0.03,50,3,0.9,0.02,pairwise,1275.0,1.34
tune_9,Tuning/cor_dolphins-w.txt,0.2,0.05,0.03,50,3,0.9,0.02,pairwise,1326.0,1.33
tune_10,Tuning/cor_dolphins-w.txt,0.2,0.05,0.03,50,3,0.9,0.02,pairwise,1275.0,1.38
tune_1,Tuning/hos_35_r1_1.txt,0.2,0.05,0.03,50,3,0.9,0.02,pairwise,468.0,1.17
tune_2,Tuning/hos_35_r1_1.txt,0.2,0.05,0.03,50,3,0.9,0.02,pairwise,466.0,1.16
tune_3,Tuning/hos_35_r1_1.txt,0.2,0.05,0.03,50,3,0.9,0.02,pairwise,466.0,1.16
tune_4,Tuning/hos_35_r1_1.txt,0.2,0.05,0.03,50,3,0.9,0.02,pairwise,468.0,1.18
tune_5,Tuning/hos_35_r1_1.txt,0.2,0.05,0.03,50,3,0.9,0.02,pairwise,468.0,1.16
tune_6,Tuning/hos_35_r1_1.txt,0.2,0.05,0.03,50,3,0.9,0.02,pairwise,441.0,1.15
tune_7,Tuning/hos_35_r1_1.txt,0.2,0.05,0.03,50,3,0.9,0.02,pairwise,441.0,1.18
tune_8,Tuning/hos_35_r1_1.txt,0.2,0.05,0.03,50,3,0.9,0.02,pairwise,441.0,1.17
tune_9,Tuning/hos_35_r1_1.txt,0.2,0.05,0.03,50,3,0.9,0.02,pairwise,466.0,1.17
tune_10,Tuning/hos_35_r1_1.txt,0.2,0.05,0.03,50,3,0.9,0.02,pairwise,466.0,1.14
tune_1,Tuning/mac_grafo20dens30.txt,0.2,0.05,0.03,50,3,0.9,0.02,pairwise,171.0,1.14
tune_2,Tuning/mac_grafo20dens30.txt,0.2,0.05,0.03,50,3,0.9,0.02,pairwise,153.0,1.15
tune_3,Tuning/mac_grafo20dens30.txt,0.2,0.05,0.03,50,3,0.9,0.02,pairwise,153.0,1.11
tune_4,Tuning/mac_grafo20dens30.txt,0.2,0.05,0.03,50,3,0.9,0.02,pairwise,153.0,1.12
tune_5,Tuning/mac_grafo20dens30.txt,0.2,0.05,0.03,50,3,0.9,0.02,pairwise,153.0,1.11
tune_6,Tuning/mac_grafo20dens30.txt,0.2,0.05,0.03,50,3,0.9,0.02,pairwise,153.0,1.12
tune_7,Tuning/mac_grafo20dens30.txt,0.2,0.05,0.03,50,3,0.9,0.02,pairwise,153.0,1.13
tune_8,Tuning/mac_grafo20dens30.txt,0.2,0.05,0.03,50,3,0.9,0.02,pairwise,153.0,1.14
tune_9,Tuning/mac_grafo20dens30.txt,0.2,0.05,0.03,50,3,0.9,0.02,pairwise,171.0,1.11
tune_10,Tuning/mac_grafo20dens30.txt,0.2,0.05,0.03,50,3,0.9,0.02,pairwise,153.0,1.12
tune_1,Tuning/bog_150_p0.1_2.txt,0.2,0.05,0.03,50,5,0.8,0.01,pairwise,10153.0,3.11
tune_2,Tuning/bog_150_p0.1_2.txt,0.2,0.05,0.03,50,5,0.8,0.01,pairwise,10153.0,3.03
tune_3,Tuning/bog_150_p0.1_2.txt,0.2,0.05,0.03,50,5,0.8,0.01,pairwise,10153.0,2.98
tune_4,Tuning/bog_150_p0.1_2.txt,0.2,0.05,0.03,50,5,0.8,0.01,pairwise,10153.0,3.01
tune_5,Tuning/bog_150_p0.1_2.txt,0.2,0.05,0.03,50,5,0.8,0.01,pairwise,10153.0,3.02
tune_6,Tuning/bog_150_p0.1_2.txt,0.2,0.05,0.03,50,5,0.8,0.01,pairwise,10153.0,3.06
tune_7,Tuning/bog_150_p0.1_2.txt,0.2,0.05,0.03,50,5,0.8,0.01,pairwise,10153.0,2.97
tune_8,Tuning/bog_150_p0.1_2.txt,0.2,0.05,0.03,50,5,0.8,0.01,pairwise,10153.0,2.95
tune_9,Tuning/bog_150_p0.1_2.txt,0.2,0.05,0.03,50,5,0.8,0.01,pairwise,10153.0,2.97
tune_10,Tuning/bog_150_p0.1_2.txt,0.2,0.05,0.03,50,5,0.8,0.01,pairwise,10153.0,2.95
tune_1,Tuning/cor_dolphins-w.txt,0.2,0.05,0.03,50,5,0.8,0.01,pairwise,1179.0,1.30
tune_2,Tuning/cor_dolphins-w.txt,0.2,0.05,0.03,50,5,0.8,0.01,pairwise,1275.0,1.34
tune_3,Tuning/cor_dolphins-w.txt,0.2,0.05,0.03,50,5,0.8,0.01,pairwise,1275.0,1.30
tune_4,Tuning/cor_dolphins-w.txt,0.2,0.05,0.03,50,5,0.8,0.01,pairwise,1326.0,1.31
tune_5,Tuning/cor_dolphins-w.txt,0.2,0.05,0.03,50,5,0.8,0.01,pairwise,1275.0,1.30
tune_6,Tuning/cor_dolphins-w.txt,0.2,0.05,0.03,50,5,0.8,0.01,pairwise,1326.0,1.31
tune_7,Tuning/cor_dolphins-w.txt,0.2,0.05,0.03,50,5,0.8,0.01,pairwise,1275.0,1.42
tune_8,Tuning/cor_dolphins-w.txt,0.2,0.05,0.03,50,5,0.8,0.01,pairwise,1275.0,1.29
tune_9,Tuning/cor_dolphins-w.txt,0.2,0.05,0.03,50,5,0.8,0.01,pairwise,1326.0,1.33
tune_10,Tuning/cor_dolphins-w.txt,0.2,0.05,0.03,50,5,0.8,0.01,pairwise,1378.0,1.37
tune_1,Tuning/hos_35_r1_1.txt,0.2,0.05,0.03,50,5,0.8,0.01,pairwise,466.0,1.11
tune_2,Tuning/hos_35_r1_1.txt,0.2,0.05,0.03,50,5,0.8,0.01,pairwise,441.0,1.16
tune_3,Tuning/hos_35_r1_1.txt,0.2,0.05,0.03,50,5,0.8,0.01,pairwise,466.0,1.17
tune_4,Tuning/hos_35_r1_1.txt,0.2,0.05,0.03,50,5,0.8,0.01,pairwise,441.0,1.17
tune_5,Tuning/hos_35_r1_1.txt,0.2,0.05,0.03,50,5,0.8,0.01,pairwise,466.0,1.13
tune_6,Tuning/hos_35_r1_1.txt,0.2,0.05,0.03,50,5,0.8,0.01,pairwise,466.0,1.13
tune_7,Tuning/hos_35_r1_1.txt,0.2,0.05,0.03,50,5,0.8,0.01,pairwise,468.0,1.15
tune_8,Tuning/hos_35_r1_1.txt,0.2,0.05,0.03,50,5,0.8,0.01,pairwise,466.0,1.11
tune_9,Tuning/hos_35_r1_1.txt,0.2,0.05,0.03,50,5,0.8,0.01,pairwise,468.0,1.12
tune_10,Tuning/hos_35_r1_1.txt,0.2,0.05,0.03,50,5,0.8,0.01,pairwise,466.0,1.12
tune_1,Tuning/mac_grafo20dens30.txt,0.2,0.05,0.03,50,5,0.8,0.01,pairwise,153.0,1.12
tune_2,Tuning/mac_grafo20dens30.txt,0.2,0.05,0.03,50,5,0.8,0.01,pairwise,171.0,1.15
tune_3,Tuning/mac_grafo20dens30.txt,0.2,0.05,0.03,50,5,0.8,0.01,pairwise,153.0,1.10
tune_4,Tuning/mac_grafo20dens30.txt,0.2,0.05,0.03,50,5,0.8,0.01,pairwise,153.0,1.15
tune_5,Tuning/mac_grafo20dens30.txt,0.2,0.05,0.03,50,5,0.8,0.01,pairwise,153.0,1.08
tune_6,Tuning/mac_grafo20dens30.txt,0.2,0.05,0.03,50,5,0.8,0.01,pairwise,153.0,1.13
tune_7,Tuning/mac_grafo20dens30.txt,0.2,0.05,0.03,50,5,0.8,0.01,pairwise,153.0,1.08
tune_8,Tuning/mac_grafo20dens30.txt,0.2,0.05,0.03,50,5,0.8,0.01,pairwise,153.0,1.12
tune_9,Tuning/mac_grafo20dens30.txt,0.2,0.05,0.03,50,5,0.8,0.01,pairwise,153.0,1.12
tune_10,Tuning/mac_grafo20dens30.txt,0.2,0.05,0.03,50,5,0.8,0.01,pairwise,153.0,1.11
tune_1,Tuning/bog_150_p0.1_2.txt,0.2,0.05,0.03,50,5,0.8,0.02,pairwise,10153.0,2.99
tune_2,Tuning/bog_150_p0.1_2.txt,0.2,0.05,0.03,50,5,0.8,0.02,pairwise,10153.0,2.99
tune_3,Tuning/bog_150_p0.1_2.txt,0.2,0.05,0.03,50,5,0.8,0.02,pairwise,10153.0,3.00
tune_4,Tuning/bog_150_p0.1_2.txt,0.2,0.05,0.03,50,5,0.8,0.02,pairwise,10153.0,3.06
tune_5,Tuning/bog_150_p0.1_2.txt,0.2,0.05,0.03,50,5,0.8,0.02,pairwise,10153.0,3.00
tune_6,Tuning/bog_150_p0.1_2.txt,0.2,0.05,0.03,50,5,0.8,0.02,pairwise,10153.0,3.02
tune_7,Tuning/bog_150_p0.1_2.txt,0.2,0.05,0.03,50,5,0.8,0.02,pairwise,10153.0,3.00
tune_8,Tuning/bog_150_p0.1_2.txt,0.2,0.05,0.03,50,5,0.8,0.02,pairwise,10153.0,2.98
tune_9,Tuning/bog_150_p0.1_2.txt,0.2,0.05,0.03,50,5,0.8,0.02,pairwise,10153.0,3.03
tune_10,Tuning/bog_150_p0.1_2.txt,0.2,0.05,0.03,50,5,0.8,0.02,pairwise,10153.0,3.17
tune_1,Tuning/cor_dolphins-w.txt,0.2,0.05,0.03,50,5,0.8,0.02,pairwise,1378.0,1.41
tune_2,Tuning/cor_dolphins-w.txt,0.2,0.05,0.03,50,5,0.8,0.02,pairwise,1326.0,1.37
tune_3,Tuning/cor_dolphins-w.txt,0.2,0.05,0.03,50,5,0.8,0.02,pairwise,1275.0,1.35
tune_4,Tuning/cor_dolphins-w.txt,0.2,0.05,0.03,50,5,0.8,0.02,pairwise,1326.0,1.34
tune_5,Tuning/cor_dolphins-w.txt,0.2,0.05,0.03,50,5,0.8,0.02,pairwise,1275.0,1.29
tune_6,Tuning/cor_dolphins-w.txt,0.2,0.05,0.03,50,5,0.8,0.02,pairwise,1226.0,1.31
tune_7,Tuning/cor_dolphins-w.txt,0.2,0.05,0.03,50,5,0.8,0.02,pairwise,1275.0,1.32
tune_8,Tuning/cor_dolphins-w.txt,0.2,0.05,0.03,50,5,0.8,0.02,pairwise,1378.0,1.33
tune_9,Tuning/cor_dolphins-w.txt,0.2,0.05,0.03,50,5,0.8,0.02,pairwise,1326.0,1.30
tune_10,Tuning/cor_dolphins-w.txt,0.2,0.05,0.03,50,5,0.8,0.02,pairwise,1275.0,1.35
tune_1,Tuning/hos_35_r1_1.txt,0.2,0.05,0.03,50,5,0.8,0.02,pairwise,468.0,1.12
tune_2,Tuning/hos_35_r1_1.txt,0.2,0.05,0.03,50,5,0.8,0.02,pairwise,468.0,1.14
tune_3,Tuning/hos_35_r1_1.txt,0.2,0.05,0.03,50,5,0.8,0.02,pairwise,468.0,1.14
tune_4,Tuning/hos_35_r1_1.txt,0.2,0.05,0.03,50,5,0.8,0.02,pairwise,466.0,1.14
tune_5,Tuning/hos_35_r1_1.txt,0.2,0.05,0.03,50,5,0.8,0.02,pairwise,441.0,1.11
tune_6,Tuning/hos_35_r1_1.txt,0.2,0.05,0.03,50,5,0.8,0.02,pairwise,466.0,1.12
tune_7,Tuning/hos_35_r1_1.txt,0.2,0.05,0.03,50,5,0.8,0.02,pairwise,466.0,1.12
tune_8,Tuning/hos_35_r1_1.txt,0.2,0.05,0.03,50,5,0.8,0.02,pairwise,468.0,1.13
tune_9,Tuning/hos_35_r1_1.txt,0.2,0.05,0.03,50,5,0.8,0.02,pairwise,468.0,1.13
tune_10,Tuning/hos_35_r1_1.txt,0.2,0.05,0.03,50,5,0.8,0.02,pairwise,466.0,1.15
tune_1,Tuning/mac_grafo20dens30.txt,0.2,0.05,0.03,50,5,0.8,0.02,pairwise,153.0,1.10
tune_2,Tuning/mac_grafo20dens30.txt,0.2,0.05,0.03,50,5,0.8,0.02,pairwise,171.0,1.13
tune_3,Tuning/mac_grafo20dens30.txt,0.2,0.05,0.03,50,5,0.8,0.02,pairwise,153.0,1.11
tune_4,Tuning/mac_grafo20dens30.txt,0.2,0.05,0.03,50,5,0.8,0.02,pairwise,153.0,1.13
tune_5,Tuning/mac_grafo20dens30.txt,0.2,0.05,0.03,50,5,0.8,0.02,pairwise,171.0,1.11
tune_6,Tuning/mac_grafo20dens30.txt,0.2,0.05,0.03,50,5,0.8,0.02,pairwise,153.0,1.12
tune_7,Tuning/mac_grafo20dens30.txt,0.2,0.05,0.03,50,5,0.8,0.02,pairwise,153.0,1.10
tune_8,Tuning/mac_grafo20dens30.txt,0.2,0.05,0.03,50,5,0.8,0.02,pairwise,153.0,1.08
tune_9,Tuning/mac_grafo20dens30.txt,0.2,0.05,0.03,50,5,0.8,0.02,pairwise,153.0,1.12
tune_10,Tuning/mac_grafo20dens30.txt,0.2,0.05,0.03,50,5,0.8,0.02,pairwise,153.0,1.11
tune_1,Tuning/bog_150_p0.1_2.txt,0.2,0.05,0.03,50,5,0.9,0.01,pairwise,10153.0,3.21
tune_2,Tuning/bog_150_p0.1_2.txt,0.2,0.05,0.03,50,5,0.9,0.01,pairwise,10153.0,3.21
tune_3,Tuning/bog_150_p0.1_2.txt,0.2,0.05,0.03,50,5,0.9,0.01,pairwise,10153.0,3.23
tune_4,Tuning/bog_150_p0.1_2.txt,0.2,0.05,0.03,50,5,0.9,0.01,pairwise,10153.0,3.25
tune_5,Tuning/bog_150_p0.1_2.txt,0.2,0.05,0.03,50,5,0.9,0.01,pairwise,10153.0,3.18
tune_6,Tuning/bog_150_p0.1_2.txt,0.2,0.05,0.03,50,5,0.9,0.01,pairwise,10153.0,3.17
tune_7,Tuning/bog_150_p0.1_2.txt,0.2,0.05,0.03,50,5,0.9,0.01,pairwise,10153.0,3.21
tune_8,Tuning/bog_150_p0.1_2.txt,0.2,0.05,0.03,50,5,0.9,0.01,pairwise,10153.0,3.19
tune_9,Tuning/bog_150_p0.1_2.txt,0.2,0.05,0.03,50,5,0.9,0.01,pairwise,10153.0,3.20
tune_10,Tuning/bog_150_p0.1_2.txt,0.2,0.05,0.03,50,5,0.9,0.01,pairwise,10153.0,3.26
tune_1,Tuning/cor_dolphins-w.txt,0.2,0.05,0.03,50,5,0.9,0.01,pairwise,1225.0,1.34
tune_2,Tuning/cor_dolphins-w.txt,0.2,0.05,0.03,50,5,0.9,0.01,pairwise,1275.0,1.35
tune_3,Tuning/cor_dolphins-w.txt,0.2,0.05,0.03,50,5,0.9,0.01,pairwise,1225.0,1.36
tune_4,Tuning/cor_dolphins-w.txt,0.2,0.05,0.03,50,5,0.9,0.01,pairwise,1326.0,1.35
tune_5,Tuning/cor_dolphins-w.txt,0.2,0.05,0.03,50,5,0.9,0.01,pairwise,1378.0,1.40
tune_6,Tuning/cor_dolphins-w.txt,0.2,0.05,0.03,50,5,0.9,0.01,pairwise,1326.0,1.35
tune_7,Tuning/cor_dolphins-w.txt,0.2,0.05,0.03,50,5,0.9,0.01,pairwise,1378.0,1.35
tune_8,Tuning/cor_dolphins-w.txt,0.2,0.05,0.03,50,5,0.9,0.01,pairwise,1326.0,1.36
tune_9,Tuning/cor_dolphins-w.txt,0.2,0.05,0.03,50,5,0.9,0.01,pairwise,1275.0,1.34
tune_10,Tuning/cor_dolphins-w.txt,0.2,0.05,0.03,50,5,0.9,0.01,pairwise,1275.0,1.32
tune_1,Tuning/hos_35_r1_1.txt,0.2,0.05,0.03,50,5,0.9,0.01,pairwise,466.0,1.22
tune_2,Tuning/hos_35_r1_1.txt,0.2,0.05,0.03,50,5,0.9,0.01,pairwise,466.0,1.17
tune_3,Tuning/hos_35_r1_1.txt,0.2,0.05,0.03,50,5,0.9,0.01,pairwise,468.0,1.14
tune_4,Tuning/hos_35_r1_1.txt,0.2,0.05,0.03,50,5,0.9,0.01,pairwise,466.0,1.13
tune_5,Tuning/hos_35_r1_1.txt,0.2,0.05,0.03,50,5,0.9,0.01,pairwise,441.0,1.18
tune_6,Tuning/hos_35_r1_1.txt,0.2,0.05,0.03,50,5,0.9,0.01,pairwise,441.0,1.13
tune_7,Tuning/hos_35_r1_1.txt,0.2,0.05,0.03,50,5,0.9,0.01,pairwise,441.0,1.20
tune_8,Tuning/hos_35_r1_1.txt,0.2,0.05,0.03,50,5,0.9,0.01,pairwise,466.0,1.14
tune_9,Tuning/hos_35_r1_1.txt,0.2,0.05,0.03,50,5,0.9,0.01,pairwise,466.0,1.14
tune_10,Tuning/hos_35_r1_1.txt,0.2,0.05,0.03,50,5,0.9,0.01,pairwise,466.0,1.14
tune_1,Tuning/mac_grafo20dens30.txt,0.2,0.05,0.03,50,5,0.9,0.01,pairwise,153.0,1.16
tune_2,Tuning/mac_grafo20dens30.txt,0.2,0.05,0.03,50,5,0.9,0.01,pairwise,153.0,1.12
tune_3,Tuning/mac_grafo20dens30.txt,0.2,0.05,0.03,50,5,0.9,0.01,pairwise,153.0,1.18
tune_4,Tuning/mac_grafo20dens30.txt,0.2,0.05,0.03,50,5,0.9,0.01,pairwise,153.0,1.16
tune_5,Tuning/mac_grafo20dens30.txt,0.2,0.05,0.03,50,5,0.9,0.01,pairwise,171.0,1.15
tune_6,Tuning/mac_grafo20dens30.txt,0.2,0.05,0.03,50,5,0.9,0.01,pairwise,153.0,1.18
tune_7,Tuning/mac_grafo20dens30.txt,0.2,0.05,0.03,50,5,0.9,0.01,pairwise,153.0,1.11
tune_8,Tuning/mac_grafo20dens30.txt,0.2,0.05,0.03,50,5,0.9,0.01,pairwise,153.0,1.13
tune_9,Tuning/mac_grafo20dens30.txt,0.2,0.05,0.03,50,5,0.9,0.01,pairwise,171.0,1.15
tune_10,Tuning/mac_grafo20dens30.txt,0.2,0.05,0.03,50,5,0.9,0.01,pairwise,153.0,1.15
tune_1,Tuning/bog_150_p0.1_2.txt,0.2,0.05,0.03,50,5,0.9,0.02,pairwise,10153.0,3.21
tune_2,Tuning/bog_150_p0.1_2.txt,0.2,0.05,0.03,50,5,0.9,0.02,pairwise,10153.0,3.13
tune_3,Tuning/bog_150_p0.1_2.txt,0.2,0.05,0.03,50,5,0.9,0.02,pairwise,10153.0,3.15
tune_4,Tuning/bog_150_p0.1_2.txt,0.2,0.05,0.03,50,5,0.9,0.02,pairwise,10153.0,3.22
tune_5,Tuning/bog_150_p0.1_2.txt,0.2,0.05,0.03,50,5,0.9,0.02,pairwise,10153.0,3.21
tune_6,Tuning/bog_150_p0.1_2.txt,0.2,0.05,0.03,50,5,0.9,0.02,pairwise,10153.0,3.20
tune_7,Tuning/bog_150_p0.1_2.txt,0.2,0.05,0.03,50,5,0.9,0.02,pairwise,10153.0,3.24
tune_8,Tuning/bog_150_p0.1_2.txt,0.2,0.05,0.03,50,5,0.9,0.02,pairwise,10153.0,3.20
tune_9,Tuning/bog_150_p0.1_2.txt,0.2,0.05,0.03,50,5,0.9,0.02,pairwise,10153.0,3.18
tune_10,Tuning/bog_150_p0.1_2.txt,0.2,0.05,0.03,50,5,0.9,0.02,pairwise,10153.0,3.21
tune_1,Tuning/cor_dolphins-w.txt,0.2,0.05,0.03,50,5,0.9,0.02,pairwise,1225.0,1.34
tune_2,Tuning/cor_dolphins-w.txt,0.2,0.05,0.03,50,5,0.9,0.02,pairwise,1378.0,1.33
tune_3,Tuning/cor_dolphins-w.txt,0.2,0.05,0.03,50,5,0.9,0.02,pairwise,1275.0,1.35
tune_4,Tuning/cor_dolphins-w.txt,0.2,0.05,0.03,50,5,0.9,0.02,pairwise,1326.0,1.34
tune_5,Tuning/cor_dolphins-w.txt,0.2,0.05,0.03,50,5,0.9,0.02,pairwise,1225.0,1.36
tune_6,Tuning/cor_dolphins-w.txt,0.2,0.05,0.03,50,5,0.9,0.02,pairwise,1275.0,1.35
tune_7,Tuning/cor_dolphins-w.txt,0.2,0.05,0.03,50,5,0.9,0.02,pairwise,1275.0,1.35
tune_8,Tuning/cor_dolphins-w.txt,0.2,0.05,0.03,50,5,0.9,0.02,pairwise,1225.0,1.33
tune_9,Tuning/cor_dolphins-w.txt,0.2,0.05,0.03,50,5,0.9,0.02,pairwise,1275.0,1.35
tune_10,Tuning/cor_dolphins-w.txt,0.2,0.05,0.03,50,5,0.9,0.02,pairwise,1275.0,1.35
tune_1,Tuning/hos_35_r1_1.txt,0.2,0.05,0.03,50,5,0.9,0.02,pairwise,466.0,1.15
tune_2,Tuning/hos_35_r1_1.txt,0.2,0.05,0.03,50,5,0.9,0.02,pairwise,468.0,1.16
tune_3,Tuning/hos_35_r1_1.txt,0.2,0.05,0.03,50,5,0.9,0.02,pairwise,468.0,1.16
tune_4,Tuning/hos_35_r1_1.txt,0.2,0.05,0.03,50,5,0.9,0.02,pairwise,468.0,1.19
tune_5,Tuning/hos_35_r1_1.txt,0.2,0.05,0.03,50,5,0.9,0.02,pairwise,466.0,1.16
tune_6,Tuning/hos_35_r1_1.txt,0.2,0.05,0.03,50,5,0.9,0.02,pairwise,497.0,1.15
tune_7,Tuning/hos_35_r1_1.txt,0.2,0.05,0.03,50,5,0.9,0.02,pairwise,466.0,1.14
tune_8,Tuning/hos_35_r1_1.txt,0.2,0.05,0.03,50,5,0.9,0.02,pairwise,466.0,1.12
tune_9,Tuning/hos_35_r1_1.txt,0.2,0.05,0.03,50,5,0.9,0.02,pairwise,468.0,1.14
tune_10,Tuning/hos_35_r1_1.txt,0.2,0.05,0.03,50,5,0.9,0.02,pairwise,466.0,1.15
tune_1,Tuning/mac_grafo20dens30.txt,0.2,0.05,0.03,50,5,0.9,0.02,pairwise,153.0,1.15
tune_2,Tuning/mac_grafo20dens30.txt,0.2,0.05,0.03,50,5,0.9,0.02,pairwise,153.0,1.13
tune_3,Tuning/mac_grafo20dens30.txt,0.2,0.05,0.03,50,5,0.9,0.02,pairwise,153.0,1.11
tune_4,Tuning/mac_grafo20dens30.txt,0.2,0.05,0.03,50,5,0.9,0.02,pairwise,153.0,1.23
tune_5,Tuning/mac_grafo20dens30.txt,0.2,0.05,0.03,50,5,0.9,0.02,pairwise,153.0,1.10
tune_6,Tuning/mac_grafo20dens30.txt,0.2,0.05,0.03,50,5,0.9,0.02,pairwise,171.0,1.12
tune_7,Tuning/mac_grafo20dens30.txt,0.2,0.05,0.03,50,5,0.9,0.02,pairwise,153.0,1.13
tune_8,Tuning/mac_grafo20dens30.txt,0.2,0.05,0.03,50,5,0.9,0.02,pairwise,153.0,1.17
tune_9,Tuning/mac_grafo20dens30.txt,0.2,0.05,0.03,50,5,0.9,0.02,pairwise,153.0,1.15
tune_10,Tuning/mac_grafo20dens30.txt,0.2,0.05,0.03,50,5,0.9,0.02,pairwise,153.0,1.14
tune_1,Tuning/bog_150_p0.1_2.txt,0.2,0.05,0.03,100,3,0.8,0.01,pairwise,10153.0,5.00
tune_2,Tuning/bog_150_p0.1_2.txt,0.2,0.05,0.03,100,3,0.8,0.01,pairwise,10153.0,5.02
tune_3,Tuning/bog_150_p0.1_2.txt,0.2,0.05,0.03,100,3,0.8,0.01,pairwise,10153.0,5.01
tune_4,Tuning/bog_150_p0.1_2.txt,0.2,0.05,0.03,100,3,0.8,0.01,pairwise,10153.0,5.06
tune_5,Tuning/bog_150_p0.1_2.txt,0.2,0.05,0.03,100,3,0.8,0.01,pairwise,10153.0,4.93
tune_6,Tuning/bog_150_p0.1_2.txt,0.2,0.05,0.03,100,3,0.8,0.01,pairwise,10153.0,5.16
tune_7,Tuning/bog_150_p0.1_2.txt,0.2,0.05,0.03,100,3,0.8,0.01,pairwise,10153.0,4.95
tune_8,Tuning/bog_150_p0.1_2.txt,0.2,0.05,0.03,100,3,0.8,0.01,pairwise,10153.0,5.08
tune_9,Tuning/bog_150_p0.1_2.txt,0.2,0.05,0.03,100,3,0.8,0.01,pairwise,10153.0,5.07
tune_10,Tuning/bog_150_p0.1_2.txt,0.2,0.05,0.03,100,3,0.8,0.01,pairwise,10153.0,5.03
tune_1,Tuning/cor_dolphins-w.txt,0.2,0.05,0.03,100,3,0.8,0.01,pairwise,1225.0,1.76
tune_2,Tuning/cor_dolphins-w.txt,0.2,0.05,0.03,100,3,0.8,0.01,pairwise,1226.0,1.72
tune_3,Tuning/cor_dolphins-w.txt,0.2,0.05,0.03,100,3,0.8,0.01,pairwise,1275.0,1.70
tune_4,Tuning/cor_dolphins-w.txt,0.2,0.05,0.03,100,3,0.8,0.01,pairwise,1179.0,1.76
tune_5,Tuning/cor_dolphins-w.txt,0.2,0.05,0.03,100,3,0.8,0.01,pairwise,1225.0,1.73
tune_6,Tuning/cor_dolphins-w.txt,0.2,0.05,0.03,100,3,0.8,0.01,pairwise,1275.0,1.73
tune_7,Tuning/cor_dolphins-w.txt,0.2,0.05,0.03,100,3,0.8,0.01,pairwise,1225.0,1.71
tune_8,Tuning/cor_dolphins-w.txt,0.2,0.05,0.03,100,3,0.8,0.01,pairwise,1225.0,1.70
tune_9,Tuning/cor_dolphins-w.txt,0.2,0.05,0.03,100,3,0.8,0.01,pairwise,1225.0,1.76
tune_10,Tuning/cor_dolphins-w.txt,0.2,0.05,0.03,100,3,0.8,0.01,pairwise,1275.0,1.70
tune_1,Tuning/hos_35_r1_1.txt,0.2,0.05,0.03,100,3,0.8,0.01,pairwise,468.0,1.36
tune_2,Tuning/hos_35_r1_1.txt,0.2,0.05,0.03,100,3,0.8,0.01,pairwise,466.0,1.36
tune_3,Tuning/hos_35_r1_1.txt,0.2,0.05,0.03,100,3,0.8,0.01,pairwise,466.0,1.34
tune_4,Tuning/hos_35_r1_1.txt,0.2,0.05,0.03,100,3,0.8,0.01,pairwise,466.0,1.35
tune_5,Tuning/hos_35_r1_1.txt,0.2,0.05,0.03,100,3,0.8,0.01,pairwise,441.0,1.36
tune_6,Tuning/hos_35_r1_1.txt,0.2,0.05,0.03,100,3,0.8,0.01,pairwise,466.0,1.36
tune_7,Tuning/hos_35_r1_1.txt,0.2,0.05,0.03,100,3,0.8,0.01,pairwise,441.0,1.34
tune_8,Tuning/hos_35_r1_1.txt,0.2,0.05,0.03,100,3,0.8,0.01,pairwise,466.0,1.34
tune_9,Tuning/hos_35_r1_1.txt,0.2,0.05,0.03,100,3,0.8,0.01,pairwise,441.0,1.53
tune_10,Tuning/hos_35_r1_1.txt,0.2,0.05,0.03,100,3,0.8,0.01,pairwise,441.0,1.34
tune_1,Tuning/mac_grafo20dens30.txt,0.2,0.05,0.03,100,3,0.8,0.01,pairwise,153.0,1.32
tune_2,Tuning/mac_grafo20dens30.txt,0.2,0.05,0.03,100,3,0.8,0.01,pairwise,153.0,1.30
tune_3,Tuning/mac_grafo20dens30.txt,0.2,0.05,0.03,100,3,0.8,0.01,pairwise,153.0,1.36
tune_4,Tuning/mac_grafo20dens30.txt,0.2,0.05,0.03,100,3,0.8,0.01,pairwise,153.0,1.34
tune_5,Tuning/mac_grafo20dens30.txt,0.2,0.05,0.03,100,3,0.8,0.01,pairwise,153.0,1.32
tune_6,Tuning/mac_grafo20dens30.txt,0.2,0.05,0.03,100,3,0.8,0.01,pairwise,153.0,1.35
tune_7,Tuning/mac_grafo20dens30.txt,0.2,0.05,0.03,100,3,0.8,0.01,pairwise,153.0,1.32
tune_8,Tuning/mac_grafo20dens30.txt,0.2,0.05,0.03,100,3,0.8,0.01,pairwise,171.0,1.33
tune_9,Tuning/mac_grafo20dens30.txt,0.2,0.05,0.03,100,3,0.8,0.01,pairwise,153.0,1.32
tune_10,Tuning/mac_grafo20dens30.txt,0.2,0.05,0.03,100,3,0.8,0.01,pairwise,153.0,1.32
tune_1,Tuning/bog_150_p0.1_2.txt,0.2,0.05,0.03,100,3,0.8,0.02,pairwise,10153.0,5.02
tune_2,Tuning/bog_150_p0.1_2.txt,0.2,0.05,0.03,100,3,0.8,0.02,pairwise,10153.0,4.99
tune_3,Tuning/bog_150_p0.1_2.txt,0.2,0.05,0.03,100,3,0.8,0.02,pairwise,10153.0,5.02
tune_4,Tuning/bog_150_p0.1_2.txt,0.2,0.05,0.03,100,3,0.8,0.02,pairwise,10153.0,5.01
tune_5,Tuning/bog_150_p0.1_2.txt,0.2,0.05,0.03,100,3,0.8,0.02,pairwise,10153.0,5.04
tune_6,Tuning/bog_150_p0.1_2.txt,0.2,0.05,0.03,100,3,0.8,0.02,pairwise,10153.0,4.95
tune_7,Tuning/bog_150_p0.1_2.txt,0.2,0.05,0.03,100,3,0.8,0.02,pairwise,10153.0,4.95
tune_8,Tuning/bog_150_p0.1_2.txt,0.2,0.05,0.03,100,3,0.8,0.02,pairwise,10153.0,4.95
tune_9,Tuning/bog_150_p0.1_2.txt,0.2,0.05,0.03,100,3,0.8,0.02,pairwise,10153.0,5.02
tune_10,Tuning/bog_150_p0.1_2.txt,0.2,0.05,0.03,100,3,0.8,0.02,pairwise,10153.0,4.98
tune_1,Tuning/cor_dolphins-w.txt,0.2,0.05,0.03,100,3,0.8,0.02,pairwise,1225.0,1.80
tune_2,Tuning/cor_dolphins-w.txt,0.2,0.05,0.03,100,3,0.8,0.02,pairwise,1275.0,1.73
tune_3,Tuning/cor_dolphins-w.txt,0.2,0.05,0.03,100,3,0.8,0.02,pairwise,1275.0,1.69
tune_4,Tuning/cor_dolphins-w.txt,0.2,0.05,0.03,100,3,0.8,0.02,pairwise,1225.0,1.75
tune_5,Tuning/cor_dolphins-w.txt,0.2,0.05,0.03,100,3,0.8,0.02,pairwise,1225.0,1.73
tune_6,Tuning/cor_dolphins-w.txt,0.2,0.05,0.03,100,3,0.8,0.02,pairwise,1026.0,1.71
tune_7,Tuning/cor_dolphins-w.txt,0.2,0.05,0.03,100,3,0.8,0.02,pairwise,1326.0,1.75
tune_8,Tuning/cor_dolphins-w.txt,0.2,0.05,0.03,100,3,0.8,0.02,pairwise,1326.0,1.73
tune_9,Tuning/cor_dolphins-w.txt,0.2,0.05,0.03,100,3,0.8,0.02,pairwise,1225.0,1.83
tune_10,Tuning/cor_dolphins-w.txt,0.2,0.05,0.03,100,3,0.8,0.02,pairwise,1275.0,1.67
tune_1,Tuning/hos_35_r1_1.txt,0.2,0.05,0.03,100,3,0.8,0.02,pairwise,441.0,1.36
tune_2,Tuning/hos_35_r1_1.txt,0.2,0.05,0.03,100,3,0.8,0.02,pairwise,466.0,1.38
tune_3,Tuning/hos_35_r1_1.txt,0.2,0.05,0.03,100,3,0.8,0.02,pairwise,441.0,1.38
tune_4,Tuning/hos_35_r1_1.txt,0.2,0.05,0.03,100,3,0.8,0.02,pairwise,441.0,1.36
tune_5,Tuning/hos_35_r1_1.txt,0.2,0.05,0.03,100,3,0.8,0.02,pairwise,466.0,1.50
tune_6,Tuning/hos_35_r1_1.txt,0.2,0.05,0.03,100,3,0.8,0.02,pairwise,441.0,1.36
tune_7,Tuning/hos_35_r1_1.txt,0.2,0.05,0.03,100,3,0.8,0.02,pairwise,466.0,1.37
tune_8,Tuning/hos_35_r1_1.txt,0.2,0.05,0.03,100,3,0.8,0.02,pairwise,466.0,1.34
tune_9,Tuning/hos_35_r1_1.txt,0.2,0.05,0.03,100,3,0.8,0.02,pairwise,441.0,1.35
tune_10,Tuning/hos_35_r1_1.txt,0.2,0.05,0.03,100,3,0.8,0.02,pairwise,468.0,1.39
tune_1,Tuning/mac_grafo20dens30.txt,0.2,0.05,0.03,100,3,0.8,0.02,pairwise,153.0,1.40
tune_2,Tuning/mac_grafo20dens30.txt,0.2,0.05,0.03,100,3,0.8,0.02,pairwise,153.0,1.35
tune_3,Tuning/mac_grafo20dens30.txt,0.2,0.05,0.03,100,3,0.8,0.02,pairwise,153.0,1.32
tune_4,Tuning/mac_grafo20dens30.txt,0.2,0.05,0.03,100,3,0.8,0.02,pairwise,153.0,1.32
tune_5,Tuning/mac_grafo20dens30.txt,0.2,0.05,0.03,100,3,0.8,0.02,pairwise,171.0,1.33
tune_6,Tuning/mac_grafo20dens30.txt,0.2,0.05,0.03,100,3,0.8,0.02,pairwise,153.0,1.32
tune_7,Tuning/mac_grafo20dens30.txt,0.2,0.05,0.03,100,3,0.8,0.02,pairwise,153.0,1.35
tune_8,Tuning/mac_grafo20dens30.txt,0.2,0.05,0.03,100,3,0.8,0.02,pairwise,153.0,1.33
tune_9,Tuning/mac_grafo20dens30.txt,0.2,0.05,0.03,100,3,0.8,0.02,pairwise,153.0,1.31
tune_10,Tuning/mac_grafo20dens30.txt,0.2,0.05,0.03,100,3,0.8,0.02,pairwise,153.0,1.31
tune_1,Tuning/bog_150_p0.1_2.txt,0.2,0.05,0.03,100,3,0.9,0.01,pairwise,10153.0,5.52
tune_2,Tuning/bog_150_p0.1_2.txt,0.2,0.05,0.03,100,3,0.9,0.01,pairwise,10153.0,5.57
tune_3,Tuning/bog_150_p0.1_2.txt,0.2,0.05,0.03,100,3,0.9,0.01,pairwise,10153.0,5.50
tune_4,Tuning/bog_150_p0.1_2.txt,0.2,0.05,0.03,100,3,0.9,0.01,pairwise,10153.0,5.55
tune_5,Tuning/bog_150_p0.1_2.txt,0.2,0.05,0.03,100,3,0.9,0.01,pairwise,10153.0,5.48
tune_6,Tuning/bog_150_p0.1_2.txt,0.2,0.05,0.03,100,3,0.9,0.01,pairwise,10153.0,5.53
tune_7,Tuning/bog_150_p0.1_2.txt,0.2,0.05,0.03,100,3,0.9,0.01,pairwise,10153.0,5.51
tune_8,Tuning/bog_150_p0.1_2.txt,0.2,0.05,0.03,100,3,0.9,0.01,pairwise,10153.0,5.49
tune_9,Tuning/bog_150_p0.1_2.txt,0.2,0.05,0.03,100,3,0.9,0.01,pairwise,10153.0,5.42
tune_10,Tuning/bog_150_p0.1_2.txt,0.2,0.05,0.03,100,3,0.9,0.01,pairwise,10153.0,5.50
tune_1,Tuning/cor_dolphins-w.txt,0.2,0.05,0.03,100,3,0.9,0.01,pairwise,1225.0,1.87
tune_2,Tuning/cor_dolphins-w.txt,0.2,0.05,0.03,100,3,0.9,0.01,pairwise,1179.0,1.81
tune_3,Tuning/cor_dolphins-w.txt,0.2,0.05,0.03,100,3,0.9,0.01,pairwise,1275.0,1.82
tune_4,Tuning/cor_dolphins-w.txt,0.2,0.05,0.03,100,3,0.9,0.01,pairwise,1225.0,1.82
tune_5,Tuning/cor_dolphins-w.txt,0.2,0.05,0.03,100,3,0.9,0.01,pairwise,1225.0,1.79
tune_6,Tuning/cor_dolphins-w.txt,0.2,0.05,0.03,100,3,0.9,0.01,pairwise,1225.0,1.82
tune_7,Tuning/cor_dolphins-w.txt,0.2,0.05,0.03,100,3,0.9,0.01,pairwise,1225.0,1.81
tune_8,Tuning/cor_dolphins-w.txt,0.2,0.05,0.03,100,3,0.9,0.01,pairwise,1225.0,1.84
tune_9,Tuning/cor_dolphins-w.txt,0.2,0.05,0.03,100,3,0.9,0.01,pairwise,1275.0,1.85
tune_10,Tuning/cor_dolphins-w.txt,0.2,0.05,0.03,100,3,0.9,0.01,pairwise,1225.0,1.88
tune_1,Tuning/hos_35_r1_1.txt,0.2,0.05,0.03,100,3,0.9,0.01,pairwise,466.0,1.51
tune_2,Tuning/hos_35_r1_1.txt,0.2,0.05,0.03,100,3,0.9,0.01,pairwise,466.0,1.42
tune_3,Tuning/hos_35_r1_1.txt,0.2,0.05,0.03,100,3,0.9,0.01,pairwise,466.0,1.42
tune_4,Tuning/hos_35_r1_1.txt,0.2,0.05,0.03,100,3,0.9,0.01,pairwise,466.0,1.42
tune_5,Tuning/hos_35_r1_1.txt,0.2,0.05,0.03,100,3,0.9,0.01,pairwise,466.0,1.40
tune_6,Tuning/hos_35_r1_1.txt,0.2,0.05,0.03,100,3,0.9,0.01,pairwise,441.0,1.41
tune_7,Tuning/hos_35_r1_1.txt,0.2,0.05,0.03,100,3,0.9,0.01,pairwise,466.0,1.40
tune_8,Tuning/hos_35_r1_1.txt,0.2,0.05,0.03,100,3,0.9,0.01,pairwise,441.0,1.42
tune_9,Tuning/hos_35_r1_1.txt,0.2,0.05,0.03,100,3,0.9,0.01,pairwise,441.0,1.44
tune_10,Tuning/hos_35_r1_1.txt,0.2,0.05,0.03,100,3,0.9,0.01,pairwise,441.0,1.43
tune_1,Tuning/mac_grafo20dens30.txt,0.2,0.05,0.03,100,3,0.9,0.01,pairwise,153.0,1.38
tune_2,Tuning/mac_grafo20dens30.txt,0.2,0.05,0.03,100,3,0.9,0.01,pairwise,153.0,1.41
tune_3,Tuning/mac_grafo20dens30.txt,0.2,0.05,0.03,100,3,0.9,0.01,pairwise,153.0,1.44
tune_4,Tuning/mac_grafo20dens30.txt,0.2,0.05,0.03,100,3,0.9,0.01,pairwise,153.0,1.39
tune_5,Tuning/mac_grafo20dens30.txt,0.2,0.05,0.03,100,3,0.9,0.01,pairwise,153.0,1.39
tune_6,Tuning/mac_grafo20dens30.txt,0.2,0.05,0.03,100,3,0.9,0.01,pairwise,153.0,1.42
tune_7,Tuning/mac_grafo20dens30.txt,0.2,0.05,0.03,100,3,0.9,0.01,pairwise,153.0,1.39
tune_8,Tuning/mac_grafo20dens30.txt,0.2,0.05,0.03,100,3,0.9,0.01,pairwise,153.0,1.37
tune_9,Tuning/mac_grafo20dens30.txt,0.2,0.05,0.03,100,3,0.9,0.01,pairwise,153.0,1.39
tune_10,Tuning/mac_grafo20dens30.txt,0.2,0.05,0.03,100,3,0.9,0.01,pairwise,153.0,1.36
tune_1,Tuning/bog_150_p0.1_2.txt,0.2,0.05,0.03,100,3,0.9,0.02,pairwise,10153.0,5.47
tune_2,Tuning/bog_150_p0.1_2.txt,0.2,0.05,0.03,100,3,0.9,0.02,pairwise,10153.0,5.49
tune_3,Tuning/bog_150_p0.1_2.txt,0.2,0.05,0.03,100,3,0.9,0.02,pairwise,10153.0,5.52
tune_4,Tuning/bog_150_p0.1_2.txt,0.2,0.05,0.03,100,3,0.9,0.02,pairwise,10153.0,5.54
tune_5,Tuning/bog_150_p0.1_2.txt,0.2,0.05,0.03,100,3,0.9,0.02,pairwise,10153.0,5.49
tune_6,Tuning/bog_150_p0.1_2.txt,0.2,0.05,0.03,100,3,0.9,0.02,pairwise,10153.0,5.47
tune_7,Tuning/bog_150_p0.1_2.txt,0.2,0.05,0.03,100,3,0.9,0.02,pairwise,10153.0,5.51
tune_8,Tuning/bog_150_p0.1_2.txt,0.2,0.05,0.03,100,3,0.9,0.02,pairwise,10153.0,5.52
tune_9,Tuning/bog_150_p0.1_2.txt,0.2,0.05,0.03,100,3,0.9,0.02,pairwise,10153.0,5.52
tune_10,Tuning/bog_150_p0.1_2.txt,0.2,0.05,0.03,100,3,0.9,0.02,pairwise,10153.0,5.51
tune_1,Tuning/cor_dolphins-w.txt,0.2,0.05,0.03,100,3,0.9,0.02,pairwise,1225.0,1.81
tune_2,Tuning/cor_dolphins-w.txt,0.2,0.05,0.03,100,3,0.9,0.02,pairwise,1225.0,1.83
tune_3,Tuning/cor_dolphins-w.txt,0.2,0.05,0.03,100,3,0.9,0.02,pairwise,1225.0,1.80
tune_4,Tuning/cor_dolphins-w.txt,0.2,0.05,0.03,100,3,0.9,0.02,pairwise,1225.0,1.81
tune_5,Tuning/cor_dolphins-w.txt,0.2,0.05,0.03,100,3,0.9,0.02,pairwise,1225.0,1.81
tune_6,Tuning/cor_dolphins-w.txt,0.2,0.05,0.03,100,3,0.9,0.02,pairwise,1226.0,1.81
tune_7,Tuning/cor_dolphins-w.txt,0.2,0.05,0.03,100,3,0.9,0.02,pairwise,1226.0,1.79
tune_8,Tuning/cor_dolphins-w.txt,0.2,0.05,0.03,100,3,0.9,0.02,pairwise,1179.0,1.81
tune_9,Tuning/cor_dolphins-w.txt,0.2,0.05,0.03,100,3,0.9,0.02,pairwise,1226.0,1.83
tune_10,Tuning/cor_dolphins-w.txt,0.2,0.05,0.03,100,3,0.9,0.02,pairwise,1225.0,1.81
tune_1,Tuning/hos_35_r1_1.txt,0.2,0.05,0.03,100,3,0.9,0.02,pairwise,441.0,1.45
tune_2,Tuning/hos_35_r1_1.txt,0.2,0.05,0.03,100,3,0.9,0.02,pairwise,466.0,1.41
tune_3,Tuning/hos_35_r1_1.txt,0.2,0.05,0.03,100,3,0.9,0.02,pairwise,441.0,1.42
tune_4,Tuning/hos_35_r1_1.txt,0.2,0.05,0.03,100,3,0.9,0.02,pairwise,466.0,1.42
tune_5,Tuning/hos_35_r1_1.txt,0.2,0.05,0.03,100,3,0.9,0.02,pairwise,466.0,1.43
tune_6,Tuning/hos_35_r1_1.txt,0.2,0.05,0.03,100,3,0.9,0.02,pairwise,466.0,1.41
tune_7,Tuning/hos_35_r1_1.txt,0.2,0.05,0.03,100,3,0.9,0.02,pairwise,441.0,1.42
tune_8,Tuning/hos_35_r1_1.txt,0.2,0.05,0.03,100,3,0.9,0.02,pairwise,466.0,1.41
tune_9,Tuning/hos_35_r1_1.txt,0.2,0.05,0.03,100,3,0.9,0.02,pairwise,468.0,1.45
tune_10,Tuning/hos_35_r1_1.txt,0.2,0.05,0.03,100,3,0.9,0.02,pairwise,441.0,1.41
tune_1,Tuning/mac_grafo20dens30.txt,0.2,0.05,0.03,100,3,0.9,0.02,pairwise,153.0,1.39
tune_2,Tuning/mac_grafo20dens30.txt,0.2,0.05,0.03,100,3,0.9,0.02,pairwise,153.0,1.39
tune_3,Tuning/mac_grafo20dens30.txt,0.2,0.05,0.03,100,3,0.9,0.02,pairwise,153.0,1.39
tune_4,Tuning/mac_grafo20dens30.txt,0.2,0.05,0.03,100,3,0.9,0.02,pairwise,153.0,1.39
tune_5,Tuning/mac_grafo20dens30.txt,0.2,0.05,0.03,100,3,0.9,0.02,pairwise,153.0,1.40
tune_6,Tuning/mac_grafo20dens30.txt,0.2,0.05,0.03,100,3,0.9,0.02,pairwise,153.0,1.38
tune_7,Tuning/mac_grafo20dens30.txt,0.2,0.05,0.03,100,3,0.9,0.02,pairwise,153.0,1.41
tune_8,Tuning/mac_grafo20dens30.txt,0.2,0.05,0.03,100,3,0.9,0.02,pairwise,153.0,1.38
tune_9,Tuning/mac_grafo20dens30.txt,0.2,0.05,0.03,100,3,0.9,0.02,pairwise,153.0,1.42
tune_10,Tuning/mac_grafo20dens30.txt,0.2,0.05,0.03,100,3,0.9,0.02,pairwise,153.0,1.38
tune_1,Tuning/bog_150_p0.1_2.txt,0.2,0.05,0.03,100,5,0.8,0.01,pairwise,10153.0,5.00
tune_2,Tuning/bog_150_p0.1_2.txt,0.2,0.05,0.03,100,5,0.8,0.01,pairwise,10153.0,4.96
tune_3,Tuning/bog_150_p0.1_2.txt,0.2,0.05,0.03,100,5,0.8,0.01,pairwise,10153.0,4.97
tune_4,Tuning/bog_150_p0.1_2.txt,0.2,0.05,0.03,100,5,0.8,0.01,pairwise,10153.0,5.00
tune_5,Tuning/bog_150_p0.1_2.txt,0.2,0.05,0.03,100,5,0.8,0.01,pairwise,10153.0,4.97
tune_6,Tuning/bog_150_p0.1_2.txt,0.2,0.05,0.03,100,5,0.8,0.01,pairwise,10153.0,4.99
tune_7,Tuning/bog_150_p0.1_2.txt,0.2,0.05,0.03,100,5,0.8,0.01,pairwise,10153.0,5.00
tune_8,Tuning/bog_150_p0.1_2.txt,0.2,0.05,0.03,100,5,0.8,0.01,pairwise,10153.0,5.08
tune_9,Tuning/bog_150_p0.1_2.txt,0.2,0.05,0.03,100,5,0.8,0.01,pairwise,10153.0,5.01
tune_10,Tuning/bog_150_p0.1_2.txt,0.2,0.05,0.03,100,5,0.8,0.01,pairwise,10153.0,4.98
tune_1,Tuning/cor_dolphins-w.txt,0.2,0.05,0.03,100,5,0.8,0.01,pairwise,1275.0,1.74
tune_2,Tuning/cor_dolphins-w.txt,0.2,0.05,0.03,100,5,0.8,0.01,pairwise,1275.0,1.70
tune_3,Tuning/cor_dolphins-w.txt,0.2,0.05,0.03,100,5,0.8,0.01,pairwise,1276.0,1.71
tune_4,Tuning/cor_dolphins-w.txt,0.2,0.05,0.03,100,5,0.8,0.01,pairwise,1225.0,1.74
tune_5,Tuning/cor_dolphins-w.txt,0.2,0.05,0.03,100,5,0.8,0.01,pairwise,1275.0,1.72
tune_6,Tuning/cor_dolphins-w.txt,0.2,0.05,0.03,100,5,0.8,0.01,pairwise,1228.0,1.69
tune_7,Tuning/cor_dolphins-w.txt,0.2,0.05,0.03,100,5,0.8,0.01,pairwise,1225.0,1.74
tune_8,Tuning/cor_dolphins-w.txt,0.2,0.05,0.03,100,5,0.8,0.01,pairwise,1275.0,1.70
tune_9,Tuning/cor_dolphins-w.txt,0.2,0.05,0.03,100,5,0.8,0.01,pairwise,1275.0,1.71
tune_10,Tuning/cor_dolphins-w.txt,0.2,0.05,0.03,100,5,0.8,0.01,pairwise,1179.0,1.73
tune_1,Tuning/hos_35_r1_1.txt,0.2,0.05,0.03,100,5,0.8,0.01,pairwise,466.0,1.35
tune_2,Tuning/hos_35_r1_1.txt,0.2,0.05,0.03,100,5,0.8,0.01,pairwise,466.0,1.33
tune_3,Tuning/hos_35_r1_1.txt,0.2,0.05,0.03,100,5,0.8,0.01,pairwise,466.0,1.36
tune_4,Tuning/hos_35_r1_1.txt,0.2,0.05,0.03,100,5,0.8,0.01,pairwise,466.0,1.35
tune_5,Tuning/hos_35_r1_1.txt,0.2,0.05,0.03,100,5,0.8,0.01,pairwise,466.0,1.36
tune_6,Tuning/hos_35_r1_1.txt,0.2,0.05,0.03,100,5,0.8,0.01,pairwise,466.0,1.36
tune_7,Tuning/hos_35_r1_1.txt,0.2,0.05,0.03,100,5,0.8,0.01,pairwise,466.0,1.36
tune_8,Tuning/hos_35_r1_1.txt,0.2,0.05,0.03,100,5,0.8,0.01,pairwise,466.0,1.39
tune_9,Tuning/hos_35_r1_1.txt,0.2,0.05,0.03,100,5,0.8,0.01,pairwise,441.0,1.36
tune_10,Tuning/hos_35_r1_1.txt,0.2,0.05,0.03,100,5,0.8,0.01,pairwise,466.0,1.37
tune_1,Tuning/mac_grafo20dens30.txt,0.2,0.05,0.03,100,5,0.8,0.01,pairwise,153.0,1.34
tune_2,Tuning/mac_grafo20dens30.txt,0.2,0.05,0.03,100,5,0.8,0.01,pairwise,153.0,1.32
tune_3,Tuning/mac_grafo20dens30.txt,0.2,0.05,0.03,100,5,0.8,0.01,pairwise,153.0,1.34
tune_4,Tuning/mac_grafo20dens30.txt,0.2,0.05,0.03,100,5,0.8,0.01,pairwise,153.0,1.35
tune_5,Tuning/mac_grafo20dens30.txt,0.2,0.05,0.03,100,5,0.8,0.01,pairwise,153.0,1.35
tune_6,Tuning/mac_grafo20dens30.txt,0.2,0.05,0.03,100,5,0.8,0.01,pairwise,153.0,1.37
tune_7,Tuning/mac_grafo20dens30.txt,0.2,0.05,0.03,100,5,0.8,0.01,pairwise,153.0,1.31
tune_8,Tuning/mac_grafo20dens30.txt,0.2,0.05,0.03,100,5,0.8,0.01,pairwise,153.0,1.33
tune_9,Tuning/mac_grafo20dens30.txt,0.2,0.05,0.03,100,5,0.8,0.01,pairwise,153.0,1.34
tune_10,Tuning/mac_grafo20dens30.txt,0.2,0.05,0.03,100,5,0.8,0.01,pairwise,153.0,1.35
tune_1,Tuning/bog_150_p0.1_2.txt,0.2,0.05,0.03,100,5,0.8,0.02,pairwise,10153.0,4.99
tune_2,Tuning/bog_150_p0.1_2.txt,0.2,0.05,0.03,100,5,0.8,0.02,pairwise,10153.0,5.02
tune_3,Tuning/bog_150_p0.1_2.txt,0.2,0.05,0.03,100,5,0.8,0.02,pairwise,10153.0,4.94
tune_4,Tuning/bog_150_p0.1_2.txt,0.2,0.05,0.03,100,5,0.8,0.02,pairwise,10153.0,4.93
tune_5,Tuning/bog_150_p0.1_2.txt,0.2,0.05,0.03,100,5,0.8,0.02,pairwise,10153.0,4.98
tune_6,Tuning/bog_150_p0.1_2.txt,0.2,0.05,0.03,100,5,0.8,0.02,pairwise,10153.0,5.00
tune_7,Tuning/bog_150_p0.1_2.txt,0.2,0.05,0.03,100,5,0.8,0.02,pairwise,10153.0,4.96
tune_8,Tuning/bog_150_p0.1_2.txt,0.2,0.05,0.03,100,5,0.8,0.02,pairwise,10153.0,5.03
tune_9,Tuning/bog_150_p0.1_2.txt,0.2,0.05,0.03,100,5,0.8,0.02,pairwise,10153.0,4.93
tune_10,Tuning/bog_150_p0.1_2.txt,0.2,0.05,0.03,100,5,0.8,0.02,pairwise,10153.0,5.00
tune_1,Tuning/cor_dolphins-w.txt,0.2,0.05,0.03,100,5,0.8,0.02,pairwise,1225.0,1.73
tune_2,Tuning/cor_dolphins-w.txt,0.2,0.05,0.03,100,5,0.8,0.02,pairwise,1225.0,1.71
tune_3,Tuning/cor_dolphins-w.txt,0.2,0.05,0.03,100,5,0.8,0.02,pairwise,1275.0,1.69
tune_4,Tuning/cor_dolphins-w.txt,0.2,0.05,0.03,100,5,0.8,0.02,pairwise,1179.0,1.75
tune_5,Tuning/cor_dolphins-w.txt,0.2,0.05,0.03,100,5,0.8,0.02,pairwise,1179.0,1.73
tune_6,Tuning/cor_dolphins-w.txt,0.2,0.05,0.03,100,5,0.8,0.02,pairwise,1225.0,1.72
tune_7,Tuning/cor_dolphins-w.txt,0.2,0.05,0.03,100,5,0.8,0.02,pairwise,1225.0,1.72
tune_8,Tuning/cor_dolphins-w.txt,0.2,0.05,0.03,100,5,0.8,0.02,pairwise,1225.0,1.76
tune_9,Tuning/cor_dolphins-w.txt,0.2,0.05,0.03,100,5,0.8,0.02,pairwise,1225.0,1.72
tune_10,Tuning/cor_dolphins-w.txt,0.2,0.05,0.03,100,5,0.8,0.02,pairwise,1275.0,1.73
tune_1,Tuning/hos_35_r1_1.txt,0.2,0.05,0.03,100,5,0.8,0.02,pairwise,466.0,1.38
tune_2,Tuning/hos_35_r1_1.txt,0.2,0.05,0.03,100,5,0.8,0.02,pairwise,466.0,1.37
tune_3,Tuning/hos_35_r1_1.txt,0.2,0.05,0.03,100,5,0.8,0.02,pairwise,466.0,1.36
tune_4,Tuning/hos_35_r1_1.txt,0.2,0.05,0.03,100,5,0.8,0.02,pairwise,466.0,1.35
tune_5,Tuning/hos_35_r1_1.txt,0.2,0.05,0.03,100,5,0.8,0.02,pairwise,466.0,1.36
tune_6,Tuning/hos_35_r1_1.txt,0.2,0.05,0.03,100,5,0.8,0.02,pairwise,466.0,1.33
tune_7,Tuning/hos_35_r1_1.txt,0.2,0.05,0.03,100,5,0.8,0.02,pairwise,441.0,1.35
tune_8,Tuning/hos_35_r1_1.txt,0.2,0.05,0.03,100,5,0.8,0.02,pairwise,466.0,1.35
tune_9,Tuning/hos_35_r1_1.txt,0.2,0.05,0.03,100,5,0.8,0.02,pairwise,441.0,1.35
tune_10,Tuning/hos_35_r1_1.txt,0.2,0.05,0.03,100,5,0.8,0.02,pairwise,441.0,1.35
tune_1,Tuning/mac_grafo20dens30.txt,0.2,0.05,0.03,100,5,0.8,0.02,pairwise,153.0,1.32
tune_2,Tuning/mac_grafo20dens30.txt,0.2,0.05,0.03,100,5,0.8,0.02,pairwise,153.0,1.34
tune_3,Tuning/mac_grafo20dens30.txt,0.2,0.05,0.03,100,5,0.8,0.02,pairwise,153.0,1.33
tune_4,Tuning/mac_grafo20dens30.txt,0.2,0.05,0.03,100,5,0.8,0.02,pairwise,153.0,1.33
tune_5,Tuning/mac_grafo20dens30.txt,0.2,0.05,0.03,100,5,0.8,0.02,pairwise,171.0,1.49
tune_6,Tuning/mac_grafo20dens30.txt,0.2,0.05,0.03,100,5,0.8,0.02,pairwise,153.0,1.34
tune_7,Tuning/mac_grafo20dens30.txt,0.2,0.05,0.03,100,5,0.8,0.02,pairwise,153.0,1.34
tune_8,Tuning/mac_grafo20dens30.txt,0.2,0.05,0.03,100,5,0.8,0.02,pairwise,153.0,1.34
tune_9,Tuning/mac_grafo20dens30.txt,0.2,0.05,0.03,100,5,0.8,0.02,pairwise,153.0,1.37
tune_10,Tuning/mac_grafo20dens30.txt,0.2,0.05,0.03,100,5,0.8,0.02,pairwise,153.0,1.36
tune_1,Tuning/bog_150_p0.1_2.txt,0.2,0.05,0.03,100,5,0.9,0.01,pairwise,10153.0,5.53
tune_2,Tuning/bog_150_p0.1_2.txt,0.2,0.05,0.03,100,5,0.9,0.01,pairwise,10153.0,5.46
tune_3,Tuning/bog_150_p0.1_2.txt,0.2,0.05,0.03,100,5,0.9,0.01,pairwise,10153.0,5.45
tune_4,Tuning/bog_150_p0.1_2.txt,0.2,0.05,0.03,100,5,0.9,0.01,pairwise,10153.0,5.55
tune_5,Tuning/bog_150_p0.1_2.txt,0.2,0.05,0.03,100,5,0.9,0.01,pairwise,10153.0,5.49
tune_6,Tuning/bog_150_p0.1_2.txt,0.2,0.05,0.03,100,5,0.9,0.01,pairwise,10153.0,5.54
tune_7,Tuning/bog_150_p0.1_2.txt,0.2,0.05,0.03,100,5,0.9,0.01,pairwise,10153.0,5.50
tune_8,Tuning/bog_150_p0.1_2.txt,0.2,0.05,0.03,100,5,0.9,0.01,pairwise,10153.0,5.53
tune_9,Tuning/bog_150_p0.1_2.txt,0.2,0.05,0.03,100,5,0.9,0.01,pairwise,10153.0,5.48
tune_10,Tuning/bog_150_p0.1_2.txt,0.2,0.05,0.03,100,5,0.9,0.01,pairwise,10153.0,5.47
tune_1,Tuning/cor_dolphins-w.txt,0.2,0.05,0.03,100,5,0.9,0.01,pairwise,1226.0,1.82
tune_2,Tuning/cor_dolphins-w.txt,0.2,0.05,0.03,100,5,0.9,0.01,pairwise,1226.0,1.80
tune_3,Tuning/cor_dolphins-w.txt,0.2,0.05,0.03,100,5,0.9,0.01,pairwise,1225.0,1.80
tune_4,Tuning/cor_dolphins-w.txt,0.2,0.05,0.03,100,5,0.9,0.01,pairwise,1225.0,1.89
tune_5,Tuning/cor_dolphins-w.txt,0.2,0.05,0.03,100,5,0.9,0.01,pairwise,1326.0,1.85
tune_6,Tuning/cor_dolphins-w.txt,0.2,0.05,0.03,100,5,0.9,0.01,pairwise,1275.0,1.86
tune_7,Tuning/cor_dolphins-w.txt,0.2,0.05,0.03,100,5,0.9,0.01,pairwise,1275.0,1.82
tune_8,Tuning/cor_dolphins-w.txt,0.2,0.05,0.03,100,5,0.9,0.01,pairwise,1275.0,1.81
tune_9,Tuning/cor_dolphins-w.txt,0.2,0.05,0.03,100,5,0.9,0.01,pairwise,1225.0,1.86
tune_10,Tuning/cor_dolphins-w.txt,0.2,0.05,0.03,100,5,0.9,0.01,pairwise,1275.0,1.81
tune_1,Tuning/hos_35_r1_1.txt,0.2,0.05,0.03,100,5,0.9,0.01,pairwise,441.0,1.44
tune_2,Tuning/hos_35_r1_1.txt,0.2,0.05,0.03,100,5,0.9,0.01,pairwise,441.0,1.42
tune_3,Tuning/hos_35_r1_1.txt,0.2,0.05,0.03,100,5,0.9,0.01,pairwise,466.0,1.42
tune_4,Tuning/hos_35_r1_1.txt,0.2,0.05,0.03,100,5,0.9,0.01,pairwise,441.0,1.41
tune_5,Tuning/hos_35_r1_1.txt,0.2,0.05,0.03,100,5,0.9,0.01,pairwise,466.0,1.39
tune_6,Tuning/hos_35_r1_1.txt,0.2,0.05,0.03,100,5,0.9,0.01,pairwise,441.0,1.42
tune_7,Tuning/hos_35_r1_1.txt,0.2,0.05,0.03,100,5,0.9,0.01,pairwise,441.0,1.42
tune_8,Tuning/hos_35_r1_1.txt,0.2,0.05,0.03,100,5,0.9,0.01,pairwise,441.0,1.51
tune_9,Tuning/hos_35_r1_1.txt,0.2,0.05,0.03,100,5,0.9,0.01,pairwise,466.0,1.39
tune_10,Tuning/hos_35_r1_1.txt,0.2,0.05,0.03,100,5,0.9,0.01,pairwise,441.0,1.42
tune_1,Tuning/mac_grafo20dens30.txt,0.2,0.05,0.03,100,5,0.9,0.01,pairwise,153.0,1.42
tune_2,Tuning/mac_grafo20dens30.txt,0.2,0.05,0.03,100,5,0.9,0.01,pairwise,153.0,1.43
tune_3,Tuning/mac_grafo20dens30.txt,0.2,0.05,0.03,100,5,0.9,0.01,pairwise,153.0,1.40
tune_4,Tuning/mac_grafo20dens30.txt,0.2,0.05,0.03,100,5,0.9,0.01,pairwise,153.0,1.39
tune_5,Tuning/mac_grafo20dens30.txt,0.2,0.05,0.03,100,5,0.9,0.01,pairwise,153.0,1.38
tune_6,Tuning/mac_grafo20dens30.txt,0.2,0.05,0.03,100,5,0.9,0.01,pairwise,153.0,1.39
tune_7,Tuning/mac_grafo20dens30.txt,0.2,0.05,0.03,100,5,0.9,0.01,pairwise,153.0,1.38
tune_8,Tuning/mac_grafo20dens30.txt,0.2,0.05,0.03,100,5,0.9,0.01,pairwise,153.0,1.40
tune_9,Tuning/mac_grafo20dens30.txt,0.2,0.05,0.03,100,5,0.9,0.01,pairwise,153.0,1.39
tune_10,Tuning/mac_grafo20dens30.txt,0.2,0.05,0.03,100,5,0.9,0.01,pairwise,153.0,1.40
tune_1,Tuning/bog_150_p0.1_2.txt,0.2,0.05,0.03,100,5,0.9,0.02,pairwise,10153.0,5.48
tune_2,Tuning/bog_150_p0.1_2.txt,0.2,0.05,0.03,100,5,0.9,0.02,pairwise,10153.0,5.48
tune_3,Tuning/bog_150_p0.1_2.txt,0.2,0.05,0.03,100,5,0.9,0.02,pairwise,10153.0,5.44
tune_4,Tuning/bog_150_p0.1_2.txt,0.2,0.05,0.03,100,5,0.9,0.02,pairwise,10153.0,5.51
tune_5,Tuning/bog_150_p0.1_2.txt,0.2,0.05,0.03,100,5,0.9,0.02,pairwise,10153.0,5.47
tune_6,Tuning/bog_150_p0.1_2.txt,0.2,0.05,0.03,100,5,0.9,0.02,pairwise,10153.0,5.53
tune_7,Tuning/bog_150_p0.1_2.txt,0.2,0.05,0.03,100,5,0.9,0.02,pairwise,10153.0,5.52
tune_8,Tuning/bog_150_p0.1_2.txt,0.2,0.05,0.03,100,5,0.9,0.02,pairwise,10153.0,5.46
tune_9,Tuning/bog_150_p0.1_2.txt,0.2,0.05,0.03,100,5,0.9,0.02,pairwise,10153.0,5.48
tune_10,Tuning/bog_150_p0.1_2.txt,0.2,0.05,0.03,100,5,0.9,0.02,pairwise,10153.0,5.44
tune_1,Tuning/cor_dolphins-w.txt,0.2,0.05,0.03,100,5,0.9,0.02,pairwise,1225.0,1.83
tune_2,Tuning/cor_dolphins-w.txt,0.2,0.05,0.03,100,5,0.9,0.02,pairwise,1225.0,1.81
tune_3,Tuning/cor_dolphins-w.txt,0.2,0.05,0.03,100,5,0.9,0.02,pairwise,1275.0,1.82
tune_4,Tuning/cor_dolphins-w.txt,0.2,0.05,0.03,100,5,0.9,0.02,pairwise,1225.0,1.87
tune_5,Tuning/cor_dolphins-w.txt,0.2,0.05,0.03,100,5,0.9,0.02,pairwise,1275.0,1.81
tune_6,Tuning/cor_dolphins-w.txt,0.2,0.05,0.03,100,5,0.9,0.02,pairwise,1225.0,1.83
tune_7,Tuning/cor_dolphins-w.txt,0.2,0.05,0.03,100,5,0.9,0.02,pairwise,1225.0,1.82
tune_8,Tuning/cor_dolphins-w.txt,0.2,0.05,0.03,100,5,0.9,0.02,pairwise,1275.0,1.80
tune_9,Tuning/cor_dolphins-w.txt,0.2,0.05,0.03,100,5,0.9,0.02,pairwise,1276.0,1.87
tune_10,Tuning/cor_dolphins-w.txt,0.2,0.05,0.03,100,5,0.9,0.02,pairwise,1225.0,1.86
tune_1,Tuning/hos_35_r1_1.txt,0.2,0.05,0.03,100,5,0.9,0.02,pairwise,466.0,1.45
tune_2,Tuning/hos_35_r1_1.txt,0.2,0.05,0.03,100,5,0.9,0.02,pairwise,466.0,1.42
tune_3,Tuning/hos_35_r1_1.txt,0.2,0.05,0.03,100,5,0.9,0.02,pairwise,441.0,1.40
tune_4,Tuning/hos_35_r1_1.txt,0.2,0.05,0.03,100,5,0.9,0.02,pairwise,466.0,1.41
tune_5,Tuning/hos_35_r1_1.txt,0.2,0.05,0.03,100,5,0.9,0.02,pairwise,441.0,1.43
tune_6,Tuning/hos_35_r1_1.txt,0.2,0.05,0.03,100,5,0.9,0.02,pairwise,466.0,1.41
tune_7,Tuning/hos_35_r1_1.txt,0.2,0.05,0.03,100,5,0.9,0.02,pairwise,441.0,1.42
tune_8,Tuning/hos_35_r1_1.txt,0.2,0.05,0.03,100,5,0.9,0.02,pairwise,466.0,1.41
tune_9,Tuning/hos_35_r1_1.txt,0.2,0.05,0.03,100,5,0.9,0.02,pairwise,466.0,1.43
tune_10,Tuning/hos_35_r1_1.txt,0.2,0.05,0.03,100,5,0.9,0.02,pairwise,466.0,1.41
tune_1,Tuning/mac_grafo20dens30.txt,0.2,0.05,0.03,100,5,0.9,0.02,pairwise,153.0,1.38
tune_2,Tuning/mac_grafo20dens30.txt,0.2,0.05,0.03,100,5,0.9,0.02,pairwise,153.0,1.38
tune_3,Tuning/mac_grafo20dens30.txt,0.2,0.05,0.03,100,5,0.9,0.02,pairwise,153.0,1.43
tune_4,Tuning/mac_grafo20dens30.txt,0.2,0.05,0.03,100,5,0.9,0.02,pairwise,153.0,1.42
tune_5,Tuning/mac_grafo20dens30.txt,0.2,0.05,0.03,100,5,0.9,0.02,pairwise,153.0,1.39
tune_6,Tuning/mac_grafo20dens30.txt,0.2,0.05,0.03,100,5,0.9,0.02,pairwise,153.0,1.39
tune_7,Tuning/mac_grafo20dens30.txt,0.2,0.05,0.03,100,5,0.9,0.02,pairwise,153.0,1.44
tune_8,Tuning/mac_grafo20dens30.txt,0.2,0.05,0.03,100,5,0.9,0.02,pairwise,153.0,1.38
tune_9,Tuning/mac_grafo20dens30.txt,0.2,0.05,0.03,100,5,0.9,0.02,pairwise,153.0,1.44
tune_10,Tuning/mac_grafo20dens30.txt,0.2,0.05,0.03,100,5,0.9,0.02,pairwise,153.0,1.39
tune_1,Tuning/bog_150_p0.1_2.txt,0.25,0.05,0.03,50,3,0.8,0.01,pairwise,10153.0,3.00
tune_2,Tuning/bog_150_p0.1_2.txt,0.25,0.05,0.03,50,3,0.8,0.01,pairwise,10153.0,2.96
tune_3,Tuning/bog_150_p0.1_2.txt,0.25,0.05,0.03,50,3,0.8,0.01,pairwise,10153.0,2.96
tune_4,Tuning/bog_150_p0.1_2.txt,0.25,0.05,0.03,50,3,0.8,0.01,pairwise,10153.0,2.99
tune_5,Tuning/bog_150_p0.1_2.txt,0.25,0.05,0.03,50,3,0.8,0.01,pairwise,10153.0,2.96
tune_6,Tuning/bog_150_p0.1_2.txt,0.25,0.05,0.03,50,3,0.8,0.01,pairwise,10153.0,3.10
tune_7,Tuning/bog_150_p0.1_2.txt,0.25,0.05,0.03,50,3,0.8,0.01,pairwise,10153.0,3.05
tune_8,Tuning/bog_150_p0.1_2.txt,0.25,0.05,0.03,50,3,0.8,0.01,pairwise,10153.0,2.99
tune_9,Tuning/bog_150_p0.1_2.txt,0.25,0.05,0.03,50,3,0.8,0.01,pairwise,10153.0,3.01
tune_10,Tuning/bog_150_p0.1_2.txt,0.25,0.05,0.03,50,3,0.8,0.01,pairwise,10153.0,2.99
tune_1,Tuning/cor_dolphins-w.txt,0.25,0.05,0.03,50,3,0.8,0.01,pairwise,1378.0,1.36
tune_2,Tuning/cor_dolphins-w.txt,0.25,0.05,0.03,50,3,0.8,0.01,pairwise,1275.0,1.30
tune_3,Tuning/cor_dolphins-w.txt,0.25,0.05,0.03,50,3,0.8,0.01,pairwise,1275.0,1.31
tune_4,Tuning/cor_dolphins-w.txt,0.25,0.05,0.03,50,3,0.8,0.01,pairwise,1326.0,1.28
tune_5,Tuning/cor_dolphins-w.txt,0.25,0.05,0.03,50,3,0.8,0.01,pairwise,1226.0,1.33
tune_6,Tuning/cor_dolphins-w.txt,0.25,0.05,0.03,50,3,0.8,0.01,pairwise,1378.0,1.28
tune_7,Tuning/cor_dolphins-w.txt,0.25,0.05,0.03,50,3,0.8,0.01,pairwise,1326.0,1.30
tune_8,Tuning/cor_dolphins-w.txt,0.25,0.05,0.03,50,3,0.8,0.01,pairwise,1226.0,1.30
tune_9,Tuning/cor_dolphins-w.txt,0.25,0.05,0.03,50,3,0.8,0.01,pairwise,1275.0,1.30
tune_10,Tuning/cor_dolphins-w.txt,0.25,0.05,0.03,50,3,0.8,0.01,pairwise,1326.0,1.30
tune_1,Tuning/hos_35_r1_1.txt,0.25,0.05,0.03,50,3,0.8,0.01,pairwise,466.0,1.10
tune_2,Tuning/hos_35_r1_1.txt,0.25,0.05,0.03,50,3,0.8,0.01,pairwise,466.0,1.20
tune_3,Tuning/hos_35_r1_1.txt,0.25,0.05,0.03,50,3,0.8,0.01,pairwise,466.0,1.12
tune_4,Tuning/hos_35_r1_1.txt,0.25,0.05,0.03,50,3,0.8,0.01,pairwise,441.0,1.11
tune_5,Tuning/hos_35_r1_1.txt,0.25,0.05,0.03,50,3,0.8,0.01,pairwise,441.0,1.12
tune_6,Tuning/hos_35_r1_1.txt,0.25,0.05,0.03,50,3,0.8,0.01,pairwise,468.0,1.14
tune_7,Tuning/hos_35_r1_1.txt,0.25,0.05,0.03,50,3,0.8,0.01,pairwise,466.0,1.14
tune_8,Tuning/hos_35_r1_1.txt,0.25,0.05,0.03,50,3,0.8,0.01,pairwise,466.0,1.14
tune_9,Tuning/hos_35_r1_1.txt,0.25,0.05,0.03,50,3,0.8,0.01,pairwise,466.0,1.11
tune_10,Tuning/hos_35_r1_1.txt,0.25,0.05,0.03,50,3,0.8,0.01,pairwise,441.0,1.11
tune_1,Tuning/mac_grafo20dens30.txt,0.25,0.05,0.03,50,3,0.8,0.01,pairwise,153.0,1.11
tune_2,Tuning/mac_grafo20dens30.txt,0.25,0.05,0.03,50,3,0.8,0.01,pairwise,171.0,1.11
tune_3,Tuning/mac_grafo20dens30.txt,0.25,0.05,0.03,50,3,0.8,0.01,pairwise,153.0,1.17
tune_4,Tuning/mac_grafo20dens30.txt,0.25,0.05,0.03,50,3,0.8,0.01,pairwise,153.0,1.10
tune_5,Tuning/mac_grafo20dens30.txt,0.25,0.05,0.03,50,3,0.8,0.01,pairwise,153.0,1.11
tune_6,Tuning/mac_grafo20dens30.txt,0.25,0.05,0.03,50,3,0.8,0.01,pairwise,153.0,1.10
tune_7,Tuning/mac_grafo20dens30.txt,0.25,0.05,0.03,50,3,0.8,0.01,pairwise,153.0,1.14
tune_8,Tuning/mac_grafo20dens30.txt,0.25,0.05,0.03,50,3,0.8,0.01,pairwise,153.0,1.10
tune_9,Tuning/mac_grafo20dens30.txt,0.25,0.05,0.03,50,3,0.8,0.01,pairwise,153.0,1.11
tune_10,Tuning/mac_grafo20dens30.txt,0.25,0.05,0.03,50,3,0.8,0.01,pairwise,153.0,1.13
tune_1,Tuning/bog_150_p0.1_2.txt,0.25,0.05,0.03,50,3,0.8,0.02,pairwise,10153.0,3.20
tune_2,Tuning/bog_150_p0.1_2.txt,0.25,0.05,0.03,50,3,0.8,0.02,pairwise,10153.0,2.92
tune_3,Tuning/bog_150_p0.1_2.txt,0.25,0.05,0.03,50,3,0.8,0.02,pairwise,10153.0,2.96
tune_4,Tuning/bog_150_p0.1_2.txt,0.25,0.05,0.03,50,3,0.8,0.02,pairwise,10153.0,2.99
tune_5,Tuning/bog_150_p0.1_2.txt,0.25,0.05,0.03,50,3,0.8,0.02,pairwise,10153.0,2.95
tune_6,Tuning/bog_150_p0.1_2.txt,0.25,0.05,0.03,50,3,0.8,0.02,pairwise,10153.0,3.05
tune_7,Tuning/bog_150_p0.1_2.txt,0.25,0.05,0.03,50,3,0.8,0.02,pairwise,10153.0,2.94
tune_8,Tuning/bog_150_p0.1_2.txt,0.25,0.05,0.03,50,3,0.8,0.02,pairwise,10153.0,2.92
tune_9,Tuning/bog_150_p0.1_2.txt,0.25,0.05,0.03,50,3,0.8,0.02,pairwise,10153.0,2.96
tune_10,Tuning/bog_150_p0.1_2.txt,0.25,0.05,0.03,50,3,0.8,0.02,pairwise,10153.0,2.94
tune_1,Tuning/cor_dolphins-w.txt,0.25,0.05,0.03,50,3,0.8,0.02,pairwise,1326.0,1.36
tune_2,Tuning/cor_dolphins-w.txt,0.25,0.05,0.03,50,3,0.8,0.02,pairwise,1275.0,1.32
tune_3,Tuning/cor_dolphins-w.txt,0.25,0.05,0.03,50,3,0.8,0.02,pairwise,1226.0,1.33
tune_4,Tuning/cor_dolphins-w.txt,0.25,0.05,0.03,50,3,0.8,0.02,pairwise,1326.0,1.31
tune_5,Tuning/cor_dolphins-w.txt,0.25,0.05,0.03,50,3,0.8,0.02,pairwise,885.0,1.30
tune_6,Tuning/cor_dolphins-w.txt,0.25,0.05,0.03,50,3,0.8,0.02,pairwise,1228.0,1.31
tune_7,Tuning/cor_dolphins-w.txt,0.25,0.05,0.03,50,3,0.8,0.02,pairwise,1275.0,1.34
tune_8,Tuning/cor_dolphins-w.txt,0.25,0.05,0.03,50,3,0.8,0.02,pairwise,1326.0,1.30
tune_9,Tuning/cor_dolphins-w.txt,0.25,0.05,0.03,50,3,0.8,0.02,pairwise,1275.0,1.30
tune_10,Tuning/cor_dolphins-w.txt,0.25,0.05,0.03,50,3,0.8,0.02,pairwise,1225.0,1.32
tune_1,Tuning/hos_35_r1_1.txt,0.25,0.05,0.03,50,3,0.8,0.02,pairwise,466.0,1.13
tune_2,Tuning/hos_35_r1_1.txt,0.25,0.05,0.03,50,3,0.8,0.02,pairwise,466.0,1.10
tune_3,Tuning/hos_35_r1_1.txt,0.25,0.05,0.03,50,3,0.8,0.02,pairwise,468.0,1.12
tune_4,Tuning/hos_35_r1_1.txt,0.25,0.05,0.03,50,3,0.8,0.02,pairwise,466.0,1.12
tune_5,Tuning/hos_35_r1_1.txt,0.25,0.05,0.03,50,3,0.8,0.02,pairwise,468.0,1.15
tune_6,Tuning/hos_35_r1_1.txt,0.25,0.05,0.03,50,3,0.8,0.02,pairwise,466.0,1.14
tune_7,Tuning/hos_35_r1_1.txt,0.25,0.05,0.03,50,3,0.8,0.02,pairwise,466.0,1.11
tune_8,Tuning/hos_35_r1_1.txt,0.25,0.05,0.03,50,3,0.8,0.02,pairwise,441.0,1.11
tune_9,Tuning/hos_35_r1_1.txt,0.25,0.05,0.03,50,3,0.8,0.02,pairwise,468.0,1.12
tune_10,Tuning/hos_35_r1_1.txt,0.25,0.05,0.03,50,3,0.8,0.02,pairwise,466.0,1.11
tune_1,Tuning/mac_grafo20dens30.txt,0.25,0.05,0.03,50,3,0.8,0.02,pairwise,171.0,1.13
tune_2,Tuning/mac_grafo20dens30.txt,0.25,0.05,0.03,50,3,0.8,0.02,pairwise,153.0,1.10
tune_3,Tuning/mac_grafo20dens30.txt,0.25,0.05,0.03,50,3,0.8,0.02,pairwise,153.0,1.10
tune_4,Tuning/mac_grafo20dens30.txt,0.25,0.05,0.03,50,3,0.8,0.02,pairwise,153.0,1.12
tune_5,Tuning/mac_grafo20dens30.txt,0.25,0.05,0.03,50,3,0.8,0.02,pairwise,153.0,1.08
tune_6,Tuning/mac_grafo20dens30.txt,0.25,0.05,0.03,50,3,0.8,0.02,pairwise,153.0,1.10
tune_7,Tuning/mac_grafo20dens30.txt,0.25,0.05,0.03,50,3,0.8,0.02,pairwise,153.0,1.12
tune_8,Tuning/mac_grafo20dens30.txt,0.25,0.05,0.03,50,3,0.8,0.02,pairwise,153.0,1.11
tune_9,Tuning/mac_grafo20dens30.txt,0.25,0.05,0.03,50,3,0.8,0.02,pairwise,153.0,1.11
tune_10,Tuning/mac_grafo20dens30.txt,0.25,0.05,0.03,50,3,0.8,0.02,pairwise,153.0,1.12
tune_1,Tuning/bog_150_p0.1_2.txt,0.25,0.05,0.03,50,3,0.9,0.01,pairwise,10153.0,3.16
tune_2,Tuning/bog_150_p0.1_2.txt,0.25,0.05,0.03,50,3,0.9,0.01,pairwise,10153.0,3.25
tune_3,Tuning/bog_150_p0.1_2.txt,0.25,0.05,0.03,50,3,0.9,0.01,pairwise,10153.0,3.15
tune_4,Tuning/bog_150_p0.1_2.txt,0.25,0.05,0.03,50,3,0.9,0.01,pairwise,10153.0,3.18
tune_5,Tuning/bog_150_p0.1_2.txt,0.25,0.05,0.03,50,3,0.9,0.01,pairwise,10153.0,3.19
tune_6,Tuning/bog_150_p0.1_2.txt,0.25,0.05,0.03,50,3,0.9,0.01,pairwise,10153.0,3.18
tune_7,Tuning/bog_150_p0.1_2.txt,0.25,0.05,0.03,50,3,0.9,0.01,pairwise,10153.0,3.22
tune_8,Tuning/bog_150_p0.1_2.txt,0.25,0.05,0.03,50,3,0.9,0.01,pairwise,10153.0,3.18
tune_9,Tuning/bog_150_p0.1_2.txt,0.25,0.05,0.03,50,3,0.9,0.01,pairwise,10153.0,3.18
tune_10,Tuning/bog_150_p0.1_2.txt,0.25,0.05,0.03,50,3,0.9,0.01,pairwise,10153.0,3.16
tune_1,Tuning/cor_dolphins-w.txt,0.25,0.05,0.03,50,3,0.9,0.01,pairwise,1275.0,1.33
tune_2,Tuning/cor_dolphins-w.txt,0.25,0.05,0.03,50,3,0.9,0.01,pairwise,1275.0,1.36
tune_3,Tuning/cor_dolphins-w.txt,0.25,0.05,0.03,50,3,0.9,0.01,pairwise,1275.0,1.35
tune_4,Tuning/cor_dolphins-w.txt,0.25,0.05,0.03,50,3,0.9,0.01,pairwise,1225.0,1.34
tune_5,Tuning/cor_dolphins-w.txt,0.25,0.05,0.03,50,3,0.9,0.01,pairwise,1275.0,1.33
tune_6,Tuning/cor_dolphins-w.txt,0.25,0.05,0.03,50,3,0.9,0.01,pairwise,1275.0,1.33
tune_7,Tuning/cor_dolphins-w.txt,0.25,0.05,0.03,50,3,0.9,0.01,pairwise,1326.0,1.33
tune_8,Tuning/cor_dolphins-w.txt,0.25,0.05,0.03,50,3,0.9,0.01,pairwise,1275.0,1.33
tune_9,Tuning/cor_dolphins-w.txt,0.25,0.05,0.03,50,3,0.9,0.01,pairwise,1275.0,1.34
tune_10,Tuning/cor_dolphins-w.txt,0.25,0.05,0.03,50,3,0.9,0.01,pairwise,1326.0,1.34
tune_1,Tuning/hos_35_r1_1.txt,0.25,0.05,0.03,50,3,0.9,0.01,pairwise,466.0,1.15
tune_2,Tuning/hos_35_r1_1.txt,0.25,0.05,0.03,50,3,0.9,0.01,pairwise,497.0,1.15
tune_3,Tuning/hos_35_r1_1.txt,0.25,0.05,0.03,50,3,0.9,0.01,pairwise,466.0,1.14
tune_4,Tuning/hos_35_r1_1.txt,0.25,0.05,0.03,50,3,0.9,0.01,pairwise,466.0,1.13
tune_5,Tuning/hos_35_r1_1.txt,0.25,0.05,0.03,50,3,0.9,0.01,pairwise,441.0,1.14
tune_6,Tuning/hos_35_r1_1.txt,0.25,0.05,0.03,50,3,0.9,0.01,pairwise,468.0,1.14
tune_7,Tuning/hos_35_r1_1.txt,0.25,0.05,0.03,50,3,0.9,0.01,pairwise,441.0,1.15
tune_8,Tuning/hos_35_r1_1.txt,0.25,0.05,0.03,50,3,0.9,0.01,pairwise,468.0,1.14
tune_9,Tuning/hos_35_r1_1.txt,0.25,0.05,0.03,50,3,0.9,0.01,pairwise,441.0,1.14
tune_10,Tuning/hos_35_r1_1.txt,0.25,0.05,0.03,50,3,0.9,0.01,pairwise,466.0,1.15
tune_1,Tuning/mac_grafo20dens30.txt,0.25,0.05,0.03,50,3,0.9,0.01,pairwise,171.0,1.13
tune_2,Tuning/mac_grafo20dens30.txt,0.25,0.05,0.03,50,3,0.9,0.01,pairwise,153.0,1.14
tune_3,Tuning/mac_grafo20dens30.txt,0.25,0.05,0.03,50,3,0.9,0.01,pairwise,153.0,1.14
tune_4,Tuning/mac_grafo20dens30.txt,0.25,0.05,0.03,50,3,0.9,0.01,pairwise,153.0,1.13
tune_5,Tuning/mac_grafo20dens30.txt,0.25,0.05,0.03,50,3,0.9,0.01,pairwise,153.0,1.13
tune_6,Tuning/mac_grafo20dens30.txt,0.25,0.05,0.03,50,3,0.9,0.01,pairwise,153.0,1.13
tune_7,Tuning/mac_grafo20dens30.txt,0.25,0.05,0.03,50,3,0.9,0.01,pairwise,153.0,1.14
tune_8,Tuning/mac_grafo20dens30.txt,0.25,0.05,0.03,50,3,0.9,0.01,pairwise,153.0,1.14
tune_9,Tuning/mac_grafo20dens30.txt,0.25,0.05,0.03,50,3,0.9,0.01,pairwise,153.0,1.15
tune_10,Tuning/mac_grafo20dens30.txt,0.25,0.05,0.03,50,3,0.9,0.01,pairwise,153.0,1.13
tune_1,Tuning/bog_150_p0.1_2.txt,0.25,0.05,0.03,50,3,0.9,0.02,pairwise,10153.0,3.16
tune_2,Tuning/bog_150_p0.1_2.txt,0.25,0.05,0.03,50,3,0.9,0.02,pairwise,10153.0,3.17
tune_3,Tuning/bog_150_p0.1_2.txt,0.25,0.05,0.03,50,3,0.9,0.02,pairwise,10153.0,3.12
tune_4,Tuning/bog_150_p0.1_2.txt,0.25,0.05,0.03,50,3,0.9,0.02,pairwise,10153.0,3.18
tune_5,Tuning/bog_150_p0.1_2.txt,0.25,0.05,0.03,50,3,0.9,0.02,pairwise,10153.0,3.23
tune_6,Tuning/bog_150_p0.1_2.txt,0.25,0.05,0.03,50,3,0.9,0.02,pairwise,10153.0,3.27
tune_7,Tuning/bog_150_p0.1_2.txt,0.25,0.05,0.03,50,3,0.9,0.02,pairwise,10153.0,3.15
tune_8,Tuning/bog_150_p0.1_2.txt,0.25,0.05,0.03,50,3,0.9,0.02,pairwise,10153.0,3.17
tune_9,Tuning/bog_150_p0.1_2.txt,0.25,0.05,0.03,50,3,0.9,0.02,pairwise,10153.0,3.31
tune_10,Tuning/bog_150_p0.1_2.txt,0.25,0.05,0.03,50,3,0.9,0.02,pairwise,10153.0,3.26
tune_1,Tuning/cor_dolphins-w.txt,0.25,0.05,0.03,50,3,0.9,0.02,pairwise,1276.0,1.36
tune_2,Tuning/cor_dolphins-w.txt,0.25,0.05,0.03,50,3,0.9,0.02,pairwise,1275.0,1.34
tune_3,Tuning/cor_dolphins-w.txt,0.25,0.05,0.03,50,3,0.9,0.02,pairwise,1326.0,1.36
tune_4,Tuning/cor_dolphins-w.txt,0.25,0.05,0.03,50,3,0.9,0.02,pairwise,1179.0,1.39
tune_5,Tuning/cor_dolphins-w.txt,0.25,0.05,0.03,50,3,0.9,0.02,pairwise,1226.0,1.36
tune_6,Tuning/cor_dolphins-w.txt,0.25,0.05,0.03,50,3,0.9,0.02,pairwise,1326.0,1.35
tune_7,Tuning/cor_dolphins-w.txt,0.25,0.05,0.03,50,3,0.9,0.02,pairwise,1275.0,1.35
tune_8,Tuning/cor_dolphins-w.txt,0.25,0.05,0.03,50,3,0.9,0.02,pairwise,1276.0,1.35
tune_9,Tuning/cor_dolphins-w.txt,0.25,0.05,0.03,50,3,0.9,0.02,pairwise,1275.0,1.34
tune_10,Tuning/cor_dolphins-w.txt,0.25,0.05,0.03,50,3,0.9,0.02,pairwise,1326.0,1.33
tune_1,Tuning/hos_35_r1_1.txt,0.25,0.05,0.03,50,3,0.9,0.02,pairwise,497.0,1.17
tune_2,Tuning/hos_35_r1_1.txt,0.25,0.05,0.03,50,3,0.9,0.02,pairwise,466.0,1.19
tune_3,Tuning/hos_35_r1_1.txt,0.25,0.05,0.03,50,3,0.9,0.02,pairwise,441.0,1.15
tune_4,Tuning/hos_35_r1_1.txt,0.25,0.05,0.03,50,3,0.9,0.02,pairwise,466.0,1.11
tune_5,Tuning/hos_35_r1_1.txt,0.25,0.05,0.03,50,3,0.9,0.02,pairwise,441.0,1.14
tune_6,Tuning/hos_35_r1_1.txt,0.25,0.05,0.03,50,3,0.9,0.02,pairwise,466.0,1.16
tune_7,Tuning/hos_35_r1_1.txt,0.25,0.05,0.03,50,3,0.9,0.02,pairwise,466.0,1.15
tune_8,Tuning/hos_35_r1_1.txt,0.25,0.05,0.03,50,3,0.9,0.02,pairwise,466.0,1.14
tune_9,Tuning/hos_35_r1_1.txt,0.25,0.05,0.03,50,3,0.9,0.02,pairwise,468.0,1.16
tune_10,Tuning/hos_35_r1_1.txt,0.25,0.05,0.03,50,3,0.9,0.02,pairwise,497.0,1.17
tune_1,Tuning/mac_grafo20dens30.txt,0.25,0.05,0.03,50,3,0.9,0.02,pairwise,171.0,1.15
tune_2,Tuning/mac_grafo20dens30.txt,0.25,0.05,0.03,50,3,0.9,0.02,pairwise,153.0,1.13
tune_3,Tuning/mac_grafo20dens30.txt,0.25,0.05,0.03,50,3,0.9,0.02,pairwise,153.0,1.14
tune_4,Tuning/mac_grafo20dens30.txt,0.25,0.05,0.03,50,3,0.9,0.02,pairwise,153.0,1.13
tune_5,Tuning/mac_grafo20dens30.txt,0.25,0.05,0.03,50,3,0.9,0.02,pairwise,171.0,1.11
tune_6,Tuning/mac_grafo20dens30.txt,0.25,0.05,0.03,50,3,0.9,0.02,pairwise,171.0,1.12
tune_7,Tuning/mac_grafo20dens30.txt,0.25,0.05,0.03,50,3,0.9,0.02,pairwise,171.0,1.13
tune_8,Tuning/mac_grafo20dens30.txt,0.25,0.05,0.03,50,3,0.9,0.02,pairwise,153.0,1.12
tune_9,Tuning/mac_grafo20dens30.txt,0.25,0.05,0.03,50,3,0.9,0.02,pairwise,153.0,1.14
tune_10,Tuning/mac_grafo20dens30.txt,0.25,0.05,0.03,50,3,0.9,0.02,pairwise,153.0,1.13
tune_1,Tuning/bog_150_p0.1_2.txt,0.25,0.05,0.03,50,5,0.8,0.01,pairwise,10153.0,3.00
tune_2,Tuning/bog_150_p0.1_2.txt,0.25,0.05,0.03,50,5,0.8,0.01,pairwise,10153.0,2.96
tune_3,Tuning/bog_150_p0.1_2.txt,0.25,0.05,0.03,50,5,0.8,0.01,pairwise,10153.0,3.00
tune_4,Tuning/bog_150_p0.1_2.txt,0.25,0.05,0.03,50,5,0.8,0.01,pairwise,10153.0,2.95
tune_5,Tuning/bog_150_p0.1_2.txt,0.25,0.05,0.03,50,5,0.8,0.01,pairwise,10153.0,2.97
tune_6,Tuning/bog_150_p0.1_2.txt,0.25,0.05,0.03,50,5,0.8,0.01,pairwise,10153.0,2.96
tune_7,Tuning/bog_150_p0.1_2.txt,0.25,0.05,0.03,50,5,0.8,0.01,pairwise,10153.0,2.95
tune_8,Tuning/bog_150_p0.1_2.txt,0.25,0.05,0.03,50,5,0.8,0.01,pairwise,10153.0,2.95
tune_9,Tuning/bog_150_p0.1_2.txt,0.25,0.05,0.03,50,5,0.8,0.01,pairwise,10153.0,2.97
tune_10,Tuning/bog_150_p0.1_2.txt,0.25,0.05,0.03,50,5,0.8,0.01,pairwise,10153.0,2.97
tune_1,Tuning/cor_dolphins-w.txt,0.25,0.05,0.03,50,5,0.8,0.01,pairwise,1275.0,1.33
tune_2,Tuning/cor_dolphins-w.txt,0.25,0.05,0.03,50,5,0.8,0.01,pairwise,1275.0,1.31
tune_3,Tuning/cor_dolphins-w.txt,0.25,0.05,0.03,50,5,0.8,0.01,pairwise,1225.0,1.33
tune_4,Tuning/cor_dolphins-w.txt,0.25,0.05,0.03,50,5,0.8,0.01,pairwise,1326.0,1.31
tune_5,Tuning/cor_dolphins-w.txt,0.25,0.05,0.03,50,5,0.8,0.01,pairwise,1326.0,1.30
tune_6,Tuning/cor_dolphins-w.txt,0.25,0.05,0.03,50,5,0.8,0.01,pairwise,1326.0,1.35
tune_7,Tuning/cor_dolphins-w.txt,0.25,0.05,0.03,50,5,0.8,0.01,pairwise,1275.0,1.32
tune_8,Tuning/cor_dolphins-w.txt,0.25,0.05,0.03,50,5,0.8,0.01,pairwise,1326.0,1.29
tune_9,Tuning/cor_dolphins-w.txt,0.25,0.05,0.03,50,5,0.8,0.01,pairwise,1275.0,1.31
tune_10,Tuning/cor_dolphins-w.txt,0.25,0.05,0.03,50,5,0.8,0.01,pairwise,1378.0,1.31
tune_1,Tuning/hos_35_r1_1.txt,0.25,0.05,0.03,50,5,0.8,0.01,pairwise,466.0,1.12
tune_2,Tuning/hos_35_r1_1.txt,0.25,0.05,0.03,50,5,0.8,0.01,pairwise,468.0,1.13
tune_3,Tuning/hos_35_r1_1.txt,0.25,0.05,0.03,50,5,0.8,0.01,pairwise,466.0,1.12
tune_4,Tuning/hos_35_r1_1.txt,0.25,0.05,0.03,50,5,0.8,0.01,pairwise,466.0,1.08
tune_5,Tuning/hos_35_r1_1.txt,0.25,0.05,0.03,50,5,0.8,0.01,pairwise,441.0,1.12
tune_6,Tuning/hos_35_r1_1.txt,0.25,0.05,0.03,50,5,0.8,0.01,pairwise,466.0,1.11
tune_7,Tuning/hos_35_r1_1.txt,0.25,0.05,0.03,50,5,0.8,0.01,pairwise,466.0,1.13
tune_8,Tuning/hos_35_r1_1.txt,0.25,0.05,0.03,50,5,0.8,0.01,pairwise,466.0,1.12
tune_9,Tuning/hos_35_r1_1.txt,0.25,0.05,0.03,50,5,0.8,0.01,pairwise,466.0,1.12
tune_10,Tuning/hos_35_r1_1.txt,0.25,0.05,0.03,50,5,0.8,0.01,pairwise,468.0,1.13
tune_1,Tuning/mac_grafo20dens30.txt,0.25,0.05,0.03,50,5,0.8,0.01,pairwise,153.0,1.13
tune_2,Tuning/mac_grafo20dens30.txt,0.25,0.05,0.03,50,5,0.8,0.01,pairwise,153.0,1.14
tune_3,Tuning/mac_grafo20dens30.txt,0.25,0.05,0.03,50,5,0.8,0.01,pairwise,171.0,1.12
tune_4,Tuning/mac_grafo20dens30.txt,0.25,0.05,0.03,50,5,0.8,0.01,pairwise,171.0,1.10
tune_5,Tuning/mac_grafo20dens30.txt,0.25,0.05,0.03,50,5,0.8,0.01,pairwise,153.0,1.09
tune_6,Tuning/mac_grafo20dens30.txt,0.25,0.05,0.03,50,5,0.8,0.01,pairwise,153.0,1.12
tune_7,Tuning/mac_grafo20dens30.txt,0.25,0.05,0.03,50,5,0.8,0.01,pairwise,153.0,1.10
tune_8,Tuning/mac_grafo20dens30.txt,0.25,0.05,0.03,50,5,0.8,0.01,pairwise,153.0,1.14
tune_9,Tuning/mac_grafo20dens30.txt,0.25,0.05,0.03,50,5,0.8,0.01,pairwise,153.0,1.09
tune_10,Tuning/mac_grafo20dens30.txt,0.25,0.05,0.03,50,5,0.8,0.01,pairwise,153.0,1.12
tune_1,Tuning/bog_150_p0.1_2.txt,0.25,0.05,0.03,50,5,0.8,0.02,pairwise,10153.0,2.97
tune_2,Tuning/bog_150_p0.1_2.txt,0.25,0.05,0.03,50,5,0.8,0.02,pairwise,10153.0,2.99
tune_3,Tuning/bog_150_p0.1_2.txt,0.25,0.05,0.03,50,5,0.8,0.02,pairwise,10153.0,3.00
tune_4,Tuning/bog_150_p0.1_2.txt,0.25,0.05,0.03,50,5,0.8,0.02,pairwise,10153.0,2.97
tune_5,Tuning/bog_150_p0.1_2.txt,0.25,0.05,0.03,50,5,0.8,0.02,pairwise,10153.0,2.96
tune_6,Tuning/bog_150_p0.1_2.txt,0.25,0.05,0.03,50,5,0.8,0.02,pairwise,10153.0,2.98
tune_7,Tuning/bog_150_p0.1_2.txt,0.25,0.05,0.03,50,5,0.8,0.02,pairwise,10153.0,3.04
tune_8,Tuning/bog_150_p0.1_2.txt,0.25,0.05,0.03,50,5,0.8,0.02,pairwise,10153.0,2.95
tune_9,Tuning/bog_150_p0.1_2.txt,0.25,0.05,0.03,50,5,0.8,0.02,pairwise,10153.0,3.01
tune_10,Tuning/bog_150_p0.1_2.txt,0.25,0.05,0.03,50,5,0.8,0.02,pairwise,10153.0,2.94
tune_1,Tuning/cor_dolphins-w.txt,0.25,0.05,0.03,50,5,0.8,0.02,pairwise,1275.0,1.32
tune_2,Tuning/cor_dolphins-w.txt,0.25,0.05,0.03,50,5,0.8,0.02,pairwise,1326.0,1.31
tune_3,Tuning/cor_dolphins-w.txt,0.25,0.05,0.03,50,5,0.8,0.02,pairwise,1276.0,1.32
tune_4,Tuning/cor_dolphins-w.txt,0.25,0.05,0.03,50,5,0.8,0.02,pairwise,1275.0,1.31
tune_5,Tuning/cor_dolphins-w.txt,0.25,0.05,0.03,50,5,0.8,0.02,pairwise,1275.0,1.32
tune_6,Tuning/cor_dolphins-w.txt,0.25,0.05,0.03,50,5,0.8,0.02,pairwise,1431.0,1.30
tune_7,Tuning/cor_dolphins-w.txt,0.25,0.05,0.03,50,5,0.8,0.02,pairwise,1275.0,1.31
tune_8,Tuning/cor_dolphins-w.txt,0.25,0.05,0.03,50,5,0.8,0.02,pairwise,1326.0,1.30
tune_9,Tuning/cor_dolphins-w.txt,0.25,0.05,0.03,50,5,0.8,0.02,pairwise,1275.0,1.32
tune_10,Tuning/cor_dolphins-w.txt,0.25,0.05,0.03,50,5,0.8,0.02,pairwise,1225.0,1.31
tune_1,Tuning/hos_35_r1_1.txt,0.25,0.05,0.03,50,5,0.8,0.02,pairwise,441.0,1.14
tune_2,Tuning/hos_35_r1_1.txt,0.25,0.05,0.03,50,5,0.8,0.02,pairwise,468.0,1.13
tune_3,Tuning/hos_35_r1_1.txt,0.25,0.05,0.03,50,5,0.8,0.02,pairwise,468.0,1.13
tune_4,Tuning/hos_35_r1_1.txt,0.25,0.05,0.03,50,5,0.8,0.02,pairwise,468.0,1.12
tune_5,Tuning/hos_35_r1_1.txt,0.25,0.05,0.03,50,5,0.8,0.02,pairwise,466.0,1.12
tune_6,Tuning/hos_35_r1_1.txt,0.25,0.05,0.03,50,5,0.8,0.02,pairwise,468.0,1.11
tune_7,Tuning/hos_35_r1_1.txt,0.25,0.05,0.03,50,5,0.8,0.02,pairwise,468.0,1.10
tune_8,Tuning/hos_35_r1_1.txt,0.25,0.05,0.03,50,5,0.8,0.02,pairwise,468.0,1.12
tune_9,Tuning/hos_35_r1_1.txt,0.25,0.05,0.03,50,5,0.8,0.02,pairwise,468.0,1.11
tune_10,Tuning/hos_35_r1_1.txt,0.25,0.05,0.03,50,5,0.8,0.02,pairwise,441.0,1.13
tune_1,Tuning/mac_grafo20dens30.txt,0.25,0.05,0.03,50,5,0.8,0.02,pairwise,153.0,1.13
tune_2,Tuning/mac_grafo20dens30.txt,0.25,0.05,0.03,50,5,0.8,0.02,pairwise,153.0,1.11
tune_3,Tuning/mac_grafo20dens30.txt,0.25,0.05,0.03,50,5,0.8,0.02,pairwise,153.0,1.10
tune_4,Tuning/mac_grafo20dens30.txt,0.25,0.05,0.03,50,5,0.8,0.02,pairwise,153.0,1.09
tune_5,Tuning/mac_grafo20dens30.txt,0.25,0.05,0.03,50,5,0.8,0.02,pairwise,153.0,1.12
tune_6,Tuning/mac_grafo20dens30.txt,0.25,0.05,0.03,50,5,0.8,0.02,pairwise,153.0,1.11
tune_7,Tuning/mac_grafo20dens30.txt,0.25,0.05,0.03,50,5,0.8,0.02,pairwise,171.0,1.13
tune_8,Tuning/mac_grafo20dens30.txt,0.25,0.05,0.03,50,5,0.8,0.02,pairwise,171.0,1.08
tune_9,Tuning/mac_grafo20dens30.txt,0.25,0.05,0.03,50,5,0.8,0.02,pairwise,153.0,1.11
tune_10,Tuning/mac_grafo20dens30.txt,0.25,0.05,0.03,50,5,0.8,0.02,pairwise,153.0,1.11
tune_1,Tuning/bog_150_p0.1_2.txt,0.25,0.05,0.03,50,5,0.9,0.01,pairwise,10153.0,3.24
tune_2,Tuning/bog_150_p0.1_2.txt,0.25,0.05,0.03,50,5,0.9,0.01,pairwise,10153.0,3.14
tune_3,Tuning/bog_150_p0.1_2.txt,0.25,0.05,0.03,50,5,0.9,0.01,pairwise,10153.0,3.14
tune_4,Tuning/bog_150_p0.1_2.txt,0.25,0.05,0.03,50,5,0.9,0.01,pairwise,10153.0,3.15
tune_5,Tuning/bog_150_p0.1_2.txt,0.25,0.05,0.03,50,5,0.9,0.01,pairwise,10153.0,3.17
tune_6,Tuning/bog_150_p0.1_2.txt,0.25,0.05,0.03,50,5,0.9,0.01,pairwise,10153.0,3.22
tune_7,Tuning/bog_150_p0.1_2.txt,0.25,0.05,0.03,50,5,0.9,0.01,pairwise,10153.0,3.23
tune_8,Tuning/bog_150_p0.1_2.txt,0.25,0.05,0.03,50,5,0.9,0.01,pairwise,10153.0,3.15
tune_9,Tuning/bog_150_p0.1_2.txt,0.25,0.05,0.03,50,5,0.9,0.01,pairwise,10153.0,3.19
tune_10,Tuning/bog_150_p0.1_2.txt,0.25,0.05,0.03,50,5,0.9,0.01,pairwise,10153.0,3.16
tune_1,Tuning/cor_dolphins-w.txt,0.25,0.05,0.03,50,5,0.9,0.01,pairwise,1275.0,1.36
tune_2,Tuning/cor_dolphins-w.txt,0.25,0.05,0.03,50,5,0.9,0.01,pairwise,1225.0,1.36
tune_3,Tuning/cor_dolphins-w.txt,0.25,0.05,0.03,50,5,0.9,0.01,pairwise,1275.0,1.37
tune_4,Tuning/cor_dolphins-w.txt,0.25,0.05,0.03,50,5,0.9,0.01,pairwise,1326.0,1.34
tune_5,Tuning/cor_dolphins-w.txt,0.25,0.05,0.03,50,5,0.9,0.01,pairwise,1276.0,1.37
tune_6,Tuning/cor_dolphins-w.txt,0.25,0.05,0.03,50,5,0.9,0.01,pairwise,1275.0,1.35
tune_7,Tuning/cor_dolphins-w.txt,0.25,0.05,0.03,50,5,0.9,0.01,pairwise,1327.0,1.35
tune_8,Tuning/cor_dolphins-w.txt,0.25,0.05,0.03,50,5,0.9,0.01,pairwise,1226.0,1.32
tune_9,Tuning/cor_dolphins-w.txt,0.25,0.05,0.03,50,5,0.9,0.01,pairwise,1431.0,1.36
tune_10,Tuning/cor_dolphins-w.txt,0.25,0.05,0.03,50,5,0.9,0.01,pairwise,1275.0,1.34
tune_1,Tuning/hos_35_r1_1.txt,0.25,0.05,0.03,50,5,0.9,0.01,pairwise,441.0,1.16
tune_2,Tuning/hos_35_r1_1.txt,0.25,0.05,0.03,50,5,0.9,0.01,pairwise,466.0,1.13
tune_3,Tuning/hos_35_r1_1.txt,0.25,0.05,0.03,50,5,0.9,0.01,pairwise,441.0,1.14
tune_4,Tuning/hos_35_r1_1.txt,0.25,0.05,0.03,50,5,0.9,0.01,pairwise,497.0,1.17
tune_5,Tuning/hos_35_r1_1.txt,0.25,0.05,0.03,50,5,0.9,0.01,pairwise,441.0,1.13
tune_6,Tuning/hos_35_r1_1.txt,0.25,0.05,0.03,50,5,0.9,0.01,pairwise,497.0,1.16
tune_7,Tuning/hos_35_r1_1.txt,0.25,0.05,0.03,50,5,0.9,0.01,pairwise,468.0,1.18
tune_8,Tuning/hos_35_r1_1.txt,0.25,0.05,0.03,50,5,0.9,0.01,pairwise,441.0,1.16
tune_9,Tuning/hos_35_r1_1.txt,0.25,0.05,0.03,50,5,0.9,0.01,pairwise,468.0,1.16
tune_10,Tuning/hos_35_r1_1.txt,0.25,0.05,0.03,50,5,0.9,0.01,pairwise,466.0,1.13
tune_1,Tuning/mac_grafo20dens30.txt,0.25,0.05,0.03,50,5,0.9,0.01,pairwise,153.0,1.14
tune_2,Tuning/mac_grafo20dens30.txt,0.25,0.05,0.03,50,5,0.9,0.01,pairwise,153.0,1.16
tune_3,Tuning/mac_grafo20dens30.txt,0.25,0.05,0.03,50,5,0.9,0.01,pairwise,171.0,1.13
tune_4,Tuning/mac_grafo20dens30.txt,0.25,0.05,0.03,50,5,0.9,0.01,pairwise,171.0,1.13
tune_5,Tuning/mac_grafo20dens30.txt,0.25,0.05,0.03,50,5,0.9,0.01,pairwise,153.0,1.16
tune_6,Tuning/mac_grafo20dens30.txt,0.25,0.05,0.03,50,5,0.9,0.01,pairwise,153.0,1.16
tune_7,Tuning/mac_grafo20dens30.txt,0.25,0.05,0.03,50,5,0.9,0.01,pairwise,153.0,1.16
tune_8,Tuning/mac_grafo20dens30.txt,0.25,0.05,0.03,50,5,0.9,0.01,pairwise,153.0,1.14
tune_9,Tuning/mac_grafo20dens30.txt,0.25,0.05,0.03,50,5,0.9,0.01,pairwise,153.0,1.17
tune_10,Tuning/mac_grafo20dens30.txt,0.25,0.05,0.03,50,5,0.9,0.01,pairwise,153.0,1.13
tune_1,Tuning/bog_150_p0.1_2.txt,0.25,0.05,0.03,50,5,0.9,0.02,pairwise,10153.0,3.17
tune_2,Tuning/bog_150_p0.1_2.txt,0.25,0.05,0.03,50,5,0.9,0.02,pairwise,10153.0,3.16
tune_3,Tuning/bog_150_p0.1_2.txt,0.25,0.05,0.03,50,5,0.9,0.02,pairwise,10153.0,3.18
tune_4,Tuning/bog_150_p0.1_2.txt,0.25,0.05,0.03,50,5,0.9,0.02,pairwise,10153.0,3.22
tune_5,Tuning/bog_150_p0.1_2.txt,0.25,0.05,0.03,50,5,0.9,0.02,pairwise,10153.0,3.17
tune_6,Tuning/bog_150_p0.1_2.txt,0.25,0.05,0.03,50,5,0.9,0.02,pairwise,10153.0,3.16
tune_7,Tuning/bog_150_p0.1_2.txt,0.25,0.05,0.03,50,5,0.9,0.02,pairwise,10153.0,3.20
tune_8,Tuning/bog_150_p0.1_2.txt,0.25,0.05,0.03,50,5,0.9,0.02,pairwise,10153.0,3.17
tune_9,Tuning/bog_150_p0.1_2.txt,0.25,0.05,0.03,50,5,0.9,0.02,pairwise,10153.0,3.18
tune_10,Tuning/bog_150_p0.1_2.txt,0.25,0.05,0.03,50,5,0.9,0.02,pairwise,10153.0,3.15
tune_1,Tuning/cor_dolphins-w.txt,0.25,0.05,0.03,50,5,0.9,0.02,pairwise,1327.0,1.37
tune_2,Tuning/cor_dolphins-w.txt,0.25,0.05,0.03,50,5,0.9,0.02,pairwise,1275.0,1.35
tune_3,Tuning/cor_dolphins-w.txt,0.25,0.05,0.03,50,5,0.9,0.02,pairwise,1275.0,1.34
tune_4,Tuning/cor_dolphins-w.txt,0.25,0.05,0.03,50,5,0.9,0.02,pairwise,1225.0,1.38
tune_5,Tuning/cor_dolphins-w.txt,0.25,0.05,0.03,50,5,0.9,0.02,pairwise,1225.0,1.35
tune_6,Tuning/cor_dolphins-w.txt,0.25,0.05,0.03,50,5,0.9,0.02,pairwise,1275.0,1.33
tune_7,Tuning/cor_dolphins-w.txt,0.25,0.05,0.03,50,5,0.9,0.02,pairwise,1326.0,1.38
tune_8,Tuning/cor_dolphins-w.txt,0.25,0.05,0.03,50,5,0.9,0.02,pairwise,1326.0,1.30
tune_9,Tuning/cor_dolphins-w.txt,0.25,0.05,0.03,50,5,0.9,0.02,pairwise,1275.0,1.35
tune_10,Tuning/cor_dolphins-w.txt,0.25,0.05,0.03,50,5,0.9,0.02,pairwise,1326.0,1.34
tune_1,Tuning/hos_35_r1_1.txt,0.25,0.05,0.03,50,5,0.9,0.02,pairwise,466.0,1.13
tune_2,Tuning/hos_35_r1_1.txt,0.25,0.05,0.03,50,5,0.9,0.02,pairwise,466.0,1.16
tune_3,Tuning/hos_35_r1_1.txt,0.25,0.05,0.03,50,5,0.9,0.02,pairwise,466.0,1.12
tune_4,Tuning/hos_35_r1_1.txt,0.25,0.05,0.03,50,5,0.9,0.02,pairwise,466.0,1.14
tune_5,Tuning/hos_35_r1_1.txt,0.25,0.05,0.03,50,5,0.9,0.02,pairwise,497.0,1.14
tune_6,Tuning/hos_35_r1_1.txt,0.25,0.05,0.03,50,5,0.9,0.02,pairwise,441.0,1.14
tune_7,Tuning/hos_35_r1_1.txt,0.25,0.05,0.03,50,5,0.9,0.02,pairwise,468.0,1.16
tune_8,Tuning/hos_35_r1_1.txt,0.25,0.05,0.03,50,5,0.9,0.02,pairwise,466.0,1.14
tune_9,Tuning/hos_35_r1_1.txt,0.25,0.05,0.03,50,5,0.9,0.02,pairwise,441.0,1.12
tune_10,Tuning/hos_35_r1_1.txt,0.25,0.05,0.03,50,5,0.9,0.02,pairwise,466.0,1.14
tune_1,Tuning/mac_grafo20dens30.txt,0.25,0.05,0.03,50,5,0.9,0.02,pairwise,171.0,1.13
tune_2,Tuning/mac_grafo20dens30.txt,0.25,0.05,0.03,50,5,0.9,0.02,pairwise,153.0,1.13
tune_3,Tuning/mac_grafo20dens30.txt,0.25,0.05,0.03,50,5,0.9,0.02,pairwise,153.0,1.13
tune_4,Tuning/mac_grafo20dens30.txt,0.25,0.05,0.03,50,5,0.9,0.02,pairwise,153.0,1.24
tune_5,Tuning/mac_grafo20dens30.txt,0.25,0.05,0.03,50,5,0.9,0.02,pairwise,153.0,1.11
tune_6,Tuning/mac_grafo20dens30.txt,0.25,0.05,0.03,50,5,0.9,0.02,pairwise,153.0,1.14
tune_7,Tuning/mac_grafo20dens30.txt,0.25,0.05,0.03,50,5,0.9,0.02,pairwise,153.0,1.13
tune_8,Tuning/mac_grafo20dens30.txt,0.25,0.05,0.03,50,5,0.9,0.02,pairwise,153.0,1.13
tune_9,Tuning/mac_grafo20dens30.txt,0.25,0.05,0.03,50,5,0.9,0.02,pairwise,171.0,1.15
tune_10,Tuning/mac_grafo20dens30.txt,0.25,0.05,0.03,50,5,0.9,0.02,pairwise,153.0,1.13
tune_1,Tuning/bog_150_p0.1_2.txt,0.25,0.05,0.03,100,3,0.8,0.01,pairwise,10153.0,5.01
tune_2,Tuning/bog_150_p0.1_2.txt,0.25,0.05,0.03,100,3,0.8,0.01,pairwise,10153.0,4.99
tune_3,Tuning/bog_150_p0.1_2.txt,0.25,0.05,0.03,100,3,0.8,0.01,pairwise,10153.0,4.97
tune_4,Tuning/bog_150_p0.1_2.txt,0.25,0.05,0.03,100,3,0.8,0.01,pairwise,10153.0,5.02
tune_5,Tuning/bog_150_p0.1_2.txt,0.25,0.05,0.03,100,3,0.8,0.01,pairwise,10153.0,5.01
tune_6,Tuning/bog_150_p0.1_2.txt,0.25,0.05,0.03,100,3,0.8,0.01,pairwise,10153.0,5.04
tune_7,Tuning/bog_150_p0.1_2.txt,0.25,0.05,0.03,100,3,0.8,0.01,pairwise,10153.0,4.98
tune_8,Tuning/bog_150_p0.1_2.txt,0.25,0.05,0.03,100,3,0.8,0.01,pairwise,10153.0,5.00
tune_9,Tuning/bog_150_p0.1_2.txt,0.25,0.05,0.03,100,3,0.8,0.01,pairwise,10153.0,4.96
tune_10,Tuning/bog_150_p0.1_2.txt,0.25,0.05,0.03,100,3,0.8,0.01,pairwise,10153.0,4.95
tune_1,Tuning/cor_dolphins-w.txt,0.25,0.05,0.03,100,3,0.8,0.01,pairwise,1225.0,1.72
tune_2,Tuning/cor_dolphins-w.txt,0.25,0.05,0.03,100,3,0.8,0.01,pairwise,1225.0,1.71
tune_3,Tuning/cor_dolphins-w.txt,0.25,0.05,0.03,100,3,0.8,0.01,pairwise,1225.0,1.70
tune_4,Tuning/cor_dolphins-w.txt,0.25,0.05,0.03,100,3,0.8,0.01,pairwise,1225.0,1.72
tune_5,Tuning/cor_dolphins-w.txt,0.25,0.05,0.03,100,3,0.8,0.01,pairwise,1225.0,1.72
tune_6,Tuning/cor_dolphins-w.txt,0.25,0.05,0.03,100,3,0.8,0.01,pairwise,1275.0,1.80
tune_7,Tuning/cor_dolphins-w.txt,0.25,0.05,0.03,100,3,0.8,0.01,pairwise,1225.0,1.72
tune_8,Tuning/cor_dolphins-w.txt,0.25,0.05,0.03,100,3,0.8,0.01,pairwise,1225.0,1.70
tune_9,Tuning/cor_dolphins-w.txt,0.25,0.05,0.03,100,3,0.8,0.01,pairwise,1226.0,1.71
tune_10,Tuning/cor_dolphins-w.txt,0.25,0.05,0.03,100,3,0.8,0.01,pairwise,1225.0,1.72
tune_1,Tuning/hos_35_r1_1.txt,0.25,0.05,0.03,100,3,0.8,0.01,pairwise,466.0,1.35
tune_2,Tuning/hos_35_r1_1.txt,0.25,0.05,0.03,100,3,0.8,0.01,pairwise,466.0,1.35
tune_3,Tuning/hos_35_r1_1.txt,0.25,0.05,0.03,100,3,0.8,0.01,pairwise,441.0,1.38
tune_4,Tuning/hos_35_r1_1.txt,0.25,0.05,0.03,100,3,0.8,0.01,pairwise,441.0,1.34
tune_5,Tuning/hos_35_r1_1.txt,0.25,0.05,0.03,100,3,0.8,0.01,pairwise,466.0,1.35
tune_6,Tuning/hos_35_r1_1.txt,0.25,0.05,0.03,100,3,0.8,0.01,pairwise,468.0,1.38
tune_7,Tuning/hos_35_r1_1.txt,0.25,0.05,0.03,100,3,0.8,0.01,pairwise,441.0,1.36
tune_8,Tuning/hos_35_r1_1.txt,0.25,0.05,0.03,100,3,0.8,0.01,pairwise,441.0,1.35
tune_9,Tuning/hos_35_r1_1.txt,0.25,0.05,0.03,100,3,0.8,0.01,pairwise,441.0,1.34
tune_10,Tuning/hos_35_r1_1.txt,0.25,0.05,0.03,100,3,0.8,0.01,pairwise,468.0,1.34
tune_1,Tuning/mac_grafo20dens30.txt,0.25,0.05,0.03,100,3,0.8,0.01,pairwise,153.0,1.34
tune_2,Tuning/mac_grafo20dens30.txt,0.25,0.05,0.03,100,3,0.8,0.01,pairwise,153.0,1.39
tune_3,Tuning/mac_grafo20dens30.txt,0.25,0.05,0.03,100,3,0.8,0.01,pairwise,153.0,1.32
tune_4,Tuning/mac_grafo20dens30.txt,0.25,0.05,0.03,100,3,0.8,0.01,pairwise,153.0,1.33
tune_5,Tuning/mac_grafo20dens30.txt,0.25,0.05,0.03,100,3,0.8,0.01,pairwise,153.0,1.34
tune_6,Tuning/mac_grafo20dens30.txt,0.25,0.05,0.03,100,3,0.8,0.01,pairwise,153.0,1.31
tune_7,Tuning/mac_grafo20dens30.txt,0.25,0.05,0.03,100,3,0.8,0.01,pairwise,153.0,1.33
tune_8,Tuning/mac_grafo20dens30.txt,0.25,0.05,0.03,100,3,0.8,0.01,pairwise,153.0,1.32
tune_9,Tuning/mac_grafo20dens30.txt,0.25,0.05,0.03,100,3,0.8,0.01,pairwise,153.0,1.32
tune_10,Tuning/mac_grafo20dens30.txt,0.25,0.05,0.03,100,3,0.8,0.01,pairwise,153.0,1.37
tune_1,Tuning/bog_150_p0.1_2.txt,0.25,0.05,0.03,100,3,0.8,0.02,pairwise,10153.0,5.01
tune_2,Tuning/bog_150_p0.1_2.txt,0.25,0.05,0.03,100,3,0.8,0.02,pairwise,10153.0,4.99
tune_3,Tuning/bog_150_p0.1_2.txt,0.25,0.05,0.03,100,3,0.8,0.02,pairwise,10153.0,4.98
tune_4,Tuning/bog_150_p0.1_2.txt,0.25,0.05,0.03,100,3,0.8,0.02,pairwise,10153.0,5.04
tune_5,Tuning/bog_150_p0.1_2.txt,0.25,0.05,0.03,100,3,0.8,0.02,pairwise,10153.0,4.98
tune_6,Tuning/bog_150_p0.1_2.txt,0.25,0.05,0.03,100,3,0.8,0.02,pairwise,10153.0,4.97
tune_7,Tuning/bog_150_p0.1_2.txt,0.25,0.05,0.03,100,3,0.8,0.02,pairwise,10153.0,5.02
tune_8,Tuning/bog_150_p0.1_2.txt,0.25,0.05,0.03,100,3,0.8,0.02,pairwise,10153.0,5.00
tune_9,Tuning/bog_150_p0.1_2.txt,0.25,0.05,0.03,100,3,0.8,0.02,pairwise,10153.0,4.93
tune_10,Tuning/bog_150_p0.1_2.txt,0.25,0.05,0.03,100,3,0.8,0.02,pairwise,10153.0,4.96
tune_1,Tuning/cor_dolphins-w.txt,0.25,0.05,0.03,100,3,0.8,0.02,pairwise,1225.0,1.70
tune_2,Tuning/cor_dolphins-w.txt,0.25,0.05,0.03,100,3,0.8,0.02,pairwise,1275.0,1.72
tune_3,Tuning/cor_dolphins-w.txt,0.25,0.05,0.03,100,3,0.8,0.02,pairwise,1275.0,1.71
tune_4,Tuning/cor_dolphins-w.txt,0.25,0.05,0.03,100,3,0.8,0.02,pairwise,1276.0,1.75
tune_5,Tuning/cor_dolphins-w.txt,0.25,0.05,0.03,100,3,0.8,0.02,pairwise,1225.0,1.70
tune_6,Tuning/cor_dolphins-w.txt,0.25,0.05,0.03,100,3,0.8,0.02,pairwise,1225.0,1.74
tune_7,Tuning/cor_dolphins-w.txt,0.25,0.05,0.03,100,3,0.8,0.02,pairwise,1225.0,1.70
tune_8,Tuning/cor_dolphins-w.txt,0.25,0.05,0.03,100,3,0.8,0.02,pairwise,1275.0,1.71
tune_9,Tuning/cor_dolphins-w.txt,0.25,0.05,0.03,100,3,0.8,0.02,pairwise,1275.0,1.70
tune_10,Tuning/cor_dolphins-w.txt,0.25,0.05,0.03,100,3,0.8,0.02,pairwise,1225.0,1.76
tune_1,Tuning/hos_35_r1_1.txt,0.25,0.05,0.03,100,3,0.8,0.02,pairwise,466.0,1.37
tune_2,Tuning/hos_35_r1_1.txt,0.25,0.05,0.03,100,3,0.8,0.02,pairwise,441.0,1.34
tune_3,Tuning/hos_35_r1_1.txt,0.25,0.05,0.03,100,3,0.8,0.02,pairwise,441.0,1.36
tune_4,Tuning/hos_35_r1_1.txt,0.25,0.05,0.03,100,3,0.8,0.02,pairwise,466.0,1.34
tune_5,Tuning/hos_35_r1_1.txt,0.25,0.05,0.03,100,3,0.8,0.02,pairwise,466.0,1.35
tune_6,Tuning/hos_35_r1_1.txt,0.25,0.05,0.03,100,3,0.8,0.02,pairwise,466.0,1.38
tune_7,Tuning/hos_35_r1_1.txt,0.25,0.05,0.03,100,3,0.8,0.02,pairwise,468.0,1.37
tune_8,Tuning/hos_35_r1_1.txt,0.25,0.05,0.03,100,3,0.8,0.02,pairwise,441.0,1.38
tune_9,Tuning/hos_35_r1_1.txt,0.25,0.05,0.03,100,3,0.8,0.02,pairwise,466.0,1.38
tune_10,Tuning/hos_35_r1_1.txt,0.25,0.05,0.03,100,3,0.8,0.02,pairwise,466.0,1.35
tune_1,Tuning/mac_grafo20dens30.txt,0.25,0.05,0.03,100,3,0.8,0.02,pairwise,153.0,1.36
tune_2,Tuning/mac_grafo20dens30.txt,0.25,0.05,0.03,100,3,0.8,0.02,pairwise,153.0,1.34
tune_3,Tuning/mac_grafo20dens30.txt,0.25,0.05,0.03,100,3,0.8,0.02,pairwise,153.0,1.36
tune_4,Tuning/mac_grafo20dens30.txt,0.25,0.05,0.03,100,3,0.8,0.02,pairwise,153.0,1.33
tune_5,Tuning/mac_grafo20dens30.txt,0.25,0.05,0.03,100,3,0.8,0.02,pairwise,153.0,1.35
tune_6,Tuning/mac_grafo20dens30.txt,0.25,0.05,0.03,100,3,0.8,0.02,pairwise,153.0,1.32
tune_7,Tuning/mac_grafo20dens30.txt,0.25,0.05,0.03,100,3,0.8,0.02,pairwise,153.0,1.32
tune_8,Tuning/mac_grafo20dens30.txt,0.25,0.05,0.03,100,3,0.8,0.02,pairwise,171.0,1.34
tune_9,Tuning/mac_grafo20dens30.txt,0.25,0.05,0.03,100,3,0.8,0.02,pairwise,153.0,1.32
tune_10,Tuning/mac_grafo20dens30.txt,0.25,0.05,0.03,100,3,0.8,0.02,pairwise,153.0,1.33
tune_1,Tuning/bog_150_p0.1_2.txt,0.25,0.05,0.03,100,3,0.9,0.01,pairwise,10153.0,5.50
tune_2,Tuning/bog_150_p0.1_2.txt,0.25,0.05,0.03,100,3,0.9,0.01,pairwise,10153.0,5.50
tune_3,Tuning/bog_150_p0.1_2.txt,0.25,0.05,0.03,100,3,0.9,0.01,pairwise,10153.0,5.52
tune_4,Tuning/bog_150_p0.1_2.txt,0.25,0.05,0.03,100,3,0.9,0.01,pairwise,10153.0,5.47
tune_5,Tuning/bog_150_p0.1_2.txt,0.25,0.05,0.03,100,3,0.9,0.01,pairwise,10153.0,5.45
tune_6,Tuning/bog_150_p0.1_2.txt,0.25,0.05,0.03,100,3,0.9,0.01,pairwise,10153.0,5.51
tune_7,Tuning/bog_150_p0.1_2.txt,0.25,0.05,0.03,100,3,0.9,0.01,pairwise,10153.0,5.46
tune_8,Tuning/bog_150_p0.1_2.txt,0.25,0.05,0.03,100,3,0.9,0.01,pairwise,10153.0,5.49
tune_9,Tuning/bog_150_p0.1_2.txt,0.25,0.05,0.03,100,3,0.9,0.01,pairwise,10153.0,5.55
tune_10,Tuning/bog_150_p0.1_2.txt,0.25,0.05,0.03,100,3,0.9,0.01,pairwise,10153.0,5.54
tune_1,Tuning/cor_dolphins-w.txt,0.25,0.05,0.03,100,3,0.9,0.01,pairwise,1275.0,1.80
tune_2,Tuning/cor_dolphins-w.txt,0.25,0.05,0.03,100,3,0.9,0.01,pairwise,1226.0,1.81
tune_3,Tuning/cor_dolphins-w.txt,0.25,0.05,0.03,100,3,0.9,0.01,pairwise,1225.0,1.81
tune_4,Tuning/cor_dolphins-w.txt,0.25,0.05,0.03,100,3,0.9,0.01,pairwise,1225.0,1.84
tune_5,Tuning/cor_dolphins-w.txt,0.25,0.05,0.03,100,3,0.9,0.01,pairwise,911.0,1.82
tune_6,Tuning/cor_dolphins-w.txt,0.25,0.05,0.03,100,3,0.9,0.01,pairwise,1275.0,1.82
tune_7,Tuning/cor_dolphins-w.txt,0.25,0.05,0.03,100,3,0.9,0.01,pairwise,1275.0,1.81
tune_8,Tuning/cor_dolphins-w.txt,0.25,0.05,0.03,100,3,0.9,0.01,pairwise,1225.0,1.81
tune_9,Tuning/cor_dolphins-w.txt,0.25,0.05,0.03,100,3,0.9,0.01,pairwise,1225.0,1.84
tune_10,Tuning/cor_dolphins-w.txt,0.25,0.05,0.03,100,3,0.9,0.01,pairwise,1225.0,1.81
tune_1,Tuning/hos_35_r1_1.txt,0.25,0.05,0.03,100,3,0.9,0.01,pairwise,441.0,1.44
tune_2,Tuning/hos_35_r1_1.txt,0.25,0.05,0.03,100,3,0.9,0.01,pairwise,468.0,1.45
tune_3,Tuning/hos_35_r1_1.txt,0.25,0.05,0.03,100,3,0.9,0.01,pairwise,468.0,1.42
tune_4,Tuning/hos_35_r1_1.txt,0.25,0.05,0.03,100,3,0.9,0.01,pairwise,466.0,1.46
tune_5,Tuning/hos_35_r1_1.txt,0.25,0.05,0.03,100,3,0.9,0.01,pairwise,441.0,1.44
tune_6,Tuning/hos_35_r1_1.txt,0.25,0.05,0.03,100,3,0.9,0.01,pairwise,441.0,1.42
tune_7,Tuning/hos_35_r1_1.txt,0.25,0.05,0.03,100,3,0.9,0.01,pairwise,441.0,1.42
tune_8,Tuning/hos_35_r1_1.txt,0.25,0.05,0.03,100,3,0.9,0.01,pairwise,466.0,1.44
tune_9,Tuning/hos_35_r1_1.txt,0.25,0.05,0.03,100,3,0.9,0.01,pairwise,441.0,1.40
tune_10,Tuning/hos_35_r1_1.txt,0.25,0.05,0.03,100,3,0.9,0.01,pairwise,441.0,1.41
tune_1,Tuning/mac_grafo20dens30.txt,0.25,0.05,0.03,100,3,0.9,0.01,pairwise,153.0,1.37
tune_2,Tuning/mac_grafo20dens30.txt,0.25,0.05,0.03,100,3,0.9,0.01,pairwise,153.0,1.41
tune_3,Tuning/mac_grafo20dens30.txt,0.25,0.05,0.03,100,3,0.9,0.01,pairwise,153.0,1.39
tune_4,Tuning/mac_grafo20dens30.txt,0.25,0.05,0.03,100,3,0.9,0.01,pairwise,153.0,1.40
tune_5,Tuning/mac_grafo20dens30.txt,0.25,0.05,0.03,100,3,0.9,0.01,pairwise,153.0,1.37
tune_6,Tuning/mac_grafo20dens30.txt,0.25,0.05,0.03,100,3,0.9,0.01,pairwise,153.0,1.36
tune_7,Tuning/mac_grafo20dens30.txt,0.25,0.05,0.03,100,3,0.9,0.01,pairwise,153.0,1.46
tune_8,Tuning/mac_grafo20dens30.txt,0.25,0.05,0.03,100,3,0.9,0.01,pairwise,153.0,1.38
tune_9,Tuning/mac_grafo20dens30.txt,0.25,0.05,0.03,100,3,0.9,0.01,pairwise,153.0,1.38
tune_10,Tuning/mac_grafo20dens30.txt,0.25,0.05,0.03,100,3,0.9,0.01,pairwise,153.0,1.38
tune_1,Tuning/bog_150_p0.1_2.txt,0.25,0.05,0.03,100,3,0.9,0.02,pairwise,10153.0,5.43
tune_2,Tuning/bog_150_p0.1_2.txt,0.25,0.05,0.03,100,3,0.9,0.02,pairwise,10153.0,5.45
tune_3,Tuning/bog_150_p0.1_2.txt,0.25,0.05,0.03,100,3,0.9,0.02,pairwise,10153.0,5.51
tune_4,Tuning/bog_150_p0.1_2.txt,0.25,0.05,0.03,100,3,0.9,0.02,pairwise,10153.0,5.57
tune_5,Tuning/bog_150_p0.1_2.txt,0.25,0.05,0.03,100,3,0.9,0.02,pairwise,10153.0,5.53
tune_6,Tuning/bog_150_p0.1_2.txt,0.25,0.05,0.03,100,3,0.9,0.02,pairwise,10153.0,5.51
tune_7,Tuning/bog_150_p0.1_2.txt,0.25,0.05,0.03,100,3,0.9,0.02,pairwise,10153.0,5.48
tune_8,Tuning/bog_150_p0.1_2.txt,0.25,0.05,0.03,100,3,0.9,0.02,pairwise,10153.0,5.48
tune_9,Tuning/bog_150_p0.1_2.txt,0.25,0.05,0.03,100,3,0.9,0.02,pairwise,10153.0,5.48
tune_10,Tuning/bog_150_p0.1_2.txt,0.25,0.05,0.03,100,3,0.9,0.02,pairwise,10153.0,5.58
tune_1,Tuning/cor_dolphins-w.txt,0.25,0.05,0.03,100,3,0.9,0.02,pairwise,1275.0,1.86
tune_2,Tuning/cor_dolphins-w.txt,0.25,0.05,0.03,100,3,0.9,0.02,pairwise,1225.0,1.82
tune_3,Tuning/cor_dolphins-w.txt,0.25,0.05,0.03,100,3,0.9,0.02,pairwise,1226.0,1.82
tune_4,Tuning/cor_dolphins-w.txt,0.25,0.05,0.03,100,3,0.9,0.02,pairwise,1225.0,1.83
tune_5,Tuning/cor_dolphins-w.txt,0.25,0.05,0.03,100,3,0.9,0.02,pairwise,1275.0,1.83
tune_6,Tuning/cor_dolphins-w.txt,0.25,0.05,0.03,100,3,0.9,0.02,pairwise,1179.0,1.79
tune_7,Tuning/cor_dolphins-w.txt,0.25,0.05,0.03,100,3,0.9,0.02,pairwise,1225.0,1.86
tune_8,Tuning/cor_dolphins-w.txt,0.25,0.05,0.03,100,3,0.9,0.02,pairwise,1225.0,1.81
tune_9,Tuning/cor_dolphins-w.txt,0.25,0.05,0.03,100,3,0.9,0.02,pairwise,1225.0,1.84
tune_10,Tuning/cor_dolphins-w.txt,0.25,0.05,0.03,100,3,0.9,0.02,pairwise,1225.0,1.83
tune_1,Tuning/hos_35_r1_1.txt,0.25,0.05,0.03,100,3,0.9,0.02,pairwise,441.0,1.43
tune_2,Tuning/hos_35_r1_1.txt,0.25,0.05,0.03,100,3,0.9,0.02,pairwise,466.0,1.43
tune_3,Tuning/hos_35_r1_1.txt,0.25,0.05,0.03,100,3,0.9,0.02,pairwise,466.0,1.42
tune_4,Tuning/hos_35_r1_1.txt,0.25,0.05,0.03,100,3,0.9,0.02,pairwise,441.0,1.39
tune_5,Tuning/hos_35_r1_1.txt,0.25,0.05,0.03,100,3,0.9,0.02,pairwise,466.0,1.42
tune_6,Tuning/hos_35_r1_1.txt,0.25,0.05,0.03,100,3,0.9,0.02,pairwise,441.0,1.42
tune_7,Tuning/hos_35_r1_1.txt,0.25,0.05,0.03,100,3,0.9,0.02,pairwise,441.0,1.42
tune_8,Tuning/hos_35_r1_1.txt,0.25,0.05,0.03,100,3,0.9,0.02,pairwise,466.0,1.49
tune_9,Tuning/hos_35_r1_1.txt,0.25,0.05,0.03,100,3,0.9,0.02,pairwise,441.0,1.45
tune_10,Tuning/hos_35_r1_1.txt,0.25,0.05,0.03,100,3,0.9,0.02,pairwise,441.0,1.39
tune_1,Tuning/mac_grafo20dens30.txt,0.25,0.05,0.03,100,3,0.9,0.02,pairwise,153.0,1.42
tune_2,Tuning/mac_grafo20dens30.txt,0.25,0.05,0.03,100,3,0.9,0.02,pairwise,153.0,1.41
tune_3,Tuning/mac_grafo20dens30.txt,0.25,0.05,0.03,100,3,0.9,0.02,pairwise,153.0,1.38
tune_4,Tuning/mac_grafo20dens30.txt,0.25,0.05,0.03,100,3,0.9,0.02,pairwise,153.0,1.41
tune_5,Tuning/mac_grafo20dens30.txt,0.25,0.05,0.03,100,3,0.9,0.02,pairwise,153.0,1.41
tune_6,Tuning/mac_grafo20dens30.txt,0.25,0.05,0.03,100,3,0.9,0.02,pairwise,153.0,1.38
tune_7,Tuning/mac_grafo20dens30.txt,0.25,0.05,0.03,100,3,0.9,0.02,pairwise,153.0,1.36
tune_8,Tuning/mac_grafo20dens30.txt,0.25,0.05,0.03,100,3,0.9,0.02,pairwise,153.0,1.39
tune_9,Tuning/mac_grafo20dens30.txt,0.25,0.05,0.03,100,3,0.9,0.02,pairwise,153.0,1.41
tune_10,Tuning/mac_grafo20dens30.txt,0.25,0.05,0.03,100,3,0.9,0.02,pairwise,153.0,1.38
tune_1,Tuning/bog_150_p0.1_2.txt,0.25,0.05,0.03,100,5,0.8,0.01,pairwise,10153.0,5.08
tune_2,Tuning/bog_150_p0.1_2.txt,0.25,0.05,0.03,100,5,0.8,0.01,pairwise,10153.0,4.98
tune_3,Tuning/bog_150_p0.1_2.txt,0.25,0.05,0.03,100,5,0.8,0.01,pairwise,10153.0,5.02
tune_4,Tuning/bog_150_p0.1_2.txt,0.25,0.05,0.03,100,5,0.8,0.01,pairwise,10153.0,4.98
tune_5,Tuning/bog_150_p0.1_2.txt,0.25,0.05,0.03,100,5,0.8,0.01,pairwise,10153.0,4.97
tune_6,Tuning/bog_150_p0.1_2.txt,0.25,0.05,0.03,100,5,0.8,0.01,pairwise,10153.0,5.06
tune_7,Tuning/bog_150_p0.1_2.txt,0.25,0.05,0.03,100,5,0.8,0.01,pairwise,10153.0,4.99
tune_8,Tuning/bog_150_p0.1_2.txt,0.25,0.05,0.03,100,5,0.8,0.01,pairwise,10153.0,4.97
tune_9,Tuning/bog_150_p0.1_2.txt,0.25,0.05,0.03,100,5,0.8,0.01,pairwise,10153.0,4.93
tune_10,Tuning/bog_150_p0.1_2.txt,0.25,0.05,0.03,100,5,0.8,0.01,pairwise,10153.0,4.97
tune_1,Tuning/cor_dolphins-w.txt,0.25,0.05,0.03,100,5,0.8,0.01,pairwise,1225.0,1.71
tune_2,Tuning/cor_dolphins-w.txt,0.25,0.05,0.03,100,5,0.8,0.01,pairwise,1275.0,1.68
tune_3,Tuning/cor_dolphins-w.txt,0.25,0.05,0.03,100,5,0.8,0.01,pairwise,1275.0,1.70
tune_4,Tuning/cor_dolphins-w.txt,0.25,0.05,0.03,100,5,0.8,0.01,pairwise,1225.0,1.77
tune_5,Tuning/cor_dolphins-w.txt,0.25,0.05,0.03,100,5,0.8,0.01,pairwise,1225.0,1.70
tune_6,Tuning/cor_dolphins-w.txt,0.25,0.05,0.03,100,5,0.8,0.01,pairwise,1275.0,1.71
tune_7,Tuning/cor_dolphins-w.txt,0.25,0.05,0.03,100,5,0.8,0.01,pairwise,1225.0,1.72
tune_8,Tuning/cor_dolphins-w.txt,0.25,0.05,0.03,100,5,0.8,0.01,pairwise,1226.0,1.81
tune_9,Tuning/cor_dolphins-w.txt,0.25,0.05,0.03,100,5,0.8,0.01,pairwise,1275.0,1.72
tune_10,Tuning/cor_dolphins-w.txt,0.25,0.05,0.03,100,5,0.8,0.01,pairwise,1225.0,1.72
tune_1,Tuning/hos_35_r1_1.txt,0.25,0.05,0.03,100,5,0.8,0.01,pairwise,466.0,1.35
tune_2,Tuning/hos_35_r1_1.txt,0.25,0.05,0.03,100,5,0.8,0.01,pairwise,466.0,1.37
tune_3,Tuning/hos_35_r1_1.txt,0.25,0.05,0.03,100,5,0.8,0.01,pairwise,466.0,1.36
tune_4,Tuning/hos_35_r1_1.txt,0.25,0.05,0.03,100,5,0.8,0.01,pairwise,441.0,1.34
tune_5,Tuning/hos_35_r1_1.txt,0.25,0.05,0.03,100,5,0.8,0.01,pairwise,468.0,1.38
tune_6,Tuning/hos_35_r1_1.txt,0.25,0.05,0.03,100,5,0.8,0.01,pairwise,466.0,1.35
tune_7,Tuning/hos_35_r1_1.txt,0.25,0.05,0.03,100,5,0.8,0.01,pairwise,441.0,1.37
tune_8,Tuning/hos_35_r1_1.txt,0.25,0.05,0.03,100,5,0.8,0.01,pairwise,466.0,1.36
tune_9,Tuning/hos_35_r1_1.txt,0.25,0.05,0.03,100,5,0.8,0.01,pairwise,466.0,1.35
tune_10,Tuning/hos_35_r1_1.txt,0.25,0.05,0.03,100,5,0.8,0.01,pairwise,466.0,1.36
tune_1,Tuning/mac_grafo20dens30.txt,0.25,0.05,0.03,100,5,0.8,0.01,pairwise,153.0,1.35
tune_2,Tuning/mac_grafo20dens30.txt,0.25,0.05,0.03,100,5,0.8,0.01,pairwise,153.0,1.34
tune_3,Tuning/mac_grafo20dens30.txt,0.25,0.05,0.03,100,5,0.8,0.01,pairwise,153.0,1.38
tune_4,Tuning/mac_grafo20dens30.txt,0.25,0.05,0.03,100,5,0.8,0.01,pairwise,153.0,1.33
tune_5,Tuning/mac_grafo20dens30.txt,0.25,0.05,0.03,100,5,0.8,0.01,pairwise,153.0,1.34
tune_6,Tuning/mac_grafo20dens30.txt,0.25,0.05,0.03,100,5,0.8,0.01,pairwise,153.0,1.35
tune_7,Tuning/mac_grafo20dens30.txt,0.25,0.05,0.03,100,5,0.8,0.01,pairwise,153.0,1.35
tune_8,Tuning/mac_grafo20dens30.txt,0.25,0.05,0.03,100,5,0.8,0.01,pairwise,153.0,1.32
tune_9,Tuning/mac_grafo20dens30.txt,0.25,0.05,0.03,100,5,0.8,0.01,pairwise,153.0,1.35
tune_10,Tuning/mac_grafo20dens30.txt,0.25,0.05,0.03,100,5,0.8,0.01,pairwise,153.0,1.34
tune_1,Tuning/bog_150_p0.1_2.txt,0.25,0.05,0.03,100,5,0.8,0.02,pairwise,10153.0,4.95
tune_2,Tuning/bog_150_p0.1_2.txt,0.25,0.05,0.03,100,5,0.8,0.02,pairwise,10153.0,5.03
tune_3,Tuning/bog_150_p0.1_2.txt,0.25,0.05,0.03,100,5,0.8,0.02,pairwise,10153.0,5.00
tune_4,Tuning/bog_150_p0.1_2.txt,0.25,0.05,0.03,100,5,0.8,0.02,pairwise,10153.0,5.08
tune_5,Tuning/bog_150_p0.1_2.txt,0.25,0.05,0.03,100,5,0.8,0.02,pairwise,10153.0,5.05
tune_6,Tuning/bog_150_p0.1_2.txt,0.25,0.05,0.03,100,5,0.8,0.02,pairwise,10153.0,4.97
tune_7,Tuning/bog_150_p0.1_2.txt,0.25,0.05,0.03,100,5,0.8,0.02,pairwise,10153.0,4.98
tune_8,Tuning/bog_150_p0.1_2.txt,0.25,0.05,0.03,100,5,0.8,0.02,pairwise,10153.0,4.96
tune_9,Tuning/bog_150_p0.1_2.txt,0.25,0.05,0.03,100,5,0.8,0.02,pairwise,10153.0,4.96
tune_10,Tuning/bog_150_p0.1_2.txt,0.25,0.05,0.03,100,5,0.8,0.02,pairwise,10153.0,4.97
tune_1,Tuning/cor_dolphins-w.txt,0.25,0.05,0.03,100,5,0.8,0.02,pairwise,1275.0,1.83
tune_2,Tuning/cor_dolphins-w.txt,0.25,0.05,0.03,100,5,0.8,0.02,pairwise,1225.0,1.70
tune_3,Tuning/cor_dolphins-w.txt,0.25,0.05,0.03,100,5,0.8,0.02,pairwise,1225.0,1.70
tune_4,Tuning/cor_dolphins-w.txt,0.25,0.05,0.03,100,5,0.8,0.02,pairwise,1275.0,1.76
tune_5,Tuning/cor_dolphins-w.txt,0.25,0.05,0.03,100,5,0.8,0.02,pairwise,1225.0,1.72
tune_6,Tuning/cor_dolphins-w.txt,0.25,0.05,0.03,100,5,0.8,0.02,pairwise,1275.0,1.70
tune_7,Tuning/cor_dolphins-w.txt,0.25,0.05,0.03,100,5,0.8,0.02,pairwise,1225.0,1.70
tune_8,Tuning/cor_dolphins-w.txt,0.25,0.05,0.03,100,5,0.8,0.02,pairwise,1275.0,1.74
tune_9,Tuning/cor_dolphins-w.txt,0.25,0.05,0.03,100,5,0.8,0.02,pairwise,1225.0,1.73
tune_10,Tuning/cor_dolphins-w.txt,0.25,0.05,0.03,100,5,0.8,0.02,pairwise,1276.0,1.71
tune_1,Tuning/hos_35_r1_1.txt,0.25,0.05,0.03,100,5,0.8,0.02,pairwise,468.0,1.39
tune_2,Tuning/hos_35_r1_1.txt,0.25,0.05,0.03,100,5,0.8,0.02,pairwise,466.0,1.35
tune_3,Tuning/hos_35_r1_1.txt,0.25,0.05,0.03,100,5,0.8,0.02,pairwise,466.0,1.38
tune_4,Tuning/hos_35_r1_1.txt,0.25,0.05,0.03,100,5,0.8,0.02,pairwise,466.0,1.35
tune_5,Tuning/hos_35_r1_1.txt,0.25,0.05,0.03,100,5,0.8,0.02,pairwise,466.0,1.33
tune_6,Tuning/hos_35_r1_1.txt,0.25,0.05,0.03,100,5,0.8,0.02,pairwise,466.0,1.36
tune_7,Tuning/hos_35_r1_1.txt,0.25,0.05,0.03,100,5,0.8,0.02,pairwise,468.0,1.40
tune_8,Tuning/hos_35_r1_1.txt,0.25,0.05,0.03,100,5,0.8,0.02,pairwise,441.0,1.36
tune_9,Tuning/hos_35_r1_1.txt,0.25,0.05,0.03,100,5,0.8,0.02,pairwise,466.0,1.39
tune_10,Tuning/hos_35_r1_1.txt,0.25,0.05,0.03,100,5,0.8,0.02,pairwise,466.0,1.38
tune_1,Tuning/mac_grafo20dens30.txt,0.25,0.05,0.03,100,5,0.8,0.02,pairwise,153.0,1.36
tune_2,Tuning/mac_grafo20dens30.txt,0.25,0.05,0.03,100,5,0.8,0.02,pairwise,171.0,1.33
tune_3,Tuning/mac_grafo20dens30.txt,0.25,0.05,0.03,100,5,0.8,0.02,pairwise,153.0,1.40
tune_4,Tuning/mac_grafo20dens30.txt,0.25,0.05,0.03,100,5,0.8,0.02,pairwise,153.0,1.32
tune_5,Tuning/mac_grafo20dens30.txt,0.25,0.05,0.03,100,5,0.8,0.02,pairwise,153.0,1.32
tune_6,Tuning/mac_grafo20dens30.txt,0.25,0.05,0.03,100,5,0.8,0.02,pairwise,153.0,1.33
tune_7,Tuning/mac_grafo20dens30.txt,0.25,0.05,0.03,100,5,0.8,0.02,pairwise,171.0,1.34
tune_8,Tuning/mac_grafo20dens30.txt,0.25,0.05,0.03,100,5,0.8,0.02,pairwise,153.0,1.35
tune_9,Tuning/mac_grafo20dens30.txt,0.25,0.05,0.03,100,5,0.8,0.02,pairwise,153.0,1.33
tune_10,Tuning/mac_grafo20dens30.txt,0.25,0.05,0.03,100,5,0.8,0.02,pairwise,153.0,1.33
tune_1,Tuning/bog_150_p0.1_2.txt,0.25,0.05,0.03,100,5,0.9,0.01,pairwise,10153.0,5.54
tune_2,Tuning/bog_150_p0.1_2.txt,0.25,0.05,0.03,100,5,0.9,0.01,pairwise,10153.0,5.50
tune_3,Tuning/bog_150_p0.1_2.txt,0.25,0.05,0.03,100,5,0.9,0.01,pairwise,10153.0,5.52
tune_4,Tuning/bog_150_p0.1_2.txt,0.25,0.05,0.03,100,5,0.9,0.01,pairwise,10153.0,5.52
tune_5,Tuning/bog_150_p0.1_2.txt,0.25,0.05,0.03,100,5,0.9,0.01,pairwise,10153.0,5.52
tune_6,Tuning/bog_150_p0.1_2.txt,0.25,0.05,0.03,100,5,0.9,0.01,pairwise,10153.0,5.62
tune_7,Tuning/bog_150_p0.1_2.txt,0.25,0.05,0.03,100,5,0.9,0.01,pairwise,10153.0,5.44
tune_8,Tuning/bog_150_p0.1_2.txt,0.25,0.05,0.03,100,5,0.9,0.01,pairwise,10153.0,5.44
tune_9,Tuning/bog_150_p0.1_2.txt,0.25,0.05,0.03,100,5,0.9,0.01,pairwise,10153.0,5.51
tune_10,Tuning/bog_150_p0.1_2.txt,0.25,0.05,0.03,100,5,0.9,0.01,pairwise,10153.0,5.49
tune_1,Tuning/cor_dolphins-w.txt,0.25,0.05,0.03,100,5,0.9,0.01,pairwise,1225.0,1.82
tune_2,Tuning/cor_dolphins-w.txt,0.25,0.05,0.03,100,5,0.9,0.01,pairwise,1226.0,1.88
tune_3,Tuning/cor_dolphins-w.txt,0.25,0.05,0.03,100,5,0.9,0.01,pairwise,1225.0,1.79
tune_4,Tuning/cor_dolphins-w.txt,0.25,0.05,0.03,100,5,0.9,0.01,pairwise,1275.0,1.88
tune_5,Tuning/cor_dolphins-w.txt,0.25,0.05,0.03,100,5,0.9,0.01,pairwise,1275.0,1.87
tune_6,Tuning/cor_dolphins-w.txt,0.25,0.05,0.03,100,5,0.9,0.01,pairwise,1225.0,1.81
tune_7,Tuning/cor_dolphins-w.txt,0.25,0.05,0.03,100,5,0.9,0.01,pairwise,1225.0,1.83
tune_8,Tuning/cor_dolphins-w.txt,0.25,0.05,0.03,100,5,0.9,0.01,pairwise,1225.0,1.79
tune_9,Tuning/cor_dolphins-w.txt,0.25,0.05,0.03,100,5,0.9,0.01,pairwise,1275.0,1.85
tune_10,Tuning/cor_dolphins-w.txt,0.25,0.05,0.03,100,5,0.9,0.01,pairwise,1225.0,1.84
tune_1,Tuning/hos_35_r1_1.txt,0.25,0.05,0.03,100,5,0.9,0.01,pairwise,441.0,1.44
tune_2,Tuning/hos_35_r1_1.txt,0.25,0.05,0.03,100,5,0.9,0.01,pairwise,466.0,1.45
tune_3,Tuning/hos_35_r1_1.txt,0.25,0.05,0.03,100,5,0.9,0.01,pairwise,468.0,1.42
tune_4,Tuning/hos_35_r1_1.txt,0.25,0.05,0.03,100,5,0.9,0.01,pairwise,441.0,1.43
tune_5,Tuning/hos_35_r1_1.txt,0.25,0.05,0.03,100,5,0.9,0.01,pairwise,466.0,1.42
tune_6,Tuning/hos_35_r1_1.txt,0.25,0.05,0.03,100,5,0.9,0.01,pairwise,441.0,1.42
tune_7,Tuning/hos_35_r1_1.txt,0.25,0.05,0.03,100,5,0.9,0.01,pairwise,441.0,1.42
tune_8,Tuning/hos_35_r1_1.txt,0.25,0.05,0.03,100,5,0.9,0.01,pairwise,441.0,1.42
tune_9,Tuning/hos_35_r1_1.txt,0.25,0.05,0.03,100,5,0.9,0.01,pairwise,441.0,1.43
tune_10,Tuning/hos_35_r1_1.txt,0.25,0.05,0.03,100,5,0.9,0.01,pairwise,466.0,1.44
tune_1,Tuning/mac_grafo20dens30.txt,0.25,0.05,0.03,100,5,0.9,0.01,pairwise,153.0,1.42
tune_2,Tuning/mac_grafo20dens30.txt,0.25,0.05,0.03,100,5,0.9,0.01,pairwise,153.0,1.41
tune_3,Tuning/mac_grafo20dens30.txt,0.25,0.05,0.03,100,5,0.9,0.01,pairwise,153.0,1.44
tune_4,Tuning/mac_grafo20dens30.txt,0.25,0.05,0.03,100,5,0.9,0.01,pairwise,153.0,1.39
tune_5,Tuning/mac_grafo20dens30.txt,0.25,0.05,0.03,100,5,0.9,0.01,pairwise,153.0,1.41
tune_6,Tuning/mac_grafo20dens30.txt,0.25,0.05,0.03,100,5,0.9,0.01,pairwise,153.0,1.41
tune_7,Tuning/mac_grafo20dens30.txt,0.25,0.05,0.03,100,5,0.9,0.01,pairwise,153.0,1.38
tune_8,Tuning/mac_grafo20dens30.txt,0.25,0.05,0.03,100,5,0.9,0.01,pairwise,153.0,1.39
tune_9,Tuning/mac_grafo20dens30.txt,0.25,0.05,0.03,100,5,0.9,0.01,pairwise,153.0,1.39
tune_10,Tuning/mac_grafo20dens30.txt,0.25,0.05,0.03,100,5,0.9,0.01,pairwise,153.0,1.39
tune_1,Tuning/bog_150_p0.1_2.txt,0.25,0.05,0.03,100,5,0.9,0.02,pairwise,10153.0,5.49
tune_2,Tuning/bog_150_p0.1_2.txt,0.25,0.05,0.03,100,5,0.9,0.02,pairwise,10153.0,5.49
tune_3,Tuning/bog_150_p0.1_2.txt,0.25,0.05,0.03,100,5,0.9,0.02,pairwise,10153.0,5.52
tune_4,Tuning/bog_150_p0.1_2.txt,0.25,0.05,0.03,100,5,0.9,0.02,pairwise,10153.0,5.45
tune_5,Tuning/bog_150_p0.1_2.txt,0.25,0.05,0.03,100,5,0.9,0.02,pairwise,10153.0,5.53
tune_6,Tuning/bog_150_p0.1_2.txt,0.25,0.05,0.03,100,5,0.9,0.02,pairwise,10153.0,5.47
tune_7,Tuning/bog_150_p0.1_2.txt,0.25,0.05,0.03,100,5,0.9,0.02,pairwise,10153.0,5.46
tune_8,Tuning/bog_150_p0.1_2.txt,0.25,0.05,0.03,100,5,0.9,0.02,pairwise,10153.0,5.44
tune_9,Tuning/bog_150_p0.1_2.txt,0.25,0.05,0.03,100,5,0.9,0.02,pairwise,10153.0,5.51
tune_10,Tuning/bog_150_p0.1_2.txt,0.25,0.05,0.03,100,5,0.9,0.02,pairwise,10153.0,5.49
tune_1,Tuning/cor_dolphins-w.txt,0.25,0.05,0.03,100,5,0.9,0.02,pairwise,1225.0,1.94
tune_2,Tuning/cor_dolphins-w.txt,0.25,0.05,0.03,100,5,0.9,0.02,pairwise,1225.0,1.83
tune_3,Tuning/cor_dolphins-w.txt,0.25,0.05,0.03,100,5,0.9,0.02,pairwise,1275.0,1.81
tune_4,Tuning/cor_dolphins-w.txt,0.25,0.05,0.03,100,5,0.9,0.02,pairwise,1225.0,1.85
tune_5,Tuning/cor_dolphins-w.txt,0.25,0.05,0.03,100,5,0.9,0.02,pairwise,1225.0,1.80
tune_6,Tuning/cor_dolphins-w.txt,0.25,0.05,0.03,100,5,0.9,0.02,pairwise,1225.0,1.83
tune_7,Tuning/cor_dolphins-w.txt,0.25,0.05,0.03,100,5,0.9,0.02,pairwise,1275.0,1.89
tune_8,Tuning/cor_dolphins-w.txt,0.25,0.05,0.03,100,5,0.9,0.02,pairwise,1225.0,1.86
tune_9,Tuning/cor_dolphins-w.txt,0.25,0.05,0.03,100,5,0.9,0.02,pairwise,982.0,1.87
tune_10,Tuning/cor_dolphins-w.txt,0.25,0.05,0.03,100,5,0.9,0.02,pairwise,1275.0,1.92
tune_1,Tuning/hos_35_r1_1.txt,0.25,0.05,0.03,100,5,0.9,0.02,pairwise,441.0,1.45
tune_2,Tuning/hos_35_r1_1.txt,0.25,0.05,0.03,100,5,0.9,0.02,pairwise,468.0,1.45
tune_3,Tuning/hos_35_r1_1.txt,0.25,0.05,0.03,100,5,0.9,0.02,pairwise,466.0,1.40
tune_4,Tuning/hos_35_r1_1.txt,0.25,0.05,0.03,100,5,0.9,0.02,pairwise,466.0,1.42
tune_5,Tuning/hos_35_r1_1.txt,0.25,0.05,0.03,100,5,0.9,0.02,pairwise,466.0,1.43
tune_6,Tuning/hos_35_r1_1.txt,0.25,0.05,0.03,100,5,0.9,0.02,pairwise,466.0,1.43
tune_7,Tuning/hos_35_r1_1.txt,0.25,0.05,0.03,100,5,0.9,0.02,pairwise,441.0,1.41
tune_8,Tuning/hos_35_r1_1.txt,0.25,0.05,0.03,100,5,0.9,0.02,pairwise,441.0,1.43
tune_9,Tuning/hos_35_r1_1.txt,0.25,0.05,0.03,100,5,0.9,0.02,pairwise,441.0,1.37
tune_10,Tuning/hos_35_r1_1.txt,0.25,0.05,0.03,100,5,0.9,0.02,pairwise,441.0,1.41
tune_1,Tuning/mac_grafo20dens30.txt,0.25,0.05,0.03,100,5,0.9,0.02,pairwise,153.0,1.40
tune_2,Tuning/mac_grafo20dens30.txt,0.25,0.05,0.03,100,5,0.9,0.02,pairwise,153.0,1.46
tune_3,Tuning/mac_grafo20dens30.txt,0.25,0.05,0.03,100,5,0.9,0.02,pairwise,153.0,1.38
tune_4,Tuning/mac_grafo20dens30.txt,0.25,0.05,0.03,100,5,0.9,0.02,pairwise,153.0,1.38
tune_5,Tuning/mac_grafo20dens30.txt,0.25,0.05,0.03,100,5,0.9,0.02,pairwise,153.0,1.44
tune_6,Tuning/mac_grafo20dens30.txt,0.25,0.05,0.03,100,5,0.9,0.02,pairwise,153.0,1.44
tune_7,Tuning/mac_grafo20dens30.txt,0.25,0.05,0.03,100,5,0.9,0.02,pairwise,153.0,1.41
tune_8,Tuning/mac_grafo20dens30.txt,0.25,0.05,0.03,100,5,0.9,0.02,pairwise,153.0,1.40
tune_9,Tuning/mac_grafo20dens30.txt,0.25,0.05,0.03,100,5,0.9,0.02,pairwise,153.0,1.40
tune_10,Tuning/mac_grafo20dens30.txt,0.25,0.05,0.03,100,5,0.9,0.02,pairwise,153.0,1.38
tune_1,Tuning/bog_150_p0.1_2.txt,1.0,0.05,0.03,50,3,0.8,0.01,pairwise,10153.0,3.01
tune_2,Tuning/bog_150_p0.1_2.txt,1.0,0.05,0.03,50,3,0.8,0.01,pairwise,10153.0,2.96
tune_3,Tuning/bog_150_p0.1_2.txt,1.0,0.05,0.03,50,3,0.8,0.01,pairwise,10153.0,2.99
tune_4,Tuning/bog_150_p0.1_2.txt,1.0,0.05,0.03,50,3,0.8,0.01,pairwise,10153.0,3.02
tune_5,Tuning/bog_150_p0.1_2.txt,1.0,0.05,0.03,50,3,0.8,0.01,pairwise,10153.0,3.00
tune_6,Tuning/bog_150_p0.1_2.txt,1.0,0.05,0.03,50,3,0.8,0.01,pairwise,10153.0,3.03
tune_7,Tuning/bog_150_p0.1_2.txt,1.0,0.05,0.03,50,3,0.8,0.01,pairwise,10153.0,3.01
tune_8,Tuning/bog_150_p0.1_2.txt,1.0,0.05,0.03,50,3,0.8,0.01,pairwise,10153.0,3.04
tune_9,Tuning/bog_150_p0.1_2.txt,1.0,0.05,0.03,50,3,0.8,0.01,pairwise,10153.0,2.96
tune_10,Tuning/bog_150_p0.1_2.txt,1.0,0.05,0.03,50,3,0.8,0.01,pairwise,10153.0,2.94
tune_1,Tuning/cor_dolphins-w.txt,1.0,0.05,0.03,50,3,0.8,0.01,pairwise,1225.0,1.30
tune_2,Tuning/cor_dolphins-w.txt,1.0,0.05,0.03,50,3,0.8,0.01,pairwise,1378.0,1.31
tune_3,Tuning/cor_dolphins-w.txt,1.0,0.05,0.03,50,3,0.8,0.01,pairwise,1275.0,1.36
tune_4,Tuning/cor_dolphins-w.txt,1.0,0.05,0.03,50,3,0.8,0.01,pairwise,837.0,1.29
tune_5,Tuning/cor_dolphins-w.txt,1.0,0.05,0.03,50,3,0.8,0.01,pairwise,1326.0,1.31
tune_6,Tuning/cor_dolphins-w.txt,1.0,0.05,0.03,50,3,0.8,0.01,pairwise,1326.0,1.31
tune_7,Tuning/cor_dolphins-w.txt,1.0,0.05,0.03,50,3,0.8,0.01,pairwise,1326.0,1.34
tune_8,Tuning/cor_dolphins-w.txt,1.0,0.05,0.03,50,3,0.8,0.01,pairwise,1275.0,1.29
tune_9,Tuning/cor_dolphins-w.txt,1.0,0.05,0.03,50,3,0.8,0.01,pairwise,1276.0,1.30
tune_10,Tuning/cor_dolphins-w.txt,1.0,0.05,0.03,50,3,0.8,0.01,pairwise,1275.0,1.31
tune_1,Tuning/hos_35_r1_1.txt,1.0,0.05,0.03,50,3,0.8,0.01,pairwise,466.0,1.14
tune_2,Tuning/hos_35_r1_1.txt,1.0,0.05,0.03,50,3,0.8,0.01,pairwise,468.0,1.13
tune_3,Tuning/hos_35_r1_1.txt,1.0,0.05,0.03,50,3,0.8,0.01,pairwise,466.0,1.12
tune_4,Tuning/hos_35_r1_1.txt,1.0,0.05,0.03,50,3,0.8,0.01,pairwise,468.0,1.12
tune_5,Tuning/hos_35_r1_1.txt,1.0,0.05,0.03,50,3,0.8,0.01,pairwise,468.0,1.14
tune_6,Tuning/hos_35_r1_1.txt,1.0,0.05,0.03,50,3,0.8,0.01,pairwise,466.0,1.11
tune_7,Tuning/hos_35_r1_1.txt,1.0,0.05,0.03,50,3,0.8,0.01,pairwise,466.0,1.10
tune_8,Tuning/hos_35_r1_1.txt,1.0,0.05,0.03,50,3,0.8,0.01,pairwise,466.0,1.14
tune_9,Tuning/hos_35_r1_1.txt,1.0,0.05,0.03,50,3,0.8,0.01,pairwise,466.0,1.13
tune_10,Tuning/hos_35_r1_1.txt,1.0,0.05,0.03,50,3,0.8,0.01,pairwise,496.0,1.17
tune_1,Tuning/mac_grafo20dens30.txt,1.0,0.05,0.03,50,3,0.8,0.01,pairwise,153.0,1.18
tune_2,Tuning/mac_grafo20dens30.txt,1.0,0.05,0.03,50,3,0.8,0.01,pairwise,153.0,1.13
tune_3,Tuning/mac_grafo20dens30.txt,1.0,0.05,0.03,50,3,0.8,0.01,pairwise,153.0,1.11
tune_4,Tuning/mac_grafo20dens30.txt,1.0,0.05,0.03,50,3,0.8,0.01,pairwise,153.0,1.11
tune_5,Tuning/mac_grafo20dens30.txt,1.0,0.05,0.03,50,3,0.8,0.01,pairwise,153.0,1.11
tune_6,Tuning/mac_grafo20dens30.txt,1.0,0.05,0.03,50,3,0.8,0.01,pairwise,153.0,1.18
tune_7,Tuning/mac_grafo20dens30.txt,1.0,0.05,0.03,50,3,0.8,0.01,pairwise,153.0,1.08
tune_8,Tuning/mac_grafo20dens30.txt,1.0,0.05,0.03,50,3,0.8,0.01,pairwise,153.0,1.13
tune_9,Tuning/mac_grafo20dens30.txt,1.0,0.05,0.03,50,3,0.8,0.01,pairwise,153.0,1.10
tune_10,Tuning/mac_grafo20dens30.txt,1.0,0.05,0.03,50,3,0.8,0.01,pairwise,153.0,1.12
tune_1,Tuning/bog_150_p0.1_2.txt,1.0,0.05,0.03,50,3,0.8,0.02,pairwise,10153.0,2.97
tune_2,Tuning/bog_150_p0.1_2.txt,1.0,0.05,0.03,50,3,0.8,0.02,pairwise,10153.0,2.97
tune_3,Tuning/bog_150_p0.1_2.txt,1.0,0.05,0.03,50,3,0.8,0.02,pairwise,10153.0,2.95
tune_4,Tuning/bog_150_p0.1_2.txt,1.0,0.05,0.03,50,3,0.8,0.02,pairwise,10153.0,2.95
tune_5,Tuning/bog_150_p0.1_2.txt,1.0,0.05,0.03,50,3,0.8,0.02,pairwise,10153.0,2.97
tune_6,Tuning/bog_150_p0.1_2.txt,1.0,0.05,0.03,50,3,0.8,0.02,pairwise,10153.0,3.07
tune_7,Tuning/bog_150_p0.1_2.txt,1.0,0.05,0.03,50,3,0.8,0.02,pairwise,10153.0,3.02
tune_8,Tuning/bog_150_p0.1_2.txt,1.0,0.05,0.03,50,3,0.8,0.02,pairwise,10153.0,2.99
tune_9,Tuning/bog_150_p0.1_2.txt,1.0,0.05,0.03,50,3,0.8,0.02,pairwise,10153.0,3.01
tune_10,Tuning/bog_150_p0.1_2.txt,1.0,0.05,0.03,50,3,0.8,0.02,pairwise,10153.0,2.93
tune_1,Tuning/cor_dolphins-w.txt,1.0,0.05,0.03,50,3,0.8,0.02,pairwise,1378.0,1.35
tune_2,Tuning/cor_dolphins-w.txt,1.0,0.05,0.03,50,3,0.8,0.02,pairwise,1275.0,1.31
tune_3,Tuning/cor_dolphins-w.txt,1.0,0.05,0.03,50,3,0.8,0.02,pairwise,1275.0,1.30
tune_4,Tuning/cor_dolphins-w.txt,1.0,0.05,0.03,50,3,0.8,0.02,pairwise,1276.0,1.32
tune_5,Tuning/cor_dolphins-w.txt,1.0,0.05,0.03,50,3,0.8,0.02,pairwise,1225.0,1.29
tune_6,Tuning/cor_dolphins-w.txt,1.0,0.05,0.03,50,3,0.8,0.02,pairwise,1275.0,1.32
tune_7,Tuning/cor_dolphins-w.txt,1.0,0.05,0.03,50,3,0.8,0.02,pairwise,1327.0,1.31
tune_8,Tuning/cor_dolphins-w.txt,1.0,0.05,0.03,50,3,0.8,0.02,pairwise,1225.0,1.32
tune_9,Tuning/cor_dolphins-w.txt,1.0,0.05,0.03,50,3,0.8,0.02,pairwise,1275.0,1.30
tune_10,Tuning/cor_dolphins-w.txt,1.0,0.05,0.03,50,3,0.8,0.02,pairwise,1276.0,1.29
tune_1,Tuning/hos_35_r1_1.txt,1.0,0.05,0.03,50,3,0.8,0.02,pairwise,441.0,1.11
tune_2,Tuning/hos_35_r1_1.txt,1.0,0.05,0.03,50,3,0.8,0.02,pairwise,468.0,1.15
tune_3,Tuning/hos_35_r1_1.txt,1.0,0.05,0.03,50,3,0.8,0.02,pairwise,466.0,1.12
tune_4,Tuning/hos_35_r1_1.txt,1.0,0.05,0.03,50,3,0.8,0.02,pairwise,468.0,1.10
tune_5,Tuning/hos_35_r1_1.txt,1.0,0.05,0.03,50,3,0.8,0.02,pairwise,468.0,1.11
tune_6,Tuning/hos_35_r1_1.txt,1.0,0.05,0.03,50,3,0.8,0.02,pairwise,441.0,1.13
tune_7,Tuning/hos_35_r1_1.txt,1.0,0.05,0.03,50,3,0.8,0.02,pairwise,466.0,1.14
tune_8,Tuning/hos_35_r1_1.txt,1.0,0.05,0.03,50,3,0.8,0.02,pairwise,466.0,1.13
tune_9,Tuning/hos_35_r1_1.txt,1.0,0.05,0.03,50,3,0.8,0.02,pairwise,466.0,1.11
tune_10,Tuning/hos_35_r1_1.txt,1.0,0.05,0.03,50,3,0.8,0.02,pairwise,441.0,1.12
tune_1,Tuning/mac_grafo20dens30.txt,1.0,0.05,0.03,50,3,0.8,0.02,pairwise,153.0,1.10
tune_2,Tuning/mac_grafo20dens30.txt,1.0,0.05,0.03,50,3,0.8,0.02,pairwise,171.0,1.11
tune_3,Tuning/mac_grafo20dens30.txt,1.0,0.05,0.03,50,3,0.8,0.02,pairwise,153.0,1.11
tune_4,Tuning/mac_grafo20dens30.txt,1.0,0.05,0.03,50,3,0.8,0.02,pairwise,171.0,1.12
tune_5,Tuning/mac_grafo20dens30.txt,1.0,0.05,0.03,50,3,0.8,0.02,pairwise,153.0,1.10
tune_6,Tuning/mac_grafo20dens30.txt,1.0,0.05,0.03,50,3,0.8,0.02,pairwise,153.0,1.09
tune_7,Tuning/mac_grafo20dens30.txt,1.0,0.05,0.03,50,3,0.8,0.02,pairwise,153.0,1.08
tune_8,Tuning/mac_grafo20dens30.txt,1.0,0.05,0.03,50,3,0.8,0.02,pairwise,153.0,1.08
tune_9,Tuning/mac_grafo20dens30.txt,1.0,0.05,0.03,50,3,0.8,0.02,pairwise,153.0,1.12
tune_10,Tuning/mac_grafo20dens30.txt,1.0,0.05,0.03,50,3,0.8,0.02,pairwise,171.0,1.10
tune_1,Tuning/bog_150_p0.1_2.txt,1.0,0.05,0.03,50,3,0.9,0.01,pairwise,10153.0,3.19
tune_2,Tuning/bog_150_p0.1_2.txt,1.0,0.05,0.03,50,3,0.9,0.01,pairwise,10153.0,3.13
tune_3,Tuning/bog_150_p0.1_2.txt,1.0,0.05,0.03,50,3,0.9,0.01,pairwise,10153.0,3.24
tune_4,Tuning/bog_150_p0.1_2.txt,1.0,0.05,0.03,50,3,0.9,0.01,pairwise,10153.0,3.21
tune_5,Tuning/bog_150_p0.1_2.txt,1.0,0.05,0.03,50,3,0.9,0.01,pairwise,10153.0,3.16
tune_6,Tuning/bog_150_p0.1_2.txt,1.0,0.05,0.03,50,3,0.9,0.01,pairwise,10153.0,3.18
tune_7,Tuning/bog_150_p0.1_2.txt,1.0,0.05,0.03,50,3,0.9,0.01,pairwise,10153.0,3.20
tune_8,Tuning/bog_150_p0.1_2.txt,1.0,0.05,0.03,50,3,0.9,0.01,pairwise,10153.0,3.16
tune_9,Tuning/bog_150_p0.1_2.txt,1.0,0.05,0.03,50,3,0.9,0.01,pairwise,10153.0,3.17
tune_10,Tuning/bog_150_p0.1_2.txt,1.0,0.05,0.03,50,3,0.9,0.01,pairwise,10153.0,3.19
tune_1,Tuning/cor_dolphins-w.txt,1.0,0.05,0.03,50,3,0.9,0.01,pairwise,1326.0,1.32
tune_2,Tuning/cor_dolphins-w.txt,1.0,0.05,0.03,50,3,0.9,0.01,pairwise,1326.0,1.35
tune_3,Tuning/cor_dolphins-w.txt,1.0,0.05,0.03,50,3,0.9,0.01,pairwise,1378.0,1.35
tune_4,Tuning/cor_dolphins-w.txt,1.0,0.05,0.03,50,3,0.9,0.01,pairwise,1275.0,1.40
tune_5,Tuning/cor_dolphins-w.txt,1.0,0.05,0.03,50,3,0.9,0.01,pairwise,1275.0,1.34
tune_6,Tuning/cor_dolphins-w.txt,1.0,0.05,0.03,50,3,0.9,0.01,pairwise,1276.0,1.34
tune_7,Tuning/cor_dolphins-w.txt,1.0,0.05,0.03,50,3,0.9,0.01,pairwise,1275.0,1.38
tune_8,Tuning/cor_dolphins-w.txt,1.0,0.05,0.03,50,3,0.9,0.01,pairwise,1378.0,1.35
tune_9,Tuning/cor_dolphins-w.txt,1.0,0.05,0.03,50,3,0.9,0.01,pairwise,1226.0,1.35
tune_10,Tuning/cor_dolphins-w.txt,1.0,0.05,0.03,50,3,0.9,0.01,pairwise,1276.0,1.34
tune_1,Tuning/hos_35_r1_1.txt,1.0,0.05,0.03,50,3,0.9,0.01,pairwise,466.0,1.14
tune_2,Tuning/hos_35_r1_1.txt,1.0,0.05,0.03,50,3,0.9,0.01,pairwise,466.0,1.15
tune_3,Tuning/hos_35_r1_1.txt,1.0,0.05,0.03,50,3,0.9,0.01,pairwise,466.0,1.14
tune_4,Tuning/hos_35_r1_1.txt,1.0,0.05,0.03,50,3,0.9,0.01,pairwise,466.0,1.13
tune_5,Tuning/hos_35_r1_1.txt,1.0,0.05,0.03,50,3,0.9,0.01,pairwise,468.0,1.16
tune_6,Tuning/hos_35_r1_1.txt,1.0,0.05,0.03,50,3,0.9,0.01,pairwise,441.0,1.14
tune_7,Tuning/hos_35_r1_1.txt,1.0,0.05,0.03,50,3,0.9,0.01,pairwise,466.0,1.14
tune_8,Tuning/hos_35_r1_1.txt,1.0,0.05,0.03,50,3,0.9,0.01,pairwise,466.0,1.14
tune_9,Tuning/hos_35_r1_1.txt,1.0,0.05,0.03,50,3,0.9,0.01,pairwise,468.0,1.16
tune_10,Tuning/hos_35_r1_1.txt,1.0,0.05,0.03,50,3,0.9,0.01,pairwise,466.0,1.16
tune_1,Tuning/mac_grafo20dens30.txt,1.0,0.05,0.03,50,3,0.9,0.01,pairwise,153.0,1.12
tune_2,Tuning/mac_grafo20dens30.txt,1.0,0.05,0.03,50,3,0.9,0.01,pairwise,153.0,1.15
tune_3,Tuning/mac_grafo20dens30.txt,1.0,0.05,0.03,50,3,0.9,0.01,pairwise,171.0,1.13
tune_4,Tuning/mac_grafo20dens30.txt,1.0,0.05,0.03,50,3,0.9,0.01,pairwise,153.0,1.14
tune_5,Tuning/mac_grafo20dens30.txt,1.0,0.05,0.03,50,3,0.9,0.01,pairwise,153.0,1.13
tune_6,Tuning/mac_grafo20dens30.txt,1.0,0.05,0.03,50,3,0.9,0.01,pairwise,153.0,1.14
tune_7,Tuning/mac_grafo20dens30.txt,1.0,0.05,0.03,50,3,0.9,0.01,pairwise,153.0,1.13
tune_8,Tuning/mac_grafo20dens30.txt,1.0,0.05,0.03,50,3,0.9,0.01,pairwise,153.0,1.13
tune_9,Tuning/mac_grafo20dens30.txt,1.0,0.05,0.03,50,3,0.9,0.01,pairwise,153.0,1.13
tune_10,Tuning/mac_grafo20dens30.txt,1.0,0.05,0.03,50,3,0.9,0.01,pairwise,153.0,1.14
tune_1,Tuning/bog_150_p0.1_2.txt,1.0,0.05,0.03,50,3,0.9,0.02,pairwise,10153.0,3.24
tune_2,Tuning/bog_150_p0.1_2.txt,1.0,0.05,0.03,50,3,0.9,0.02,pairwise,10153.0,3.13
tune_3,Tuning/bog_150_p0.1_2.txt,1.0,0.05,0.03,50,3,0.9,0.02,pairwise,10153.0,3.24
tune_4,Tuning/bog_150_p0.1_2.txt,1.0,0.05,0.03,50,3,0.9,0.02,pairwise,10153.0,3.19
tune_5,Tuning/bog_150_p0.1_2.txt,1.0,0.05,0.03,50,3,0.9,0.02,pairwise,10153.0,3.29
tune_6,Tuning/bog_150_p0.1_2.txt,1.0,0.05,0.03,50,3,0.9,0.02,pairwise,10153.0,3.15
tune_7,Tuning/bog_150_p0.1_2.txt,1.0,0.05,0.03,50,3,0.9,0.02,pairwise,10153.0,3.19
tune_8,Tuning/bog_150_p0.1_2.txt,1.0,0.05,0.03,50,3,0.9,0.02,pairwise,10153.0,3.21
tune_9,Tuning/bog_150_p0.1_2.txt,1.0,0.05,0.03,50,3,0.9,0.02,pairwise,10153.0,3.18
tune_10,Tuning/bog_150_p0.1_2.txt,1.0,0.05,0.03,50,3,0.9,0.02,pairwise,10153.0,3.33
tune_1,Tuning/cor_dolphins-w.txt,1.0,0.05,0.03,50,3,0.9,0.02,pairwise,1225.0,1.34
tune_2,Tuning/cor_dolphins-w.txt,1.0,0.05,0.03,50,3,0.9,0.02,pairwise,1275.0,1.34
tune_3,Tuning/cor_dolphins-w.txt,1.0,0.05,0.03,50,3,0.9,0.02,pairwise,1326.0,1.35
tune_4,Tuning/cor_dolphins-w.txt,1.0,0.05,0.03,50,3,0.9,0.02,pairwise,1326.0,1.36
tune_5,Tuning/cor_dolphins-w.txt,1.0,0.05,0.03,50,3,0.9,0.02,pairwise,1275.0,1.34
tune_6,Tuning/cor_dolphins-w.txt,1.0,0.05,0.03,50,3,0.9,0.02,pairwise,1275.0,1.34
tune_7,Tuning/cor_dolphins-w.txt,1.0,0.05,0.03,50,3,0.9,0.02,pairwise,1327.0,1.33
tune_8,Tuning/cor_dolphins-w.txt,1.0,0.05,0.03,50,3,0.9,0.02,pairwise,1326.0,1.35
tune_9,Tuning/cor_dolphins-w.txt,1.0,0.05,0.03,50,3,0.9,0.02,pairwise,1275.0,1.34
tune_10,Tuning/cor_dolphins-w.txt,1.0,0.05,0.03,50,3,0.9,0.02,pairwise,1326.0,1.33
tune_1,Tuning/hos_35_r1_1.txt,1.0,0.05,0.03,50,3,0.9,0.02,pairwise,441.0,1.15
tune_2,Tuning/hos_35_r1_1.txt,1.0,0.05,0.03,50,3,0.9,0.02,pairwise,466.0,1.14
tune_3,Tuning/hos_35_r1_1.txt,1.0,0.05,0.03,50,3,0.9,0.02,pairwise,466.0,1.15
tune_4,Tuning/hos_35_r1_1.txt,1.0,0.05,0.03,50,3,0.9,0.02,pairwise,466.0,1.13
tune_5,Tuning/hos_35_r1_1.txt,1.0,0.05,0.03,50,3,0.9,0.02,pairwise,468.0,1.19
tune_6,Tuning/hos_35_r1_1.txt,1.0,0.05,0.03,50,3,0.9,0.02,pairwise,466.0,1.13
tune_7,Tuning/hos_35_r1_1.txt,1.0,0.05,0.03,50,3,0.9,0.02,pairwise,466.0,1.14
tune_8,Tuning/hos_35_r1_1.txt,1.0,0.05,0.03,50,3,0.9,0.02,pairwise,466.0,1.14
tune_9,Tuning/hos_35_r1_1.txt,1.0,0.05,0.03,50,3,0.9,0.02,pairwise,441.0,1.14
tune_10,Tuning/hos_35_r1_1.txt,1.0,0.05,0.03,50,3,0.9,0.02,pairwise,466.0,1.14
tune_1,Tuning/mac_grafo20dens30.txt,1.0,0.05,0.03,50,3,0.9,0.02,pairwise,171.0,1.14
tune_2,Tuning/mac_grafo20dens30.txt,1.0,0.05,0.03,50,3,0.9,0.02,pairwise,153.0,1.16
tune_3,Tuning/mac_grafo20dens30.txt,1.0,0.05,0.03,50,3,0.9,0.02,pairwise,171.0,1.17
tune_4,Tuning/mac_grafo20dens30.txt,1.0,0.05,0.03,50,3,0.9,0.02,pairwise,153.0,1.17
tune_5,Tuning/mac_grafo20dens30.txt,1.0,0.05,0.03,50,3,0.9,0.02,pairwise,153.0,1.10
tune_6,Tuning/mac_grafo20dens30.txt,1.0,0.05,0.03,50,3,0.9,0.02,pairwise,153.0,1.13
tune_7,Tuning/mac_grafo20dens30.txt,1.0,0.05,0.03,50,3,0.9,0.02,pairwise,153.0,1.12
tune_8,Tuning/mac_grafo20dens30.txt,1.0,0.05,0.03,50,3,0.9,0.02,pairwise,153.0,1.12
tune_9,Tuning/mac_grafo20dens30.txt,1.0,0.05,0.03,50,3,0.9,0.02,pairwise,171.0,1.13
tune_10,Tuning/mac_grafo20dens30.txt,1.0,0.05,0.03,50,3,0.9,0.02,pairwise,153.0,1.14
tune_1,Tuning/bog_150_p0.1_2.txt,1.0,0.05,0.03,50,5,0.8,0.01,pairwise,10153.0,2.99
tune_2,Tuning/bog_150_p0.1_2.txt,1.0,0.05,0.03,50,5,0.8,0.01,pairwise,10153.0,2.99
tune_3,Tuning/bog_150_p0.1_2.txt,1.0,0.05,0.03,50,5,0.8,0.01,pairwise,10153.0,2.97
tune_4,Tuning/bog_150_p0.1_2.txt,1.0,0.05,0.03,50,5,0.8,0.01,pairwise,10153.0,2.99
tune_5,Tuning/bog_150_p0.1_2.txt,1.0,0.05,0.03,50,5,0.8,0.01,pairwise,10153.0,3.00
tune_6,Tuning/bog_150_p0.1_2.txt,1.0,0.05,0.03,50,5,0.8,0.01,pairwise,10153.0,2.96
tune_7,Tuning/bog_150_p0.1_2.txt,1.0,0.05,0.03,50,5,0.8,0.01,pairwise,10153.0,2.96
tune_8,Tuning/bog_150_p0.1_2.txt,1.0,0.05,0.03,50,5,0.8,0.01,pairwise,10153.0,2.97
tune_9,Tuning/bog_150_p0.1_2.txt,1.0,0.05,0.03,50,5,0.8,0.01,pairwise,10153.0,2.96
tune_10,Tuning/bog_150_p0.1_2.txt,1.0,0.05,0.03,50,5,0.8,0.01,pairwise,10153.0,2.95
tune_1,Tuning/cor_dolphins-w.txt,1.0,0.05,0.03,50,5,0.8,0.01,pairwise,1275.0,1.35
tune_2,Tuning/cor_dolphins-w.txt,1.0,0.05,0.03,50,5,0.8,0.01,pairwise,1225.0,1.32
tune_3,Tuning/cor_dolphins-w.txt,1.0,0.05,0.03,50,5,0.8,0.01,pairwise,1276.0,1.30
tune_4,Tuning/cor_dolphins-w.txt,1.0,0.05,0.03,50,5,0.8,0.01,pairwise,1378.0,1.33
tune_5,Tuning/cor_dolphins-w.txt,1.0,0.05,0.03,50,5,0.8,0.01,pairwise,1378.0,1.37
tune_6,Tuning/cor_dolphins-w.txt,1.0,0.05,0.03,50,5,0.8,0.01,pairwise,1225.0,1.30
tune_7,Tuning/cor_dolphins-w.txt,1.0,0.05,0.03,50,5,0.8,0.01,pairwise,1275.0,1.29
tune_8,Tuning/cor_dolphins-w.txt,1.0,0.05,0.03,50,5,0.8,0.01,pairwise,1275.0,1.28
tune_9,Tuning/cor_dolphins-w.txt,1.0,0.05,0.03,50,5,0.8,0.01,pairwise,1378.0,1.39
tune_10,Tuning/cor_dolphins-w.txt,1.0,0.05,0.03,50,5,0.8,0.01,pairwise,1326.0,1.31
tune_1,Tuning/hos_35_r1_1.txt,1.0,0.05,0.03,50,5,0.8,0.01,pairwise,466.0,1.11
tune_2,Tuning/hos_35_r1_1.txt,1.0,0.05,0.03,50,5,0.8,0.01,pairwise,468.0,1.13
tune_3,Tuning/hos_35_r1_1.txt,1.0,0.05,0.03,50,5,0.8,0.01,pairwise,466.0,1.16
tune_4,Tuning/hos_35_r1_1.txt,1.0,0.05,0.03,50,5,0.8,0.01,pairwise,466.0,1.14
tune_5,Tuning/hos_35_r1_1.txt,1.0,0.05,0.03,50,5,0.8,0.01,pairwise,441.0,1.14
tune_6,Tuning/hos_35_r1_1.txt,1.0,0.05,0.03,50,5,0.8,0.01,pairwise,466.0,1.13
tune_7,Tuning/hos_35_r1_1.txt,1.0,0.05,0.03,50,5,0.8,0.01,pairwise,468.0,1.10
tune_8,Tuning/hos_35_r1_1.txt,1.0,0.05,0.03,50,5,0.8,0.01,pairwise,466.0,1.10
tune_9,Tuning/hos_35_r1_1.txt,1.0,0.05,0.03,50,5,0.8,0.01,pairwise,466.0,1.12
tune_10,Tuning/hos_35_r1_1.txt,1.0,0.05,0.03,50,5,0.8,0.01,pairwise,466.0,1.13
tune_1,Tuning/mac_grafo20dens30.txt,1.0,0.05,0.03,50,5,0.8,0.01,pairwise,153.0,1.17
tune_2,Tuning/mac_grafo20dens30.txt,1.0,0.05,0.03,50,5,0.8,0.01,pairwise,153.0,1.13
tune_3,Tuning/mac_grafo20dens30.txt,1.0,0.05,0.03,50,5,0.8,0.01,pairwise,171.0,1.12
tune_4,Tuning/mac_grafo20dens30.txt,1.0,0.05,0.03,50,5,0.8,0.01,pairwise,171.0,1.13
tune_5,Tuning/mac_grafo20dens30.txt,1.0,0.05,0.03,50,5,0.8,0.01,pairwise,153.0,1.13
tune_6,Tuning/mac_grafo20dens30.txt,1.0,0.05,0.03,50,5,0.8,0.01,pairwise,153.0,1.12
tune_7,Tuning/mac_grafo20dens30.txt,1.0,0.05,0.03,50,5,0.8,0.01,pairwise,153.0,1.09
tune_8,Tuning/mac_grafo20dens30.txt,1.0,0.05,0.03,50,5,0.8,0.01,pairwise,171.0,1.10
tune_9,Tuning/mac_grafo20dens30.txt,1.0,0.05,0.03,50,5,0.8,0.01,pairwise,153.0,1.11
tune_10,Tuning/mac_grafo20dens30.txt,1.0,0.05,0.03,50,5,0.8,0.01,pairwise,153.0,1.10
tune_1,Tuning/bog_150_p0.1_2.txt,1.0,0.05,0.03,50,5,0.8,0.02,pairwise,10153.0,3.07
tune_2,Tuning/bog_150_p0.1_2.txt,1.0,0.05,0.03,50,5,0.8,0.02,pairwise,10153.0,3.03
tune_3,Tuning/bog_150_p0.1_2.txt,1.0,0.05,0.03,50,5,0.8,0.02,pairwise,10153.0,3.01
tune_4,Tuning/bog_150_p0.1_2.txt,1.0,0.05,0.03,50,5,0.8,0.02,pairwise,10153.0,3.02
tune_5,Tuning/bog_150_p0.1_2.txt,1.0,0.05,0.03,50,5,0.8,0.02,pairwise,10153.0,2.99
tune_6,Tuning/bog_150_p0.1_2.txt,1.0,0.05,0.03,50,5,0.8,0.02,pairwise,10153.0,2.96
tune_7,Tuning/bog_150_p0.1_2.txt,1.0,0.05,0.03,50,5,0.8,0.02,pairwise,10153.0,2.96
tune_8,Tuning/bog_150_p0.1_2.txt,1.0,0.05,0.03,50,5,0.8,0.02,pairwise,10153.0,3.00
tune_9,Tuning/bog_150_p0.1_2.txt,1.0,0.05,0.03,50,5,0.8,0.02,pairwise,10153.0,2.98
tune_10,Tuning/bog_150_p0.1_2.txt,1.0,0.05,0.03,50,5,0.8,0.02,pairwise,10153.0,3.01
tune_1,Tuning/cor_dolphins-w.txt,1.0,0.05,0.03,50,5,0.8,0.02,pairwise,1275.0,1.34
tune_2,Tuning/cor_dolphins-w.txt,1.0,0.05,0.03,50,5,0.8,0.02,pairwise,1326.0,1.30
tune_3,Tuning/cor_dolphins-w.txt,1.0,0.05,0.03,50,5,0.8,0.02,pairwise,1275.0,1.31
tune_4,Tuning/cor_dolphins-w.txt,1.0,0.05,0.03,50,5,0.8,0.02,pairwise,1225.0,1.28
tune_5,Tuning/cor_dolphins-w.txt,1.0,0.05,0.03,50,5,0.8,0.02,pairwise,1275.0,1.37
tune_6,Tuning/cor_dolphins-w.txt,1.0,0.05,0.03,50,5,0.8,0.02,pairwise,1326.0,1.31
tune_7,Tuning/cor_dolphins-w.txt,1.0,0.05,0.03,50,5,0.8,0.02,pairwise,1275.0,1.31
tune_8,Tuning/cor_dolphins-w.txt,1.0,0.05,0.03,50,5,0.8,0.02,pairwise,1326.0,1.34
tune_9,Tuning/cor_dolphins-w.txt,1.0,0.05,0.03,50,5,0.8,0.02,pairwise,1275.0,1.31
tune_10,Tuning/cor_dolphins-w.txt,1.0,0.05,0.03,50,5,0.8,0.02,pairwise,1326.0,1.30
tune_1,Tuning/hos_35_r1_1.txt,1.0,0.05,0.03,50,5,0.8,0.02,pairwise,441.0,1.13
tune_2,Tuning/hos_35_r1_1.txt,1.0,0.05,0.03,50,5,0.8,0.02,pairwise,468.0,1.15
tune_3,Tuning/hos_35_r1_1.txt,1.0,0.05,0.03,50,5,0.8,0.02,pairwise,468.0,1.13
tune_4,Tuning/hos_35_r1_1.txt,1.0,0.05,0.03,50,5,0.8,0.02,pairwise,466.0,1.13
tune_5,Tuning/hos_35_r1_1.txt,1.0,0.05,0.03,50,5,0.8,0.02,pairwise,466.0,1.13
tune_6,Tuning/hos_35_r1_1.txt,1.0,0.05,0.03,50,5,0.8,0.02,pairwise,441.0,1.11
tune_7,Tuning/hos_35_r1_1.txt,1.0,0.05,0.03,50,5,0.8,0.02,pairwise,441.0,1.11
tune_8,Tuning/hos_35_r1_1.txt,1.0,0.05,0.03,50,5,0.8,0.02,pairwise,466.0,1.15
tune_9,Tuning/hos_35_r1_1.txt,1.0,0.05,0.03,50,5,0.8,0.02,pairwise,466.0,1.13
tune_10,Tuning/hos_35_r1_1.txt,1.0,0.05,0.03,50,5,0.8,0.02,pairwise,466.0,1.13
tune_1,Tuning/mac_grafo20dens30.txt,1.0,0.05,0.03,50,5,0.8,0.02,pairwise,153.0,1.13
tune_2,Tuning/mac_grafo20dens30.txt,1.0,0.05,0.03,50,5,0.8,0.02,pairwise,153.0,1.16
tune_3,Tuning/mac_grafo20dens30.txt,1.0,0.05,0.03,50,5,0.8,0.02,pairwise,153.0,1.11
tune_4,Tuning/mac_grafo20dens30.txt,1.0,0.05,0.03,50,5,0.8,0.02,pairwise,153.0,1.11
tune_5,Tuning/mac_grafo20dens30.txt,1.0,0.05,0.03,50,5,0.8,0.02,pairwise,153.0,1.11
tune_6,Tuning/mac_grafo20dens30.txt,1.0,0.05,0.03,50,5,0.8,0.02,pairwise,153.0,1.10
tune_7,Tuning/mac_grafo20dens30.txt,1.0,0.05,0.03,50,5,0.8,0.02,pairwise,153.0,1.11
tune_8,Tuning/mac_grafo20dens30.txt,1.0,0.05,0.03,50,5,0.8,0.02,pairwise,171.0,1.12
tune_9,Tuning/mac_grafo20dens30.txt,1.0,0.05,0.03,50,5,0.8,0.02,pairwise,153.0,1.11
tune_10,Tuning/mac_grafo20dens30.txt,1.0,0.05,0.03,50,5,0.8,0.02,pairwise,171.0,1.16
tune_1,Tuning/bog_150_p0.1_2.txt,1.0,0.05,0.03,50,5,0.9,0.01,pairwise,10153.0,3.18
tune_2,Tuning/bog_150_p0.1_2.txt,1.0,0.05,0.03,50,5,0.9,0.01,pairwise,10153.0,3.19
tune_3,Tuning/bog_150_p0.1_2.txt,1.0,0.05,0.03,50,5,0.9,0.01,pairwise,10153.0,3.20
tune_4,Tuning/bog_150_p0.1_2.txt,1.0,0.05,0.03,50,5,0.9,0.01,pairwise,10153.0,3.14
tune_5,Tuning/bog_150_p0.1_2.txt,1.0,0.05,0.03,50,5,0.9,0.01,pairwise,10153.0,3.14
tune_6,Tuning/bog_150_p0.1_2.txt,1.0,0.05,0.03,50,5,0.9,0.01,pairwise,10153.0,3.23
tune_7,Tuning/bog_150_p0.1_2.txt,1.0,0.05,0.03,50,5,0.9,0.01,pairwise,10153.0,3.15
tune_8,Tuning/bog_150_p0.1_2.txt,1.0,0.05,0.03,50,5,0.9,0.01,pairwise,10153.0,3.25
tune_9,Tuning/bog_150_p0.1_2.txt,1.0,0.05,0.03,50,5,0.9,0.01,pairwise,10153.0,3.17
tune_10,Tuning/bog_150_p0.1_2.txt,1.0,0.05,0.03,50,5,0.9,0.01,pairwise,10153.0,3.19
tune_1,Tuning/cor_dolphins-w.txt,1.0,0.05,0.03,50,5,0.9,0.01,pairwise,1276.0,1.38
tune_2,Tuning/cor_dolphins-w.txt,1.0,0.05,0.03,50,5,0.9,0.01,pairwise,1378.0,1.33
tune_3,Tuning/cor_dolphins-w.txt,1.0,0.05,0.03,50,5,0.9,0.01,pairwise,1378.0,1.36
tune_4,Tuning/cor_dolphins-w.txt,1.0,0.05,0.03,50,5,0.9,0.01,pairwise,1378.0,1.32
tune_5,Tuning/cor_dolphins-w.txt,1.0,0.05,0.03,50,5,0.9,0.01,pairwise,1378.0,1.34
tune_6,Tuning/cor_dolphins-w.txt,1.0,0.05,0.03,50,5,0.9,0.01,pairwise,1326.0,1.33
tune_7,Tuning/cor_dolphins-w.txt,1.0,0.05,0.03,50,5,0.9,0.01,pairwise,1275.0,1.36
tune_8,Tuning/cor_dolphins-w.txt,1.0,0.05,0.03,50,5,0.9,0.01,pairwise,1327.0,1.34
tune_9,Tuning/cor_dolphins-w.txt,1.0,0.05,0.03,50,5,0.9,0.01,pairwise,1326.0,1.34
tune_10,Tuning/cor_dolphins-w.txt,1.0,0.05,0.03,50,5,0.9,0.01,pairwise,1275.0,1.34
tune_1,Tuning/hos_35_r1_1.txt,1.0,0.05,0.03,50,5,0.9,0.01,pairwise,466.0,1.16
tune_2,Tuning/hos_35_r1_1.txt,1.0,0.05,0.03,50,5,0.9,0.01,pairwise,441.0,1.15
tune_3,Tuning/hos_35_r1_1.txt,1.0,0.05,0.03,50,5,0.9,0.01,pairwise,468.0,1.15
tune_4,Tuning/hos_35_r1_1.txt,1.0,0.05,0.03,50,5,0.9,0.01,pairwise,468.0,1.15
tune_5,Tuning/hos_35_r1_1.txt,1.0,0.05,0.03,50,5,0.9,0.01,pairwise,441.0,1.15
tune_6,Tuning/hos_35_r1_1.txt,1.0,0.05,0.03,50,5,0.9,0.01,pairwise,441.0,1.14
tune_7,Tuning/hos_35_r1_1.txt,1.0,0.05,0.03,50,5,0.9,0.01,pairwise,468.0,1.16
tune_8,Tuning/hos_35_r1_1.txt,1.0,0.05,0.03,50,5,0.9,0.01,pairwise,468.0,1.13
tune_9,Tuning/hos_35_r1_1.txt,1.0,0.05,0.03,50,5,0.9,0.01,pairwise,496.0,1.22
tune_10,Tuning/hos_35_r1_1.txt,1.0,0.05,0.03,50,5,0.9,0.01,pairwise,441.0,1.17
tune_1,Tuning/mac_grafo20dens30.txt,1.0,0.05,0.03,50,5,0.9,0.01,pairwise,153.0,1.15
tune_2,Tuning/mac_grafo20dens30.txt,1.0,0.05,0.03,50,5,0.9,0.01,pairwise,153.0,1.14
tune_3,Tuning/mac_grafo20dens30.txt,1.0,0.05,0.03,50,5,0.9,0.01,pairwise,153.0,1.13
tune_4,Tuning/mac_grafo20dens30.txt,1.0,0.05,0.03,50,5,0.9,0.01,pairwise,153.0,1.11
tune_5,Tuning/mac_grafo20dens30.txt,1.0,0.05,0.03,50,5,0.9,0.01,pairwise,153.0,1.12
tune_6,Tuning/mac_grafo20dens30.txt,1.0,0.05,0.03,50,5,0.9,0.01,pairwise,153.0,1.12
tune_7,Tuning/mac_grafo20dens30.txt,1.0,0.05,0.03,50,5,0.9,0.01,pairwise,171.0,1.12
tune_8,Tuning/mac_grafo20dens30.txt,1.0,0.05,0.03,50,5,0.9,0.01,pairwise,153.0,1.12
tune_9,Tuning/mac_grafo20dens30.txt,1.0,0.05,0.03,50,5,0.9,0.01,pairwise,171.0,1.13
tune_10,Tuning/mac_grafo20dens30.txt,1.0,0.05,0.03,50,5,0.9,0.01,pairwise,153.0,1.13
tune_1,Tuning/bog_150_p0.1_2.txt,1.0,0.05,0.03,50,5,0.9,0.02,pairwise,10153.0,3.21
tune_2,Tuning/bog_150_p0.1_2.txt,1.0,0.05,0.03,50,5,0.9,0.02,pairwise,10153.0,3.19
tune_3,Tuning/bog_150_p0.1_2.txt,1.0,0.05,0.03,50,5,0.9,0.02,pairwise,10153.0,3.19
tune_4,Tuning/bog_150_p0.1_2.txt,1.0,0.05,0.03,50,5,0.9,0.02,pairwise,10153.0,3.18
tune_5,Tuning/bog_150_p0.1_2.txt,1.0,0.05,0.03,50,5,0.9,0.02,pairwise,10153.0,3.18
tune_6,Tuning/bog_150_p0.1_2.txt,1.0,0.05,0.03,50,5,0.9,0.02,pairwise,10153.0,3.17
tune_7,Tuning/bog_150_p0.1_2.txt,1.0,0.05,0.03,50,5,0.9,0.02,pairwise,10153.0,3.19
tune_8,Tuning/bog_150_p0.1_2.txt,1.0,0.05,0.03,50,5,0.9,0.02,pairwise,10153.0,3.17
tune_9,Tuning/bog_150_p0.1_2.txt,1.0,0.05,0.03,50,5,0.9,0.02,pairwise,10153.0,3.19
tune_10,Tuning/bog_150_p0.1_2.txt,1.0,0.05,0.03,50,5,0.9,0.02,pairwise,10153.0,3.21
tune_1,Tuning/cor_dolphins-w.txt,1.0,0.05,0.03,50,5,0.9,0.02,pairwise,1326.0,1.33
tune_2,Tuning/cor_dolphins-w.txt,1.0,0.05,0.03,50,5,0.9,0.02,pairwise,1276.0,1.32
tune_3,Tuning/cor_dolphins-w.txt,1.0,0.05,0.03,50,5,0.9,0.02,pairwise,1275.0,1.34
tune_4,Tuning/cor_dolphins-w.txt,1.0,0.05,0.03,50,5,0.9,0.02,pairwise,1378.0,1.36
tune_5,Tuning/cor_dolphins-w.txt,1.0,0.05,0.03,50,5,0.9,0.02,pairwise,1225.0,1.34
tune_6,Tuning/cor_dolphins-w.txt,1.0,0.05,0.03,50,5,0.9,0.02,pairwise,1179.0,1.32
tune_7,Tuning/cor_dolphins-w.txt,1.0,0.05,0.03,50,5,0.9,0.02,pairwise,1225.0,1.34
tune_8,Tuning/cor_dolphins-w.txt,1.0,0.05,0.03,50,5,0.9,0.02,pairwise,1275.0,1.34
tune_9,Tuning/cor_dolphins-w.txt,1.0,0.05,0.03,50,5,0.9,0.02,pairwise,1276.0,1.42
tune_10,Tuning/cor_dolphins-w.txt,1.0,0.05,0.03,50,5,0.9,0.02,pairwise,1326.0,1.34
tune_1,Tuning/hos_35_r1_1.txt,1.0,0.05,0.03,50,5,0.9,0.02,pairwise,468.0,1.19
tune_2,Tuning/hos_35_r1_1.txt,1.0,0.05,0.03,50,5,0.9,0.02,pairwise,441.0,1.16
tune_3,Tuning/hos_35_r1_1.txt,1.0,0.05,0.03,50,5,0.9,0.02,pairwise,441.0,1.16
tune_4,Tuning/hos_35_r1_1.txt,1.0,0.05,0.03,50,5,0.9,0.02,pairwise,466.0,1.13
tune_5,Tuning/hos_35_r1_1.txt,1.0,0.05,0.03,50,5,0.9,0.02,pairwise,466.0,1.12
tune_6,Tuning/hos_35_r1_1.txt,1.0,0.05,0.03,50,5,0.9,0.02,pairwise,466.0,1.15
tune_7,Tuning/hos_35_r1_1.txt,1.0,0.05,0.03,50,5,0.9,0.02,pairwise,468.0,1.14
tune_8,Tuning/hos_35_r1_1.txt,1.0,0.05,0.03,50,5,0.9,0.02,pairwise,466.0,1.16
tune_9,Tuning/hos_35_r1_1.txt,1.0,0.05,0.03,50,5,0.9,0.02,pairwise,466.0,1.14
tune_10,Tuning/hos_35_r1_1.txt,1.0,0.05,0.03,50,5,0.9,0.02,pairwise,466.0,1.13
tune_1,Tuning/mac_grafo20dens30.txt,1.0,0.05,0.03,50,5,0.9,0.02,pairwise,153.0,1.15
tune_2,Tuning/mac_grafo20dens30.txt,1.0,0.05,0.03,50,5,0.9,0.02,pairwise,153.0,1.15
tune_3,Tuning/mac_grafo20dens30.txt,1.0,0.05,0.03,50,5,0.9,0.02,pairwise,153.0,1.15
tune_4,Tuning/mac_grafo20dens30.txt,1.0,0.05,0.03,50,5,0.9,0.02,pairwise,153.0,1.16
tune_5,Tuning/mac_grafo20dens30.txt,1.0,0.05,0.03,50,5,0.9,0.02,pairwise,153.0,1.12
tune_6,Tuning/mac_grafo20dens30.txt,1.0,0.05,0.03,50,5,0.9,0.02,pairwise,153.0,1.14
tune_7,Tuning/mac_grafo20dens30.txt,1.0,0.05,0.03,50,5,0.9,0.02,pairwise,153.0,1.14
tune_8,Tuning/mac_grafo20dens30.txt,1.0,0.05,0.03,50,5,0.9,0.02,pairwise,153.0,1.14
tune_9,Tuning/mac_grafo20dens30.txt,1.0,0.05,0.03,50,5,0.9,0.02,pairwise,153.0,1.17
tune_10,Tuning/mac_grafo20dens30.txt,1.0,0.05,0.03,50,5,0.9,0.02,pairwise,153.0,1.13
tune_1,Tuning/bog_150_p0.1_2.txt,1.0,0.05,0.03,100,3,0.8,0.01,pairwise,10153.0,5.02
tune_2,Tuning/bog_150_p0.1_2.txt,1.0,0.05,0.03,100,3,0.8,0.01,pairwise,10153.0,4.97
tune_3,Tuning/bog_150_p0.1_2.txt,1.0,0.05,0.03,100,3,0.8,0.01,pairwise,10153.0,4.95
tune_4,Tuning/bog_150_p0.1_2.txt,1.0,0.05,0.03,100,3,0.8,0.01,pairwise,10153.0,5.00
tune_5,Tuning/bog_150_p0.1_2.txt,1.0,0.05,0.03,100,3,0.8,0.01,pairwise,10153.0,5.10
tune_6,Tuning/bog_150_p0.1_2.txt,1.0,0.05,0.03,100,3,0.8,0.01,pairwise,10153.0,5.03
tune_7,Tuning/bog_150_p0.1_2.txt,1.0,0.05,0.03,100,3,0.8,0.01,pairwise,10153.0,4.93
tune_8,Tuning/bog_150_p0.1_2.txt,1.0,0.05,0.03,100,3,0.8,0.01,pairwise,10153.0,5.02
tune_9,Tuning/bog_150_p0.1_2.txt,1.0,0.05,0.03,100,3,0.8,0.01,pairwise,10153.0,4.96
tune_10,Tuning/bog_150_p0.1_2.txt,1.0,0.05,0.03,100,3,0.8,0.01,pairwise,10153.0,4.93
tune_1,Tuning/cor_dolphins-w.txt,1.0,0.05,0.03,100,3,0.8,0.01,pairwise,1326.0,1.72
tune_2,Tuning/cor_dolphins-w.txt,1.0,0.05,0.03,100,3,0.8,0.01,pairwise,1275.0,1.72
tune_3,Tuning/cor_dolphins-w.txt,1.0,0.05,0.03,100,3,0.8,0.01,pairwise,1226.0,1.70
tune_4,Tuning/cor_dolphins-w.txt,1.0,0.05,0.03,100,3,0.8,0.01,pairwise,1225.0,1.74
tune_5,Tuning/cor_dolphins-w.txt,1.0,0.05,0.03,100,3,0.8,0.01,pairwise,1225.0,1.72
tune_6,Tuning/cor_dolphins-w.txt,1.0,0.05,0.03,100,3,0.8,0.01,pairwise,1225.0,1.72
tune_7,Tuning/cor_dolphins-w.txt,1.0,0.05,0.03,100,3,0.8,0.01,pairwise,1225.0,1.77
tune_8,Tuning/cor_dolphins-w.txt,1.0,0.05,0.03,100,3,0.8,0.01,pairwise,1275.0,1.70
tune_9,Tuning/cor_dolphins-w.txt,1.0,0.05,0.03,100,3,0.8,0.01,pairwise,1225.0,1.72
tune_10,Tuning/cor_dolphins-w.txt,1.0,0.05,0.03,100,3,0.8,0.01,pairwise,1276.0,1.76
tune_1,Tuning/hos_35_r1_1.txt,1.0,0.05,0.03,100,3,0.8,0.01,pairwise,468.0,1.36
tune_2,Tuning/hos_35_r1_1.txt,1.0,0.05,0.03,100,3,0.8,0.01,pairwise,466.0,1.35
tune_3,Tuning/hos_35_r1_1.txt,1.0,0.05,0.03,100,3,0.8,0.01,pairwise,441.0,1.35
tune_4,Tuning/hos_35_r1_1.txt,1.0,0.05,0.03,100,3,0.8,0.01,pairwise,466.0,1.36
tune_5,Tuning/hos_35_r1_1.txt,1.0,0.05,0.03,100,3,0.8,0.01,pairwise,441.0,1.33
tune_6,Tuning/hos_35_r1_1.txt,1.0,0.05,0.03,100,3,0.8,0.01,pairwise,468.0,1.34
tune_7,Tuning/hos_35_r1_1.txt,1.0,0.05,0.03,100,3,0.8,0.01,pairwise,466.0,1.37
tune_8,Tuning/hos_35_r1_1.txt,1.0,0.05,0.03,100,3,0.8,0.01,pairwise,441.0,1.36
tune_9,Tuning/hos_35_r1_1.txt,1.0,0.05,0.03,100,3,0.8,0.01,pairwise,468.0,1.37
tune_10,Tuning/hos_35_r1_1.txt,1.0,0.05,0.03,100,3,0.8,0.01,pairwise,466.0,1.33
tune_1,Tuning/mac_grafo20dens30.txt,1.0,0.05,0.03,100,3,0.8,0.01,pairwise,171.0,1.37
tune_2,Tuning/mac_grafo20dens30.txt,1.0,0.05,0.03,100,3,0.8,0.01,pairwise,153.0,1.36
tune_3,Tuning/mac_grafo20dens30.txt,1.0,0.05,0.03,100,3,0.8,0.01,pairwise,153.0,1.32
tune_4,Tuning/mac_grafo20dens30.txt,1.0,0.05,0.03,100,3,0.8,0.01,pairwise,153.0,1.34
tune_5,Tuning/mac_grafo20dens30.txt,1.0,0.05,0.03,100,3,0.8,0.01,pairwise,153.0,1.34
tune_6,Tuning/mac_grafo20dens30.txt,1.0,0.05,0.03,100,3,0.8,0.01,pairwise,153.0,1.32
tune_7,Tuning/mac_grafo20dens30.txt,1.0,0.05,0.03,100,3,0.8,0.01,pairwise,153.0,1.33
tune_8,Tuning/mac_grafo20dens30.txt,1.0,0.05,0.03,100,3,0.8,0.01,pairwise,153.0,1.33
tune_9,Tuning/mac_grafo20dens30.txt,1.0,0.05,0.03,100,3,0.8,0.01,pairwise,153.0,1.33
tune_10,Tuning/mac_grafo20dens30.txt,1.0,0.05,0.03,100,3,0.8,0.01,pairwise,153.0,1.34
tune_1,Tuning/bog_150_p0.1_2.txt,1.0,0.05,0.03,100,3,0.8,0.02,pairwise,10153.0,5.01
tune_2,Tuning/bog_150_p0.1_2.txt,1.0,0.05,0.03,100,3,0.8,0.02,pairwise,10153.0,5.01
tune_3,Tuning/bog_150_p0.1_2.txt,1.0,0.05,0.03,100,3,0.8,0.02,pairwise,10153.0,4.99
tune_4,Tuning/bog_150_p0.1_2.txt,1.0,0.05,0.03,100,3,0.8,0.02,pairwise,10153.0,5.00
tune_5,Tuning/bog_150_p0.1_2.txt,1.0,0.05,0.03,100,3,0.8,0.02,pairwise,10153.0,4.93
tune_6,Tuning/bog_150_p0.1_2.txt,1.0,0.05,0.03,100,3,0.8,0.02,pairwise,10153.0,5.05
tune_7,Tuning/bog_150_p0.1_2.txt,1.0,0.05,0.03,100,3,0.8,0.02,pairwise,10153.0,5.03
tune_8,Tuning/bog_150_p0.1_2.txt,1.0,0.05,0.03,100,3,0.8,0.02,pairwise,10153.0,4.95
tune_9,Tuning/bog_150_p0.1_2.txt,1.0,0.05,0.03,100,3,0.8,0.02,pairwise,10153.0,5.04
tune_10,Tuning/bog_150_p0.1_2.txt,1.0,0.05,0.03,100,3,0.8,0.02,pairwise,10153.0,5.02
tune_1,Tuning/cor_dolphins-w.txt,1.0,0.05,0.03,100,3,0.8,0.02,pairwise,1275.0,1.75
tune_2,Tuning/cor_dolphins-w.txt,1.0,0.05,0.03,100,3,0.8,0.02,pairwise,1225.0,1.72
tune_3,Tuning/cor_dolphins-w.txt,1.0,0.05,0.03,100,3,0.8,0.02,pairwise,1275.0,1.71
tune_4,Tuning/cor_dolphins-w.txt,1.0,0.05,0.03,100,3,0.8,0.02,pairwise,1225.0,1.71
tune_5,Tuning/cor_dolphins-w.txt,1.0,0.05,0.03,100,3,0.8,0.02,pairwise,1275.0,1.70
tune_6,Tuning/cor_dolphins-w.txt,1.0,0.05,0.03,100,3,0.8,0.02,pairwise,1225.0,1.73
tune_7,Tuning/cor_dolphins-w.txt,1.0,0.05,0.03,100,3,0.8,0.02,pairwise,1275.0,1.73
tune_8,Tuning/cor_dolphins-w.txt,1.0,0.05,0.03,100,3,0.8,0.02,pairwise,1225.0,1.75
tune_9,Tuning/cor_dolphins-w.txt,1.0,0.05,0.03,100,3,0.8,0.02,pairwise,1225.0,1.71
tune_10,Tuning/cor_dolphins-w.txt,1.0,0.05,0.03,100,3,0.8,0.02,pairwise,1275.0,1.70
tune_1,Tuning/hos_35_r1_1.txt,1.0,0.05,0.03,100,3,0.8,0.02,pairwise,466.0,1.44
tune_2,Tuning/hos_35_r1_1.txt,1.0,0.05,0.03,100,3,0.8,0.02,pairwise,466.0,1.39
tune_3,Tuning/hos_35_r1_1.txt,1.0,0.05,0.03,100,3,0.8,0.02,pairwise,441.0,1.38
tune_4,Tuning/hos_35_r1_1.txt,1.0,0.05,0.03,100,3,0.8,0.02,pairwise,441.0,1.35
tune_5,Tuning/hos_35_r1_1.txt,1.0,0.05,0.03,100,3,0.8,0.02,pairwise,466.0,1.37
tune_6,Tuning/hos_35_r1_1.txt,1.0,0.05,0.03,100,3,0.8,0.02,pairwise,466.0,1.35
tune_7,Tuning/hos_35_r1_1.txt,1.0,0.05,0.03,100,3,0.8,0.02,pairwise,466.0,1.35
tune_8,Tuning/hos_35_r1_1.txt,1.0,0.05,0.03,100,3,0.8,0.02,pairwise,441.0,1.37
tune_9,Tuning/hos_35_r1_1.txt,1.0,0.05,0.03,100,3,0.8,0.02,pairwise,466.0,1.35
tune_10,Tuning/hos_35_r1_1.txt,1.0,0.05,0.03,100,3,0.8,0.02,pairwise,468.0,1.35
tune_1,Tuning/mac_grafo20dens30.txt,1.0,0.05,0.03,100,3,0.8,0.02,pairwise,153.0,1.34
tune_2,Tuning/mac_grafo20dens30.txt,1.0,0.05,0.03,100,3,0.8,0.02,pairwise,153.0,1.33
tune_3,Tuning/mac_grafo20dens30.txt,1.0,0.05,0.03,100,3,0.8,0.02,pairwise,153.0,1.34
tune_4,Tuning/mac_grafo20dens30.txt,1.0,0.05,0.03,100,3,0.8,0.02,pairwise,153.0,1.35
tune_5,Tuning/mac_grafo20dens30.txt,1.0,0.05,0.03,100,3,0.8,0.02,pairwise,153.0,1.32
tune_6,Tuning/mac_grafo20dens30.txt,1.0,0.05,0.03,100,3,0.8,0.02,pairwise,153.0,1.34
tune_7,Tuning/mac_grafo20dens30.txt,1.0,0.05,0.03,100,3,0.8,0.02,pairwise,153.0,1.36
tune_8,Tuning/mac_grafo20dens30.txt,1.0,0.05,0.03,100,3,0.8,0.02,pairwise,153.0,1.31
tune_9,Tuning/mac_grafo20dens30.txt,1.0,0.05,0.03,100,3,0.8,0.02,pairwise,153.0,1.33
tune_10,Tuning/mac_grafo20dens30.txt,1.0,0.05,0.03,100,3,0.8,0.02,pairwise,153.0,1.34
tune_1,Tuning/bog_150_p0.1_2.txt,1.0,0.05,0.03,100,3,0.9,0.01,pairwise,10153.0,5.45
tune_2,Tuning/bog_150_p0.1_2.txt,1.0,0.05,0.03,100,3,0.9,0.01,pairwise,10153.0,5.49
tune_3,Tuning/bog_150_p0.1_2.txt,1.0,0.05,0.03,100,3,0.9,0.01,pairwise,10153.0,5.48
tune_4,Tuning/bog_150_p0.1_2.txt,1.0,0.05,0.03,100,3,0.9,0.01,pairwise,10153.0,5.63
tune_5,Tuning/bog_150_p0.1_2.txt,1.0,0.05,0.03,100,3,0.9,0.01,pairwise,10153.0,5.51
tune_6,Tuning/bog_150_p0.1_2.txt,1.0,0.05,0.03,100,3,0.9,0.01,pairwise,10153.0,5.48
tune_7,Tuning/bog_150_p0.1_2.txt,1.0,0.05,0.03,100,3,0.9,0.01,pairwise,10153.0,5.46
tune_8,Tuning/bog_150_p0.1_2.txt,1.0,0.05,0.03,100,3,0.9,0.01,pairwise,10153.0,5.44
tune_9,Tuning/bog_150_p0.1_2.txt,1.0,0.05,0.03,100,3,0.9,0.01,pairwise,10153.0,5.56
tune_10,Tuning/bog_150_p0.1_2.txt,1.0,0.05,0.03,100,3,0.9,0.01,pairwise,10153.0,5.47
tune_1,Tuning/cor_dolphins-w.txt,1.0,0.05,0.03,100,3,0.9,0.01,pairwise,1225.0,1.82
tune_2,Tuning/cor_dolphins-w.txt,1.0,0.05,0.03,100,3,0.9,0.01,pairwise,1225.0,1.80
tune_3,Tuning/cor_dolphins-w.txt,1.0,0.05,0.03,100,3,0.9,0.01,pairwise,1275.0,1.78
tune_4,Tuning/cor_dolphins-w.txt,1.0,0.05,0.03,100,3,0.9,0.01,pairwise,1275.0,1.83
tune_5,Tuning/cor_dolphins-w.txt,1.0,0.05,0.03,100,3,0.9,0.01,pairwise,1225.0,1.82
tune_6,Tuning/cor_dolphins-w.txt,1.0,0.05,0.03,100,3,0.9,0.01,pairwise,1228.0,1.87
tune_7,Tuning/cor_dolphins-w.txt,1.0,0.05,0.03,100,3,0.9,0.01,pairwise,1226.0,1.81
tune_8,Tuning/cor_dolphins-w.txt,1.0,0.05,0.03,100,3,0.9,0.01,pairwise,1226.0,1.84
tune_9,Tuning/cor_dolphins-w.txt,1.0,0.05,0.03,100,3,0.9,0.01,pairwise,1275.0,1.83
tune_10,Tuning/cor_dolphins-w.txt,1.0,0.05,0.03,100,3,0.9,0.01,pairwise,1225.0,1.81
tune_1,Tuning/hos_35_r1_1.txt,1.0,0.05,0.03,100,3,0.9,0.01,pairwise,466.0,1.44
tune_2,Tuning/hos_35_r1_1.txt,1.0,0.05,0.03,100,3,0.9,0.01,pairwise,441.0,1.47
tune_3,Tuning/hos_35_r1_1.txt,1.0,0.05,0.03,100,3,0.9,0.01,pairwise,466.0,1.41
tune_4,Tuning/hos_35_r1_1.txt,1.0,0.05,0.03,100,3,0.9,0.01,pairwise,466.0,1.41
tune_5,Tuning/hos_35_r1_1.txt,1.0,0.05,0.03,100,3,0.9,0.01,pairwise,466.0,1.43
tune_6,Tuning/hos_35_r1_1.txt,1.0,0.05,0.03,100,3,0.9,0.01,pairwise,466.0,1.42
tune_7,Tuning/hos_35_r1_1.txt,1.0,0.05,0.03,100,3,0.9,0.01,pairwise,466.0,1.40
tune_8,Tuning/hos_35_r1_1.txt,1.0,0.05,0.03,100,3,0.9,0.01,pairwise,441.0,1.40
tune_9,Tuning/hos_35_r1_1.txt,1.0,0.05,0.03,100,3,0.9,0.01,pairwise,441.0,1.39
tune_10,Tuning/hos_35_r1_1.txt,1.0,0.05,0.03,100,3,0.9,0.01,pairwise,441.0,1.39
tune_1,Tuning/mac_grafo20dens30.txt,1.0,0.05,0.03,100,3,0.9,0.01,pairwise,153.0,1.43
tune_2,Tuning/mac_grafo20dens30.txt,1.0,0.05,0.03,100,3,0.9,0.01,pairwise,153.0,1.38
tune_3,Tuning/mac_grafo20dens30.txt,1.0,0.05,0.03,100,3,0.9,0.01,pairwise,153.0,1.39
tune_4,Tuning/mac_grafo20dens30.txt,1.0,0.05,0.03,100,3,0.9,0.01,pairwise,153.0,1.45
tune_5,Tuning/mac_grafo20dens30.txt,1.0,0.05,0.03,100,3,0.9,0.01,pairwise,153.0,1.37
tune_6,Tuning/mac_grafo20dens30.txt,1.0,0.05,0.03,100,3,0.9,0.01,pairwise,153.0,1.37
tune_7,Tuning/mac_grafo20dens30.txt,1.0,0.05,0.03,100,3,0.9,0.01,pairwise,171.0,1.38
tune_8,Tuning/mac_grafo20dens30.txt,1.0,0.05,0.03,100,3,0.9,0.01,pairwise,153.0,1.40
tune_9,Tuning/mac_grafo20dens30.txt,1.0,0.05,0.03,100,3,0.9,0.01,pairwise,153.0,1.40
tune_10,Tuning/mac_grafo20dens30.txt,1.0,0.05,0.03,100,3,0.9,0.01,pairwise,153.0,1.43
tune_1,Tuning/bog_150_p0.1_2.txt,1.0,0.05,0.03,100,3,0.9,0.02,pairwise,10153.0,5.56
tune_2,Tuning/bog_150_p0.1_2.txt,1.0,0.05,0.03,100,3,0.9,0.02,pairwise,10153.0,5.53
tune_3,Tuning/bog_150_p0.1_2.txt,1.0,0.05,0.03,100,3,0.9,0.02,pairwise,10153.0,5.52
tune_4,Tuning/bog_150_p0.1_2.txt,1.0,0.05,0.03,100,3,0.9,0.02,pairwise,10153.0,5.55
tune_5,Tuning/bog_150_p0.1_2.txt,1.0,0.05,0.03,100,3,0.9,0.02,pairwise,10153.0,5.47
tune_6,Tuning/bog_150_p0.1_2.txt,1.0,0.05,0.03,100,3,0.9,0.02,pairwise,10153.0,5.54
tune_7,Tuning/bog_150_p0.1_2.txt,1.0,0.05,0.03,100,3,0.9,0.02,pairwise,10153.0,5.46
tune_8,Tuning/bog_150_p0.1_2.txt,1.0,0.05,0.03,100,3,0.9,0.02,pairwise,10153.0,5.48
tune_9,Tuning/bog_150_p0.1_2.txt,1.0,0.05,0.03,100,3,0.9,0.02,pairwise,10153.0,5.50
tune_10,Tuning/bog_150_p0.1_2.txt,1.0,0.05,0.03,100,3,0.9,0.02,pairwise,10153.0,5.58
tune_1,Tuning/cor_dolphins-w.txt,1.0,0.05,0.03,100,3,0.9,0.02,pairwise,1225.0,1.83
tune_2,Tuning/cor_dolphins-w.txt,1.0,0.05,0.03,100,3,0.9,0.02,pairwise,1225.0,1.79
tune_3,Tuning/cor_dolphins-w.txt,1.0,0.05,0.03,100,3,0.9,0.02,pairwise,1326.0,1.89
tune_4,Tuning/cor_dolphins-w.txt,1.0,0.05,0.03,100,3,0.9,0.02,pairwise,1275.0,1.82
tune_5,Tuning/cor_dolphins-w.txt,1.0,0.05,0.03,100,3,0.9,0.02,pairwise,1326.0,1.83
tune_6,Tuning/cor_dolphins-w.txt,1.0,0.05,0.03,100,3,0.9,0.02,pairwise,1326.0,1.79
tune_7,Tuning/cor_dolphins-w.txt,1.0,0.05,0.03,100,3,0.9,0.02,pairwise,1225.0,1.82
tune_8,Tuning/cor_dolphins-w.txt,1.0,0.05,0.03,100,3,0.9,0.02,pairwise,1225.0,1.83
tune_9,Tuning/cor_dolphins-w.txt,1.0,0.05,0.03,100,3,0.9,0.02,pairwise,1225.0,1.83
tune_10,Tuning/cor_dolphins-w.txt,1.0,0.05,0.03,100,3,0.9,0.02,pairwise,1275.0,1.84
tune_1,Tuning/hos_35_r1_1.txt,1.0,0.05,0.03,100,3,0.9,0.02,pairwise,441.0,1.46
tune_2,Tuning/hos_35_r1_1.txt,1.0,0.05,0.03,100,3,0.9,0.02,pairwise,441.0,1.48
tune_3,Tuning/hos_35_r1_1.txt,1.0,0.05,0.03,100,3,0.9,0.02,pairwise,441.0,1.41
tune_4,Tuning/hos_35_r1_1.txt,1.0,0.05,0.03,100,3,0.9,0.02,pairwise,441.0,1.46
tune_5,Tuning/hos_35_r1_1.txt,1.0,0.05,0.03,100,3,0.9,0.02,pairwise,441.0,1.42
tune_6,Tuning/hos_35_r1_1.txt,1.0,0.05,0.03,100,3,0.9,0.02,pairwise,466.0,1.41
tune_7,Tuning/hos_35_r1_1.txt,1.0,0.05,0.03,100,3,0.9,0.02,pairwise,466.0,1.43
tune_8,Tuning/hos_35_r1_1.txt,1.0,0.05,0.03,100,3,0.9,0.02,pairwise,441.0,1.40
tune_9,Tuning/hos_35_r1_1.txt,1.0,0.05,0.03,100,3,0.9,0.02,pairwise,441.0,1.41
tune_10,Tuning/hos_35_r1_1.txt,1.0,0.05,0.03,100,3,0.9,0.02,pairwise,441.0,1.42
tune_1,Tuning/mac_grafo20dens30.txt,1.0,0.05,0.03,100,3,0.9,0.02,pairwise,153.0,1.41
tune_2,Tuning/mac_grafo20dens30.txt,1.0,0.05,0.03,100,3,0.9,0.02,pairwise,153.0,1.41
tune_3,Tuning/mac_grafo20dens30.txt,1.0,0.05,0.03,100,3,0.9,0.02,pairwise,153.0,1.38
tune_4,Tuning/mac_grafo20dens30.txt,1.0,0.05,0.03,100,3,0.9,0.02,pairwise,153.0,1.39
tune_5,Tuning/mac_grafo20dens30.txt,1.0,0.05,0.03,100,3,0.9,0.02,pairwise,153.0,1.40
tune_6,Tuning/mac_grafo20dens30.txt,1.0,0.05,0.03,100,3,0.9,0.02,pairwise,153.0,1.38
tune_7,Tuning/mac_grafo20dens30.txt,1.0,0.05,0.03,100,3,0.9,0.02,pairwise,153.0,1.37
tune_8,Tuning/mac_grafo20dens30.txt,1.0,0.05,0.03,100,3,0.9,0.02,pairwise,153.0,1.41
tune_9,Tuning/mac_grafo20dens30.txt,1.0,0.05,0.03,100,3,0.9,0.02,pairwise,153.0,1.39
tune_10,Tuning/mac_grafo20dens30.txt,1.0,0.05,0.03,100,3,0.9,0.02,pairwise,153.0,1.41
tune_1,Tuning/bog_150_p0.1_2.txt,1.0,0.05,0.03,100,5,0.8,0.01,pairwise,10153.0,4.97
tune_2,Tuning/bog_150_p0.1_2.txt,1.0,0.05,0.03,100,5,0.8,0.01,pairwise,10153.0,4.97
tune_3,Tuning/bog_150_p0.1_2.txt,1.0,0.05,0.03,100,5,0.8,0.01,pairwise,10153.0,4.97
tune_4,Tuning/bog_150_p0.1_2.txt,1.0,0.05,0.03,100,5,0.8,0.01,pairwise,10153.0,4.98
tune_5,Tuning/bog_150_p0.1_2.txt,1.0,0.05,0.03,100,5,0.8,0.01,pairwise,10153.0,4.96
tune_6,Tuning/bog_150_p0.1_2.txt,1.0,0.05,0.03,100,5,0.8,0.01,pairwise,10153.0,4.96
tune_7,Tuning/bog_150_p0.1_2.txt,1.0,0.05,0.03,100,5,0.8,0.01,pairwise,10153.0,4.96
tune_8,Tuning/bog_150_p0.1_2.txt,1.0,0.05,0.03,100,5,0.8,0.01,pairwise,10153.0,4.97
tune_9,Tuning/bog_150_p0.1_2.txt,1.0,0.05,0.03,100,5,0.8,0.01,pairwise,10153.0,4.97
tune_10,Tuning/bog_150_p0.1_2.txt,1.0,0.05,0.03,100,5,0.8,0.01,pairwise,10153.0,5.03
tune_1,Tuning/cor_dolphins-w.txt,1.0,0.05,0.03,100,5,0.8,0.01,pairwise,1225.0,1.79
tune_2,Tuning/cor_dolphins-w.txt,1.0,0.05,0.03,100,5,0.8,0.01,pairwise,1275.0,1.72
tune_3,Tuning/cor_dolphins-w.txt,1.0,0.05,0.03,100,5,0.8,0.01,pairwise,1326.0,1.72
tune_4,Tuning/cor_dolphins-w.txt,1.0,0.05,0.03,100,5,0.8,0.01,pairwise,1225.0,1.74
tune_5,Tuning/cor_dolphins-w.txt,1.0,0.05,0.03,100,5,0.8,0.01,pairwise,1225.0,1.73
tune_6,Tuning/cor_dolphins-w.txt,1.0,0.05,0.03,100,5,0.8,0.01,pairwise,1275.0,1.72
tune_7,Tuning/cor_dolphins-w.txt,1.0,0.05,0.03,100,5,0.8,0.01,pairwise,1275.0,1.73
tune_8,Tuning/cor_dolphins-w.txt,1.0,0.05,0.03,100,5,0.8,0.01,pairwise,1275.0,1.69
tune_9,Tuning/cor_dolphins-w.txt,1.0,0.05,0.03,100,5,0.8,0.01,pairwise,1327.0,1.73
tune_10,Tuning/cor_dolphins-w.txt,1.0,0.05,0.03,100,5,0.8,0.01,pairwise,1225.0,1.76
tune_1,Tuning/hos_35_r1_1.txt,1.0,0.05,0.03,100,5,0.8,0.01,pairwise,466.0,1.41
tune_2,Tuning/hos_35_r1_1.txt,1.0,0.05,0.03,100,5,0.8,0.01,pairwise,441.0,1.40
tune_3,Tuning/hos_35_r1_1.txt,1.0,0.05,0.03,100,5,0.8,0.01,pairwise,466.0,1.41
tune_4,Tuning/hos_35_r1_1.txt,1.0,0.05,0.03,100,5,0.8,0.01,pairwise,466.0,1.36
tune_5,Tuning/hos_35_r1_1.txt,1.0,0.05,0.03,100,5,0.8,0.01,pairwise,466.0,1.35
tune_6,Tuning/hos_35_r1_1.txt,1.0,0.05,0.03,100,5,0.8,0.01,pairwise,441.0,1.37
tune_7,Tuning/hos_35_r1_1.txt,1.0,0.05,0.03,100,5,0.8,0.01,pairwise,466.0,1.35
tune_8,Tuning/hos_35_r1_1.txt,1.0,0.05,0.03,100,5,0.8,0.01,pairwise,466.0,1.38
tune_9,Tuning/hos_35_r1_1.txt,1.0,0.05,0.03,100,5,0.8,0.01,pairwise,466.0,1.39
tune_10,Tuning/hos_35_r1_1.txt,1.0,0.05,0.03,100,5,0.8,0.01,pairwise,466.0,1.32
tune_1,Tuning/mac_grafo20dens30.txt,1.0,0.05,0.03,100,5,0.8,0.01,pairwise,153.0,1.34
tune_2,Tuning/mac_grafo20dens30.txt,1.0,0.05,0.03,100,5,0.8,0.01,pairwise,153.0,1.40
tune_3,Tuning/mac_grafo20dens30.txt,1.0,0.05,0.03,100,5,0.8,0.01,pairwise,153.0,1.35
tune_4,Tuning/mac_grafo20dens30.txt,1.0,0.05,0.03,100,5,0.8,0.01,pairwise,153.0,1.31
tune_5,Tuning/mac_grafo20dens30.txt,1.0,0.05,0.03,100,5,0.8,0.01,pairwise,153.0,1.33
tune_6,Tuning/mac_grafo20dens30.txt,1.0,0.05,0.03,100,5,0.8,0.01,pairwise,153.0,1.35
tune_7,Tuning/mac_grafo20dens30.txt,1.0,0.05,0.03,100,5,0.8,0.01,pairwise,153.0,1.37
tune_8,Tuning/mac_grafo20dens30.txt,1.0,0.05,0.03,100,5,0.8,0.01,pairwise,153.0,1.33
tune_9,Tuning/mac_grafo20dens30.txt,1.0,0.05,0.03,100,5,0.8,0.01,pairwise,153.0,1.37
tune_10,Tuning/mac_grafo20dens30.txt,1.0,0.05,0.03,100,5,0.8,0.01,pairwise,153.0,1.37
tune_1,Tuning/bog_150_p0.1_2.txt,1.0,0.05,0.03,100,5,0.8,0.02,pairwise,10153.0,4.97
tune_2,Tuning/bog_150_p0.1_2.txt,1.0,0.05,0.03,100,5,0.8,0.02,pairwise,10153.0,4.95
tune_3,Tuning/bog_150_p0.1_2.txt,1.0,0.05,0.03,100,5,0.8,0.02,pairwise,10153.0,5.01
tune_4,Tuning/bog_150_p0.1_2.txt,1.0,0.05,0.03,100,5,0.8,0.02,pairwise,10153.0,5.08
tune_5,Tuning/bog_150_p0.1_2.txt,1.0,0.05,0.03,100,5,0.8,0.02,pairwise,10153.0,4.98
tune_6,Tuning/bog_150_p0.1_2.txt,1.0,0.05,0.03,100,5,0.8,0.02,pairwise,10153.0,5.01
tune_7,Tuning/bog_150_p0.1_2.txt,1.0,0.05,0.03,100,5,0.8,0.02,pairwise,10153.0,4.99
tune_8,Tuning/bog_150_p0.1_2.txt,1.0,0.05,0.03,100,5,0.8,0.02,pairwise,10153.0,5.12
tune_9,Tuning/bog_150_p0.1_2.txt,1.0,0.05,0.03,100,5,0.8,0.02,pairwise,10153.0,4.98
tune_10,Tuning/bog_150_p0.1_2.txt,1.0,0.05,0.03,100,5,0.8,0.02,pairwise,10153.0,5.02
tune_1,Tuning/cor_dolphins-w.txt,1.0,0.05,0.03,100,5,0.8,0.02,pairwise,1225.0,1.69
tune_2,Tuning/cor_dolphins-w.txt,1.0,0.05,0.03,100,5,0.8,0.02,pairwise,1225.0,1.72
tune_3,Tuning/cor_dolphins-w.txt,1.0,0.05,0.03,100,5,0.8,0.02,pairwise,1275.0,1.72
tune_4,Tuning/cor_dolphins-w.txt,1.0,0.05,0.03,100,5,0.8,0.02,pairwise,1226.0,1.78
tune_5,Tuning/cor_dolphins-w.txt,1.0,0.05,0.03,100,5,0.8,0.02,pairwise,1326.0,1.72
tune_6,Tuning/cor_dolphins-w.txt,1.0,0.05,0.03,100,5,0.8,0.02,pairwise,1225.0,1.70
tune_7,Tuning/cor_dolphins-w.txt,1.0,0.05,0.03,100,5,0.8,0.02,pairwise,1225.0,1.78
tune_8,Tuning/cor_dolphins-w.txt,1.0,0.05,0.03,100,5,0.8,0.02,pairwise,1275.0,1.71
tune_9,Tuning/cor_dolphins-w.txt,1.0,0.05,0.03,100,5,0.8,0.02,pairwise,1326.0,1.71
tune_10,Tuning/cor_dolphins-w.txt,1.0,0.05,0.03,100,5,0.8,0.02,pairwise,1225.0,1.76
tune_1,Tuning/hos_35_r1_1.txt,1.0,0.05,0.03,100,5,0.8,0.02,pairwise,466.0,1.41
tune_2,Tuning/hos_35_r1_1.txt,1.0,0.05,0.03,100,5,0.8,0.02,pairwise,441.0,1.37
tune_3,Tuning/hos_35_r1_1.txt,1.0,0.05,0.03,100,5,0.8,0.02,pairwise,441.0,1.44
tune_4,Tuning/hos_35_r1_1.txt,1.0,0.05,0.03,100,5,0.8,0.02,pairwise,466.0,1.37
tune_5,Tuning/hos_35_r1_1.txt,1.0,0.05,0.03,100,5,0.8,0.02,pairwise,466.0,1.38
tune_6,Tuning/hos_35_r1_1.txt,1.0,0.05,0.03,100,5,0.8,0.02,pairwise,441.0,1.37
tune_7,Tuning/hos_35_r1_1.txt,1.0,0.05,0.03,100,5,0.8,0.02,pairwise,466.0,1.36
tune_8,Tuning/hos_35_r1_1.txt,1.0,0.05,0.03,100,5,0.8,0.02,pairwise,441.0,1.36
tune_9,Tuning/hos_35_r1_1.txt,1.0,0.05,0.03,100,5,0.8,0.02,pairwise,466.0,1.37
tune_10,Tuning/hos_35_r1_1.txt,1.0,0.05,0.03,100,5,0.8,0.02,pairwise,466.0,1.39
tune_1,Tuning/mac_grafo20dens30.txt,1.0,0.05,0.03,100,5,0.8,0.02,pairwise,153.0,1.35
tune_2,Tuning/mac_grafo20dens30.txt,1.0,0.05,0.03,100,5,0.8,0.02,pairwise,153.0,1.35
tune_3,Tuning/mac_grafo20dens30.txt,1.0,0.05,0.03,100,5,0.8,0.02,pairwise,153.0,1.36
tune_4,Tuning/mac_grafo20dens30.txt,1.0,0.05,0.03,100,5,0.8,0.02,pairwise,153.0,1.35
tune_5,Tuning/mac_grafo20dens30.txt,1.0,0.05,0.03,100,5,0.8,0.02,pairwise,153.0,1.33
tune_6,Tuning/mac_grafo20dens30.txt,1.0,0.05,0.03,100,5,0.8,0.02,pairwise,153.0,1.43
tune_7,Tuning/mac_grafo20dens30.txt,1.0,0.05,0.03,100,5,0.8,0.02,pairwise,153.0,1.33
tune_8,Tuning/mac_grafo20dens30.txt,1.0,0.05,0.03,100,5,0.8,0.02,pairwise,153.0,1.38
tune_9,Tuning/mac_grafo20dens30.txt,1.0,0.05,0.03,100,5,0.8,0.02,pairwise,153.0,1.34
tune_10,Tuning/mac_grafo20dens30.txt,1.0,0.05,0.03,100,5,0.8,0.02,pairwise,153.0,1.35
tune_1,Tuning/bog_150_p0.1_2.txt,1.0,0.05,0.03,100,5,0.9,0.01,pairwise,10153.0,5.46
tune_2,Tuning/bog_150_p0.1_2.txt,1.0,0.05,0.03,100,5,0.9,0.01,pairwise,10153.0,5.47
tune_3,Tuning/bog_150_p0.1_2.txt,1.0,0.05,0.03,100,5,0.9,0.01,pairwise,10153.0,5.42
tune_4,Tuning/bog_150_p0.1_2.txt,1.0,0.05,0.03,100,5,0.9,0.01,pairwise,10153.0,5.48
tune_5,Tuning/bog_150_p0.1_2.txt,1.0,0.05,0.03,100,5,0.9,0.01,pairwise,10153.0,5.46
tune_6,Tuning/bog_150_p0.1_2.txt,1.0,0.05,0.03,100,5,0.9,0.01,pairwise,10153.0,5.53
tune_7,Tuning/bog_150_p0.1_2.txt,1.0,0.05,0.03,100,5,0.9,0.01,pairwise,10153.0,5.52
tune_8,Tuning/bog_150_p0.1_2.txt,1.0,0.05,0.03,100,5,0.9,0.01,pairwise,10153.0,5.51
tune_9,Tuning/bog_150_p0.1_2.txt,1.0,0.05,0.03,100,5,0.9,0.01,pairwise,10153.0,5.51
tune_10,Tuning/bog_150_p0.1_2.txt,1.0,0.05,0.03,100,5,0.9,0.01,pairwise,10153.0,5.59
tune_1,Tuning/cor_dolphins-w.txt,1.0,0.05,0.03,100,5,0.9,0.01,pairwise,1225.0,1.85
tune_2,Tuning/cor_dolphins-w.txt,1.0,0.05,0.03,100,5,0.9,0.01,pairwise,1225.0,1.83
tune_3,Tuning/cor_dolphins-w.txt,1.0,0.05,0.03,100,5,0.9,0.01,pairwise,1275.0,1.83
tune_4,Tuning/cor_dolphins-w.txt,1.0,0.05,0.03,100,5,0.9,0.01,pairwise,1225.0,1.81
tune_5,Tuning/cor_dolphins-w.txt,1.0,0.05,0.03,100,5,0.9,0.01,pairwise,1225.0,1.80
tune_6,Tuning/cor_dolphins-w.txt,1.0,0.05,0.03,100,5,0.9,0.01,pairwise,1225.0,1.82
tune_7,Tuning/cor_dolphins-w.txt,1.0,0.05,0.03,100,5,0.9,0.01,pairwise,1225.0,1.84
tune_8,Tuning/cor_dolphins-w.txt,1.0,0.05,0.03,100,5,0.9,0.01,pairwise,1275.0,1.82
tune_9,Tuning/cor_dolphins-w.txt,1.0,0.05,0.03,100,5,0.9,0.01,pairwise,1275.0,1.94
tune_10,Tuning/cor_dolphins-w.txt,1.0,0.05,0.03,100,5,0.9,0.01,pairwise,1275.0,1.84
tune_1,Tuning/hos_35_r1_1.txt,1.0,0.05,0.03,100,5,0.9,0.01,pairwise,466.0,1.43
tune_2,Tuning/hos_35_r1_1.txt,1.0,0.05,0.03,100,5,0.9,0.01,pairwise,441.0,1.44
tune_3,Tuning/hos_35_r1_1.txt,1.0,0.05,0.03,100,5,0.9,0.01,pairwise,441.0,1.46
tune_4,Tuning/hos_35_r1_1.txt,1.0,0.05,0.03,100,5,0.9,0.01,pairwise,441.0,1.42
tune_5,Tuning/hos_35_r1_1.txt,1.0,0.05,0.03,100,5,0.9,0.01,pairwise,441.0,1.41
tune_6,Tuning/hos_35_r1_1.txt,1.0,0.05,0.03,100,5,0.9,0.01,pairwise,466.0,1.44
tune_7,Tuning/hos_35_r1_1.txt,1.0,0.05,0.03,100,5,0.9,0.01,pairwise,466.0,1.44
tune_8,Tuning/hos_35_r1_1.txt,1.0,0.05,0.03,100,5,0.9,0.01,pairwise,466.0,1.42
tune_9,Tuning/hos_35_r1_1.txt,1.0,0.05,0.03,100,5,0.9,0.01,pairwise,441.0,1.43
tune_10,Tuning/hos_35_r1_1.txt,1.0,0.05,0.03,100,5,0.9,0.01,pairwise,441.0,1.41
tune_1,Tuning/mac_grafo20dens30.txt,1.0,0.05,0.03,100,5,0.9,0.01,pairwise,153.0,1.41
tune_2,Tuning/mac_grafo20dens30.txt,1.0,0.05,0.03,100,5,0.9,0.01,pairwise,153.0,1.39
tune_3,Tuning/mac_grafo20dens30.txt,1.0,0.05,0.03,100,5,0.9,0.01,pairwise,153.0,1.40
tune_4,Tuning/mac_grafo20dens30.txt,1.0,0.05,0.03,100,5,0.9,0.01,pairwise,153.0,1.38
tune_5,Tuning/mac_grafo20dens30.txt,1.0,0.05,0.03,100,5,0.9,0.01,pairwise,153.0,1.39
tune_6,Tuning/mac_grafo20dens30.txt,1.0,0.05,0.03,100,5,0.9,0.01,pairwise,153.0,1.40
tune_7,Tuning/mac_grafo20dens30.txt,1.0,0.05,0.03,100,5,0.9,0.01,pairwise,153.0,1.38
tune_8,Tuning/mac_grafo20dens30.txt,1.0,0.05,0.03,100,5,0.9,0.01,pairwise,153.0,1.37
tune_9,Tuning/mac_grafo20dens30.txt,1.0,0.05,0.03,100,5,0.9,0.01,pairwise,153.0,1.40
tune_10,Tuning/mac_grafo20dens30.txt,1.0,0.05,0.03,100,5,0.9,0.01,pairwise,153.0,1.38
tune_1,Tuning/bog_150_p0.1_2.txt,1.0,0.05,0.03,100,5,0.9,0.02,pairwise,10153.0,5.51
tune_2,Tuning/bog_150_p0.1_2.txt,1.0,0.05,0.03,100,5,0.9,0.02,pairwise,10153.0,5.47
tune_3,Tuning/bog_150_p0.1_2.txt,1.0,0.05,0.03,100,5,0.9,0.02,pairwise,10153.0,5.51
tune_4,Tuning/bog_150_p0.1_2.txt,1.0,0.05,0.03,100,5,0.9,0.02,pairwise,10153.0,5.53
tune_5,Tuning/bog_150_p0.1_2.txt,1.0,0.05,0.03,100,5,0.9,0.02,pairwise,10153.0,5.47
tune_6,Tuning/bog_150_p0.1_2.txt,1.0,0.05,0.03,100,5,0.9,0.02,pairwise,10153.0,5.51
tune_7,Tuning/bog_150_p0.1_2.txt,1.0,0.05,0.03,100,5,0.9,0.02,pairwise,10153.0,5.47
tune_8,Tuning/bog_150_p0.1_2.txt,1.0,0.05,0.03,100,5,0.9,0.02,pairwise,10153.0,5.55
tune_9,Tuning/bog_150_p0.1_2.txt,1.0,0.05,0.03,100,5,0.9,0.02,pairwise,10153.0,5.54
tune_10,Tuning/bog_150_p0.1_2.txt,1.0,0.05,0.03,100,5,0.9,0.02,pairwise,10153.0,5.55
tune_1,Tuning/cor_dolphins-w.txt,1.0,0.05,0.03,100,5,0.9,0.02,pairwise,1275.0,1.80
tune_2,Tuning/cor_dolphins-w.txt,1.0,0.05,0.03,100,5,0.9,0.02,pairwise,1275.0,1.84
tune_3,Tuning/cor_dolphins-w.txt,1.0,0.05,0.03,100,5,0.9,0.02,pairwise,1225.0,1.80
tune_4,Tuning/cor_dolphins-w.txt,1.0,0.05,0.03,100,5,0.9,0.02,pairwise,1225.0,1.85
tune_5,Tuning/cor_dolphins-w.txt,1.0,0.05,0.03,100,5,0.9,0.02,pairwise,1275.0,1.83
tune_6,Tuning/cor_dolphins-w.txt,1.0,0.05,0.03,100,5,0.9,0.02,pairwise,1275.0,1.90
tune_7,Tuning/cor_dolphins-w.txt,1.0,0.05,0.03,100,5,0.9,0.02,pairwise,1275.0,1.81
tune_8,Tuning/cor_dolphins-w.txt,1.0,0.05,0.03,100,5,0.9,0.02,pairwise,1226.0,1.85
tune_9,Tuning/cor_dolphins-w.txt,1.0,0.05,0.03,100,5,0.9,0.02,pairwise,1225.0,1.85
tune_10,Tuning/cor_dolphins-w.txt,1.0,0.05,0.03,100,5,0.9,0.02,pairwise,1225.0,1.83
tune_1,Tuning/hos_35_r1_1.txt,1.0,0.05,0.03,100,5,0.9,0.02,pairwise,466.0,1.57
tune_2,Tuning/hos_35_r1_1.txt,1.0,0.05,0.03,100,5,0.9,0.02,pairwise,466.0,1.44
tune_3,Tuning/hos_35_r1_1.txt,1.0,0.05,0.03,100,5,0.9,0.02,pairwise,466.0,1.45
tune_4,Tuning/hos_35_r1_1.txt,1.0,0.05,0.03,100,5,0.9,0.02,pairwise,466.0,1.41
tune_5,Tuning/hos_35_r1_1.txt,1.0,0.05,0.03,100,5,0.9,0.02,pairwise,466.0,1.44
tune_6,Tuning/hos_35_r1_1.txt,1.0,0.05,0.03,100,5,0.9,0.02,pairwise,441.0,1.45
tune_7,Tuning/hos_35_r1_1.txt,1.0,0.05,0.03,100,5,0.9,0.02,pairwise,466.0,1.63
tune_8,Tuning/hos_35_r1_1.txt,1.0,0.05,0.03,100,5,0.9,0.02,pairwise,441.0,1.45
tune_9,Tuning/hos_35_r1_1.txt,1.0,0.05,0.03,100,5,0.9,0.02,pairwise,466.0,1.45
tune_10,Tuning/hos_35_r1_1.txt,1.0,0.05,0.03,100,5,0.9,0.02,pairwise,468.0,1.45
tune_1,Tuning/mac_grafo20dens30.txt,1.0,0.05,0.03,100,5,0.9,0.02,pairwise,153.0,1.47
tune_2,Tuning/mac_grafo20dens30.txt,1.0,0.05,0.03,100,5,0.9,0.02,pairwise,153.0,1.51
tune_3,Tuning/mac_grafo20dens30.txt,1.0,0.05,0.03,100,5,0.9,0.02,pairwise,153.0,1.47
tune_4,Tuning/mac_grafo20dens30.txt,1.0,0.05,0.03,100,5,0.9,0.02,pairwise,153.0,1.68
tune_5,Tuning/mac_grafo20dens30.txt,1.0,0.05,0.03,100,5,0.9,0.02,pairwise,153.0,1.42
tune_6,Tuning/mac_grafo20dens30.txt,1.0,0.05,0.03,100,5,0.9,0.02,pairwise,153.0,1.89
tune_7,Tuning/mac_grafo20dens30.txt,1.0,0.05,0.03,100,5,0.9,0.02,pairwise,153.0,1.40
tune_8,Tuning/mac_grafo20dens30.txt,1.0,0.05,0.03,100,5,0.9,0.02,pairwise,153.0,1.95
tune_9,Tuning/mac_grafo20dens30.txt,1.0,0.05,0.03,100,5,0.9,0.02,pairwise,153.0,1.42
tune_10,Tuning/mac_grafo20dens30.txt,1.0,0.05,0.03,100,5,0.9,0.02,pairwise,153.0,1.42
