run_id,input_file,budget,node_fraction,edge_fraction,population_size,tournament_size,p_crossover,p_mutation,payoff_function,best_fitness,runtime_seconds,generation_number,fitness_value_1,fitness_value_2,fitness_value_3,fitness_value_4,fitness_value_5,fitness_value_6,fitness_value_7,fitness_value_8,fitness_value_9,fitness_value_10,fitness_value_11,fitness_value_12,fitness_value_13,fitness_value_14,fitness_value_15,fitness_value_16,fitness_value_17,fitness_value_18,fitness_value_19,fitness_value_20,fitness_value_21,fitness_value_22,fitness_value_23,fitness_value_24,fitness_value_25,fitness_value_26,fitness_value_27,fitness_value_28,fitness_value_29,fitness_value_30,fitness_value_31,fitness_value_32,fitness_value_33,fitness_value_34,fitness_value_35,fitness_value_36,fitness_value_37,fitness_value_38,fitness_value_39,fitness_value_40,fitness_value_41,fitness_value_42,fitness_value_43,fitness_value_44,fitness_value_45,fitness_value_46,fitness_value_47,fitness_value_48,fitness_value_49,fitness_value_50,fitness_value_51,fitness_value_52,fitness_value_53,fitness_value_54,fitness_value_55,fitness_value_56,fitness_value_57,fitness_value_58,fitness_value_59,fitness_value_60,fitness_value_61,fitness_value_62,fitness_value_63,fitness_value_64,fitness_value_65,fitness_value_66,fitness_value_67,fitness_value_68,fitness_value_69,fitness_value_70,fitness_value_71,fitness_value_72,fitness_value_73,fitness_value_74,fitness_value_75,fitness_value_76,fitness_value_77,fitness_value_78,fitness_value_79,fitness_value_80,fitness_value_81,fitness_value_82,fitness_value_83,fitness_value_84,fitness_value_85,fitness_value_86,fitness_value_87,fitness_value_88,fitness_value_89,fitness_value_90,fitness_value_91,fitness_value_92,fitness_value_93,fitness_value_94,fitness_value_95,fitness_value_96,fitness_value_97,fitness_value_98,fitness_value_99,fitness_value_100,fitness_value_101,fitness_value_102,fitness_value_103,fitness_value_104,fitness_value_105,fitness_value_106,fitness_value_107,fitness_value_108,fitness_value_109,fitness_value_110,fitness_value_111,fitness_value_112,fitness_value_113,fitness_value_114,fitness_value_115,fitness_value_116,fitness_value_117,fitness_value_118,fitness_value_119,fitness_value_120,fitness_value_121,fitness_value_122,fitness_value_123,fitness_value_124,fitness_value_125,fitness_value_126,fitness_value_127,fitness_value_128,fitness_value_129,fitness_value_130,fitness_value_131,fitness_value_132,fitness_value_133,fitness_value_134,fitness_value_135,fitness_value_136,fitness_value_137,fitness_value_138,fitness_value_139,fitness_value_140,fitness_value_141,fitness_value_142,fitness_value_143,fitness_value_144,fitness_value_145,fitness_value_146,fitness_value_147,fitness_value_148,fitness_value_149,fitness_value_150,fitness_value_151,fitness_value_152,fitness_value_153,fitness_value_154,fitness_value_155,fitness_value_156,fitness_value_157,fitness_value_158,fitness_value_159,fitness_value_160,fitness_value_161,fitness_value_162,fitness_value_163,fitness_value_164,fitness_value_165,fitness_value_166,fitness_value_167,fitness_value_168,fitness_value_169,fitness_value_170,fitness_value_171,fitness_value_172,fitness_value_173,fitness_value_174,fitness_value_175,fitness_value_176,fitness_value_177,fitness_value_178,fitness_value_179,fitness_value_180,fitness_value_181,fitness_value_182,fitness_value_183,fitness_value_184,fitness_value_185,fitness_value_186,fitness_value_187,fitness_value_188,fitness_value_189,fitness_value_190,fitness_value_191,fitness_value_192,fitness_value_193,fitness_value_194,fitness_value_195,fitness_value_196,fitness_value_197,fitness_value_198,fitness_value_199,fitness_value_200
tune_1,Testing/network-cor-forma_eu_27t.txt,0.05,0,0.03,50,3,0.8,0.01,largest,15279.0,608.60,124,15547.0,15547.0,15544.0,15542.0,15535.0,15521.0,15517.0,15513.0,15509.0,15506.0,15495.0,15494.0,15482.0,15481.0,15477.0,15468.0,15468.0,15464.0,15453.0,15452.0,15446.0,15428.0,15428.0,15427.0,15420.0,15420.0,15407.0,15407.0,15406.0,15398.0,15398.0,15394.0,15393.0,15389.0,15378.0,15378.0,15376.0,15371.0,15371.0,15366.0,15357.0,15355.0,15355.0,15355.0,15351.0,15351.0,15350.0,15342.0,15342.0,15338.0,15337.0,15333.0,15333.0,15333.0,15330.0,15330.0,15330.0,15327.0,15324.0,15324.0,15320.0,15312.0,15312.0,15307.0,15307.0,15303.0,15303.0,15303.0,15303.0,15303.0,15303.0,15303.0,15303.0,15302.0,15302.0,15302.0,15302.0,15302.0,15297.0,15297.0,15290.0,15290.0,15290.0,15290.0,15290.0,15290.0,15290.0,15290.0,15290.0,15290.0,15290.0,15290.0,15290.0,15287.0,15287.0,15287.0,15287.0,15287.0,15287.0,15287.0,15285.0,15285.0,15284.0,15284.0,15284.0,15284.0,15284.0,15282.0,15282.0,15282.0,15282.0,15282.0,15282.0,15282.0,15281.0,15281.0,15281.0,15281.0,15281.0,15281.0,15281.0,15280.0,15280.0,15280.0,15279.0,15279.0,15279.0,15279.0,15279.0,15279.0,15279.0,15279.0,15279.0,15279.0,15279.0,15279.0,15279.0,15279.0,15279.0,15279.0,15279.0,15279.0,15279.0,15279.0,15279.0,15279.0,15279.0,15279.0,15279.0,15279.0,15279.0,15279.0,15279.0,15279.0,15279.0,15279.0,15279.0,15279.0,15279.0,15279.0,15279.0,15279.0,15279.0,15279.0,15279.0,15279.0,15279.0,15279.0,15279.0,15279.0,15279.0,15279.0,15279.0,15279.0,15279.0,15279.0,15279.0,15279.0,15279.0,15279.0,15279.0,15279.0,15279.0,15279.0,15279.0,15279.0,15279.0,15279.0,15279.0,15279.0,15279.0,15279.0,15279.0,15279.0,15279.0,15279.0,15279.0,15279.0,15279.0,15279.0
tune_2,Testing/network-cor-forma_eu_27t.txt,0.05,0,0.03,50,3,0.8,0.01,largest,15286.0,530.46,134,15555.0,15546.0,15536.0,15536.0,15535.0,15527.0,15521.0,15521.0,15507.0,15500.0,15497.0,15494.0,15487.0,15486.0,15482.0,15469.0,15469.0,15469.0,15461.0,15451.0,15451.0,15446.0,15442.0,15438.0,15437.0,15433.0,15429.0,15425.0,15419.0,15419.0,15419.0,15417.0,15402.0,15402.0,15394.0,15394.0,15388.0,15387.0,15383.0,15383.0,15376.0,15368.0,15368.0,15368.0,15368.0,15368.0,15357.0,15357.0,15357.0,15357.0,15357.0,15357.0,15350.0,15350.0,15346.0,15346.0,15346.0,15346.0,15344.0,15343.0,15343.0,15338.0,15338.0,15332.0,15331.0,15331.0,15331.0,15329.0,15329.0,15329.0,15328.0,15328.0,15327.0,15326.0,15324.0,15322.0,15321.0,15321.0,15321.0,15321.0,15321.0,15321.0,15321.0,15318.0,15318.0,15318.0,15317.0,15317.0,15308.0,15308.0,15308.0,15308.0,15308.0,15308.0,15308.0,15308.0,15304.0,15304.0,15304.0,15304.0,15304.0,15304.0,15300.0,15300.0,15300.0,15300.0,15300.0,15300.0,15300.0,15300.0,15300.0,15300.0,15300.0,15297.0,15297.0,15297.0,15292.0,15292.0,15292.0,15292.0,15292.0,15290.0,15290.0,15290.0,15290.0,15290.0,15289.0,15289.0,15288.0,15287.0,15287.0,15287.0,15287.0,15287.0,15286.0,15286.0,15286.0,15286.0,15286.0,15286.0,15286.0,15286.0,15286.0,15286.0,15286.0,15286.0,15286.0,15286.0,15286.0,15286.0,15286.0,15286.0,15286.0,15286.0,15286.0,15286.0,15286.0,15286.0,15286.0,15286.0,15286.0,15286.0,15286.0,15286.0,15286.0,15286.0,15286.0,15286.0,15286.0,15286.0,15286.0,15286.0,15286.0,15286.0,15286.0,15286.0,15286.0,15286.0,15286.0,15286.0,15286.0,15286.0,15286.0,15286.0,15286.0,15286.0,15286.0,15286.0,15286.0,15286.0,15286.0,15286.0,15286.0,15286.0,15286.0,15286.0,15286.0,15286.0,15286.0,15286.0
tune_3,Testing/network-cor-forma_eu_27t.txt,0.05,0,0.03,50,3,0.8,0.01,largest,15279.0,538.46,135,15548.0,15533.0,15533.0,15519.0,15519.0,15519.0,15513.0,15507.0,15504.0,15501.0,15494.0,15493.0,15480.0,15480.0,15473.0,15473.0,15464.0,15452.0,15449.0,15448.0,15441.0,15437.0,15423.0,15423.0,15416.0,15416.0,15416.0,15415.0,15400.0,15400.0,15398.0,15398.0,15393.0,15393.0,15389.0,15388.0,15386.0,15386.0,15379.0,15372.0,15372.0,15368.0,15366.0,15366.0,15361.0,15361.0,15360.0,15355.0,15354.0,15347.0,15347.0,15347.0,15347.0,15347.0,15334.0,15334.0,15334.0,15334.0,15334.0,15334.0,15333.0,15329.0,15318.0,15318.0,15318.0,15318.0,15318.0,15318.0,15314.0,15314.0,15314.0,15310.0,15310.0,15310.0,15310.0,15310.0,15310.0,15310.0,15310.0,15309.0,15309.0,15307.0,15307.0,15307.0,15305.0,15305.0,15305.0,15302.0,15302.0,15298.0,15298.0,15298.0,15298.0,15298.0,15298.0,15298.0,15298.0,15298.0,15298.0,15298.0,15298.0,15298.0,15294.0,15294.0,15290.0,15290.0,15290.0,15290.0,15290.0,15290.0,15289.0,15289.0,15289.0,15289.0,15289.0,15289.0,15285.0,15285.0,15285.0,15285.0,15285.0,15285.0,15285.0,15283.0,15283.0,15283.0,15283.0,15280.0,15280.0,15280.0,15280.0,15280.0,15280.0,15280.0,15280.0,15279.0,15279.0,15279.0,15279.0,15279.0,15279.0,15279.0,15279.0,15279.0,15279.0,15279.0,15279.0,15279.0,15279.0,15279.0,15279.0,15279.0,15279.0,15279.0,15279.0,15279.0,15279.0,15279.0,15279.0,15279.0,15279.0,15279.0,15279.0,15279.0,15279.0,15279.0,15279.0,15279.0,15279.0,15279.0,15279.0,15279.0,15279.0,15279.0,15279.0,15279.0,15279.0,15279.0,15279.0,15279.0,15279.0,15279.0,15279.0,15279.0,15279.0,15279.0,15279.0,15279.0,15279.0,15279.0,15279.0,15279.0,15279.0,15279.0,15279.0,15279.0,15279.0,15279.0,15279.0,15279.0
tune_4,Testing/network-cor-forma_eu_27t.txt,0.05,0,0.03,50,3,0.8,0.01,largest,15283.0,530.78,151,15551.0,15551.0,15548.0,15530.0,15527.0,15527.0,15522.0,15511.0,15511.0,15499.0,15499.0,15499.0,15494.0,15489.0,15482.0,15472.0,15472.0,15471.0,15462.0,15462.0,15460.0,15454.0,15449.0,15439.0,15439.0,15435.0,15433.0,15424.0,15413.0,15413.0,15403.0,15403.0,15398.0,15395.0,15389.0,15386.0,15384.0,15384.0,15380.0,15373.0,15373.0,15365.0,15365.0,15362.0,15362.0,15362.0,15358.0,15357.0,15357.0,15357.0,15357.0,15353.0,15350.0,15345.0,15344.0,15344.0,15344.0,15344.0,15336.0,15336.0,15336.0,15329.0,15329.0,15329.0,15321.0,15321.0,15321.0,15321.0,15321.0,15321.0,15321.0,15321.0,15321.0,15321.0,15321.0,15319.0,15319.0,15318.0,15318.0,15313.0,15313.0,15313.0,15313.0,15313.0,15313.0,15311.0,15311.0,15311.0,15311.0,15311.0,15311.0,15311.0,15309.0,15309.0,15309.0,15305.0,15305.0,15305.0,15305.0,15305.0,15305.0,15305.0,15305.0,15301.0,15301.0,15301.0,15301.0,15300.0,15300.0,15300.0,15299.0,15297.0,15297.0,15297.0,15297.0,15293.0,15293.0,15293.0,15293.0,15293.0,15290.0,15290.0,15290.0,15290.0,15290.0,15290.0,15290.0,15290.0,15287.0,15287.0,15287.0,15287.0,15287.0,15287.0,15287.0,15286.0,15286.0,15286.0,15286.0,15286.0,15286.0,15285.0,15285.0,15284.0,15284.0,15284.0,15284.0,15284.0,15284.0,15284.0,15284.0,15283.0,15283.0,15283.0,15283.0,15283.0,15283.0,15283.0,15283.0,15283.0,15283.0,15283.0,15283.0,15283.0,15283.0,15283.0,15283.0,15283.0,15283.0,15283.0,15283.0,15283.0,15283.0,15283.0,15283.0,15283.0,15283.0,15283.0,15283.0,15283.0,15283.0,15283.0,15283.0,15283.0,15283.0,15283.0,15283.0,15283.0,15283.0,15283.0,15283.0,15283.0,15283.0,15283.0,15283.0,15283.0,15283.0,15283.0,15283.0,15283.0
tune_5,Testing/network-cor-forma_eu_27t.txt,0.05,0,0.03,50,3,0.8,0.01,largest,15280.0,590.45,155,15552.0,15532.0,15532.0,15532.0,15532.0,15524.0,15518.0,15502.0,15502.0,15497.0,15496.0,15488.0,15480.0,15473.0,15463.0,15461.0,15461.0,15460.0,15453.0,15446.0,15442.0,15442.0,15434.0,15430.0,15426.0,15420.0,15419.0,15418.0,15409.0,15409.0,15407.0,15407.0,15399.0,15387.0,15387.0,15387.0,15387.0,15387.0,15383.0,15383.0,15379.0,15376.0,15373.0,15371.0,15365.0,15362.0,15359.0,15359.0,15357.0,15350.0,15350.0,15350.0,15348.0,15347.0,15340.0,15340.0,15333.0,15333.0,15333.0,15333.0,15333.0,15330.0,15330.0,15330.0,15330.0,15330.0,15330.0,15330.0,15328.0,15318.0,15318.0,15318.0,15318.0,15318.0,15318.0,15318.0,15318.0,15314.0,15311.0,15311.0,15311.0,15311.0,15311.0,15311.0,15311.0,15311.0,15311.0,15311.0,15311.0,15311.0,15311.0,15311.0,15309.0,15309.0,15309.0,15305.0,15305.0,15303.0,15303.0,15303.0,15301.0,15301.0,15301.0,15300.0,15300.0,15300.0,15298.0,15298.0,15294.0,15294.0,15294.0,15294.0,15294.0,15294.0,15294.0,15294.0,15294.0,15294.0,15290.0,15290.0,15290.0,15290.0,15290.0,15290.0,15290.0,15290.0,15290.0,15290.0,15290.0,15290.0,15288.0,15288.0,15288.0,15288.0,15288.0,15288.0,15286.0,15286.0,15286.0,15286.0,15286.0,15286.0,15282.0,15282.0,15282.0,15282.0,15282.0,15282.0,15282.0,15281.0,15281.0,15281.0,15281.0,15281.0,15281.0,15280.0,15280.0,15280.0,15280.0,15280.0,15280.0,15280.0,15280.0,15280.0,15280.0,15280.0,15280.0,15280.0,15280.0,15280.0,15280.0,15280.0,15280.0,15280.0,15280.0,15280.0,15280.0,15280.0,15280.0,15280.0,15280.0,15280.0,15280.0,15280.0,15280.0,15280.0,15280.0,15280.0,15280.0,15280.0,15280.0,15280.0,15280.0,15280.0,15280.0,15280.0,15280.0,15280.0,15280.0,15280.0
tune_6,Testing/network-cor-forma_eu_27t.txt,0.05,0,0.03,50,3,0.8,0.01,largest,15302.0,479.53,147,15560.0,15547.0,15538.0,15537.0,15533.0,15527.0,15522.0,15522.0,15513.0,15511.0,15498.0,15498.0,15489.0,15489.0,15484.0,15475.0,15475.0,15472.0,15472.0,15454.0,15448.0,15442.0,15438.0,15435.0,15435.0,15431.0,15424.0,15424.0,15420.0,15415.0,15415.0,15407.0,15406.0,15406.0,15403.0,15396.0,15392.0,15388.0,15388.0,15388.0,15381.0,15381.0,15374.0,15374.0,15374.0,15374.0,15374.0,15370.0,15367.0,15365.0,15360.0,15356.0,15356.0,15354.0,15354.0,15354.0,15354.0,15348.0,15348.0,15348.0,15345.0,15345.0,15345.0,15345.0,15345.0,15344.0,15344.0,15341.0,15341.0,15341.0,15341.0,15338.0,15338.0,15338.0,15338.0,15338.0,15338.0,15336.0,15336.0,15334.0,15329.0,15329.0,15329.0,15322.0,15322.0,15322.0,15322.0,15322.0,15322.0,15322.0,15322.0,15322.0,15322.0,15316.0,15316.0,15316.0,15316.0,15316.0,15316.0,15316.0,15316.0,15316.0,15316.0,15316.0,15314.0,15314.0,15313.0,15312.0,15312.0,15312.0,15311.0,15311.0,15311.0,15311.0,15311.0,15311.0,15311.0,15310.0,15310.0,15310.0,15309.0,15307.0,15307.0,15307.0,15307.0,15307.0,15307.0,15306.0,15304.0,15304.0,15304.0,15304.0,15304.0,15304.0,15304.0,15304.0,15304.0,15304.0,15304.0,15304.0,15304.0,15303.0,15303.0,15303.0,15303.0,15303.0,15303.0,15302.0,15302.0,15302.0,15302.0,15302.0,15302.0,15302.0,15302.0,15302.0,15302.0,15302.0,15302.0,15302.0,15302.0,15302.0,15302.0,15302.0,15302.0,15302.0,15302.0,15302.0,15302.0,15302.0,15302.0,15302.0,15302.0,15302.0,15302.0,15302.0,15302.0,15302.0,15302.0,15302.0,15302.0,15302.0,15302.0,15302.0,15302.0,15302.0,15302.0,15302.0,15302.0,15302.0,15302.0,15302.0,15302.0,15302.0,15302.0,15302.0,15302.0,15302.0,15302.0,15302.0
tune_7,Testing/network-cor-forma_eu_27t.txt,0.05,0,0.03,50,3,0.8,0.01,largest,15272.0,496.87,143,15551.0,15542.0,15542.0,15539.0,15535.0,15534.0,15524.0,15507.0,15507.0,15504.0,15495.0,15492.0,15490.0,15484.0,15482.0,15476.0,15474.0,15465.0,15456.0,15450.0,15440.0,15437.0,15435.0,15429.0,15417.0,15417.0,15415.0,15403.0,15403.0,15403.0,15401.0,15395.0,15395.0,15388.0,15385.0,15383.0,15382.0,15379.0,15367.0,15367.0,15364.0,15363.0,15363.0,15353.0,15353.0,15353.0,15349.0,15349.0,15347.0,15347.0,15343.0,15343.0,15342.0,15338.0,15336.0,15335.0,15335.0,15333.0,15331.0,15329.0,15329.0,15327.0,15327.0,15327.0,15326.0,15319.0,15319.0,15317.0,15317.0,15317.0,15317.0,15317.0,15317.0,15315.0,15315.0,15315.0,15309.0,15309.0,15309.0,15309.0,15306.0,15306.0,15306.0,15306.0,15306.0,15306.0,15305.0,15301.0,15301.0,15299.0,15299.0,15288.0,15288.0,15288.0,15288.0,15288.0,15288.0,15288.0,15288.0,15288.0,15288.0,15288.0,15288.0,15287.0,15287.0,15287.0,15287.0,15287.0,15284.0,15284.0,15284.0,15284.0,15284.0,15282.0,15282.0,15282.0,15281.0,15281.0,15278.0,15278.0,15278.0,15278.0,15278.0,15278.0,15275.0,15275.0,15275.0,15275.0,15275.0,15275.0,15275.0,15275.0,15275.0,15275.0,15275.0,15274.0,15274.0,15274.0,15274.0,15274.0,15274.0,15274.0,15274.0,15272.0,15272.0,15272.0,15272.0,15272.0,15272.0,15272.0,15272.0,15272.0,15272.0,15272.0,15272.0,15272.0,15272.0,15272.0,15272.0,15272.0,15272.0,15272.0,15272.0,15272.0,15272.0,15272.0,15272.0,15272.0,15272.0,15272.0,15272.0,15272.0,15272.0,15272.0,15272.0,15272.0,15272.0,15272.0,15272.0,15272.0,15272.0,15272.0,15272.0,15272.0,15272.0,15272.0,15272.0,15272.0,15272.0,15272.0,15272.0,15272.0,15272.0,15272.0,15272.0,15272.0,15272.0,15272.0,15272.0,15272.0
tune_8,Testing/network-cor-forma_eu_27t.txt,0.05,0,0.03,50,3,0.8,0.01,largest,15276.0,479.83,173,15554.0,15547.0,15546.0,15542.0,15533.0,15521.0,15521.0,15520.0,15512.0,15512.0,15509.0,15482.0,15475.0,15461.0,15461.0,15461.0,15453.0,15453.0,15444.0,15444.0,15444.0,15440.0,15432.0,15432.0,15420.0,15418.0,15418.0,15416.0,15407.0,15407.0,15402.0,15392.0,15392.0,15392.0,15392.0,15388.0,15383.0,15382.0,15379.0,15379.0,15375.0,15374.0,15367.0,15358.0,15358.0,15358.0,15358.0,15358.0,15357.0,15354.0,15351.0,15351.0,15351.0,15350.0,15348.0,15347.0,15347.0,15346.0,15343.0,15339.0,15337.0,15337.0,15337.0,15332.0,15332.0,15332.0,15332.0,15332.0,15328.0,15328.0,15328.0,15322.0,15320.0,15320.0,15320.0,15320.0,15320.0,15315.0,15314.0,15314.0,15314.0,15314.0,15314.0,15313.0,15313.0,15312.0,15308.0,15308.0,15308.0,15308.0,15308.0,15308.0,15308.0,15307.0,15307.0,15307.0,15307.0,15307.0,15301.0,15301.0,15301.0,15299.0,15299.0,15299.0,15299.0,15299.0,15298.0,15298.0,15298.0,15297.0,15297.0,15297.0,15295.0,15295.0,15292.0,15292.0,15292.0,15292.0,15292.0,15292.0,15291.0,15291.0,15291.0,15291.0,15291.0,15291.0,15291.0,15291.0,15289.0,15289.0,15287.0,15287.0,15287.0,15287.0,15287.0,15287.0,15287.0,15287.0,15287.0,15287.0,15287.0,15287.0,15280.0,15280.0,15280.0,15280.0,15280.0,15280.0,15280.0,15280.0,15280.0,15280.0,15280.0,15280.0,15280.0,15280.0,15280.0,15280.0,15280.0,15279.0,15279.0,15279.0,15277.0,15277.0,15277.0,15277.0,15277.0,15277.0,15277.0,15277.0,15277.0,15277.0,15277.0,15276.0,15276.0,15276.0,15276.0,15276.0,15276.0,15276.0,15276.0,15276.0,15276.0,15276.0,15276.0,15276.0,15276.0,15276.0,15276.0,15276.0,15276.0,15276.0,15276.0,15276.0,15276.0,15276.0,15276.0,15276.0,15276.0,15276.0
tune_9,Testing/network-cor-forma_eu_27t.txt,0.05,0,0.03,50,3,0.8,0.01,largest,15247.0,488.22,161,15556.0,15556.0,15534.0,15534.0,15530.0,15530.0,15517.0,15512.0,15497.0,15497.0,15497.0,15496.0,15486.0,15481.0,15474.0,15459.0,15451.0,15451.0,15449.0,15443.0,15443.0,15436.0,15426.0,15421.0,15419.0,15416.0,15414.0,15407.0,15407.0,15405.0,15395.0,15389.0,15385.0,15383.0,15379.0,15369.0,15368.0,15368.0,15366.0,15361.0,15358.0,15351.0,15351.0,15343.0,15343.0,15343.0,15341.0,15332.0,15331.0,15331.0,15331.0,15326.0,15325.0,15325.0,15325.0,15325.0,15325.0,15321.0,15321.0,15309.0,15309.0,15309.0,15304.0,15304.0,15304.0,15303.0,15303.0,15297.0,15297.0,15297.0,15296.0,15296.0,15291.0,15291.0,15291.0,15291.0,15291.0,15287.0,15287.0,15287.0,15287.0,15286.0,15285.0,15281.0,15281.0,15281.0,15281.0,15281.0,15281.0,15277.0,15277.0,15277.0,15277.0,15274.0,15270.0,15270.0,15270.0,15270.0,15270.0,15268.0,15268.0,15268.0,15268.0,15268.0,15266.0,15266.0,15266.0,15266.0,15266.0,15266.0,15266.0,15266.0,15263.0,15263.0,15263.0,15261.0,15261.0,15261.0,15261.0,15261.0,15259.0,15259.0,15259.0,15259.0,15259.0,15259.0,15259.0,15259.0,15259.0,15259.0,15259.0,15259.0,15259.0,15256.0,15256.0,15254.0,15254.0,15254.0,15254.0,15254.0,15254.0,15251.0,15251.0,15251.0,15251.0,15251.0,15251.0,15251.0,15250.0,15250.0,15249.0,15249.0,15249.0,15249.0,15249.0,15249.0,15249.0,15249.0,15249.0,15248.0,15248.0,15247.0,15247.0,15247.0,15247.0,15247.0,15247.0,15247.0,15247.0,15247.0,15247.0,15247.0,15247.0,15247.0,15247.0,15247.0,15247.0,15247.0,15247.0,15247.0,15247.0,15247.0,15247.0,15247.0,15247.0,15247.0,15247.0,15247.0,15247.0,15247.0,15247.0,15247.0,15247.0,15247.0,15247.0,15247.0,15247.0,15247.0,15247.0,15247.0
tune_10,Testing/network-cor-forma_eu_27t.txt,0.05,0,0.03,50,3,0.8,0.01,largest,15310.0,481.20,141,15558.0,15558.0,15555.0,15544.0,15543.0,15534.0,15523.0,15523.0,15510.0,15510.0,15510.0,15507.0,15502.0,15499.0,15486.0,15484.0,15474.0,15474.0,15471.0,15469.0,15456.0,15456.0,15456.0,15444.0,15444.0,15444.0,15435.0,15435.0,15427.0,15427.0,15415.0,15414.0,15408.0,15408.0,15408.0,15408.0,15408.0,15400.0,15394.0,15394.0,15394.0,15386.0,15386.0,15385.0,15382.0,15382.0,15376.0,15376.0,15376.0,15376.0,15374.0,15374.0,15373.0,15370.0,15369.0,15367.0,15366.0,15364.0,15354.0,15354.0,15354.0,15354.0,15354.0,15353.0,15353.0,15351.0,15351.0,15351.0,15349.0,15349.0,15345.0,15345.0,15344.0,15337.0,15333.0,15333.0,15333.0,15333.0,15333.0,15333.0,15333.0,15333.0,15333.0,15333.0,15330.0,15330.0,15330.0,15328.0,15328.0,15328.0,15324.0,15324.0,15324.0,15322.0,15322.0,15322.0,15322.0,15322.0,15322.0,15322.0,15315.0,15315.0,15315.0,15315.0,15315.0,15315.0,15315.0,15315.0,15315.0,15315.0,15314.0,15314.0,15314.0,15314.0,15314.0,15314.0,15314.0,15314.0,15314.0,15314.0,15314.0,15313.0,15313.0,15313.0,15313.0,15313.0,15312.0,15312.0,15312.0,15312.0,15312.0,15312.0,15312.0,15311.0,15311.0,15311.0,15311.0,15311.0,15311.0,15311.0,15311.0,15310.0,15310.0,15310.0,15310.0,15310.0,15310.0,15310.0,15310.0,15310.0,15310.0,15310.0,15310.0,15310.0,15310.0,15310.0,15310.0,15310.0,15310.0,15310.0,15310.0,15310.0,15310.0,15310.0,15310.0,15310.0,15310.0,15310.0,15310.0,15310.0,15310.0,15310.0,15310.0,15310.0,15310.0,15310.0,15310.0,15310.0,15310.0,15310.0,15310.0,15310.0,15310.0,15310.0,15310.0,15310.0,15310.0,15310.0,15310.0,15310.0,15310.0,15310.0,15310.0,15310.0,15310.0,15310.0,15310.0,15310.0,15310.0,15310.0
tune_1,Testing/network-cor-forma_eu_27t.txt,0.05,0,0.03,50,3,0.8,0.01,pairwise,117083388.0,473.92,127,121002386.0,121002386.0,120784702.0,120784701.0,120722537.0,120551681.0,120458536.0,120396463.0,120287865.0,120287865.0,120117315.0,120055324.0,120055324.0,119761100.0,119761100.0,119621853.0,119544533.0,119544533.0,119374507.0,119374507.0,119343610.0,119328158.0,119235484.0,119003969.0,119003969.0,119003969.0,118973114.0,118803502.0,118803502.0,118772674.0,118695626.0,118664815.0,118664815.0,118587805.0,118572405.0,118572402.0,118572402.0,118387688.0,118356914.0,118310765.0,118310765.0,118310765.0,118295385.0,118280001.0,118126254.0,118126254.0,118064779.0,118034047.0,118034047.0,118003322.0,117957240.0,117957240.0,117941884.0,117941884.0,117911168.0,117895812.0,117895812.0,117895812.0,117834401.0,117742310.0,117742310.0,117742310.0,117742310.0,117742310.0,117711618.0,117711618.0,117680936.0,117650255.0,117650255.0,117634915.0,117634915.0,117588907.0,117588905.0,117542903.0,117450927.0,117450927.0,117450927.0,117450927.0,117450927.0,117435603.0,117435603.0,117435603.0,117374314.0,117374314.0,117358993.0,117358993.0,117343672.0,117343672.0,117313034.0,117313034.0,117267089.0,117267089.0,117267089.0,117267089.0,117267089.0,117267089.0,117267089.0,117190529.0,117190529.0,117190529.0,117190529.0,117190529.0,117190529.0,117190529.0,117190529.0,117129300.0,117129300.0,117129300.0,117129300.0,117129300.0,117129300.0,117113994.0,117113994.0,117113994.0,117113994.0,117113994.0,117113994.0,117113994.0,117113994.0,117113994.0,117098692.0,117098691.0,117098691.0,117098691.0,117098691.0,117098691.0,117098691.0,117083388.0,117083388.0,117083388.0,117083388.0,117083388.0,117083388.0,117083388.0,117083388.0,117083388.0,117083388.0,117083388.0,117083388.0,117083388.0,117083388.0,117083388.0,117083388.0,117083388.0,117083388.0,117083388.0,117083388.0,117083388.0,117083388.0,117083388.0,117083388.0,117083388.0,117083388.0,117083388.0,117083388.0,117083388.0,117083388.0,117083388.0,117083388.0,117083388.0,117083388.0,117083388.0,117083388.0,117083388.0,117083388.0,117083388.0,117083388.0,117083388.0,117083388.0,117083388.0,117083388.0,117083388.0,117083388.0,117083388.0,117083388.0,117083388.0,117083388.0,117083388.0,117083388.0,117083388.0,117083388.0,117083388.0,117083388.0,117083388.0,117083388.0,117083388.0,117083388.0,117083388.0,117083388.0,117083388.0,117083388.0,117083388.0,117083388.0,117083388.0,117083388.0,117083388.0,117083388.0,117083388.0,117083388.0,117083388.0
tune_2,Testing/network-cor-forma_eu_27t.txt,0.05,0,0.03,50,3,0.8,0.01,pairwise,117374325.0,482.70,116,121049060.0,120955732.0,120784711.0,120722546.0,120707003.0,120582742.0,120443016.0,120443016.0,120443016.0,120349914.0,120349914.0,120225842.0,120132817.0,120039840.0,120039840.0,119977868.0,119761110.0,119761110.0,119606404.0,119606404.0,119606404.0,119374522.0,119374522.0,119374522.0,119281839.0,119250952.0,119158301.0,119019419.0,119019419.0,118896019.0,118896019.0,118880606.0,118865182.0,118757277.0,118711048.0,118711048.0,118618620.0,118603219.0,118526228.0,118433868.0,118387700.0,118280014.0,118280014.0,118280014.0,118280014.0,118280014.0,118280014.0,118233885.0,118064792.0,118064792.0,118064792.0,118064792.0,118064792.0,118064792.0,117957254.0,117957254.0,117957254.0,117957254.0,117926540.0,117926540.0,117926540.0,117926540.0,117911180.0,117880470.0,117880470.0,117880470.0,117880470.0,117803714.0,117803714.0,117803714.0,117788365.0,117788365.0,117757671.0,117696292.0,117696292.0,117696292.0,117680952.0,117650272.0,117650272.0,117650272.0,117650272.0,117588922.0,117588922.0,117588922.0,117588921.0,117588921.0,117573588.0,117573588.0,117573588.0,117512259.0,117512257.0,117512257.0,117512257.0,117512257.0,117512257.0,117435619.0,117435619.0,117435619.0,117435619.0,117435619.0,117435619.0,117435619.0,117435619.0,117435619.0,117420294.0,117420294.0,117404970.0,117404970.0,117404970.0,117404970.0,117404970.0,117404970.0,117389648.0,117374326.0,117374326.0,117374326.0,117374325.0,117374325.0,117374325.0,117374325.0,117374325.0,117374325.0,117374325.0,117374325.0,117374325.0,117374325.0,117374325.0,117374325.0,117374325.0,117374325.0,117374325.0,117374325.0,117374325.0,117374325.0,117374325.0,117374325.0,117374325.0,117374325.0,117374325.0,117374325.0,117374325.0,117374325.0,117374325.0,117374325.0,117374325.0,117374325.0,117374325.0,117374325.0,117374325.0,117374325.0,117374325.0,117374325.0,117374325.0,117374325.0,117374325.0,117374325.0,117374325.0,117374325.0,117374325.0,117374325.0,117374325.0,117374325.0,117374325.0,117374325.0,117374325.0,117374325.0,117374325.0,117374325.0,117374325.0,117374325.0,117374325.0,117374325.0,117374325.0,117374325.0,117374325.0,117374325.0,117374325.0,117374325.0,117374325.0,117374325.0,117374325.0,117374325.0,117374325.0,117374325.0,117374325.0,117374325.0,117374325.0,117374325.0,117374325.0,117374325.0,117374325.0,117374325.0,117374325.0,117374325.0,117374325.0,117374325.0,117374325.0,117374325.0,117374325.0,117374325.0
tune_3,Testing/network-cor-forma_eu_27t.txt,0.05,0,0.03,50,3,0.8,0.01,pairwise,117466258.0,489.98,153,121002392.0,121002392.0,120846898.0,120738093.0,120738093.0,120613805.0,120505121.0,120474071.0,120365435.0,120365435.0,120318890.0,120225845.0,120132829.0,119962385.0,119962385.0,119931408.0,119761112.0,119761108.0,119745635.0,119714683.0,119513617.0,119482704.0,119451780.0,119451780.0,119405419.0,119374517.0,119359067.0,119250944.0,119235493.0,119235493.0,119127427.0,119111990.0,119019406.0,119003977.0,118988552.0,118988549.0,118926854.0,118803510.0,118695633.0,118695633.0,118695633.0,118695633.0,118695626.0,118695626.0,118587810.0,118526216.0,118526216.0,118510811.0,118418471.0,118418471.0,118418471.0,118418471.0,118418471.0,118403080.0,118356911.0,118310770.0,118233874.0,118187745.0,118187745.0,118126257.0,118126257.0,118126256.0,118126256.0,118126256.0,118049419.0,118049419.0,118003326.0,118003326.0,118003326.0,117972606.0,117972606.0,117972606.0,117972606.0,117972606.0,117972606.0,117926530.0,117895816.0,117895816.0,117895816.0,117895816.0,117803707.0,117803707.0,117803707.0,117803707.0,117803707.0,117803707.0,117803707.0,117788360.0,117788360.0,117788360.0,117757660.0,117757660.0,117757660.0,117757660.0,117726970.0,117726970.0,117726970.0,117726970.0,117726970.0,117726970.0,117696281.0,117696281.0,117696281.0,117696281.0,117696281.0,117696280.0,117696280.0,117696280.0,117696280.0,117696280.0,117634920.0,117634920.0,117634920.0,117634920.0,117634920.0,117634920.0,117634920.0,117634920.0,117619585.0,117619585.0,117558245.0,117558245.0,117558245.0,117558245.0,117558245.0,117558245.0,117558245.0,117558245.0,117558245.0,117558245.0,117558240.0,117558240.0,117542908.0,117542908.0,117542908.0,117512246.0,117512246.0,117512246.0,117512246.0,117496916.0,117496916.0,117496916.0,117496916.0,117496916.0,117496916.0,117496915.0,117496915.0,117496915.0,117496915.0,117496915.0,117481586.0,117481586.0,117481586.0,117466258.0,117466258.0,117466258.0,117466258.0,117466258.0,117466258.0,117466258.0,117466258.0,117466258.0,117466258.0,117466258.0,117466258.0,117466258.0,117466258.0,117466258.0,117466258.0,117466258.0,117466258.0,117466258.0,117466258.0,117466258.0,117466258.0,117466258.0,117466258.0,117466258.0,117466258.0,117466258.0,117466258.0,117466258.0,117466258.0,117466258.0,117466258.0,117466258.0,117466258.0,117466258.0,117466258.0,117466258.0,117466258.0,117466258.0,117466258.0,117466258.0,117466258.0,117466258.0,117466258.0,117466258.0,117466258.0,117466258.0
tune_4,Testing/network-cor-forma_eu_27t.txt,0.05,0,0.03,50,3,0.8,0.01,pairwise,116472094.0,527.90,182,120986830.0,120924626.0,120722535.0,120722535.0,120707001.0,120582732.0,120520625.0,120396460.0,120396458.0,120194824.0,120148315.0,120086319.0,119761098.0,119761098.0,119745618.0,119745618.0,119451775.0,119451775.0,119451775.0,119328154.0,119250935.0,119111989.0,119111989.0,119111989.0,119111983.0,118849745.0,118849745.0,118849745.0,118834332.0,118741849.0,118741849.0,118664811.0,118464631.0,118464631.0,118449243.0,118449243.0,118356913.0,118356913.0,118310764.0,118310764.0,118233863.0,118233863.0,118203106.0,118203106.0,118126244.0,118003323.0,118003323.0,118003320.0,118003315.0,118003315.0,117849744.0,117819043.0,117757649.0,117650250.0,117650250.0,117650250.0,117573569.0,117573569.0,117573569.0,117573567.0,117573567.0,117527573.0,117435601.0,117420277.0,117420277.0,117420277.0,117420277.0,117251771.0,117251771.0,117251771.0,117251771.0,117251771.0,117205835.0,117205835.0,117205835.0,117205835.0,117205835.0,117144606.0,117144606.0,117144605.0,117113995.0,117113995.0,117113995.0,117052783.0,117052783.0,117052783.0,117052783.0,117052783.0,117052783.0,117052783.0,117052782.0,117052782.0,117006886.0,117006886.0,117006886.0,117006886.0,117006886.0,117006886.0,117006886.0,117006886.0,116945706.0,116945706.0,116945706.0,116945706.0,116945706.0,116945706.0,116838679.0,116838679.0,116838679.0,116838679.0,116838679.0,116838679.0,116823392.0,116823392.0,116823392.0,116823392.0,116823392.0,116823392.0,116823392.0,116731701.0,116731701.0,116731701.0,116731701.0,116731701.0,116731701.0,116731701.0,116731701.0,116731701.0,116731701.0,116731701.0,116685866.0,116685866.0,116685866.0,116685866.0,116685866.0,116685866.0,116685866.0,116685866.0,116655319.0,116655319.0,116655319.0,116655319.0,116655319.0,116655319.0,116640042.0,116624770.0,116624770.0,116624770.0,116624770.0,116624770.0,116563686.0,116563686.0,116563686.0,116563686.0,116563686.0,116533153.0,116533153.0,116533153.0,116533153.0,116533153.0,116533153.0,116502622.0,116502622.0,116502622.0,116502622.0,116502622.0,116502622.0,116502620.0,116502620.0,116502620.0,116502620.0,116502620.0,116502620.0,116502620.0,116502620.0,116487357.0,116487357.0,116487357.0,116487357.0,116487357.0,116487357.0,116487357.0,116472094.0,116472094.0,116472094.0,116472094.0,116472094.0,116472094.0,116472094.0,116472094.0,116472094.0,116472094.0,116472094.0,116472094.0,116472094.0,116472094.0,116472094.0,116472094.0,116472094.0,116472094.0
tune_5,Testing/network-cor-forma_eu_27t.txt,0.05,0,0.03,50,3,0.8,0.01,pairwise,117650271.0,489.32,123,120846880.0,120644858.0,120613803.0,120613803.0,120334417.0,120334417.0,120225846.0,120225846.0,120163825.0,120132820.0,120132820.0,119962378.0,119792067.0,119792067.0,119792067.0,119606407.0,119606407.0,119590931.0,119250957.0,119189197.0,119189197.0,119189197.0,119189197.0,119096574.0,118988566.0,118988566.0,118973140.0,118880609.0,118880609.0,118880609.0,118880609.0,118788105.0,118772697.0,118772697.0,118664841.0,118664841.0,118557024.0,118557024.0,118557024.0,118526233.0,118526233.0,118526233.0,118403093.0,118403093.0,118403093.0,118387707.0,118356938.0,118326167.0,118326167.0,118310783.0,118310783.0,118310783.0,118280023.0,118264642.0,118264642.0,118264642.0,118233887.0,118110904.0,118110904.0,118110904.0,118110904.0,118110904.0,118110901.0,118110901.0,118110901.0,118110901.0,118095534.0,118095534.0,118049432.0,118049432.0,118049432.0,118049432.0,118049432.0,118018704.0,118018704.0,117972621.0,117972621.0,117972621.0,117972621.0,117972621.0,117911187.0,117911185.0,117911185.0,117911185.0,117911185.0,117911185.0,117911185.0,117911185.0,117834416.0,117834416.0,117834416.0,117803718.0,117803718.0,117773020.0,117773020.0,117773020.0,117773020.0,117773020.0,117742327.0,117742327.0,117742327.0,117742327.0,117742327.0,117742327.0,117742327.0,117742326.0,117742324.0,117726984.0,117711636.0,117696297.0,117696297.0,117696296.0,117696296.0,117696296.0,117680954.0,117680954.0,117665611.0,117665611.0,117665611.0,117665611.0,117665611.0,117665611.0,117650274.0,117650271.0,117650271.0,117650271.0,117650271.0,117650271.0,117650271.0,117650271.0,117650271.0,117650271.0,117650271.0,117650271.0,117650271.0,117650271.0,117650271.0,117650271.0,117650271.0,117650271.0,117650271.0,117650271.0,117650271.0,117650271.0,117650271.0,117650271.0,117650271.0,117650271.0,117650271.0,117650271.0,117650271.0,117650271.0,117650271.0,117650271.0,117650271.0,117650271.0,117650271.0,117650271.0,117650271.0,117650271.0,117650271.0,117650271.0,117650271.0,117650271.0,117650271.0,117650271.0,117650271.0,117650271.0,117650271.0,117650271.0,117650271.0,117650271.0,117650271.0,117650271.0,117650271.0,117650271.0,117650271.0,117650271.0,117650271.0,117650271.0,117650271.0,117650271.0,117650271.0,117650271.0,117650271.0,117650271.0,117650271.0,117650271.0,117650271.0,117650271.0,117650271.0,117650271.0,117650271.0,117650271.0,117650271.0,117650271.0,117650271.0,117650271.0,117650271.0,117650271.0
tune_6,Testing/network-cor-forma_eu_27t.txt,0.05,0,0.03,50,3,0.8,0.01,pairwise,116563710.0,511.92,152,120955719.0,120815798.0,120815798.0,120660404.0,120660404.0,120644862.0,120536153.0,120458537.0,120396469.0,120210339.0,120070817.0,119946885.0,119946885.0,119900444.0,119776591.0,119683747.0,119513621.0,119374528.0,119297277.0,119158305.0,119158305.0,119158305.0,119127431.0,118957712.0,118957712.0,118957712.0,118803526.0,118726456.0,118618625.0,118618625.0,118572422.0,118557021.0,118418475.0,118418475.0,118356922.0,118341539.0,118341539.0,118326164.0,118295391.0,118172377.0,118126269.0,117895826.0,117895826.0,117895826.0,117895826.0,117849760.0,117834409.0,117834409.0,117834409.0,117742327.0,117742327.0,117726977.0,117726977.0,117696292.0,117696292.0,117696291.0,117604255.0,117604255.0,117588919.0,117588919.0,117588919.0,117588919.0,117512268.0,117512268.0,117481609.0,117359008.0,117359008.0,117359008.0,117359008.0,117359008.0,117359006.0,117359006.0,117190554.0,117190554.0,117190554.0,117190554.0,117144621.0,117144621.0,117144621.0,117144621.0,117144621.0,117144621.0,117144621.0,117098713.0,117098713.0,117098713.0,117083414.0,117083410.0,117052804.0,116991614.0,116991614.0,116991614.0,116991614.0,116991614.0,116991614.0,116991614.0,116991614.0,116930440.0,116869275.0,116869275.0,116869275.0,116869275.0,116869275.0,116869275.0,116869275.0,116869274.0,116869274.0,116747007.0,116747007.0,116747007.0,116747007.0,116747007.0,116747007.0,116747007.0,116747007.0,116747007.0,116747007.0,116747007.0,116747007.0,116731722.0,116731722.0,116701170.0,116701170.0,116701170.0,116701170.0,116685889.0,116655339.0,116655339.0,116640065.0,116640065.0,116640065.0,116640065.0,116640065.0,116640065.0,116640065.0,116624792.0,116624792.0,116624792.0,116594249.0,116594249.0,116594249.0,116594249.0,116594249.0,116594249.0,116594249.0,116594249.0,116594249.0,116578979.0,116578979.0,116578979.0,116578979.0,116578979.0,116563710.0,116563710.0,116563710.0,116563710.0,116563710.0,116563710.0,116563710.0,116563710.0,116563710.0,116563710.0,116563710.0,116563710.0,116563710.0,116563710.0,116563710.0,116563710.0,116563710.0,116563710.0,116563710.0,116563710.0,116563710.0,116563710.0,116563710.0,116563710.0,116563710.0,116563710.0,116563710.0,116563710.0,116563710.0,116563710.0,116563710.0,116563710.0,116563710.0,116563710.0,116563710.0,116563710.0,116563710.0,116563710.0,116563710.0,116563710.0,116563710.0,116563710.0,116563710.0,116563710.0,116563710.0,116563710.0,116563710.0,116563710.0
tune_7,Testing/network-cor-forma_eu_27t.txt,0.05,0,0.03,50,3,0.8,0.01,pairwise,116304311.0,527.07,166,121049061.0,120971288.0,120691473.0,120629329.0,120582734.0,120520639.0,120443018.0,120365439.0,120241344.0,120055323.0,120055323.0,120055323.0,119931412.0,119683748.0,119683748.0,119544537.0,119544537.0,119389996.0,119389996.0,119374521.0,119173751.0,119173751.0,119158313.0,119127442.0,119096570.0,119003991.0,118849773.0,118849773.0,118772698.0,118711058.0,118634030.0,118433878.0,118433878.0,118433878.0,118372321.0,118372321.0,118110900.0,118110900.0,118110900.0,118110900.0,117957272.0,117957272.0,117957272.0,117941906.0,117788382.0,117788382.0,117788382.0,117788376.0,117773034.0,117773024.0,117696309.0,117665623.0,117634939.0,117634939.0,117558272.0,117558272.0,117558269.0,117558269.0,117420313.0,117420313.0,117420313.0,117420313.0,117359022.0,117359022.0,117282443.0,117282443.0,117205878.0,117205878.0,117114029.0,117114029.0,117114029.0,117114029.0,117114029.0,117083429.0,117083429.0,117068124.0,117068124.0,117068124.0,116961042.0,116961042.0,116884586.0,116884586.0,116884586.0,116884586.0,116884586.0,116854009.0,116854009.0,116854009.0,116854009.0,116854009.0,116792867.0,116792867.0,116747019.0,116747019.0,116747019.0,116747019.0,116747019.0,116685906.0,116685906.0,116685906.0,116685906.0,116685906.0,116685906.0,116655357.0,116655357.0,116655357.0,116548461.0,116548461.0,116548461.0,116548461.0,116548461.0,116548461.0,116548461.0,116548461.0,116548461.0,116548461.0,116487400.0,116487400.0,116487400.0,116487400.0,116487400.0,116487400.0,116472136.0,116472136.0,116426354.0,116426354.0,116426354.0,116426354.0,116426354.0,116426354.0,116426354.0,116426354.0,116426354.0,116426354.0,116426354.0,116426354.0,116426354.0,116411096.0,116411096.0,116395838.0,116365325.0,116365325.0,116365325.0,116365325.0,116365325.0,116365325.0,116365325.0,116365325.0,116365325.0,116365325.0,116365325.0,116334816.0,116334816.0,116334816.0,116334816.0,116334816.0,116334816.0,116334816.0,116334816.0,116334816.0,116334815.0,116334815.0,116319563.0,116319563.0,116319563.0,116319563.0,116304311.0,116304311.0,116304311.0,116304311.0,116304311.0,116304311.0,116304311.0,116304311.0,116304311.0,116304311.0,116304311.0,116304311.0,116304311.0,116304311.0,116304311.0,116304311.0,116304311.0,116304311.0,116304311.0,116304311.0,116304311.0,116304311.0,116304311.0,116304311.0,116304311.0,116304311.0,116304311.0,116304311.0,116304311.0,116304311.0,116304311.0,116304311.0,116304311.0,116304311.0
tune_8,Testing/network-cor-forma_eu_27t.txt,0.05,0,0.03,50,3,0.8,0.01,pairwise,116563712.0,498.45,162,120629327.0,120629327.0,120629327.0,120551695.0,120427495.0,120396461.0,120318898.0,120256851.0,119915930.0,119915930.0,119915930.0,119575478.0,119575478.0,119513634.0,119513634.0,119405429.0,119374532.0,119312731.0,119142878.0,119142878.0,119050277.0,118988563.0,118942292.0,118896024.0,118711050.0,118711050.0,118649430.0,118480048.0,118464656.0,118403094.0,118403094.0,118403088.0,118310788.0,118233886.0,118203134.0,118126274.0,118126274.0,118126274.0,117987981.0,117987981.0,117987981.0,117957259.0,117941907.0,117941907.0,117865119.0,117865119.0,117803717.0,117803717.0,117680956.0,117680956.0,117680956.0,117680955.0,117680955.0,117680955.0,117634940.0,117588928.0,117573594.0,117573594.0,117573594.0,117573594.0,117542927.0,117389657.0,117389657.0,117389657.0,117389657.0,117389657.0,117343696.0,117343695.0,117282426.0,117282426.0,117282426.0,117236485.0,117144630.0,117144630.0,117144630.0,117144630.0,117144630.0,117144630.0,117144630.0,117144630.0,117144630.0,117144630.0,117144630.0,117129323.0,117129323.0,117129323.0,117129323.0,117129323.0,117052811.0,117037510.0,117037510.0,117037510.0,117037510.0,117037509.0,117037509.0,117037509.0,117037509.0,117037509.0,117022210.0,117006915.0,117006915.0,117006915.0,116961027.0,116961027.0,116930441.0,116930440.0,116930440.0,116930440.0,116930440.0,116930439.0,116899856.0,116808135.0,116808135.0,116808134.0,116808134.0,116808134.0,116808134.0,116808134.0,116808134.0,116808134.0,116808134.0,116808134.0,116808134.0,116808134.0,116792852.0,116792852.0,116792852.0,116747005.0,116747005.0,116747005.0,116747005.0,116747005.0,116747005.0,116747005.0,116747005.0,116747005.0,116731724.0,116731724.0,116670618.0,116670618.0,116670618.0,116670618.0,116640068.0,116640068.0,116609525.0,116609525.0,116609525.0,116609525.0,116609525.0,116609525.0,116609525.0,116609523.0,116609522.0,116594253.0,116594253.0,116594253.0,116578982.0,116578982.0,116578982.0,116578982.0,116563713.0,116563713.0,116563712.0,116563712.0,116563712.0,116563712.0,116563712.0,116563712.0,116563712.0,116563712.0,116563712.0,116563712.0,116563712.0,116563712.0,116563712.0,116563712.0,116563712.0,116563712.0,116563712.0,116563712.0,116563712.0,116563712.0,116563712.0,116563712.0,116563712.0,116563712.0,116563712.0,116563712.0,116563712.0,116563712.0,116563712.0,116563712.0,116563712.0,116563712.0,116563712.0,116563712.0,116563712.0,116563712.0,116563712.0,116563712.0
tune_9,Testing/network-cor-forma_eu_27t.txt,0.05,0,0.03,50,3,0.8,0.01,pairwise,116746995.0,534.62,146,120769163.0,120769163.0,120691472.0,120551689.0,120551689.0,120443028.0,120256860.0,120256860.0,120225839.0,120179329.0,119977869.0,119977869.0,119823019.0,119792063.0,119606404.0,119590934.0,119575468.0,119467240.0,119436328.0,119374518.0,119204614.0,119189175.0,119142862.0,118880593.0,118880593.0,118880593.0,118880593.0,118880591.0,118788093.0,118772682.0,118757272.0,118587819.0,118433862.0,118433862.0,118433862.0,118295392.0,118295392.0,118249247.0,118141630.0,118141630.0,118064786.0,118064786.0,118034060.0,118034060.0,118018696.0,117941894.0,117941892.0,117880465.0,117880465.0,117880465.0,117880465.0,117834408.0,117834408.0,117757664.0,117757664.0,117757664.0,117742323.0,117726979.0,117726979.0,117680945.0,117604254.0,117604253.0,117604253.0,117558254.0,117558254.0,117558254.0,117542917.0,117512254.0,117512254.0,117481598.0,117435612.0,117435612.0,117359002.0,117359002.0,117359002.0,117328365.0,117251789.0,117251789.0,117251789.0,117251789.0,117251789.0,117251789.0,117221163.0,117221163.0,117221163.0,117221163.0,117221161.0,117221161.0,117221161.0,117205855.0,117205855.0,117190544.0,117190544.0,117175232.0,117175232.0,117144621.0,117129314.0,117129314.0,117129313.0,117129313.0,117129313.0,117129312.0,117083404.0,117083404.0,117037502.0,117037502.0,117037502.0,117037502.0,117037502.0,116961014.0,116961014.0,116961014.0,116961014.0,116961014.0,116915140.0,116884560.0,116884560.0,116869270.0,116853982.0,116853982.0,116838696.0,116838696.0,116838695.0,116838695.0,116838695.0,116838695.0,116838695.0,116823409.0,116823409.0,116823409.0,116823409.0,116823409.0,116823409.0,116792841.0,116792841.0,116792840.0,116792840.0,116792840.0,116762276.0,116762276.0,116762276.0,116762276.0,116762276.0,116762276.0,116762276.0,116762276.0,116746995.0,116746995.0,116746995.0,116746995.0,116746995.0,116746995.0,116746995.0,116746995.0,116746995.0,116746995.0,116746995.0,116746995.0,116746995.0,116746995.0,116746995.0,116746995.0,116746995.0,116746995.0,116746995.0,116746995.0,116746995.0,116746995.0,116746995.0,116746995.0,116746995.0,116746995.0,116746995.0,116746995.0,116746995.0,116746995.0,116746995.0,116746995.0,116746995.0,116746995.0,116746995.0,116746995.0,116746995.0,116746995.0,116746995.0,116746995.0,116746995.0,116746995.0,116746995.0,116746995.0,116746995.0,116746995.0,116746995.0,116746995.0,116746995.0,116746995.0,116746995.0,116746995.0,116746995.0,116746995.0
tune_10,Testing/network-cor-forma_eu_27t.txt,0.05,0,0.03,50,3,0.8,0.01,pairwise,116853969.0,529.00,130,120846872.0,120815791.0,120753622.0,120613795.0,120582731.0,120365425.0,120334396.0,120334396.0,120272358.0,120055325.0,120055323.0,119869461.0,119869461.0,119792054.0,119637327.0,119637327.0,119482701.0,119482701.0,119482689.0,119405417.0,119158291.0,119158291.0,119158291.0,119158291.0,118926849.0,118926849.0,118926847.0,118896007.0,118772678.0,118772678.0,118680221.0,118680221.0,118587804.0,118480025.0,118480025.0,118480025.0,118480025.0,118233864.0,118233864.0,118233864.0,118172367.0,118080143.0,117911171.0,117911171.0,117911171.0,117911171.0,117911171.0,117911171.0,117911171.0,117865105.0,117834402.0,117834402.0,117834402.0,117696276.0,117696276.0,117680944.0,117680944.0,117680944.0,117680944.0,117588913.0,117588913.0,117588913.0,117588913.0,117588913.0,117588913.0,117573576.0,117481591.0,117481591.0,117404962.0,117404962.0,117358997.0,117358997.0,117358997.0,117358997.0,117358997.0,117328358.0,117297723.0,117297723.0,117267092.0,117267092.0,117251779.0,117190536.0,117159917.0,117159917.0,117159917.0,117159917.0,117144612.0,117144612.0,117144612.0,117144612.0,117144612.0,117129305.0,117129305.0,117129305.0,117129305.0,117129305.0,117129305.0,117068093.0,117068090.0,117037488.0,117037488.0,117037488.0,117037488.0,117037488.0,117037488.0,117037488.0,117006897.0,117006897.0,117006897.0,117006897.0,117006897.0,117006897.0,116961007.0,116961007.0,116915127.0,116899837.0,116899837.0,116899837.0,116899836.0,116899836.0,116899836.0,116899836.0,116884547.0,116884547.0,116884547.0,116884546.0,116884546.0,116869258.0,116869257.0,116869257.0,116853969.0,116853969.0,116853969.0,116853969.0,116853969.0,116853969.0,116853969.0,116853969.0,116853969.0,116853969.0,116853969.0,116853969.0,116853969.0,116853969.0,116853969.0,116853969.0,116853969.0,116853969.0,116853969.0,116853969.0,116853969.0,116853969.0,116853969.0,116853969.0,116853969.0,116853969.0,116853969.0,116853969.0,116853969.0,116853969.0,116853969.0,116853969.0,116853969.0,116853969.0,116853969.0,116853969.0,116853969.0,116853969.0,116853969.0,116853969.0,116853969.0,116853969.0,116853969.0,116853969.0,116853969.0,116853969.0,116853969.0,116853969.0,116853969.0,116853969.0,116853969.0,116853969.0,116853969.0,116853969.0,116853969.0,116853969.0,116853969.0,116853969.0,116853969.0,116853969.0,116853969.0,116853969.0,116853969.0,116853969.0,116853969.0,116853969.0,116853969.0,116853969.0,116853969.0,116853969.0
tune_1,Testing/network-cor-forma_eu_27t.txt,0.05,0,0.03,50,3,0.8,0.01,components,272.0,478.69,152,86.0,92.0,92.0,94.0,94.0,100.0,103.0,107.0,111.0,111.0,116.0,122.0,128.0,128.0,131.0,134.0,135.0,140.0,140.0,144.0,144.0,150.0,153.0,154.0,157.0,159.0,162.0,165.0,170.0,171.0,173.0,179.0,185.0,185.0,187.0,188.0,190.0,190.0,194.0,194.0,198.0,199.0,204.0,204.0,204.0,204.0,208.0,211.0,211.0,211.0,217.0,217.0,217.0,217.0,217.0,217.0,219.0,223.0,223.0,224.0,224.0,227.0,227.0,227.0,232.0,232.0,233.0,233.0,236.0,236.0,236.0,239.0,240.0,240.0,245.0,245.0,245.0,245.0,245.0,245.0,245.0,245.0,245.0,245.0,245.0,247.0,247.0,250.0,250.0,250.0,251.0,251.0,253.0,253.0,253.0,253.0,253.0,253.0,253.0,257.0,257.0,257.0,257.0,257.0,261.0,261.0,261.0,261.0,261.0,261.0,261.0,261.0,261.0,261.0,261.0,261.0,261.0,261.0,261.0,261.0,262.0,262.0,262.0,262.0,262.0,262.0,262.0,264.0,264.0,264.0,264.0,265.0,268.0,268.0,268.0,268.0,268.0,268.0,268.0,268.0,269.0,271.0,271.0,271.0,271.0,271.0,271.0,271.0,271.0,271.0,271.0,271.0,272.0,272.0,272.0,272.0,272.0,272.0,272.0,272.0,272.0,272.0,272.0,272.0,272.0,272.0,272.0,272.0,272.0,272.0,272.0,272.0,272.0,272.0,272.0,272.0,272.0,272.0,272.0,272.0,272.0,272.0,272.0,272.0,272.0,272.0,272.0,272.0,272.0,272.0,272.0,272.0,272.0,272.0,272.0,272.0,272.0,272.0,272.0,272.0
tune_2,Testing/network-cor-forma_eu_27t.txt,0.05,0,0.03,50,3,0.8,0.01,components,269.0,481.91,184,80.0,85.0,86.0,91.0,97.0,98.0,107.0,107.0,118.0,118.0,118.0,123.0,123.0,123.0,128.0,128.0,131.0,137.0,140.0,142.0,142.0,147.0,152.0,152.0,152.0,158.0,158.0,158.0,164.0,164.0,165.0,168.0,172.0,172.0,175.0,175.0,176.0,181.0,182.0,183.0,184.0,187.0,192.0,192.0,192.0,196.0,197.0,198.0,198.0,198.0,199.0,200.0,203.0,203.0,205.0,205.0,208.0,208.0,208.0,208.0,209.0,211.0,212.0,212.0,217.0,217.0,217.0,217.0,217.0,217.0,217.0,219.0,219.0,219.0,223.0,223.0,223.0,223.0,223.0,224.0,224.0,224.0,230.0,230.0,232.0,232.0,232.0,232.0,232.0,237.0,237.0,237.0,237.0,241.0,241.0,241.0,241.0,241.0,241.0,241.0,241.0,244.0,244.0,244.0,244.0,245.0,245.0,245.0,246.0,246.0,248.0,248.0,248.0,248.0,250.0,250.0,250.0,250.0,251.0,251.0,252.0,252.0,252.0,252.0,254.0,254.0,254.0,254.0,254.0,254.0,254.0,256.0,256.0,256.0,256.0,256.0,256.0,256.0,257.0,257.0,257.0,257.0,257.0,257.0,260.0,260.0,260.0,260.0,260.0,260.0,261.0,261.0,261.0,261.0,262.0,262.0,262.0,262.0,262.0,262.0,263.0,263.0,263.0,263.0,265.0,265.0,265.0,265.0,265.0,265.0,267.0,267.0,267.0,267.0,267.0,267.0,267.0,267.0,267.0,267.0,267.0,267.0,267.0,267.0,269.0,269.0,269.0,269.0,269.0,269.0,269.0,269.0,269.0,269.0,269.0,269.0,269.0,269.0,269.0,269.0
tune_3,Testing/network-cor-forma_eu_27t.txt,0.05,0,0.03,50,3,0.8,0.01,components,267.0,481.81,139,86.0,87.0,97.0,97.0,105.0,111.0,112.0,112.0,115.0,118.0,125.0,129.0,134.0,134.0,135.0,141.0,141.0,149.0,149.0,153.0,153.0,161.0,161.0,168.0,169.0,169.0,173.0,174.0,178.0,178.0,179.0,179.0,187.0,187.0,188.0,190.0,190.0,197.0,197.0,200.0,200.0,200.0,202.0,203.0,212.0,212.0,212.0,212.0,212.0,212.0,212.0,213.0,215.0,215.0,216.0,216.0,216.0,219.0,219.0,221.0,227.0,227.0,227.0,227.0,227.0,227.0,229.0,229.0,229.0,232.0,232.0,234.0,234.0,234.0,234.0,235.0,240.0,240.0,240.0,240.0,240.0,240.0,244.0,244.0,245.0,245.0,245.0,245.0,245.0,245.0,245.0,245.0,245.0,245.0,249.0,249.0,249.0,249.0,249.0,249.0,249.0,250.0,251.0,251.0,251.0,252.0,252.0,252.0,252.0,252.0,253.0,253.0,253.0,257.0,257.0,257.0,257.0,257.0,257.0,257.0,258.0,258.0,258.0,261.0,261.0,261.0,261.0,261.0,261.0,261.0,262.0,263.0,263.0,263.0,266.0,266.0,266.0,266.0,266.0,267.0,267.0,267.0,267.0,267.0,267.0,267.0,267.0,267.0,267.0,267.0,267.0,267.0,267.0,267.0,267.0,267.0,267.0,267.0,267.0,267.0,267.0,267.0,267.0,267.0,267.0,267.0,267.0,267.0,267.0,267.0,267.0,267.0,267.0,267.0,267.0,267.0,267.0,267.0,267.0,267.0,267.0,267.0,267.0,267.0,267.0,267.0,267.0,267.0,267.0,267.0,267.0,267.0,267.0,267.0,267.0,267.0,267.0,267.0,267.0,267.0
tune_4,Testing/network-cor-forma_eu_27t.txt,0.05,0,0.03,50,3,0.8,0.01,components,279.0,537.59,187,94.0,94.0,95.0,95.0,101.0,104.0,104.0,109.0,114.0,114.0,118.0,119.0,123.0,127.0,140.0,140.0,140.0,146.0,146.0,146.0,146.0,150.0,151.0,153.0,156.0,158.0,162.0,166.0,167.0,173.0,173.0,176.0,184.0,184.0,184.0,189.0,189.0,194.0,194.0,194.0,199.0,200.0,202.0,202.0,205.0,205.0,209.0,209.0,210.0,210.0,210.0,213.0,214.0,214.0,218.0,220.0,220.0,225.0,225.0,225.0,225.0,225.0,228.0,228.0,228.0,228.0,228.0,236.0,236.0,236.0,236.0,236.0,236.0,236.0,236.0,242.0,242.0,242.0,242.0,244.0,244.0,244.0,244.0,244.0,244.0,244.0,244.0,246.0,246.0,247.0,248.0,248.0,248.0,249.0,249.0,254.0,254.0,254.0,254.0,254.0,255.0,255.0,255.0,255.0,255.0,255.0,258.0,258.0,258.0,258.0,260.0,260.0,260.0,260.0,260.0,261.0,261.0,261.0,261.0,262.0,262.0,262.0,262.0,262.0,266.0,266.0,266.0,266.0,266.0,266.0,266.0,266.0,266.0,266.0,266.0,266.0,267.0,267.0,267.0,267.0,269.0,269.0,269.0,269.0,269.0,269.0,269.0,271.0,271.0,271.0,271.0,271.0,271.0,271.0,271.0,271.0,271.0,271.0,271.0,271.0,271.0,271.0,271.0,273.0,273.0,273.0,273.0,273.0,273.0,273.0,273.0,273.0,274.0,274.0,274.0,275.0,275.0,275.0,275.0,275.0,275.0,275.0,275.0,275.0,276.0,276.0,276.0,279.0,279.0,279.0,279.0,279.0,279.0,279.0,279.0,279.0,279.0,279.0,279.0,279.0
tune_5,Testing/network-cor-forma_eu_27t.txt,0.05,0,0.03,50,3,0.8,0.01,components,269.0,523.09,189,80.0,88.0,90.0,98.0,98.0,102.0,108.0,110.0,110.0,116.0,119.0,120.0,126.0,126.0,131.0,133.0,138.0,138.0,143.0,153.0,153.0,157.0,157.0,157.0,162.0,163.0,164.0,169.0,172.0,172.0,173.0,179.0,179.0,179.0,183.0,183.0,184.0,186.0,190.0,190.0,192.0,193.0,198.0,198.0,198.0,202.0,203.0,205.0,205.0,206.0,207.0,208.0,210.0,210.0,213.0,216.0,218.0,218.0,218.0,219.0,219.0,219.0,219.0,219.0,221.0,222.0,223.0,228.0,228.0,231.0,231.0,231.0,231.0,231.0,231.0,234.0,236.0,236.0,236.0,236.0,236.0,239.0,240.0,240.0,240.0,240.0,240.0,240.0,246.0,246.0,246.0,246.0,246.0,246.0,246.0,246.0,246.0,246.0,246.0,246.0,247.0,248.0,248.0,248.0,252.0,252.0,252.0,252.0,252.0,252.0,252.0,252.0,252.0,252.0,252.0,252.0,252.0,253.0,253.0,256.0,256.0,256.0,256.0,256.0,256.0,256.0,256.0,258.0,258.0,258.0,258.0,258.0,258.0,260.0,260.0,260.0,260.0,260.0,260.0,260.0,260.0,260.0,260.0,260.0,260.0,260.0,261.0,261.0,261.0,261.0,261.0,261.0,261.0,261.0,261.0,262.0,262.0,262.0,262.0,264.0,264.0,264.0,264.0,264.0,264.0,264.0,264.0,264.0,265.0,265.0,265.0,265.0,265.0,265.0,265.0,265.0,266.0,266.0,268.0,268.0,268.0,268.0,268.0,268.0,268.0,268.0,268.0,268.0,268.0,269.0,269.0,269.0,269.0,269.0,269.0,269.0,269.0,269.0,269.0,269.0
tune_6,Testing/network-cor-forma_eu_27t.txt,0.05,0,0.03,50,3,0.8,0.01,components,282.0,541.36,170,93.0,93.0,94.0,94.0,96.0,104.0,109.0,111.0,111.0,114.0,121.0,121.0,121.0,127.0,134.0,134.0,134.0,138.0,138.0,153.0,156.0,156.0,161.0,161.0,162.0,166.0,166.0,173.0,176.0,178.0,178.0,180.0,182.0,187.0,187.0,188.0,189.0,193.0,196.0,196.0,201.0,201.0,201.0,203.0,205.0,208.0,210.0,212.0,213.0,214.0,214.0,215.0,217.0,217.0,221.0,221.0,221.0,224.0,230.0,230.0,230.0,230.0,230.0,230.0,231.0,231.0,234.0,238.0,239.0,239.0,239.0,241.0,244.0,244.0,244.0,245.0,245.0,246.0,246.0,248.0,248.0,248.0,252.0,252.0,252.0,252.0,252.0,257.0,257.0,257.0,257.0,257.0,257.0,257.0,257.0,263.0,263.0,263.0,263.0,263.0,263.0,263.0,263.0,263.0,266.0,266.0,267.0,267.0,267.0,267.0,267.0,267.0,267.0,267.0,267.0,267.0,267.0,267.0,268.0,268.0,268.0,269.0,271.0,271.0,271.0,271.0,271.0,271.0,271.0,271.0,271.0,273.0,273.0,273.0,273.0,273.0,273.0,273.0,274.0,276.0,276.0,276.0,276.0,279.0,279.0,279.0,279.0,279.0,279.0,279.0,279.0,279.0,279.0,279.0,279.0,280.0,280.0,280.0,280.0,281.0,281.0,281.0,281.0,281.0,281.0,281.0,281.0,281.0,281.0,281.0,282.0,282.0,282.0,282.0,282.0,282.0,282.0,282.0,282.0,282.0,282.0,282.0,282.0,282.0,282.0,282.0,282.0,282.0,282.0,282.0,282.0,282.0,282.0,282.0,282.0,282.0,282.0,282.0,282.0,282.0
tune_7,Testing/network-cor-forma_eu_27t.txt,0.05,0,0.03,50,3,0.8,0.01,components,300.0,511.66,193,84.0,86.0,91.0,94.0,99.0,103.0,103.0,111.0,111.0,116.0,118.0,126.0,127.0,127.0,131.0,131.0,136.0,142.0,142.0,148.0,148.0,151.0,152.0,159.0,167.0,167.0,171.0,172.0,174.0,175.0,175.0,177.0,182.0,186.0,187.0,189.0,195.0,195.0,195.0,199.0,199.0,203.0,203.0,203.0,203.0,206.0,213.0,213.0,213.0,213.0,215.0,216.0,216.0,219.0,219.0,219.0,220.0,225.0,225.0,225.0,226.0,226.0,228.0,229.0,230.0,236.0,236.0,236.0,238.0,238.0,238.0,238.0,238.0,241.0,241.0,241.0,241.0,242.0,243.0,243.0,243.0,243.0,244.0,244.0,246.0,250.0,250.0,250.0,250.0,251.0,254.0,254.0,254.0,254.0,254.0,254.0,264.0,264.0,264.0,264.0,264.0,264.0,264.0,264.0,264.0,266.0,267.0,267.0,267.0,267.0,272.0,272.0,272.0,272.0,272.0,272.0,272.0,272.0,272.0,273.0,273.0,275.0,276.0,276.0,276.0,276.0,277.0,277.0,277.0,278.0,278.0,278.0,279.0,279.0,279.0,279.0,283.0,283.0,283.0,283.0,283.0,283.0,283.0,283.0,288.0,290.0,290.0,290.0,290.0,290.0,290.0,290.0,290.0,290.0,290.0,290.0,290.0,290.0,290.0,290.0,290.0,290.0,290.0,290.0,292.0,292.0,294.0,294.0,294.0,294.0,294.0,294.0,294.0,296.0,296.0,296.0,296.0,296.0,296.0,296.0,297.0,297.0,297.0,297.0,297.0,297.0,297.0,298.0,299.0,299.0,299.0,299.0,299.0,300.0,300.0,300.0,300.0,300.0,300.0,300.0
tune_8,Testing/network-cor-forma_eu_27t.txt,0.05,0,0.03,50,3,0.8,0.01,components,272.0,493.29,180,91.0,91.0,96.0,107.0,107.0,107.0,108.0,108.0,112.0,125.0,125.0,125.0,129.0,132.0,135.0,136.0,142.0,143.0,143.0,145.0,150.0,150.0,156.0,156.0,156.0,158.0,165.0,170.0,173.0,173.0,181.0,181.0,186.0,186.0,186.0,186.0,187.0,194.0,194.0,194.0,198.0,198.0,201.0,202.0,203.0,203.0,206.0,206.0,207.0,209.0,210.0,210.0,214.0,214.0,214.0,217.0,217.0,217.0,218.0,220.0,220.0,220.0,220.0,224.0,224.0,224.0,226.0,229.0,229.0,229.0,232.0,232.0,232.0,232.0,232.0,232.0,235.0,235.0,235.0,235.0,236.0,236.0,237.0,237.0,239.0,239.0,240.0,240.0,240.0,242.0,242.0,243.0,243.0,244.0,244.0,244.0,244.0,244.0,245.0,245.0,245.0,245.0,245.0,245.0,247.0,247.0,247.0,247.0,247.0,248.0,248.0,248.0,249.0,249.0,249.0,251.0,251.0,251.0,251.0,251.0,251.0,251.0,255.0,255.0,259.0,259.0,259.0,259.0,259.0,259.0,259.0,259.0,259.0,259.0,259.0,259.0,259.0,261.0,261.0,261.0,263.0,265.0,265.0,265.0,265.0,265.0,265.0,265.0,265.0,265.0,265.0,265.0,265.0,265.0,265.0,266.0,266.0,266.0,266.0,266.0,267.0,267.0,267.0,267.0,267.0,267.0,267.0,269.0,269.0,269.0,271.0,271.0,271.0,271.0,271.0,271.0,271.0,271.0,271.0,271.0,272.0,272.0,272.0,272.0,272.0,272.0,272.0,272.0,272.0,272.0,272.0,272.0,272.0,272.0,272.0,272.0,272.0,272.0,272.0,272.0
tune_9,Testing/network-cor-forma_eu_27t.txt,0.05,0,0.03,50,3,0.8,0.01,components,305.0,511.44,199,87.0,89.0,92.0,99.0,108.0,108.0,108.0,114.0,123.0,123.0,123.0,124.0,128.0,132.0,134.0,139.0,148.0,148.0,151.0,157.0,157.0,160.0,160.0,163.0,171.0,171.0,172.0,181.0,181.0,181.0,187.0,192.0,192.0,194.0,194.0,194.0,195.0,198.0,201.0,201.0,207.0,207.0,208.0,211.0,218.0,218.0,221.0,221.0,224.0,226.0,231.0,231.0,232.0,233.0,233.0,233.0,237.0,237.0,239.0,239.0,241.0,241.0,241.0,242.0,245.0,247.0,247.0,247.0,249.0,249.0,250.0,250.0,251.0,251.0,252.0,254.0,254.0,254.0,258.0,260.0,260.0,266.0,266.0,266.0,266.0,266.0,268.0,268.0,268.0,268.0,268.0,270.0,270.0,270.0,272.0,272.0,272.0,276.0,276.0,276.0,276.0,276.0,276.0,276.0,276.0,276.0,276.0,278.0,278.0,281.0,281.0,281.0,281.0,281.0,281.0,281.0,284.0,287.0,287.0,287.0,287.0,287.0,287.0,287.0,287.0,287.0,287.0,287.0,287.0,287.0,287.0,290.0,290.0,290.0,290.0,290.0,290.0,293.0,293.0,293.0,293.0,293.0,293.0,293.0,293.0,293.0,295.0,296.0,296.0,296.0,296.0,296.0,296.0,296.0,296.0,296.0,296.0,296.0,296.0,297.0,297.0,297.0,297.0,297.0,297.0,298.0,298.0,298.0,298.0,298.0,300.0,300.0,300.0,300.0,300.0,300.0,300.0,300.0,300.0,300.0,300.0,300.0,300.0,300.0,300.0,300.0,300.0,301.0,301.0,302.0,303.0,303.0,303.0,303.0,303.0,303.0,303.0,303.0,303.0,305.0
tune_10,Testing/network-cor-forma_eu_27t.txt,0.05,0,0.03,50,3,0.8,0.01,components,287.0,528.14,182,87.0,89.0,96.0,98.0,103.0,103.0,105.0,120.0,120.0,120.0,120.0,127.0,128.0,133.0,137.0,137.0,143.0,149.0,149.0,150.0,154.0,157.0,157.0,159.0,166.0,166.0,169.0,170.0,173.0,180.0,180.0,180.0,190.0,190.0,198.0,198.0,198.0,198.0,198.0,204.0,205.0,205.0,208.0,209.0,211.0,211.0,211.0,221.0,223.0,223.0,223.0,223.0,225.0,225.0,225.0,225.0,225.0,228.0,232.0,232.0,232.0,232.0,234.0,238.0,238.0,238.0,238.0,238.0,238.0,238.0,239.0,239.0,239.0,246.0,246.0,246.0,246.0,246.0,246.0,246.0,246.0,246.0,247.0,252.0,252.0,252.0,252.0,253.0,253.0,253.0,253.0,253.0,253.0,253.0,253.0,254.0,260.0,260.0,260.0,260.0,260.0,260.0,260.0,260.0,260.0,262.0,262.0,262.0,262.0,264.0,264.0,264.0,264.0,264.0,264.0,264.0,265.0,265.0,265.0,265.0,267.0,267.0,269.0,269.0,269.0,269.0,270.0,270.0,270.0,270.0,276.0,276.0,276.0,276.0,276.0,276.0,276.0,276.0,276.0,276.0,276.0,277.0,277.0,277.0,277.0,277.0,277.0,277.0,278.0,278.0,282.0,282.0,282.0,282.0,282.0,282.0,282.0,282.0,282.0,282.0,282.0,282.0,282.0,282.0,282.0,282.0,285.0,285.0,285.0,285.0,285.0,285.0,285.0,286.0,286.0,286.0,286.0,286.0,286.0,286.0,286.0,286.0,287.0,287.0,287.0,287.0,287.0,287.0,287.0,287.0,287.0,287.0,287.0,287.0,287.0,287.0,287.0,287.0,287.0,287.0
tune_1,Testing/network-cor-forma_eu_27t.txt,1.0,0,0.03,50,3,0.8,0.01,largest,15299.0,498.28,129,15557.0,15551.0,15547.0,15535.0,15532.0,15532.0,15522.0,15520.0,15513.0,15506.0,15506.0,15503.0,15492.0,15477.0,15477.0,15477.0,15467.0,15467.0,15467.0,15463.0,15463.0,15443.0,15443.0,15443.0,15440.0,15436.0,15425.0,15425.0,15415.0,15414.0,15409.0,15409.0,15409.0,15385.0,15385.0,15385.0,15385.0,15381.0,15368.0,15368.0,15368.0,15368.0,15368.0,15368.0,15367.0,15363.0,15363.0,15362.0,15357.0,15357.0,15357.0,15357.0,15357.0,15354.0,15346.0,15346.0,15346.0,15346.0,15346.0,15346.0,15341.0,15341.0,15341.0,15340.0,15340.0,15340.0,15339.0,15339.0,15339.0,15333.0,15333.0,15333.0,15333.0,15333.0,15333.0,15333.0,15333.0,15332.0,15322.0,15322.0,15322.0,15322.0,15317.0,15317.0,15317.0,15317.0,15317.0,15317.0,15317.0,15315.0,15315.0,15315.0,15315.0,15315.0,15315.0,15312.0,15311.0,15309.0,15309.0,15309.0,15309.0,15309.0,15309.0,15307.0,15307.0,15307.0,15307.0,15307.0,15304.0,15304.0,15304.0,15304.0,15304.0,15303.0,15303.0,15302.0,15302.0,15302.0,15302.0,15302.0,15302.0,15301.0,15301.0,15301.0,15301.0,15301.0,15301.0,15300.0,15300.0,15299.0,15299.0,15299.0,15299.0,15299.0,15299.0,15299.0,15299.0,15299.0,15299.0,15299.0,15299.0,15299.0,15299.0,15299.0,15299.0,15299.0,15299.0,15299.0,15299.0,15299.0,15299.0,15299.0,15299.0,15299.0,15299.0,15299.0,15299.0,15299.0,15299.0,15299.0,15299.0,15299.0,15299.0,15299.0,15299.0,15299.0,15299.0,15299.0,15299.0,15299.0,15299.0,15299.0,15299.0,15299.0,15299.0,15299.0,15299.0,15299.0,15299.0,15299.0,15299.0,15299.0,15299.0,15299.0,15299.0,15299.0,15299.0,15299.0,15299.0,15299.0,15299.0,15299.0,15299.0,15299.0,15299.0,15299.0,15299.0,15299.0,15299.0,15299.0
tune_2,Testing/network-cor-forma_eu_27t.txt,1.0,0,0.03,50,3,0.8,0.01,largest,15294.0,508.17,147,15549.0,15549.0,15548.0,15538.0,15538.0,15527.0,15513.0,15513.0,15513.0,15500.0,15500.0,15500.0,15497.0,15490.0,15481.0,15480.0,15477.0,15476.0,15464.0,15464.0,15460.0,15451.0,15450.0,15447.0,15443.0,15442.0,15435.0,15435.0,15418.0,15418.0,15418.0,15418.0,15412.0,15412.0,15401.0,15397.0,15397.0,15395.0,15395.0,15390.0,15390.0,15388.0,15388.0,15378.0,15378.0,15378.0,15369.0,15369.0,15363.0,15360.0,15360.0,15360.0,15360.0,15359.0,15359.0,15349.0,15349.0,15349.0,15340.0,15340.0,15340.0,15340.0,15339.0,15339.0,15337.0,15337.0,15337.0,15337.0,15336.0,15326.0,15326.0,15326.0,15326.0,15326.0,15325.0,15325.0,15325.0,15325.0,15325.0,15325.0,15325.0,15324.0,15324.0,15321.0,15321.0,15321.0,15320.0,15320.0,15320.0,15319.0,15319.0,15319.0,15318.0,15316.0,15315.0,15315.0,15313.0,15310.0,15310.0,15310.0,15310.0,15310.0,15310.0,15309.0,15307.0,15307.0,15307.0,15307.0,15303.0,15303.0,15303.0,15303.0,15303.0,15303.0,15301.0,15301.0,15301.0,15301.0,15301.0,15301.0,15301.0,15301.0,15301.0,15301.0,15301.0,15300.0,15300.0,15299.0,15299.0,15299.0,15299.0,15297.0,15297.0,15296.0,15296.0,15296.0,15296.0,15296.0,15296.0,15296.0,15296.0,15296.0,15295.0,15295.0,15295.0,15295.0,15295.0,15294.0,15294.0,15294.0,15294.0,15294.0,15294.0,15294.0,15294.0,15294.0,15294.0,15294.0,15294.0,15294.0,15294.0,15294.0,15294.0,15294.0,15294.0,15294.0,15294.0,15294.0,15294.0,15294.0,15294.0,15294.0,15294.0,15294.0,15294.0,15294.0,15294.0,15294.0,15294.0,15294.0,15294.0,15294.0,15294.0,15294.0,15294.0,15294.0,15294.0,15294.0,15294.0,15294.0,15294.0,15294.0,15294.0,15294.0,15294.0,15294.0,15294.0,15294.0,15294.0,15294.0
tune_3,Testing/network-cor-forma_eu_27t.txt,1.0,0,0.03,50,3,0.8,0.01,largest,15267.0,498.51,164,15561.0,15557.0,15541.0,15539.0,15536.0,15536.0,15527.0,15521.0,15509.0,15505.0,15504.0,15501.0,15480.0,15472.0,15472.0,15472.0,15469.0,15465.0,15458.0,15457.0,15452.0,15452.0,15444.0,15444.0,15431.0,15417.0,15416.0,15416.0,15416.0,15408.0,15408.0,15403.0,15403.0,15398.0,15380.0,15380.0,15380.0,15380.0,15380.0,15380.0,15374.0,15374.0,15374.0,15374.0,15371.0,15370.0,15361.0,15361.0,15359.0,15359.0,15357.0,15353.0,15353.0,15343.0,15342.0,15341.0,15336.0,15336.0,15335.0,15335.0,15335.0,15332.0,15332.0,15332.0,15332.0,15331.0,15327.0,15327.0,15327.0,15327.0,15325.0,15325.0,15320.0,15317.0,15313.0,15313.0,15313.0,15310.0,15310.0,15310.0,15310.0,15305.0,15305.0,15305.0,15298.0,15298.0,15298.0,15298.0,15298.0,15298.0,15298.0,15298.0,15298.0,15298.0,15298.0,15292.0,15292.0,15292.0,15292.0,15292.0,15292.0,15292.0,15292.0,15292.0,15284.0,15284.0,15284.0,15284.0,15284.0,15284.0,15282.0,15282.0,15282.0,15282.0,15282.0,15282.0,15281.0,15279.0,15279.0,15279.0,15279.0,15276.0,15276.0,15276.0,15276.0,15276.0,15276.0,15276.0,15275.0,15275.0,15275.0,15275.0,15275.0,15275.0,15274.0,15270.0,15270.0,15270.0,15270.0,15270.0,15270.0,15270.0,15270.0,15270.0,15270.0,15270.0,15269.0,15269.0,15269.0,15269.0,15269.0,15269.0,15269.0,15269.0,15269.0,15269.0,15269.0,15269.0,15268.0,15268.0,15268.0,15268.0,15268.0,15268.0,15267.0,15267.0,15267.0,15267.0,15267.0,15267.0,15267.0,15267.0,15267.0,15267.0,15267.0,15267.0,15267.0,15267.0,15267.0,15267.0,15267.0,15267.0,15267.0,15267.0,15267.0,15267.0,15267.0,15267.0,15267.0,15267.0,15267.0,15267.0,15267.0,15267.0,15267.0,15267.0,15267.0,15267.0,15267.0,15267.0
tune_4,Testing/network-cor-forma_eu_27t.txt,1.0,0,0.03,50,3,0.8,0.01,largest,15287.0,485.10,158,15551.0,15551.0,15538.0,15538.0,15531.0,15524.0,15524.0,15516.0,15512.0,15509.0,15500.0,15500.0,15485.0,15485.0,15479.0,15478.0,15468.0,15467.0,15466.0,15459.0,15453.0,15440.0,15437.0,15427.0,15427.0,15427.0,15426.0,15426.0,15417.0,15417.0,15410.0,15410.0,15407.0,15403.0,15403.0,15400.0,15397.0,15386.0,15386.0,15384.0,15378.0,15378.0,15371.0,15371.0,15371.0,15370.0,15370.0,15366.0,15366.0,15364.0,15364.0,15364.0,15359.0,15358.0,15358.0,15358.0,15353.0,15351.0,15349.0,15349.0,15343.0,15343.0,15343.0,15343.0,15343.0,15338.0,15332.0,15331.0,15331.0,15331.0,15331.0,15331.0,15331.0,15331.0,15329.0,15329.0,15329.0,15329.0,15326.0,15326.0,15325.0,15325.0,15325.0,15325.0,15325.0,15325.0,15325.0,15325.0,15325.0,15323.0,15323.0,15322.0,15322.0,15321.0,15321.0,15321.0,15318.0,15318.0,15318.0,15318.0,15318.0,15316.0,15316.0,15314.0,15314.0,15313.0,15313.0,15313.0,15313.0,15312.0,15312.0,15312.0,15308.0,15303.0,15303.0,15303.0,15303.0,15300.0,15300.0,15300.0,15300.0,15300.0,15300.0,15297.0,15297.0,15297.0,15297.0,15297.0,15297.0,15294.0,15294.0,15294.0,15294.0,15294.0,15294.0,15294.0,15294.0,15294.0,15292.0,15292.0,15291.0,15291.0,15291.0,15291.0,15291.0,15291.0,15291.0,15291.0,15290.0,15290.0,15290.0,15290.0,15290.0,15288.0,15288.0,15288.0,15288.0,15288.0,15287.0,15287.0,15287.0,15287.0,15287.0,15287.0,15287.0,15287.0,15287.0,15287.0,15287.0,15287.0,15287.0,15287.0,15287.0,15287.0,15287.0,15287.0,15287.0,15287.0,15287.0,15287.0,15287.0,15287.0,15287.0,15287.0,15287.0,15287.0,15287.0,15287.0,15287.0,15287.0,15287.0,15287.0,15287.0,15287.0,15287.0,15287.0,15287.0,15287.0,15287.0,15287.0
tune_5,Testing/network-cor-forma_eu_27t.txt,1.0,0,0.03,50,3,0.8,0.01,largest,15311.0,475.83,132,15554.0,15550.0,15547.0,15539.0,15535.0,15533.0,15527.0,15527.0,15519.0,15511.0,15509.0,15506.0,15491.0,15491.0,15487.0,15483.0,15483.0,15471.0,15471.0,15467.0,15467.0,15463.0,15459.0,15459.0,15452.0,15452.0,15444.0,15435.0,15435.0,15430.0,15430.0,15430.0,15423.0,15417.0,15417.0,15417.0,15417.0,15408.0,15408.0,15402.0,15399.0,15399.0,15394.0,15394.0,15390.0,15387.0,15387.0,15387.0,15384.0,15376.0,15376.0,15374.0,15373.0,15373.0,15373.0,15369.0,15369.0,15366.0,15363.0,15363.0,15355.0,15355.0,15354.0,15348.0,15348.0,15348.0,15348.0,15346.0,15346.0,15346.0,15346.0,15346.0,15344.0,15344.0,15344.0,15341.0,15341.0,15335.0,15332.0,15332.0,15332.0,15332.0,15332.0,15332.0,15332.0,15330.0,15330.0,15330.0,15330.0,15327.0,15327.0,15327.0,15326.0,15326.0,15326.0,15324.0,15324.0,15323.0,15323.0,15323.0,15323.0,15323.0,15323.0,15321.0,15321.0,15318.0,15318.0,15318.0,15318.0,15315.0,15315.0,15315.0,15315.0,15315.0,15315.0,15315.0,15315.0,15315.0,15315.0,15315.0,15312.0,15312.0,15312.0,15312.0,15312.0,15312.0,15312.0,15312.0,15312.0,15312.0,15312.0,15312.0,15311.0,15311.0,15311.0,15311.0,15311.0,15311.0,15311.0,15311.0,15311.0,15311.0,15311.0,15311.0,15311.0,15311.0,15311.0,15311.0,15311.0,15311.0,15311.0,15311.0,15311.0,15311.0,15311.0,15311.0,15311.0,15311.0,15311.0,15311.0,15311.0,15311.0,15311.0,15311.0,15311.0,15311.0,15311.0,15311.0,15311.0,15311.0,15311.0,15311.0,15311.0,15311.0,15311.0,15311.0,15311.0,15311.0,15311.0,15311.0,15311.0,15311.0,15311.0,15311.0,15311.0,15311.0,15311.0,15311.0,15311.0,15311.0,15311.0,15311.0,15311.0,15311.0,15311.0,15311.0,15311.0,15311.0,15311.0,15311.0
tune_6,Testing/network-cor-forma_eu_27t.txt,1.0,0,0.03,50,3,0.8,0.01,largest,15294.0,484.23,146,15557.0,15553.0,15547.0,15538.0,15538.0,15535.0,15531.0,15511.0,15508.0,15508.0,15504.0,15501.0,15488.0,15488.0,15479.0,15479.0,15472.0,15464.0,15455.0,15453.0,15447.0,15444.0,15444.0,15444.0,15438.0,15432.0,15425.0,15425.0,15424.0,15424.0,15421.0,15415.0,15409.0,15406.0,15402.0,15396.0,15396.0,15396.0,15395.0,15393.0,15385.0,15385.0,15383.0,15375.0,15370.0,15367.0,15367.0,15367.0,15358.0,15354.0,15354.0,15354.0,15354.0,15351.0,15351.0,15351.0,15344.0,15344.0,15344.0,15340.0,15337.0,15336.0,15332.0,15332.0,15332.0,15325.0,15325.0,15325.0,15325.0,15325.0,15325.0,15324.0,15324.0,15321.0,15321.0,15321.0,15320.0,15320.0,15320.0,15320.0,15320.0,15320.0,15318.0,15316.0,15316.0,15316.0,15316.0,15316.0,15310.0,15310.0,15310.0,15310.0,15310.0,15310.0,15310.0,15310.0,15309.0,15309.0,15309.0,15309.0,15309.0,15309.0,15308.0,15308.0,15308.0,15306.0,15306.0,15306.0,15306.0,15306.0,15306.0,15306.0,15306.0,15306.0,15304.0,15304.0,15299.0,15299.0,15299.0,15299.0,15299.0,15299.0,15299.0,15299.0,15299.0,15299.0,15299.0,15299.0,15299.0,15297.0,15297.0,15297.0,15297.0,15296.0,15296.0,15296.0,15296.0,15296.0,15296.0,15295.0,15295.0,15295.0,15295.0,15295.0,15295.0,15295.0,15294.0,15294.0,15294.0,15294.0,15294.0,15294.0,15294.0,15294.0,15294.0,15294.0,15294.0,15294.0,15294.0,15294.0,15294.0,15294.0,15294.0,15294.0,15294.0,15294.0,15294.0,15294.0,15294.0,15294.0,15294.0,15294.0,15294.0,15294.0,15294.0,15294.0,15294.0,15294.0,15294.0,15294.0,15294.0,15294.0,15294.0,15294.0,15294.0,15294.0,15294.0,15294.0,15294.0,15294.0,15294.0,15294.0,15294.0,15294.0,15294.0,15294.0,15294.0,15294.0,15294.0,15294.0
tune_7,Testing/network-cor-forma_eu_27t.txt,1.0,0,0.03,50,3,0.8,0.01,largest,15323.0,510.22,127,15555.0,15549.0,15549.0,15548.0,15541.0,15531.0,15526.0,15520.0,15516.0,15502.0,15500.0,15490.0,15486.0,15486.0,15486.0,15481.0,15471.0,15467.0,15461.0,15455.0,15454.0,15444.0,15443.0,15438.0,15438.0,15428.0,15428.0,15428.0,15423.0,15415.0,15415.0,15414.0,15412.0,15406.0,15406.0,15403.0,15403.0,15399.0,15397.0,15396.0,15385.0,15385.0,15385.0,15373.0,15373.0,15373.0,15368.0,15368.0,15368.0,15368.0,15365.0,15365.0,15361.0,15361.0,15361.0,15361.0,15361.0,15361.0,15359.0,15359.0,15359.0,15359.0,15359.0,15355.0,15355.0,15355.0,15354.0,15354.0,15354.0,15352.0,15352.0,15352.0,15351.0,15349.0,15349.0,15346.0,15345.0,15345.0,15345.0,15345.0,15343.0,15343.0,15343.0,15342.0,15342.0,15342.0,15342.0,15342.0,15341.0,15341.0,15341.0,15341.0,15341.0,15335.0,15335.0,15335.0,15335.0,15335.0,15335.0,15335.0,15335.0,15335.0,15333.0,15333.0,15333.0,15331.0,15331.0,15331.0,15331.0,15331.0,15329.0,15329.0,15329.0,15326.0,15326.0,15326.0,15326.0,15326.0,15326.0,15326.0,15326.0,15324.0,15324.0,15324.0,15324.0,15324.0,15324.0,15323.0,15323.0,15323.0,15323.0,15323.0,15323.0,15323.0,15323.0,15323.0,15323.0,15323.0,15323.0,15323.0,15323.0,15323.0,15323.0,15323.0,15323.0,15323.0,15323.0,15323.0,15323.0,15323.0,15323.0,15323.0,15323.0,15323.0,15323.0,15323.0,15323.0,15323.0,15323.0,15323.0,15323.0,15323.0,15323.0,15323.0,15323.0,15323.0,15323.0,15323.0,15323.0,15323.0,15323.0,15323.0,15323.0,15323.0,15323.0,15323.0,15323.0,15323.0,15323.0,15323.0,15323.0,15323.0,15323.0,15323.0,15323.0,15323.0,15323.0,15323.0,15323.0,15323.0,15323.0,15323.0,15323.0,15323.0,15323.0,15323.0,15323.0,15323.0,15323.0,15323.0
tune_8,Testing/network-cor-forma_eu_27t.txt,1.0,0,0.03,50,3,0.8,0.01,largest,15286.0,510.61,144,15555.0,15555.0,15555.0,15542.0,15542.0,15527.0,15527.0,15526.0,15521.0,15511.0,15509.0,15501.0,15501.0,15493.0,15486.0,15481.0,15463.0,15463.0,15463.0,15453.0,15453.0,15453.0,15443.0,15440.0,15440.0,15440.0,15435.0,15426.0,15419.0,15419.0,15419.0,15415.0,15400.0,15400.0,15400.0,15400.0,15395.0,15395.0,15393.0,15393.0,15389.0,15380.0,15378.0,15378.0,15374.0,15372.0,15372.0,15371.0,15364.0,15364.0,15359.0,15359.0,15359.0,15355.0,15355.0,15351.0,15351.0,15340.0,15340.0,15340.0,15340.0,15340.0,15340.0,15339.0,15339.0,15336.0,15324.0,15324.0,15324.0,15324.0,15324.0,15324.0,15318.0,15318.0,15318.0,15318.0,15318.0,15318.0,15318.0,15318.0,15316.0,15314.0,15309.0,15309.0,15309.0,15309.0,15309.0,15309.0,15309.0,15309.0,15309.0,15309.0,15305.0,15305.0,15305.0,15305.0,15305.0,15304.0,15304.0,15304.0,15304.0,15304.0,15304.0,15304.0,15304.0,15304.0,15304.0,15304.0,15302.0,15301.0,15301.0,15299.0,15296.0,15296.0,15296.0,15296.0,15296.0,15296.0,15296.0,15294.0,15294.0,15293.0,15293.0,15292.0,15292.0,15292.0,15292.0,15292.0,15292.0,15292.0,15288.0,15288.0,15288.0,15288.0,15288.0,15288.0,15288.0,15288.0,15288.0,15288.0,15288.0,15287.0,15287.0,15287.0,15286.0,15286.0,15286.0,15286.0,15286.0,15286.0,15286.0,15286.0,15286.0,15286.0,15286.0,15286.0,15286.0,15286.0,15286.0,15286.0,15286.0,15286.0,15286.0,15286.0,15286.0,15286.0,15286.0,15286.0,15286.0,15286.0,15286.0,15286.0,15286.0,15286.0,15286.0,15286.0,15286.0,15286.0,15286.0,15286.0,15286.0,15286.0,15286.0,15286.0,15286.0,15286.0,15286.0,15286.0,15286.0,15286.0,15286.0,15286.0,15286.0,15286.0,15286.0,15286.0,15286.0,15286.0,15286.0,15286.0
tune_9,Testing/network-cor-forma_eu_27t.txt,1.0,0,0.03,50,3,0.8,0.01,largest,15290.0,513.79,131,15551.0,15551.0,15538.0,15538.0,15533.0,15527.0,15517.0,15516.0,15505.0,15502.0,15490.0,15490.0,15490.0,15484.0,15483.0,15472.0,15464.0,15456.0,15456.0,15454.0,15441.0,15441.0,15434.0,15434.0,15417.0,15417.0,15416.0,15408.0,15408.0,15408.0,15408.0,15403.0,15403.0,15400.0,15400.0,15395.0,15395.0,15395.0,15391.0,15386.0,15375.0,15375.0,15375.0,15375.0,15375.0,15371.0,15371.0,15363.0,15363.0,15363.0,15360.0,15355.0,15355.0,15350.0,15350.0,15350.0,15345.0,15343.0,15343.0,15343.0,15341.0,15341.0,15341.0,15341.0,15334.0,15334.0,15334.0,15333.0,15328.0,15328.0,15328.0,15328.0,15326.0,15326.0,15324.0,15324.0,15323.0,15323.0,15323.0,15323.0,15322.0,15321.0,15321.0,15317.0,15317.0,15317.0,15314.0,15314.0,15314.0,15314.0,15313.0,15313.0,15312.0,15312.0,15311.0,15306.0,15306.0,15306.0,15306.0,15303.0,15303.0,15303.0,15303.0,15303.0,15298.0,15298.0,15298.0,15298.0,15298.0,15298.0,15298.0,15298.0,15298.0,15298.0,15297.0,15294.0,15294.0,15294.0,15294.0,15294.0,15294.0,15294.0,15294.0,15294.0,15294.0,15294.0,15294.0,15294.0,15293.0,15293.0,15293.0,15290.0,15290.0,15290.0,15290.0,15290.0,15290.0,15290.0,15290.0,15290.0,15290.0,15290.0,15290.0,15290.0,15290.0,15290.0,15290.0,15290.0,15290.0,15290.0,15290.0,15290.0,15290.0,15290.0,15290.0,15290.0,15290.0,15290.0,15290.0,15290.0,15290.0,15290.0,15290.0,15290.0,15290.0,15290.0,15290.0,15290.0,15290.0,15290.0,15290.0,15290.0,15290.0,15290.0,15290.0,15290.0,15290.0,15290.0,15290.0,15290.0,15290.0,15290.0,15290.0,15290.0,15290.0,15290.0,15290.0,15290.0,15290.0,15290.0,15290.0,15290.0,15290.0,15290.0,15290.0,15290.0,15290.0,15290.0,15290.0,15290.0
tune_10,Testing/network-cor-forma_eu_27t.txt,1.0,0,0.03,50,3,0.8,0.01,largest,15302.0,510.66,164,15553.0,15552.0,15548.0,15538.0,15527.0,15523.0,15518.0,15511.0,15511.0,15504.0,15503.0,15490.0,15490.0,15487.0,15479.0,15470.0,15460.0,15460.0,15460.0,15456.0,15454.0,15448.0,15446.0,15442.0,15442.0,15436.0,15436.0,15435.0,15432.0,15429.0,15423.0,15419.0,15413.0,15408.0,15403.0,15403.0,15403.0,15395.0,15395.0,15394.0,15394.0,15386.0,15386.0,15383.0,15383.0,15380.0,15380.0,15380.0,15368.0,15368.0,15368.0,15361.0,15361.0,15361.0,15361.0,15361.0,15361.0,15361.0,15356.0,15356.0,15356.0,15356.0,15351.0,15351.0,15351.0,15351.0,15349.0,15347.0,15347.0,15347.0,15345.0,15345.0,15344.0,15344.0,15337.0,15337.0,15337.0,15337.0,15337.0,15337.0,15336.0,15336.0,15336.0,15336.0,15336.0,15336.0,15335.0,15334.0,15334.0,15333.0,15333.0,15329.0,15329.0,15329.0,15329.0,15328.0,15328.0,15328.0,15325.0,15325.0,15325.0,15325.0,15325.0,15320.0,15318.0,15318.0,15318.0,15318.0,15317.0,15316.0,15316.0,15316.0,15316.0,15316.0,15316.0,15316.0,15316.0,15314.0,15314.0,15314.0,15314.0,15314.0,15314.0,15310.0,15310.0,15310.0,15310.0,15310.0,15310.0,15310.0,15310.0,15307.0,15307.0,15307.0,15307.0,15307.0,15307.0,15307.0,15307.0,15307.0,15307.0,15307.0,15307.0,15307.0,15306.0,15306.0,15306.0,15306.0,15306.0,15306.0,15306.0,15303.0,15303.0,15303.0,15303.0,15303.0,15303.0,15303.0,15303.0,15303.0,15303.0,15303.0,15303.0,15303.0,15302.0,15302.0,15302.0,15302.0,15302.0,15302.0,15302.0,15302.0,15302.0,15302.0,15302.0,15302.0,15302.0,15302.0,15302.0,15302.0,15302.0,15302.0,15302.0,15302.0,15302.0,15302.0,15302.0,15302.0,15302.0,15302.0,15302.0,15302.0,15302.0,15302.0,15302.0,15302.0,15302.0,15302.0,15302.0,15302.0
tune_1,Testing/network-cor-forma_eu_27t.txt,1.0,0,0.03,50,3,0.8,0.01,pairwise,116899832.0,496.71,145,120940177.0,120784697.0,120738082.0,120691464.0,120505104.0,120505104.0,120458540.0,120287864.0,120039827.0,120039827.0,120008845.0,119915911.0,119915908.0,119869454.0,119668258.0,119668258.0,119498152.0,119374510.0,119359060.0,119359060.0,119065684.0,119065684.0,119065684.0,119065684.0,119065684.0,118957694.0,118803503.0,118803503.0,118803503.0,118711041.0,118695636.0,118618608.0,118526212.0,118526212.0,118495414.0,118418460.0,118418460.0,118341528.0,118218488.0,118172365.0,118172365.0,118141619.0,118110880.0,118095514.0,117957238.0,117957238.0,117849751.0,117849751.0,117849751.0,117849751.0,117849748.0,117788348.0,117788348.0,117788348.0,117757655.0,117680937.0,117680937.0,117665598.0,117634917.0,117619581.0,117619581.0,117619581.0,117619581.0,117588909.0,117573574.0,117527579.0,117527579.0,117466257.0,117466257.0,117450929.0,117450929.0,117450929.0,117420280.0,117404961.0,117374316.0,117358995.0,117358995.0,117343673.0,117343673.0,117343673.0,117297723.0,117297723.0,117282403.0,117282403.0,117282403.0,117282403.0,117282403.0,117282403.0,117282403.0,117282403.0,117282403.0,117221149.0,117175220.0,117175220.0,117175220.0,117175220.0,117175220.0,117175220.0,117175220.0,117175220.0,117175220.0,117175220.0,117175220.0,117159914.0,117159914.0,117159914.0,117144610.0,117144610.0,117144610.0,117144609.0,117083391.0,117083391.0,117083391.0,117083391.0,117068084.0,117068084.0,117068084.0,117068084.0,117068084.0,117052786.0,117006890.0,117006890.0,117006890.0,117006890.0,116945710.0,116945710.0,116945710.0,116945710.0,116915124.0,116915124.0,116915124.0,116915124.0,116915124.0,116915124.0,116915124.0,116915124.0,116915124.0,116915124.0,116915123.0,116915123.0,116915123.0,116915123.0,116915123.0,116915123.0,116915123.0,116899832.0,116899832.0,116899832.0,116899832.0,116899832.0,116899832.0,116899832.0,116899832.0,116899832.0,116899832.0,116899832.0,116899832.0,116899832.0,116899832.0,116899832.0,116899832.0,116899832.0,116899832.0,116899832.0,116899832.0,116899832.0,116899832.0,116899832.0,116899832.0,116899832.0,116899832.0,116899832.0,116899832.0,116899832.0,116899832.0,116899832.0,116899832.0,116899832.0,116899832.0,116899832.0,116899832.0,116899832.0,116899832.0,116899832.0,116899832.0,116899832.0,116899832.0,116899832.0,116899832.0,116899832.0,116899832.0,116899832.0,116899832.0,116899832.0,116899832.0,116899832.0,116899832.0,116899832.0,116899832.0,116899832.0
tune_2,Testing/network-cor-forma_eu_27t.txt,1.0,0,0.03,50,3,0.8,0.01,pairwise,116624796.0,511.22,164,120862434.0,120784702.0,120707007.0,120707007.0,120613797.0,120598279.0,120427507.0,120427507.0,120272373.0,120272365.0,120163832.0,119993372.0,119977875.0,119761119.0,119761119.0,119761119.0,119668281.0,119668281.0,119621869.0,119606407.0,119529083.0,119436342.0,119359079.0,119297280.0,119112003.0,119112003.0,119065709.0,118942291.0,118896026.0,118896026.0,118880600.0,118818935.0,118711056.0,118711056.0,118711056.0,118634026.0,118618625.0,118495442.0,118480052.0,118387709.0,118372319.0,118264644.0,118187758.0,118187758.0,118187758.0,118187755.0,118064807.0,118064807.0,118049432.0,118049432.0,117788373.0,117788373.0,117773028.0,117773028.0,117773024.0,117773024.0,117757675.0,117711645.0,117711645.0,117650287.0,117650281.0,117650281.0,117650281.0,117619601.0,117619601.0,117527598.0,117527598.0,117527598.0,117527598.0,117527598.0,117512271.0,117404982.0,117404981.0,117404978.0,117359015.0,117359011.0,117359011.0,117282431.0,117282431.0,117205866.0,117205866.0,117205866.0,117205866.0,117205866.0,117205866.0,117205866.0,117205866.0,117190553.0,117190553.0,117129324.0,117129324.0,117129324.0,117129324.0,117083418.0,117083418.0,117083411.0,117083411.0,117083411.0,117083411.0,117083411.0,117083411.0,117083411.0,117083411.0,117052811.0,116945735.0,116945735.0,116945735.0,116930442.0,116930442.0,116930442.0,116930442.0,116930442.0,116930442.0,116930442.0,116930442.0,116930440.0,116930440.0,116915152.0,116915152.0,116915152.0,116915152.0,116915152.0,116869283.0,116869283.0,116869283.0,116838703.0,116838703.0,116838703.0,116838703.0,116777571.0,116777571.0,116777571.0,116777571.0,116777571.0,116747006.0,116747006.0,116747006.0,116731726.0,116731726.0,116716449.0,116701171.0,116701171.0,116701170.0,116701170.0,116701170.0,116685894.0,116685894.0,116685894.0,116685894.0,116685894.0,116685894.0,116685894.0,116670618.0,116670618.0,116670618.0,116670618.0,116670618.0,116670617.0,116640069.0,116640069.0,116640069.0,116640069.0,116640069.0,116640069.0,116624796.0,116624796.0,116624796.0,116624796.0,116624796.0,116624796.0,116624796.0,116624796.0,116624796.0,116624796.0,116624796.0,116624796.0,116624796.0,116624796.0,116624796.0,116624796.0,116624796.0,116624796.0,116624796.0,116624796.0,116624796.0,116624796.0,116624796.0,116624796.0,116624796.0,116624796.0,116624796.0,116624796.0,116624796.0,116624796.0,116624796.0,116624796.0,116624796.0,116624796.0,116624796.0,116624796.0
tune_3,Testing/network-cor-forma_eu_27t.txt,1.0,0,0.03,50,3,0.8,0.01,pairwise,116746993.0,523.82,148,121064624.0,120940164.0,120738078.0,120738078.0,120691457.0,120520642.0,120520642.0,120458532.0,120334417.0,120163817.0,120148323.0,120117319.0,120101813.0,119946882.0,119900431.0,119761107.0,119699207.0,119668266.0,119529075.0,119374524.0,119374524.0,119204616.0,119204616.0,119096558.0,118865174.0,118865174.0,118865174.0,118834344.0,118788093.0,118757274.0,118695640.0,118603214.0,118557014.0,118433872.0,118433872.0,118326154.0,118310773.0,118310773.0,118264631.0,118249255.0,118172378.0,118172378.0,118172378.0,118126268.0,118003327.0,118003327.0,118003327.0,118003327.0,117972615.0,117819065.0,117819065.0,117819065.0,117819065.0,117788365.0,117757665.0,117757665.0,117757665.0,117757665.0,117558254.0,117558254.0,117512259.0,117512259.0,117512259.0,117512259.0,117512255.0,117512255.0,117496931.0,117496929.0,117466266.0,117450947.0,117450947.0,117389649.0,117389649.0,117389649.0,117389649.0,117389649.0,117389649.0,117359010.0,117359010.0,117343692.0,117343692.0,117343682.0,117328368.0,117267098.0,117251792.0,117251792.0,117251792.0,117251792.0,117144620.0,117144620.0,117144620.0,117144620.0,117144620.0,117144620.0,117144620.0,117129315.0,117129315.0,117129315.0,117083402.0,117083402.0,117083402.0,117083402.0,117083402.0,117083402.0,117083402.0,117083402.0,117083402.0,117052802.0,117052802.0,116915137.0,116915137.0,116915137.0,116915137.0,116915137.0,116915137.0,116915137.0,116915137.0,116915137.0,116915137.0,116915137.0,116915137.0,116899846.0,116899846.0,116899846.0,116884560.0,116869267.0,116823407.0,116823407.0,116823407.0,116823407.0,116823407.0,116823407.0,116823407.0,116792839.0,116792839.0,116792839.0,116792839.0,116792839.0,116792839.0,116777556.0,116777556.0,116777556.0,116777556.0,116777556.0,116762274.0,116762274.0,116762274.0,116762274.0,116746993.0,116746993.0,116746993.0,116746993.0,116746993.0,116746993.0,116746993.0,116746993.0,116746993.0,116746993.0,116746993.0,116746993.0,116746993.0,116746993.0,116746993.0,116746993.0,116746993.0,116746993.0,116746993.0,116746993.0,116746993.0,116746993.0,116746993.0,116746993.0,116746993.0,116746993.0,116746993.0,116746993.0,116746993.0,116746993.0,116746993.0,116746993.0,116746993.0,116746993.0,116746993.0,116746993.0,116746993.0,116746993.0,116746993.0,116746993.0,116746993.0,116746993.0,116746993.0,116746993.0,116746993.0,116746993.0,116746993.0,116746993.0,116746993.0,116746993.0,116746993.0,116746993.0
tune_4,Testing/network-cor-forma_eu_27t.txt,1.0,0,0.03,50,3,0.8,0.01,pairwise,116884548.0,495.87,149,121033497.0,120877967.0,120722538.0,120644860.0,120567215.0,120551684.0,120396472.0,120396472.0,120086332.0,120086332.0,119977872.0,119977872.0,119838503.0,119792065.0,119621854.0,119575466.0,119482700.0,119467245.0,119467245.0,119250945.0,119142869.0,119142869.0,118973125.0,118973125.0,118973125.0,118865167.0,118849764.0,118618612.0,118618612.0,118618612.0,118510818.0,118464648.0,118418479.0,118387697.0,118341544.0,118341544.0,118341544.0,118295388.0,118233869.0,118233869.0,118095522.0,117972610.0,117972610.0,117972610.0,117972610.0,117972610.0,117941885.0,117941885.0,117849763.0,117849763.0,117757660.0,117757660.0,117757660.0,117665607.0,117665607.0,117665607.0,117650260.0,117650260.0,117650260.0,117634922.0,117634922.0,117634922.0,117573575.0,117573575.0,117573575.0,117573575.0,117573575.0,117573575.0,117573575.0,117573575.0,117389639.0,117389639.0,117389639.0,117389639.0,117389639.0,117389639.0,117389639.0,117374317.0,117221155.0,117221155.0,117221155.0,117221155.0,117221155.0,117221155.0,117221155.0,117221155.0,117221155.0,117221155.0,117221155.0,117221155.0,117205844.0,117205844.0,117205844.0,117205844.0,117205844.0,117205844.0,117205844.0,117159918.0,117159918.0,117159918.0,117129305.0,117129305.0,117129305.0,117083395.0,117083395.0,117083395.0,117083395.0,117083395.0,117083395.0,117083395.0,117068093.0,117052791.0,117052791.0,117052791.0,117052791.0,117052791.0,117052791.0,117052791.0,117052791.0,116976306.0,116976306.0,116976306.0,116976306.0,116976306.0,116961008.0,116961008.0,116961008.0,116961008.0,116961008.0,116961008.0,116961008.0,116930422.0,116930422.0,116930422.0,116930421.0,116930421.0,116930421.0,116930421.0,116915130.0,116899839.0,116899839.0,116899839.0,116899839.0,116899839.0,116899838.0,116899838.0,116899838.0,116899838.0,116899838.0,116884548.0,116884548.0,116884548.0,116884548.0,116884548.0,116884548.0,116884548.0,116884548.0,116884548.0,116884548.0,116884548.0,116884548.0,116884548.0,116884548.0,116884548.0,116884548.0,116884548.0,116884548.0,116884548.0,116884548.0,116884548.0,116884548.0,116884548.0,116884548.0,116884548.0,116884548.0,116884548.0,116884548.0,116884548.0,116884548.0,116884548.0,116884548.0,116884548.0,116884548.0,116884548.0,116884548.0,116884548.0,116884548.0,116884548.0,116884548.0,116884548.0,116884548.0,116884548.0,116884548.0,116884548.0,116884548.0,116884548.0,116884548.0,116884548.0,116884548.0,116884548.0
tune_5,Testing/network-cor-forma_eu_27t.txt,1.0,0,0.03,50,3,0.8,0.01,pairwise,116884552.0,475.69,148,120955728.0,120909075.0,120815788.0,120675931.0,120427496.0,120427496.0,120396451.0,120396451.0,120194815.0,120163819.0,120070820.0,120070810.0,119761091.0,119652788.0,119652788.0,119606386.0,119559996.0,119513609.0,119389956.0,119389956.0,119312710.0,119220047.0,119142853.0,118911423.0,118896003.0,118896003.0,118649415.0,118649415.0,118634004.0,118634004.0,118557002.0,118510817.0,118510817.0,118464634.0,118433852.0,118433852.0,118279999.0,118279999.0,118203112.0,118203112.0,118034051.0,117972603.0,117972603.0,117972603.0,117972603.0,117926524.0,117926524.0,117865103.0,117865103.0,117865103.0,117834402.0,117834396.0,117834396.0,117773005.0,117757661.0,117757661.0,117726972.0,117726972.0,117711623.0,117619581.0,117588908.0,117588908.0,117466263.0,117466263.0,117466263.0,117466263.0,117466263.0,117466263.0,117466263.0,117466263.0,117466263.0,117466263.0,117420286.0,117404962.0,117404962.0,117404962.0,117404962.0,117404961.0,117404961.0,117343679.0,117343679.0,117343679.0,117343679.0,117343679.0,117343679.0,117343678.0,117267094.0,117267094.0,117236468.0,117236468.0,117236468.0,117236468.0,117221158.0,117221158.0,117221158.0,117205843.0,117205843.0,117205843.0,117068096.0,117068096.0,117068096.0,117068096.0,117068096.0,117068096.0,117068096.0,117068096.0,117068096.0,117068096.0,117068096.0,117068096.0,117068096.0,117022197.0,117022197.0,117022197.0,117006900.0,117006900.0,117006900.0,117006900.0,116991603.0,116991603.0,116991603.0,116991603.0,116991603.0,116976307.0,116961011.0,116961011.0,116961011.0,116945718.0,116945718.0,116945718.0,116930425.0,116930425.0,116930425.0,116930425.0,116930425.0,116915133.0,116915133.0,116915133.0,116915133.0,116915133.0,116915133.0,116915133.0,116915133.0,116915133.0,116915133.0,116899842.0,116899842.0,116899842.0,116884552.0,116884552.0,116884552.0,116884552.0,116884552.0,116884552.0,116884552.0,116884552.0,116884552.0,116884552.0,116884552.0,116884552.0,116884552.0,116884552.0,116884552.0,116884552.0,116884552.0,116884552.0,116884552.0,116884552.0,116884552.0,116884552.0,116884552.0,116884552.0,116884552.0,116884552.0,116884552.0,116884552.0,116884552.0,116884552.0,116884552.0,116884552.0,116884552.0,116884552.0,116884552.0,116884552.0,116884552.0,116884552.0,116884552.0,116884552.0,116884552.0,116884552.0,116884552.0,116884552.0,116884552.0,116884552.0,116884552.0,116884552.0,116884552.0,116884552.0,116884552.0,116884552.0
tune_6,Testing/network-cor-forma_eu_27t.txt,1.0,0,0.03,50,3,0.8,0.01,pairwise,116487383.0,478.44,153,120815784.0,120753625.0,120536164.0,120505095.0,120505095.0,120241347.0,120241347.0,120070824.0,120070824.0,120070823.0,120055329.0,119931405.0,119776582.0,119776582.0,119730151.0,119621861.0,119482695.0,119436331.0,119374516.0,119266391.0,119235496.0,118957699.0,118957699.0,118957699.0,118942278.0,118865177.0,118803520.0,118695647.0,118695647.0,118587822.0,118587808.0,118464638.0,118356924.0,118233878.0,118233878.0,118141636.0,118141636.0,118126253.0,118126253.0,118018693.0,118018693.0,118018693.0,117895819.0,117895819.0,117849763.0,117849763.0,117834410.0,117773021.0,117650268.0,117634935.0,117619605.0,117619605.0,117573587.0,117496932.0,117466271.0,117466271.0,117450948.0,117450948.0,117435625.0,117435625.0,117282422.0,117282422.0,117282422.0,117282422.0,117282422.0,117282422.0,117236483.0,117190551.0,117190551.0,117190551.0,117098709.0,117098709.0,117098709.0,117098709.0,117098709.0,117098709.0,117098709.0,117098709.0,117098709.0,117022209.0,117022209.0,117022209.0,117022209.0,117022209.0,117022209.0,117022209.0,117022209.0,116991614.0,116869279.0,116869279.0,116869279.0,116869279.0,116869279.0,116853994.0,116853994.0,116853987.0,116808135.0,116808135.0,116808135.0,116808130.0,116792856.0,116762285.0,116762285.0,116762285.0,116762285.0,116762285.0,116762282.0,116716446.0,116716446.0,116716446.0,116701167.0,116701167.0,116701167.0,116701167.0,116685895.0,116685895.0,116655341.0,116655341.0,116655341.0,116655341.0,116655341.0,116594251.0,116594251.0,116594251.0,116594251.0,116594251.0,116594251.0,116594251.0,116578982.0,116578982.0,116578982.0,116578982.0,116578982.0,116578980.0,116578980.0,116578980.0,116548446.0,116548445.0,116517913.0,116517913.0,116517913.0,116517913.0,116517913.0,116517913.0,116517913.0,116517913.0,116502647.0,116502647.0,116502647.0,116502647.0,116502647.0,116502647.0,116502647.0,116487383.0,116487383.0,116487383.0,116487383.0,116487383.0,116487383.0,116487383.0,116487383.0,116487383.0,116487383.0,116487383.0,116487383.0,116487383.0,116487383.0,116487383.0,116487383.0,116487383.0,116487383.0,116487383.0,116487383.0,116487383.0,116487383.0,116487383.0,116487383.0,116487383.0,116487383.0,116487383.0,116487383.0,116487383.0,116487383.0,116487383.0,116487383.0,116487383.0,116487383.0,116487383.0,116487383.0,116487383.0,116487383.0,116487383.0,116487383.0,116487383.0,116487383.0,116487383.0,116487383.0,116487383.0,116487383.0,116487383.0
tune_7,Testing/network-cor-forma_eu_27t.txt,1.0,0,0.03,50,3,0.8,0.01,pairwise,116945725.0,489.00,177,120738081.0,120738081.0,120567214.0,120551692.0,120505110.0,120427498.0,120272367.0,120024347.0,120024347.0,120024347.0,119946892.0,119869464.0,119683740.0,119683738.0,119683738.0,119683736.0,119637331.0,119544539.0,119389975.0,119343621.0,119204622.0,119204619.0,119065697.0,119065697.0,119019407.0,118911439.0,118911439.0,118788095.0,118757281.0,118603214.0,118603214.0,118557016.0,118495429.0,118495429.0,118495429.0,118464646.0,118264631.0,118264631.0,118264631.0,118264631.0,118249254.0,118218506.0,118218506.0,118126261.0,118049429.0,118049429.0,117972609.0,117972609.0,117972609.0,117972609.0,117972609.0,117972609.0,117911180.0,117911180.0,117911180.0,117911180.0,117849763.0,117849763.0,117849763.0,117849763.0,117726983.0,117726983.0,117726982.0,117726977.0,117696296.0,117588923.0,117588923.0,117573589.0,117558255.0,117558255.0,117558255.0,117558255.0,117558255.0,117542925.0,117527589.0,117527589.0,117435620.0,117435620.0,117435620.0,117435620.0,117435620.0,117435620.0,117435620.0,117435620.0,117404974.0,117404974.0,117404974.0,117404974.0,117343690.0,117343690.0,117343690.0,117343690.0,117343690.0,117282428.0,117282428.0,117190546.0,117190546.0,117144625.0,117144625.0,117144625.0,117144625.0,117144625.0,117144625.0,117144625.0,117144624.0,117144624.0,117144624.0,117083407.0,117083407.0,117083407.0,117083407.0,117083407.0,117068105.0,117068105.0,117037504.0,117037504.0,117037504.0,117037504.0,117037504.0,117037504.0,117037504.0,117037504.0,117037504.0,117037504.0,117037504.0,117022208.0,117022205.0,116991612.0,116976316.0,116976316.0,116976316.0,116976316.0,116976316.0,116976315.0,116976315.0,116976315.0,116961020.0,116961020.0,116961020.0,116945726.0,116945726.0,116945726.0,116945726.0,116945726.0,116945726.0,116945726.0,116945726.0,116945726.0,116945726.0,116945726.0,116945726.0,116945726.0,116945726.0,116945726.0,116945726.0,116945726.0,116945726.0,116945726.0,116945726.0,116945726.0,116945726.0,116945726.0,116945726.0,116945726.0,116945726.0,116945726.0,116945726.0,116945726.0,116945726.0,116945726.0,116945726.0,116945726.0,116945726.0,116945726.0,116945726.0,116945726.0,116945726.0,116945725.0,116945725.0,116945725.0,116945725.0,116945725.0,116945725.0,116945725.0,116945725.0,116945725.0,116945725.0,116945725.0,116945725.0,116945725.0,116945725.0,116945725.0,116945725.0,116945725.0,116945725.0,116945725.0,116945725.0,116945725.0,116945725.0,116945725.0
tune_8,Testing/network-cor-forma_eu_27t.txt,1.0,0,0.03,50,3,0.8,0.01,pairwise,116456854.0,508.35,164,120940186.0,120784713.0,120784713.0,120707015.0,120551695.0,120551695.0,120474060.0,120411979.0,120101823.0,119931415.0,119869471.0,119869471.0,119869469.0,119699218.0,119652799.0,119590937.0,119374522.0,119374522.0,119374522.0,119281829.0,119220064.0,119189176.0,118973130.0,118926864.0,118926858.0,118788101.0,118788101.0,118587816.0,118587816.0,118587814.0,118541622.0,118387697.0,118387697.0,118249256.0,118249256.0,118172374.0,118095522.0,118095522.0,118095522.0,117987968.0,117957248.0,117926534.0,117880471.0,117865119.0,117865119.0,117834410.0,117803714.0,117711635.0,117711635.0,117711634.0,117680949.0,117558254.0,117558254.0,117558254.0,117558254.0,117527586.0,117527586.0,117527586.0,117435619.0,117435619.0,117313047.0,117313047.0,117297732.0,117297732.0,117221162.0,117221162.0,117221162.0,117221162.0,117221162.0,117221162.0,117159927.0,117159927.0,117144620.0,117022206.0,117022206.0,117022206.0,117022206.0,117022206.0,117022206.0,117022206.0,117022206.0,117022206.0,117006909.0,117006909.0,117006909.0,116976313.0,116976313.0,116976313.0,116976313.0,116976313.0,116961018.0,116869274.0,116853986.0,116853986.0,116792845.0,116792845.0,116792845.0,116792845.0,116777562.0,116777562.0,116777562.0,116777562.0,116777562.0,116777561.0,116777561.0,116777561.0,116777561.0,116777561.0,116777561.0,116777561.0,116762280.0,116746999.0,116746999.0,116731720.0,116731720.0,116731720.0,116731720.0,116701163.0,116701163.0,116670612.0,116670612.0,116670612.0,116670612.0,116670611.0,116670611.0,116670611.0,116609518.0,116609518.0,116609518.0,116609518.0,116578977.0,116578977.0,116578977.0,116563710.0,116563710.0,116563710.0,116563710.0,116502644.0,116502644.0,116502644.0,116502644.0,116502644.0,116502644.0,116502644.0,116502643.0,116502643.0,116502643.0,116502643.0,116502643.0,116502643.0,116502643.0,116502643.0,116487379.0,116487379.0,116472117.0,116472117.0,116472117.0,116472117.0,116472116.0,116472116.0,116472116.0,116472116.0,116472116.0,116472116.0,116456854.0,116456854.0,116456854.0,116456854.0,116456854.0,116456854.0,116456854.0,116456854.0,116456854.0,116456854.0,116456854.0,116456854.0,116456854.0,116456854.0,116456854.0,116456854.0,116456854.0,116456854.0,116456854.0,116456854.0,116456854.0,116456854.0,116456854.0,116456854.0,116456854.0,116456854.0,116456854.0,116456854.0,116456854.0,116456854.0,116456854.0,116456854.0,116456854.0,116456854.0,116456854.0,116456854.0
tune_9,Testing/network-cor-forma_eu_27t.txt,1.0,0,0.03,50,3,0.8,0.01,pairwise,116808129.0,497.39,159,121095737.0,120971273.0,120893531.0,120691482.0,120660413.0,120536165.0,120474061.0,120272360.0,120241356.0,120101833.0,120008855.0,120008855.0,119946897.0,119869473.0,119714693.0,119683741.0,119513622.0,119374522.0,119343621.0,119112002.0,119112002.0,119112002.0,119112002.0,119112002.0,118973131.0,118973131.0,118865182.0,118865182.0,118849764.0,118849764.0,118711051.0,118695646.0,118572420.0,118526228.0,118526228.0,118526228.0,118403094.0,118372314.0,118372314.0,118295398.0,118233881.0,118126267.0,118126267.0,118126266.0,118126266.0,118049427.0,118049427.0,117987978.0,117880470.0,117880470.0,117819064.0,117819064.0,117742324.0,117742324.0,117742324.0,117742324.0,117742324.0,117680950.0,117680950.0,117558256.0,117558256.0,117558256.0,117558256.0,117558256.0,117527591.0,117527591.0,117527591.0,117512262.0,117466273.0,117466273.0,117466273.0,117466273.0,117450952.0,117450952.0,117343691.0,117343691.0,117343691.0,117343691.0,117313053.0,117282424.0,117282424.0,117282424.0,117267110.0,117267110.0,117159933.0,117159933.0,117159933.0,117159933.0,117159933.0,117159933.0,117159933.0,117159933.0,117159933.0,117159933.0,117159933.0,117159933.0,117159933.0,117144624.0,117129319.0,117083407.0,117083407.0,117083407.0,117083407.0,117083407.0,117083407.0,117083407.0,117037509.0,117037509.0,117037509.0,117037509.0,117037509.0,117037509.0,116991613.0,116991613.0,116991613.0,116991613.0,116961021.0,116961021.0,116961021.0,116961021.0,116961021.0,116961021.0,116961021.0,116961021.0,116945730.0,116915147.0,116915147.0,116915147.0,116915147.0,116915147.0,116915147.0,116915143.0,116915143.0,116869278.0,116869278.0,116869278.0,116869278.0,116869278.0,116869278.0,116869278.0,116869278.0,116869275.0,116869275.0,116869275.0,116853989.0,116853989.0,116853989.0,116838702.0,116838702.0,116838699.0,116838699.0,116823416.0,116808131.0,116808131.0,116808131.0,116808131.0,116808131.0,116808131.0,116808131.0,116808129.0,116808129.0,116808129.0,116808129.0,116808129.0,116808129.0,116808129.0,116808129.0,116808129.0,116808129.0,116808129.0,116808129.0,116808129.0,116808129.0,116808129.0,116808129.0,116808129.0,116808129.0,116808129.0,116808129.0,116808129.0,116808129.0,116808129.0,116808129.0,116808129.0,116808129.0,116808129.0,116808129.0,116808129.0,116808129.0,116808129.0,116808129.0,116808129.0,116808129.0,116808129.0,116808129.0,116808129.0,116808129.0,116808129.0,116808129.0,116808129.0
tune_10,Testing/network-cor-forma_eu_27t.txt,1.0,0,0.03,50,3,0.8,0.01,pairwise,117282404.0,497.54,138,120862421.0,120862421.0,120769164.0,120769162.0,120582731.0,120582731.0,120458531.0,120411986.0,120365427.0,120256852.0,120132811.0,120039834.0,120024343.0,119884960.0,119884960.0,119807533.0,119792058.0,119668274.0,119668263.0,119590943.0,119544532.0,119529069.0,119405416.0,119297264.0,119235500.0,119235500.0,119158304.0,119111987.0,119065690.0,119065690.0,119034841.0,118788090.0,118649416.0,118649416.0,118649416.0,118649416.0,118649416.0,118572413.0,118572413.0,118572413.0,118572413.0,118449249.0,118449249.0,118449249.0,118449249.0,118449249.0,118403080.0,118295393.0,118295393.0,118295393.0,118295393.0,118295393.0,118264638.0,118249251.0,118187752.0,118187752.0,118157002.0,118157002.0,118141629.0,118064796.0,118064796.0,118064786.0,118049417.0,118003330.0,117972605.0,117957246.0,117926530.0,117926530.0,117895817.0,117803707.0,117803707.0,117803707.0,117803707.0,117726974.0,117726974.0,117726974.0,117726974.0,117726974.0,117711629.0,117711629.0,117619585.0,117619585.0,117573577.0,117573577.0,117573577.0,117573577.0,117573577.0,117573577.0,117573577.0,117558244.0,117558244.0,117558244.0,117558244.0,117496920.0,117496920.0,117496920.0,117496920.0,117496920.0,117496920.0,117496920.0,117496920.0,117496920.0,117496920.0,117496920.0,117496918.0,117466264.0,117466264.0,117466264.0,117466264.0,117389638.0,117389638.0,117389638.0,117389638.0,117389638.0,117389638.0,117389638.0,117343676.0,117343676.0,117343676.0,117343676.0,117328357.0,117328357.0,117328357.0,117313038.0,117313038.0,117297722.0,117297722.0,117297722.0,117297722.0,117297722.0,117297722.0,117297722.0,117297722.0,117297720.0,117282407.0,117282407.0,117282407.0,117282405.0,117282404.0,117282404.0,117282404.0,117282404.0,117282404.0,117282404.0,117282404.0,117282404.0,117282404.0,117282404.0,117282404.0,117282404.0,117282404.0,117282404.0,117282404.0,117282404.0,117282404.0,117282404.0,117282404.0,117282404.0,117282404.0,117282404.0,117282404.0,117282404.0,117282404.0,117282404.0,117282404.0,117282404.0,117282404.0,117282404.0,117282404.0,117282404.0,117282404.0,117282404.0,117282404.0,117282404.0,117282404.0,117282404.0,117282404.0,117282404.0,117282404.0,117282404.0,117282404.0,117282404.0,117282404.0,117282404.0,117282404.0,117282404.0,117282404.0,117282404.0,117282404.0,117282404.0,117282404.0,117282404.0,117282404.0,117282404.0,117282404.0,117282404.0,117282404.0,117282404.0,117282404.0,117282404.0
tune_1,Testing/network-cor-forma_eu_27t.txt,1.0,0,0.03,50,3,0.8,0.01,components,279.0,512.16,158,91.0,91.0,93.0,103.0,103.0,110.0,110.0,110.0,116.0,116.0,120.0,132.0,134.0,134.0,135.0,138.0,143.0,145.0,155.0,156.0,158.0,160.0,164.0,169.0,174.0,174.0,175.0,175.0,178.0,182.0,182.0,183.0,188.0,190.0,191.0,195.0,195.0,199.0,199.0,206.0,206.0,206.0,206.0,206.0,207.0,209.0,220.0,220.0,220.0,220.0,220.0,220.0,224.0,224.0,224.0,224.0,228.0,228.0,228.0,230.0,230.0,231.0,235.0,235.0,235.0,235.0,235.0,235.0,237.0,237.0,241.0,241.0,241.0,241.0,241.0,242.0,243.0,243.0,243.0,243.0,246.0,246.0,247.0,247.0,247.0,248.0,249.0,251.0,251.0,251.0,252.0,252.0,252.0,252.0,252.0,252.0,253.0,260.0,260.0,260.0,260.0,260.0,260.0,260.0,260.0,260.0,260.0,262.0,262.0,262.0,262.0,262.0,262.0,262.0,264.0,264.0,264.0,265.0,265.0,270.0,270.0,270.0,270.0,270.0,270.0,270.0,270.0,270.0,270.0,270.0,270.0,270.0,270.0,270.0,271.0,273.0,273.0,273.0,274.0,274.0,274.0,274.0,274.0,276.0,276.0,276.0,276.0,276.0,276.0,276.0,276.0,276.0,276.0,277.0,277.0,278.0,278.0,278.0,279.0,279.0,279.0,279.0,279.0,279.0,279.0,279.0,279.0,279.0,279.0,279.0,279.0,279.0,279.0,279.0,279.0,279.0,279.0,279.0,279.0,279.0,279.0,279.0,279.0,279.0,279.0,279.0,279.0,279.0,279.0,279.0,279.0,279.0,279.0,279.0,279.0,279.0,279.0,279.0,279.0,279.0
tune_2,Testing/network-cor-forma_eu_27t.txt,1.0,0,0.03,50,3,0.8,0.01,components,261.0,490.34,191,85.0,90.0,90.0,94.0,100.0,101.0,107.0,107.0,109.0,112.0,115.0,116.0,129.0,136.0,136.0,136.0,140.0,140.0,152.0,152.0,152.0,152.0,153.0,153.0,153.0,157.0,163.0,163.0,163.0,163.0,167.0,168.0,172.0,172.0,177.0,178.0,178.0,181.0,189.0,189.0,195.0,195.0,195.0,195.0,195.0,195.0,195.0,195.0,200.0,201.0,203.0,203.0,203.0,203.0,207.0,207.0,207.0,208.0,208.0,211.0,211.0,213.0,213.0,213.0,213.0,215.0,217.0,217.0,222.0,222.0,222.0,222.0,222.0,222.0,223.0,223.0,223.0,223.0,223.0,223.0,224.0,225.0,225.0,228.0,229.0,229.0,229.0,229.0,229.0,235.0,235.0,235.0,235.0,235.0,235.0,235.0,235.0,236.0,236.0,236.0,236.0,236.0,236.0,236.0,236.0,238.0,239.0,240.0,241.0,242.0,242.0,242.0,242.0,244.0,247.0,248.0,248.0,248.0,248.0,248.0,248.0,248.0,248.0,248.0,248.0,248.0,248.0,248.0,248.0,249.0,249.0,249.0,249.0,249.0,249.0,249.0,249.0,249.0,249.0,249.0,249.0,251.0,251.0,251.0,251.0,251.0,251.0,251.0,252.0,252.0,252.0,253.0,253.0,253.0,253.0,253.0,253.0,253.0,254.0,254.0,255.0,255.0,255.0,256.0,256.0,256.0,257.0,257.0,257.0,257.0,257.0,258.0,258.0,258.0,258.0,259.0,260.0,260.0,260.0,260.0,260.0,260.0,260.0,260.0,260.0,260.0,260.0,260.0,260.0,260.0,260.0,261.0,261.0,261.0,261.0,261.0,261.0,261.0,261.0,261.0
tune_3,Testing/network-cor-forma_eu_27t.txt,1.0,0,0.03,50,3,0.8,0.01,components,266.0,482.20,163,88.0,89.0,89.0,98.0,99.0,106.0,107.0,107.0,109.0,114.0,114.0,117.0,124.0,124.0,132.0,132.0,139.0,139.0,142.0,142.0,152.0,152.0,152.0,152.0,158.0,163.0,166.0,166.0,168.0,173.0,173.0,178.0,178.0,178.0,185.0,185.0,185.0,185.0,187.0,188.0,195.0,195.0,197.0,199.0,199.0,202.0,205.0,205.0,207.0,207.0,207.0,207.0,207.0,211.0,215.0,215.0,215.0,215.0,222.0,223.0,223.0,223.0,223.0,223.0,225.0,225.0,225.0,225.0,225.0,225.0,229.0,231.0,231.0,231.0,231.0,231.0,231.0,231.0,233.0,233.0,233.0,235.0,235.0,235.0,237.0,237.0,238.0,238.0,238.0,238.0,238.0,239.0,243.0,243.0,243.0,243.0,243.0,243.0,243.0,248.0,248.0,248.0,248.0,248.0,248.0,248.0,248.0,252.0,252.0,252.0,252.0,252.0,252.0,252.0,254.0,254.0,254.0,254.0,254.0,254.0,254.0,254.0,254.0,254.0,254.0,256.0,256.0,256.0,256.0,256.0,256.0,256.0,257.0,259.0,259.0,259.0,259.0,259.0,259.0,260.0,261.0,261.0,262.0,262.0,263.0,263.0,263.0,263.0,263.0,263.0,263.0,264.0,264.0,265.0,265.0,265.0,265.0,265.0,265.0,265.0,265.0,265.0,265.0,266.0,266.0,266.0,266.0,266.0,266.0,266.0,266.0,266.0,266.0,266.0,266.0,266.0,266.0,266.0,266.0,266.0,266.0,266.0,266.0,266.0,266.0,266.0,266.0,266.0,266.0,266.0,266.0,266.0,266.0,266.0,266.0,266.0,266.0,266.0,266.0,266.0
tune_4,Testing/network-cor-forma_eu_27t.txt,1.0,0,0.03,50,3,0.8,0.01,components,261.0,487.27,165,88.0,92.0,100.0,100.0,100.0,102.0,102.0,109.0,111.0,112.0,117.0,125.0,126.0,127.0,132.0,132.0,133.0,134.0,136.0,140.0,142.0,142.0,142.0,155.0,155.0,156.0,156.0,158.0,160.0,163.0,165.0,172.0,175.0,177.0,178.0,181.0,181.0,185.0,185.0,186.0,186.0,196.0,196.0,196.0,196.0,197.0,200.0,200.0,203.0,203.0,206.0,208.0,208.0,209.0,216.0,216.0,216.0,216.0,216.0,217.0,217.0,218.0,218.0,218.0,221.0,222.0,224.0,224.0,224.0,225.0,225.0,225.0,228.0,228.0,228.0,228.0,228.0,228.0,228.0,233.0,233.0,233.0,233.0,233.0,233.0,233.0,233.0,233.0,233.0,235.0,236.0,237.0,237.0,237.0,237.0,237.0,237.0,237.0,237.0,237.0,237.0,237.0,243.0,243.0,243.0,243.0,243.0,243.0,248.0,248.0,248.0,248.0,248.0,248.0,248.0,248.0,248.0,249.0,249.0,249.0,249.0,249.0,249.0,249.0,249.0,250.0,250.0,250.0,250.0,253.0,253.0,253.0,253.0,257.0,257.0,257.0,257.0,257.0,257.0,257.0,257.0,257.0,257.0,257.0,257.0,257.0,257.0,258.0,258.0,258.0,259.0,259.0,259.0,259.0,259.0,259.0,259.0,259.0,260.0,260.0,260.0,260.0,260.0,260.0,260.0,261.0,261.0,261.0,261.0,261.0,261.0,261.0,261.0,261.0,261.0,261.0,261.0,261.0,261.0,261.0,261.0,261.0,261.0,261.0,261.0,261.0,261.0,261.0,261.0,261.0,261.0,261.0,261.0,261.0,261.0,261.0,261.0,261.0,261.0,261.0
tune_5,Testing/network-cor-forma_eu_27t.txt,1.0,0,0.03,50,3,0.8,0.01,components,269.0,497.46,166,86.0,94.0,102.0,102.0,102.0,105.0,109.0,119.0,120.0,120.0,128.0,128.0,133.0,134.0,136.0,140.0,147.0,147.0,155.0,155.0,158.0,158.0,163.0,164.0,165.0,168.0,170.0,172.0,175.0,176.0,187.0,187.0,187.0,187.0,187.0,187.0,188.0,190.0,196.0,196.0,198.0,207.0,207.0,207.0,207.0,207.0,207.0,207.0,207.0,210.0,214.0,214.0,215.0,215.0,218.0,218.0,218.0,218.0,218.0,221.0,221.0,221.0,226.0,226.0,226.0,227.0,227.0,227.0,228.0,230.0,230.0,233.0,233.0,233.0,233.0,233.0,233.0,233.0,236.0,236.0,236.0,238.0,238.0,238.0,238.0,238.0,238.0,238.0,238.0,242.0,242.0,242.0,242.0,242.0,242.0,242.0,242.0,242.0,242.0,242.0,242.0,246.0,246.0,246.0,246.0,246.0,248.0,248.0,248.0,250.0,250.0,250.0,250.0,251.0,251.0,252.0,252.0,252.0,252.0,252.0,252.0,252.0,254.0,254.0,254.0,254.0,254.0,255.0,255.0,255.0,255.0,256.0,256.0,256.0,256.0,256.0,256.0,256.0,256.0,256.0,261.0,261.0,261.0,261.0,261.0,262.0,262.0,262.0,264.0,264.0,264.0,264.0,267.0,267.0,267.0,267.0,267.0,267.0,267.0,267.0,267.0,267.0,267.0,267.0,267.0,268.0,269.0,269.0,269.0,269.0,269.0,269.0,269.0,269.0,269.0,269.0,269.0,269.0,269.0,269.0,269.0,269.0,269.0,269.0,269.0,269.0,269.0,269.0,269.0,269.0,269.0,269.0,269.0,269.0,269.0,269.0,269.0,269.0,269.0,269.0
tune_6,Testing/network-cor-forma_eu_27t.txt,1.0,0,0.03,50,3,0.8,0.01,components,288.0,513.82,197,89.0,96.0,96.0,104.0,104.0,110.0,117.0,117.0,117.0,125.0,125.0,125.0,132.0,132.0,142.0,142.0,143.0,144.0,157.0,157.0,159.0,161.0,161.0,165.0,165.0,169.0,173.0,173.0,182.0,182.0,182.0,187.0,187.0,187.0,187.0,188.0,191.0,194.0,195.0,199.0,199.0,200.0,202.0,209.0,211.0,211.0,213.0,213.0,213.0,222.0,222.0,222.0,222.0,222.0,222.0,224.0,224.0,224.0,228.0,228.0,228.0,229.0,229.0,229.0,229.0,229.0,230.0,230.0,235.0,235.0,235.0,235.0,235.0,241.0,241.0,241.0,241.0,242.0,242.0,243.0,243.0,245.0,248.0,248.0,248.0,248.0,248.0,248.0,255.0,255.0,255.0,260.0,260.0,260.0,260.0,260.0,260.0,260.0,260.0,260.0,260.0,260.0,265.0,265.0,265.0,265.0,265.0,265.0,265.0,265.0,265.0,265.0,265.0,265.0,265.0,265.0,265.0,267.0,267.0,267.0,267.0,267.0,267.0,267.0,267.0,270.0,270.0,270.0,270.0,270.0,270.0,270.0,270.0,270.0,270.0,270.0,272.0,272.0,272.0,272.0,272.0,272.0,272.0,274.0,274.0,274.0,274.0,274.0,274.0,274.0,274.0,275.0,276.0,276.0,276.0,278.0,278.0,278.0,278.0,278.0,278.0,278.0,278.0,278.0,278.0,278.0,278.0,278.0,278.0,280.0,280.0,281.0,283.0,283.0,283.0,284.0,284.0,284.0,285.0,285.0,285.0,285.0,285.0,285.0,285.0,285.0,285.0,285.0,285.0,285.0,285.0,286.0,286.0,286.0,286.0,286.0,286.0,288.0,288.0,288.0
tune_7,Testing/network-cor-forma_eu_27t.txt,1.0,0,0.03,50,3,0.8,0.01,components,278.0,509.63,190,91.0,91.0,91.0,99.0,99.0,99.0,103.0,108.0,109.0,118.0,118.0,118.0,125.0,125.0,130.0,130.0,133.0,138.0,138.0,142.0,144.0,148.0,153.0,154.0,155.0,161.0,161.0,165.0,165.0,166.0,167.0,169.0,176.0,180.0,180.0,180.0,181.0,186.0,188.0,194.0,194.0,194.0,194.0,199.0,199.0,199.0,200.0,202.0,206.0,210.0,210.0,213.0,215.0,215.0,216.0,216.0,218.0,220.0,220.0,220.0,220.0,222.0,224.0,224.0,228.0,228.0,228.0,235.0,235.0,235.0,235.0,235.0,235.0,235.0,235.0,235.0,235.0,235.0,237.0,237.0,238.0,239.0,239.0,239.0,239.0,240.0,240.0,240.0,245.0,245.0,245.0,245.0,245.0,245.0,247.0,247.0,247.0,247.0,247.0,249.0,249.0,255.0,255.0,255.0,255.0,255.0,255.0,255.0,255.0,255.0,255.0,255.0,255.0,255.0,257.0,257.0,257.0,260.0,262.0,262.0,262.0,262.0,262.0,263.0,263.0,263.0,263.0,263.0,263.0,264.0,264.0,264.0,264.0,264.0,266.0,266.0,266.0,266.0,266.0,266.0,266.0,266.0,266.0,266.0,266.0,266.0,266.0,267.0,267.0,268.0,268.0,268.0,268.0,268.0,268.0,268.0,269.0,269.0,269.0,269.0,269.0,269.0,269.0,270.0,270.0,270.0,270.0,271.0,271.0,271.0,271.0,271.0,271.0,272.0,272.0,272.0,272.0,272.0,277.0,277.0,277.0,277.0,277.0,277.0,277.0,277.0,277.0,277.0,277.0,277.0,278.0,278.0,278.0,278.0,278.0,278.0,278.0,278.0,278.0,278.0
tune_8,Testing/network-cor-forma_eu_27t.txt,1.0,0,0.03,50,3,0.8,0.01,components,266.0,496.17,165,90.0,90.0,96.0,96.0,106.0,112.0,112.0,113.0,116.0,117.0,124.0,131.0,131.0,131.0,134.0,134.0,135.0,148.0,148.0,148.0,150.0,151.0,153.0,156.0,161.0,161.0,161.0,166.0,168.0,170.0,174.0,174.0,181.0,181.0,187.0,187.0,187.0,189.0,189.0,191.0,191.0,191.0,195.0,195.0,196.0,202.0,202.0,202.0,202.0,206.0,206.0,206.0,211.0,211.0,211.0,211.0,211.0,212.0,217.0,217.0,218.0,218.0,218.0,218.0,222.0,222.0,222.0,222.0,224.0,226.0,226.0,228.0,228.0,228.0,228.0,228.0,229.0,229.0,229.0,233.0,233.0,233.0,233.0,235.0,235.0,236.0,236.0,236.0,241.0,241.0,241.0,241.0,241.0,241.0,241.0,241.0,241.0,245.0,245.0,245.0,245.0,245.0,246.0,246.0,246.0,246.0,253.0,253.0,253.0,253.0,253.0,253.0,253.0,253.0,253.0,253.0,253.0,253.0,254.0,254.0,254.0,254.0,254.0,254.0,254.0,254.0,254.0,254.0,254.0,254.0,254.0,254.0,254.0,255.0,255.0,256.0,256.0,256.0,256.0,256.0,256.0,257.0,257.0,257.0,257.0,257.0,257.0,257.0,259.0,262.0,262.0,262.0,262.0,262.0,262.0,262.0,262.0,264.0,264.0,264.0,264.0,264.0,264.0,264.0,264.0,266.0,266.0,266.0,266.0,266.0,266.0,266.0,266.0,266.0,266.0,266.0,266.0,266.0,266.0,266.0,266.0,266.0,266.0,266.0,266.0,266.0,266.0,266.0,266.0,266.0,266.0,266.0,266.0,266.0,266.0,266.0,266.0,266.0,266.0,266.0
tune_9,Testing/network-cor-forma_eu_27t.txt,1.0,0,0.03,50,3,0.8,0.01,components,249.0,528.56,155,85.0,85.0,90.0,106.0,106.0,106.0,107.0,107.0,115.0,115.0,117.0,118.0,123.0,123.0,131.0,138.0,138.0,144.0,145.0,148.0,148.0,148.0,152.0,152.0,152.0,156.0,160.0,160.0,160.0,163.0,164.0,166.0,175.0,175.0,175.0,175.0,179.0,179.0,179.0,181.0,181.0,185.0,185.0,189.0,189.0,194.0,194.0,194.0,196.0,196.0,196.0,200.0,200.0,200.0,200.0,201.0,203.0,203.0,204.0,204.0,207.0,211.0,211.0,211.0,211.0,211.0,211.0,212.0,212.0,215.0,217.0,217.0,217.0,217.0,217.0,217.0,217.0,218.0,218.0,220.0,220.0,220.0,220.0,220.0,222.0,222.0,224.0,224.0,224.0,224.0,224.0,224.0,227.0,227.0,227.0,227.0,227.0,227.0,227.0,227.0,227.0,228.0,228.0,228.0,228.0,228.0,228.0,230.0,231.0,231.0,231.0,232.0,232.0,233.0,233.0,233.0,234.0,234.0,234.0,234.0,234.0,234.0,234.0,234.0,234.0,234.0,234.0,235.0,235.0,235.0,235.0,237.0,237.0,239.0,240.0,240.0,241.0,241.0,243.0,243.0,243.0,243.0,243.0,243.0,243.0,244.0,244.0,245.0,245.0,245.0,245.0,245.0,245.0,245.0,245.0,249.0,249.0,249.0,249.0,249.0,249.0,249.0,249.0,249.0,249.0,249.0,249.0,249.0,249.0,249.0,249.0,249.0,249.0,249.0,249.0,249.0,249.0,249.0,249.0,249.0,249.0,249.0,249.0,249.0,249.0,249.0,249.0,249.0,249.0,249.0,249.0,249.0,249.0,249.0,249.0,249.0,249.0,249.0,249.0,249.0
tune_10,Testing/network-cor-forma_eu_27t.txt,1.0,0,0.03,50,3,0.8,0.01,components,285.0,535.40,177,88.0,88.0,94.0,96.0,104.0,106.0,107.0,113.0,116.0,117.0,123.0,127.0,128.0,129.0,136.0,136.0,143.0,143.0,149.0,150.0,155.0,156.0,164.0,164.0,166.0,168.0,168.0,170.0,178.0,178.0,178.0,179.0,181.0,182.0,189.0,189.0,194.0,194.0,195.0,201.0,204.0,207.0,207.0,207.0,215.0,215.0,215.0,215.0,222.0,222.0,222.0,225.0,225.0,225.0,225.0,225.0,229.0,229.0,229.0,232.0,233.0,233.0,233.0,234.0,234.0,234.0,242.0,242.0,242.0,242.0,242.0,242.0,243.0,243.0,247.0,247.0,247.0,247.0,247.0,247.0,247.0,251.0,251.0,251.0,251.0,251.0,251.0,251.0,253.0,253.0,257.0,257.0,257.0,257.0,258.0,258.0,258.0,258.0,258.0,258.0,258.0,263.0,263.0,263.0,263.0,263.0,264.0,264.0,264.0,264.0,264.0,264.0,264.0,265.0,265.0,265.0,265.0,265.0,265.0,269.0,269.0,269.0,269.0,269.0,269.0,269.0,269.0,269.0,269.0,269.0,269.0,269.0,271.0,271.0,277.0,277.0,277.0,277.0,277.0,277.0,277.0,277.0,277.0,278.0,278.0,279.0,279.0,279.0,279.0,279.0,279.0,279.0,282.0,282.0,282.0,282.0,282.0,282.0,282.0,282.0,282.0,282.0,283.0,283.0,283.0,283.0,284.0,284.0,284.0,284.0,284.0,284.0,284.0,284.0,284.0,284.0,284.0,285.0,285.0,285.0,285.0,285.0,285.0,285.0,285.0,285.0,285.0,285.0,285.0,285.0,285.0,285.0,285.0,285.0,285.0,285.0,285.0,285.0,285.0,285.0
