run_id,input_file,budget,node_fraction,edge_fraction,population_size,tournament_size,p_crossover,p_mutation,payoff_function,best_fitness,runtime_seconds,generation_number,fitness_value_1,fitness_value_2,fitness_value_3,fitness_value_4,fitness_value_5,fitness_value_6,fitness_value_7,fitness_value_8,fitness_value_9,fitness_value_10,fitness_value_11,fitness_value_12,fitness_value_13,fitness_value_14,fitness_value_15,fitness_value_16,fitness_value_17,fitness_value_18,fitness_value_19,fitness_value_20,fitness_value_21,fitness_value_22,fitness_value_23,fitness_value_24,fitness_value_25,fitness_value_26,fitness_value_27,fitness_value_28,fitness_value_29,fitness_value_30,fitness_value_31,fitness_value_32,fitness_value_33,fitness_value_34,fitness_value_35,fitness_value_36,fitness_value_37,fitness_value_38,fitness_value_39,fitness_value_40,fitness_value_41,fitness_value_42,fitness_value_43,fitness_value_44,fitness_value_45,fitness_value_46,fitness_value_47,fitness_value_48,fitness_value_49,fitness_value_50,fitness_value_51,fitness_value_52,fitness_value_53,fitness_value_54,fitness_value_55,fitness_value_56,fitness_value_57,fitness_value_58,fitness_value_59,fitness_value_60,fitness_value_61,fitness_value_62,fitness_value_63,fitness_value_64,fitness_value_65,fitness_value_66,fitness_value_67,fitness_value_68,fitness_value_69,fitness_value_70,fitness_value_71,fitness_value_72,fitness_value_73,fitness_value_74,fitness_value_75,fitness_value_76,fitness_value_77,fitness_value_78,fitness_value_79,fitness_value_80,fitness_value_81,fitness_value_82,fitness_value_83,fitness_value_84,fitness_value_85,fitness_value_86,fitness_value_87,fitness_value_88,fitness_value_89,fitness_value_90,fitness_value_91,fitness_value_92,fitness_value_93,fitness_value_94,fitness_value_95,fitness_value_96,fitness_value_97,fitness_value_98,fitness_value_99,fitness_value_100,fitness_value_101,fitness_value_102,fitness_value_103,fitness_value_104,fitness_value_105,fitness_value_106,fitness_value_107,fitness_value_108,fitness_value_109,fitness_value_110,fitness_value_111,fitness_value_112,fitness_value_113,fitness_value_114,fitness_value_115,fitness_value_116,fitness_value_117,fitness_value_118,fitness_value_119,fitness_value_120,fitness_value_121,fitness_value_122,fitness_value_123,fitness_value_124,fitness_value_125,fitness_value_126,fitness_value_127,fitness_value_128,fitness_value_129,fitness_value_130,fitness_value_131,fitness_value_132,fitness_value_133,fitness_value_134,fitness_value_135,fitness_value_136,fitness_value_137,fitness_value_138,fitness_value_139,fitness_value_140,fitness_value_141,fitness_value_142,fitness_value_143,fitness_value_144,fitness_value_145,fitness_value_146,fitness_value_147,fitness_value_148,fitness_value_149,fitness_value_150,fitness_value_151,fitness_value_152,fitness_value_153,fitness_value_154,fitness_value_155,fitness_value_156,fitness_value_157,fitness_value_158,fitness_value_159,fitness_value_160,fitness_value_161,fitness_value_162,fitness_value_163,fitness_value_164,fitness_value_165,fitness_value_166,fitness_value_167,fitness_value_168,fitness_value_169,fitness_value_170,fitness_value_171,fitness_value_172,fitness_value_173,fitness_value_174,fitness_value_175,fitness_value_176,fitness_value_177,fitness_value_178,fitness_value_179,fitness_value_180,fitness_value_181,fitness_value_182,fitness_value_183,fitness_value_184,fitness_value_185,fitness_value_186,fitness_value_187,fitness_value_188,fitness_value_189,fitness_value_190,fitness_value_191,fitness_value_192,fitness_value_193,fitness_value_194,fitness_value_195,fitness_value_196,fitness_value_197,fitness_value_198,fitness_value_199,fitness_value_200
tune_1,Testing/network-cor-forma_eu_27t.txt,0.05,0.05,0,50,3,0.8,0.01,largest,8013.0,325.26,107,10112.0,10112.0,10071.0,10033.0,9663.0,9573.0,9573.0,9464.0,9361.0,9004.0,9004.0,9004.0,9004.0,8937.0,8840.0,8774.0,8774.0,8645.0,8645.0,8645.0,8532.0,8532.0,8438.0,8438.0,8408.0,8384.0,8379.0,8339.0,8292.0,8287.0,8256.0,8256.0,8246.0,8246.0,8235.0,8211.0,8199.0,8193.0,8189.0,8154.0,8154.0,8151.0,8147.0,8144.0,8135.0,8131.0,8126.0,8122.0,8120.0,8116.0,8111.0,8106.0,8102.0,8100.0,8098.0,8089.0,8089.0,8089.0,8086.0,8083.0,8082.0,8076.0,8071.0,8071.0,8069.0,8062.0,8062.0,8062.0,8058.0,8056.0,8056.0,8052.0,8051.0,8051.0,8050.0,8048.0,8038.0,8038.0,8038.0,8038.0,8035.0,8035.0,8035.0,8035.0,8033.0,8031.0,8026.0,8026.0,8026.0,8026.0,8026.0,8024.0,8023.0,8022.0,8022.0,8021.0,8021.0,8018.0,8016.0,8016.0,8016.0,8016.0,8016.0,8015.0,8015.0,8014.0,8014.0,8013.0,8013.0,8013.0,8013.0,8013.0,8013.0,8013.0,8013.0,8013.0,8013.0,8013.0,8013.0,8013.0,8013.0,8013.0,8013.0,8013.0,8013.0,8013.0,8013.0,8013.0,8013.0,8013.0,8013.0,8013.0,8013.0,8013.0,8013.0,8013.0,8013.0,8013.0,8013.0,8013.0,8013.0,8013.0,8013.0,8013.0,8013.0,8013.0,8013.0,8013.0,8013.0,8013.0,8013.0,8013.0,8013.0,8013.0,8013.0,8013.0,8013.0,8013.0,8013.0,8013.0,8013.0,8013.0,8013.0,8013.0,8013.0,8013.0,8013.0,8013.0,8013.0,8013.0,8013.0,8013.0,8013.0,8013.0,8013.0,8013.0,8013.0,8013.0,8013.0,8013.0,8013.0,8013.0,8013.0,8013.0,8013.0,8013.0,8013.0,8013.0,8013.0,8013.0,8013.0,8013.0,8013.0,8013.0,8013.0,8013.0,8013.0,8013.0,8013.0,8013.0
tune_2,Testing/network-cor-forma_eu_27t.txt,0.05,0.05,0,50,3,0.8,0.01,largest,4790.0,328.95,97,12241.0,9722.0,9722.0,9442.0,8350.0,8350.0,7176.0,7176.0,6554.0,6419.0,6395.0,6117.0,5805.0,5805.0,5805.0,5805.0,5704.0,5589.0,5525.0,5423.0,5423.0,5354.0,5246.0,5145.0,5133.0,5133.0,5058.0,5058.0,5046.0,5021.0,4988.0,4988.0,4977.0,4969.0,4955.0,4944.0,4940.0,4915.0,4912.0,4907.0,4902.0,4901.0,4901.0,4886.0,4886.0,4886.0,4875.0,4875.0,4873.0,4873.0,4867.0,4863.0,4862.0,4860.0,4857.0,4850.0,4850.0,4847.0,4844.0,4843.0,4840.0,4839.0,4837.0,4831.0,4829.0,4829.0,4827.0,4822.0,4821.0,4818.0,4818.0,4816.0,4816.0,4815.0,4813.0,4813.0,4808.0,4807.0,4807.0,4807.0,4804.0,4801.0,4801.0,4800.0,4798.0,4797.0,4797.0,4796.0,4795.0,4795.0,4793.0,4793.0,4792.0,4792.0,4791.0,4791.0,4791.0,4790.0,4790.0,4790.0,4790.0,4790.0,4790.0,4790.0,4790.0,4790.0,4790.0,4790.0,4790.0,4790.0,4790.0,4790.0,4790.0,4790.0,4790.0,4790.0,4790.0,4790.0,4790.0,4790.0,4790.0,4790.0,4790.0,4790.0,4790.0,4790.0,4790.0,4790.0,4790.0,4790.0,4790.0,4790.0,4790.0,4790.0,4790.0,4790.0,4790.0,4790.0,4790.0,4790.0,4790.0,4790.0,4790.0,4790.0,4790.0,4790.0,4790.0,4790.0,4790.0,4790.0,4790.0,4790.0,4790.0,4790.0,4790.0,4790.0,4790.0,4790.0,4790.0,4790.0,4790.0,4790.0,4790.0,4790.0,4790.0,4790.0,4790.0,4790.0,4790.0,4790.0,4790.0,4790.0,4790.0,4790.0,4790.0,4790.0,4790.0,4790.0,4790.0,4790.0,4790.0,4790.0,4790.0,4790.0,4790.0,4790.0,4790.0,4790.0,4790.0,4790.0,4790.0,4790.0,4790.0,4790.0,4790.0,4790.0,4790.0,4790.0,4790.0,4790.0
tune_3,Testing/network-cor-forma_eu_27t.txt,0.05,0.05,0,50,3,0.8,0.01,largest,4942.0,338.97,105,10090.0,9671.0,9568.0,9188.0,8208.0,8208.0,8208.0,6546.0,6546.0,6459.0,6459.0,6088.0,5995.0,5995.0,5938.0,5780.0,5780.0,5650.0,5650.0,5543.0,5543.0,5533.0,5490.0,5361.0,5361.0,5297.0,5297.0,5297.0,5213.0,5213.0,5189.0,5115.0,5115.0,5112.0,5095.0,5095.0,5089.0,5080.0,5080.0,5075.0,5075.0,5069.0,5061.0,5061.0,5059.0,5055.0,5050.0,5049.0,5044.0,5043.0,5039.0,5037.0,5033.0,5027.0,5026.0,5019.0,5018.0,5017.0,5013.0,5007.0,5003.0,5003.0,5000.0,4997.0,4995.0,4993.0,4990.0,4988.0,4988.0,4985.0,4982.0,4981.0,4980.0,4979.0,4976.0,4973.0,4973.0,4972.0,4969.0,4965.0,4965.0,4964.0,4964.0,4961.0,4961.0,4957.0,4957.0,4956.0,4956.0,4952.0,4952.0,4951.0,4949.0,4949.0,4949.0,4947.0,4946.0,4946.0,4946.0,4945.0,4945.0,4944.0,4944.0,4943.0,4943.0,4942.0,4942.0,4942.0,4942.0,4942.0,4942.0,4942.0,4942.0,4942.0,4942.0,4942.0,4942.0,4942.0,4942.0,4942.0,4942.0,4942.0,4942.0,4942.0,4942.0,4942.0,4942.0,4942.0,4942.0,4942.0,4942.0,4942.0,4942.0,4942.0,4942.0,4942.0,4942.0,4942.0,4942.0,4942.0,4942.0,4942.0,4942.0,4942.0,4942.0,4942.0,4942.0,4942.0,4942.0,4942.0,4942.0,4942.0,4942.0,4942.0,4942.0,4942.0,4942.0,4942.0,4942.0,4942.0,4942.0,4942.0,4942.0,4942.0,4942.0,4942.0,4942.0,4942.0,4942.0,4942.0,4942.0,4942.0,4942.0,4942.0,4942.0,4942.0,4942.0,4942.0,4942.0,4942.0,4942.0,4942.0,4942.0,4942.0,4942.0,4942.0,4942.0,4942.0,4942.0,4942.0,4942.0,4942.0,4942.0,4942.0,4942.0,4942.0,4942.0,4942.0,4942.0,4942.0
tune_4,Testing/network-cor-forma_eu_27t.txt,0.05,0.05,0,50,3,0.8,0.01,largest,6256.0,377.42,124,12093.0,10151.0,9901.0,8624.0,8624.0,8346.0,8089.0,8089.0,7840.0,7553.0,7478.0,7461.0,7245.0,7131.0,7131.0,7036.0,7006.0,6941.0,6933.0,6849.0,6849.0,6831.0,6792.0,6774.0,6710.0,6651.0,6649.0,6601.0,6546.0,6546.0,6512.0,6512.0,6493.0,6475.0,6467.0,6463.0,6441.0,6437.0,6436.0,6423.0,6413.0,6413.0,6413.0,6404.0,6404.0,6392.0,6392.0,6383.0,6382.0,6377.0,6376.0,6373.0,6373.0,6369.0,6368.0,6358.0,6358.0,6358.0,6356.0,6352.0,6352.0,6348.0,6346.0,6345.0,6339.0,6338.0,6334.0,6330.0,6330.0,6324.0,6324.0,6323.0,6321.0,6318.0,6318.0,6316.0,6313.0,6310.0,6310.0,6309.0,6307.0,6304.0,6304.0,6303.0,6302.0,6297.0,6297.0,6295.0,6295.0,6290.0,6289.0,6288.0,6286.0,6285.0,6285.0,6283.0,6281.0,6280.0,6276.0,6276.0,6276.0,6275.0,6272.0,6271.0,6271.0,6270.0,6270.0,6268.0,6268.0,6268.0,6267.0,6266.0,6264.0,6264.0,6262.0,6261.0,6261.0,6260.0,6260.0,6259.0,6258.0,6258.0,6258.0,6257.0,6256.0,6256.0,6256.0,6256.0,6256.0,6256.0,6256.0,6256.0,6256.0,6256.0,6256.0,6256.0,6256.0,6256.0,6256.0,6256.0,6256.0,6256.0,6256.0,6256.0,6256.0,6256.0,6256.0,6256.0,6256.0,6256.0,6256.0,6256.0,6256.0,6256.0,6256.0,6256.0,6256.0,6256.0,6256.0,6256.0,6256.0,6256.0,6256.0,6256.0,6256.0,6256.0,6256.0,6256.0,6256.0,6256.0,6256.0,6256.0,6256.0,6256.0,6256.0,6256.0,6256.0,6256.0,6256.0,6256.0,6256.0,6256.0,6256.0,6256.0,6256.0,6256.0,6256.0,6256.0,6256.0,6256.0,6256.0,6256.0,6256.0,6256.0,6256.0,6256.0,6256.0,6256.0,6256.0,6256.0
tune_5,Testing/network-cor-forma_eu_27t.txt,0.05,0.05,0,50,3,0.8,0.01,largest,7808.0,411.36,102,12113.0,9911.0,9881.0,9706.0,9264.0,9264.0,9264.0,9197.0,9122.0,9045.0,8992.0,8976.0,8904.0,8743.0,8743.0,8670.0,8645.0,8521.0,8513.0,8462.0,8366.0,8356.0,8278.0,8257.0,8200.0,8193.0,8129.0,8129.0,8129.0,8121.0,8061.0,8025.0,8010.0,8003.0,8003.0,7997.0,7967.0,7967.0,7964.0,7951.0,7943.0,7939.0,7936.0,7933.0,7914.0,7913.0,7913.0,7898.0,7898.0,7898.0,7892.0,7887.0,7883.0,7880.0,7880.0,7880.0,7874.0,7872.0,7870.0,7867.0,7865.0,7863.0,7861.0,7858.0,7854.0,7854.0,7850.0,7849.0,7847.0,7846.0,7845.0,7844.0,7839.0,7839.0,7838.0,7836.0,7835.0,7833.0,7831.0,7829.0,7828.0,7826.0,7823.0,7823.0,7821.0,7821.0,7820.0,7819.0,7818.0,7817.0,7815.0,7815.0,7814.0,7814.0,7812.0,7812.0,7811.0,7810.0,7810.0,7809.0,7809.0,7809.0,7808.0,7808.0,7808.0,7808.0,7808.0,7808.0,7808.0,7808.0,7808.0,7808.0,7808.0,7808.0,7808.0,7808.0,7808.0,7808.0,7808.0,7808.0,7808.0,7808.0,7808.0,7808.0,7808.0,7808.0,7808.0,7808.0,7808.0,7808.0,7808.0,7808.0,7808.0,7808.0,7808.0,7808.0,7808.0,7808.0,7808.0,7808.0,7808.0,7808.0,7808.0,7808.0,7808.0,7808.0,7808.0,7808.0,7808.0,7808.0,7808.0,7808.0,7808.0,7808.0,7808.0,7808.0,7808.0,7808.0,7808.0,7808.0,7808.0,7808.0,7808.0,7808.0,7808.0,7808.0,7808.0,7808.0,7808.0,7808.0,7808.0,7808.0,7808.0,7808.0,7808.0,7808.0,7808.0,7808.0,7808.0,7808.0,7808.0,7808.0,7808.0,7808.0,7808.0,7808.0,7808.0,7808.0,7808.0,7808.0,7808.0,7808.0,7808.0,7808.0,7808.0,7808.0,7808.0,7808.0,7808.0,7808.0
tune_6,Testing/network-cor-forma_eu_27t.txt,0.05,0.05,0,50,3,0.8,0.01,largest,5934.0,432.85,104,12318.0,12229.0,12182.0,9992.0,8814.0,8671.0,8660.0,8151.0,8151.0,8151.0,8151.0,8135.0,7742.0,6639.0,6619.0,6617.0,6506.0,6434.0,6382.0,6372.0,6353.0,6305.0,6291.0,6200.0,6191.0,6175.0,6175.0,6175.0,6128.0,6128.0,6122.0,6102.0,6102.0,6100.0,6093.0,6087.0,6083.0,6077.0,6076.0,6066.0,6063.0,6055.0,6052.0,6052.0,6047.0,6044.0,6038.0,6036.0,6036.0,6032.0,6026.0,6024.0,6023.0,6021.0,6014.0,6009.0,6009.0,6007.0,6003.0,5999.0,5995.0,5995.0,5995.0,5987.0,5987.0,5987.0,5985.0,5984.0,5983.0,5977.0,5969.0,5969.0,5969.0,5969.0,5968.0,5965.0,5964.0,5961.0,5960.0,5956.0,5956.0,5955.0,5954.0,5954.0,5952.0,5951.0,5949.0,5947.0,5947.0,5947.0,5946.0,5945.0,5942.0,5942.0,5940.0,5940.0,5938.0,5938.0,5937.0,5937.0,5936.0,5935.0,5935.0,5935.0,5934.0,5934.0,5934.0,5934.0,5934.0,5934.0,5934.0,5934.0,5934.0,5934.0,5934.0,5934.0,5934.0,5934.0,5934.0,5934.0,5934.0,5934.0,5934.0,5934.0,5934.0,5934.0,5934.0,5934.0,5934.0,5934.0,5934.0,5934.0,5934.0,5934.0,5934.0,5934.0,5934.0,5934.0,5934.0,5934.0,5934.0,5934.0,5934.0,5934.0,5934.0,5934.0,5934.0,5934.0,5934.0,5934.0,5934.0,5934.0,5934.0,5934.0,5934.0,5934.0,5934.0,5934.0,5934.0,5934.0,5934.0,5934.0,5934.0,5934.0,5934.0,5934.0,5934.0,5934.0,5934.0,5934.0,5934.0,5934.0,5934.0,5934.0,5934.0,5934.0,5934.0,5934.0,5934.0,5934.0,5934.0,5934.0,5934.0,5934.0,5934.0,5934.0,5934.0,5934.0,5934.0,5934.0,5934.0,5934.0,5934.0,5934.0,5934.0,5934.0,5934.0,5934.0,5934.0,5934.0
tune_7,Testing/network-cor-forma_eu_27t.txt,0.05,0.05,0,50,3,0.8,0.01,largest,6205.0,444.34,114,12034.0,12034.0,10248.0,8821.0,8648.0,8392.0,8369.0,8239.0,7915.0,7621.0,7372.0,6990.0,6990.0,6964.0,6918.0,6868.0,6837.0,6775.0,6775.0,6727.0,6708.0,6623.0,6623.0,6591.0,6591.0,6564.0,6541.0,6511.0,6472.0,6457.0,6451.0,6408.0,6408.0,6408.0,6405.0,6397.0,6376.0,6376.0,6357.0,6357.0,6357.0,6344.0,6337.0,6337.0,6331.0,6320.0,6316.0,6307.0,6307.0,6307.0,6307.0,6303.0,6302.0,6300.0,6297.0,6293.0,6290.0,6286.0,6284.0,6283.0,6283.0,6277.0,6276.0,6276.0,6273.0,6271.0,6266.0,6264.0,6261.0,6261.0,6260.0,6257.0,6256.0,6252.0,6251.0,6251.0,6248.0,6247.0,6246.0,6240.0,6240.0,6240.0,6238.0,6237.0,6235.0,6231.0,6231.0,6230.0,6229.0,6227.0,6225.0,6225.0,6225.0,6223.0,6223.0,6222.0,6220.0,6220.0,6218.0,6217.0,6217.0,6214.0,6213.0,6213.0,6211.0,6211.0,6210.0,6210.0,6209.0,6209.0,6208.0,6207.0,6206.0,6206.0,6205.0,6205.0,6205.0,6205.0,6205.0,6205.0,6205.0,6205.0,6205.0,6205.0,6205.0,6205.0,6205.0,6205.0,6205.0,6205.0,6205.0,6205.0,6205.0,6205.0,6205.0,6205.0,6205.0,6205.0,6205.0,6205.0,6205.0,6205.0,6205.0,6205.0,6205.0,6205.0,6205.0,6205.0,6205.0,6205.0,6205.0,6205.0,6205.0,6205.0,6205.0,6205.0,6205.0,6205.0,6205.0,6205.0,6205.0,6205.0,6205.0,6205.0,6205.0,6205.0,6205.0,6205.0,6205.0,6205.0,6205.0,6205.0,6205.0,6205.0,6205.0,6205.0,6205.0,6205.0,6205.0,6205.0,6205.0,6205.0,6205.0,6205.0,6205.0,6205.0,6205.0,6205.0,6205.0,6205.0,6205.0,6205.0,6205.0,6205.0,6205.0,6205.0,6205.0,6205.0,6205.0,6205.0
tune_8,Testing/network-cor-forma_eu_27t.txt,0.05,0.05,0,50,3,0.8,0.01,largest,8508.0,342.17,105,12167.0,12167.0,10299.0,10067.0,9796.0,9796.0,9726.0,9726.0,9723.0,9558.0,9490.0,9490.0,9432.0,9361.0,9334.0,9259.0,9231.0,9148.0,9148.0,9085.0,9002.0,8936.0,8936.0,8920.0,8843.0,8843.0,8810.0,8785.0,8774.0,8774.0,8746.0,8734.0,8734.0,8696.0,8696.0,8673.0,8661.0,8661.0,8661.0,8648.0,8648.0,8643.0,8643.0,8632.0,8629.0,8622.0,8622.0,8621.0,8616.0,8614.0,8610.0,8607.0,8603.0,8602.0,8596.0,8593.0,8590.0,8586.0,8580.0,8578.0,8576.0,8576.0,8575.0,8568.0,8565.0,8565.0,8562.0,8561.0,8557.0,8556.0,8551.0,8551.0,8550.0,8548.0,8547.0,8545.0,8543.0,8542.0,8538.0,8537.0,8536.0,8535.0,8532.0,8532.0,8530.0,8529.0,8527.0,8525.0,8525.0,8524.0,8521.0,8520.0,8520.0,8520.0,8519.0,8517.0,8516.0,8516.0,8515.0,8513.0,8510.0,8510.0,8510.0,8509.0,8509.0,8508.0,8508.0,8508.0,8508.0,8508.0,8508.0,8508.0,8508.0,8508.0,8508.0,8508.0,8508.0,8508.0,8508.0,8508.0,8508.0,8508.0,8508.0,8508.0,8508.0,8508.0,8508.0,8508.0,8508.0,8508.0,8508.0,8508.0,8508.0,8508.0,8508.0,8508.0,8508.0,8508.0,8508.0,8508.0,8508.0,8508.0,8508.0,8508.0,8508.0,8508.0,8508.0,8508.0,8508.0,8508.0,8508.0,8508.0,8508.0,8508.0,8508.0,8508.0,8508.0,8508.0,8508.0,8508.0,8508.0,8508.0,8508.0,8508.0,8508.0,8508.0,8508.0,8508.0,8508.0,8508.0,8508.0,8508.0,8508.0,8508.0,8508.0,8508.0,8508.0,8508.0,8508.0,8508.0,8508.0,8508.0,8508.0,8508.0,8508.0,8508.0,8508.0,8508.0,8508.0,8508.0,8508.0,8508.0,8508.0,8508.0,8508.0,8508.0,8508.0,8508.0,8508.0,8508.0
tune_9,Testing/network-cor-forma_eu_27t.txt,0.05,0.05,0,50,3,0.8,0.01,largest,5260.0,335.30,107,12157.0,12075.0,11815.0,10031.0,10031.0,8207.0,8207.0,7369.0,7195.0,6212.0,5988.0,5988.0,5968.0,5968.0,5755.0,5755.0,5755.0,5635.0,5635.0,5571.0,5571.0,5522.0,5522.0,5510.0,5495.0,5464.0,5454.0,5427.0,5427.0,5416.0,5410.0,5410.0,5410.0,5395.0,5395.0,5390.0,5390.0,5390.0,5382.0,5382.0,5377.0,5377.0,5374.0,5367.0,5367.0,5366.0,5362.0,5360.0,5356.0,5351.0,5351.0,5348.0,5347.0,5338.0,5331.0,5331.0,5331.0,5331.0,5325.0,5325.0,5324.0,5322.0,5319.0,5316.0,5311.0,5311.0,5311.0,5309.0,5306.0,5303.0,5300.0,5299.0,5296.0,5296.0,5294.0,5292.0,5290.0,5287.0,5287.0,5284.0,5284.0,5283.0,5279.0,5278.0,5278.0,5278.0,5277.0,5275.0,5273.0,5272.0,5272.0,5270.0,5269.0,5268.0,5267.0,5267.0,5266.0,5266.0,5264.0,5264.0,5264.0,5263.0,5262.0,5262.0,5262.0,5261.0,5261.0,5260.0,5260.0,5260.0,5260.0,5260.0,5260.0,5260.0,5260.0,5260.0,5260.0,5260.0,5260.0,5260.0,5260.0,5260.0,5260.0,5260.0,5260.0,5260.0,5260.0,5260.0,5260.0,5260.0,5260.0,5260.0,5260.0,5260.0,5260.0,5260.0,5260.0,5260.0,5260.0,5260.0,5260.0,5260.0,5260.0,5260.0,5260.0,5260.0,5260.0,5260.0,5260.0,5260.0,5260.0,5260.0,5260.0,5260.0,5260.0,5260.0,5260.0,5260.0,5260.0,5260.0,5260.0,5260.0,5260.0,5260.0,5260.0,5260.0,5260.0,5260.0,5260.0,5260.0,5260.0,5260.0,5260.0,5260.0,5260.0,5260.0,5260.0,5260.0,5260.0,5260.0,5260.0,5260.0,5260.0,5260.0,5260.0,5260.0,5260.0,5260.0,5260.0,5260.0,5260.0,5260.0,5260.0,5260.0,5260.0,5260.0,5260.0,5260.0,5260.0,5260.0
tune_10,Testing/network-cor-forma_eu_27t.txt,0.05,0.05,0,50,3,0.8,0.01,largest,9913.0,338.94,97,12174.0,12158.0,12064.0,11802.0,11802.0,11745.0,11612.0,11612.0,11214.0,11157.0,11157.0,11011.0,10952.0,10777.0,10727.0,10538.0,10538.0,10516.0,10400.0,10400.0,10366.0,10366.0,10349.0,10293.0,10221.0,10221.0,10221.0,10217.0,10174.0,10150.0,10137.0,10137.0,10124.0,10105.0,10098.0,10098.0,10089.0,10048.0,10048.0,10048.0,10048.0,10046.0,10046.0,10045.0,10037.0,10031.0,10024.0,10024.0,10008.0,10008.0,10007.0,9999.0,9998.0,9993.0,9991.0,9987.0,9986.0,9981.0,9978.0,9968.0,9964.0,9964.0,9964.0,9957.0,9957.0,9957.0,9951.0,9951.0,9948.0,9946.0,9939.0,9939.0,9939.0,9939.0,9938.0,9934.0,9934.0,9933.0,9932.0,9929.0,9926.0,9926.0,9926.0,9924.0,9923.0,9923.0,9923.0,9921.0,9919.0,9916.0,9916.0,9916.0,9915.0,9915.0,9915.0,9914.0,9914.0,9913.0,9913.0,9913.0,9913.0,9913.0,9913.0,9913.0,9913.0,9913.0,9913.0,9913.0,9913.0,9913.0,9913.0,9913.0,9913.0,9913.0,9913.0,9913.0,9913.0,9913.0,9913.0,9913.0,9913.0,9913.0,9913.0,9913.0,9913.0,9913.0,9913.0,9913.0,9913.0,9913.0,9913.0,9913.0,9913.0,9913.0,9913.0,9913.0,9913.0,9913.0,9913.0,9913.0,9913.0,9913.0,9913.0,9913.0,9913.0,9913.0,9913.0,9913.0,9913.0,9913.0,9913.0,9913.0,9913.0,9913.0,9913.0,9913.0,9913.0,9913.0,9913.0,9913.0,9913.0,9913.0,9913.0,9913.0,9913.0,9913.0,9913.0,9913.0,9913.0,9913.0,9913.0,9913.0,9913.0,9913.0,9913.0,9913.0,9913.0,9913.0,9913.0,9913.0,9913.0,9913.0,9913.0,9913.0,9913.0,9913.0,9913.0,9913.0,9913.0,9913.0,9913.0,9913.0,9913.0,9913.0,9913.0,9913.0,9913.0,9913.0,9913.0,9913.0
tune_1,Testing/network-cor-forma_eu_27t.txt,0.05,0.05,0,50,3,0.8,0.01,pairwise,21010924.0,350.06,118,72297033.0,71972837.0,52712260.0,50991479.0,46222810.0,45926591.0,40556826.0,34790950.0,33477047.0,32734076.0,25437277.0,25437277.0,25437277.0,24597486.0,24597486.0,23957397.0,23854722.0,23819864.0,23768358.0,23510710.0,23510710.0,22976212.0,22976212.0,22976212.0,22672543.0,22518554.0,22518554.0,22388003.0,22384916.0,22301701.0,22291701.0,22158096.0,22158096.0,22025000.0,21985207.0,21985207.0,21932426.0,21919661.0,21827270.0,21827270.0,21801134.0,21715518.0,21715518.0,21715518.0,21662865.0,21662807.0,21629963.0,21616772.0,21603471.0,21538165.0,21538165.0,21531188.0,21512051.0,21472675.0,21472675.0,21453130.0,21453130.0,21414047.0,21414047.0,21407598.0,21381395.0,21381395.0,21335820.0,21335820.0,21335750.0,21316275.0,21316275.0,21303283.0,21290011.0,21257813.0,21251196.0,21251144.0,21224917.0,21224917.0,21224917.0,21199156.0,21199073.0,21173058.0,21173058.0,21160147.0,21153637.0,21153637.0,21134257.0,21134194.0,21108256.0,21108256.0,21108256.0,21101717.0,21088802.0,21088722.0,21088722.0,21075770.0,21075770.0,21075770.0,21075770.0,21056423.0,21056382.0,21056331.0,21049914.0,21036967.0,21036967.0,21036967.0,21036898.0,21030494.0,21024041.0,21023988.0,21023913.0,21023912.0,21023883.0,21017536.0,21017536.0,21017496.0,21017402.0,21017402.0,21017392.0,21010926.0,21010926.0,21010926.0,21010924.0,21010924.0,21010924.0,21010924.0,21010924.0,21010924.0,21010924.0,21010924.0,21010924.0,21010924.0,21010924.0,21010924.0,21010924.0,21010924.0,21010924.0,21010924.0,21010924.0,21010924.0,21010924.0,21010924.0,21010924.0,21010924.0,21010924.0,21010924.0,21010924.0,21010924.0,21010924.0,21010924.0,21010924.0,21010924.0,21010924.0,21010924.0,21010924.0,21010924.0,21010924.0,21010924.0,21010924.0,21010924.0,21010924.0,21010924.0,21010924.0,21010924.0,21010924.0,21010924.0,21010924.0,21010924.0,21010924.0,21010924.0,21010924.0,21010924.0,21010924.0,21010924.0,21010924.0,21010924.0,21010924.0,21010924.0,21010924.0,21010924.0,21010924.0,21010924.0,21010924.0,21010924.0,21010924.0,21010924.0,21010924.0,21010924.0,21010924.0,21010924.0,21010924.0,21010924.0,21010924.0,21010924.0,21010924.0,21010924.0,21010924.0,21010924.0,21010924.0,21010924.0,21010924.0,21010924.0,21010924.0,21010924.0
tune_2,Testing/network-cor-forma_eu_27t.txt,0.05,0.05,0,50,3,0.8,0.01,pairwise,19627401.0,332.59,115,74307122.0,52108728.0,39757505.0,38468970.0,38468970.0,38468970.0,31830257.0,31830257.0,29599572.0,29599572.0,29155346.0,26086704.0,25012238.0,24730477.0,24450157.0,24450157.0,22809284.0,22775659.0,22656276.0,22335412.0,22266654.0,21994927.0,21994927.0,21495020.0,21383721.0,21272977.0,21272977.0,21104100.0,21096742.0,20986442.0,20986442.0,20883558.0,20749145.0,20633460.0,20517686.0,20517686.0,20415847.0,20351528.0,20351528.0,20351528.0,20276142.0,20256407.0,20256103.0,20250674.0,20192735.0,20154541.0,20154541.0,20129928.0,20129928.0,20123307.0,20084499.0,20072134.0,20054325.0,20053877.0,20003240.0,19997739.0,19997739.0,19991250.0,19984133.0,19958948.0,19915020.0,19915020.0,19915020.0,19915020.0,19896603.0,19859779.0,19859779.0,19859682.0,19846991.0,19833389.0,19822090.0,19808151.0,19778030.0,19777980.0,19777980.0,19765330.0,19765330.0,19765330.0,19752930.0,19727741.0,19727704.0,19727704.0,19715215.0,19696399.0,19696399.0,19696399.0,19690317.0,19683803.0,19683803.0,19677723.0,19671472.0,19665257.0,19665151.0,19658766.0,19646389.0,19646389.0,19640201.0,19640201.0,19633935.0,19633855.0,19633741.0,19627773.0,19627563.0,19627512.0,19627512.0,19627476.0,19627460.0,19627432.0,19627432.0,19627432.0,19627429.0,19627422.0,19627418.0,19627411.0,19627411.0,19627401.0,19627401.0,19627401.0,19627401.0,19627401.0,19627401.0,19627401.0,19627401.0,19627401.0,19627401.0,19627401.0,19627401.0,19627401.0,19627401.0,19627401.0,19627401.0,19627401.0,19627401.0,19627401.0,19627401.0,19627401.0,19627401.0,19627401.0,19627401.0,19627401.0,19627401.0,19627401.0,19627401.0,19627401.0,19627401.0,19627401.0,19627401.0,19627401.0,19627401.0,19627401.0,19627401.0,19627401.0,19627401.0,19627401.0,19627401.0,19627401.0,19627401.0,19627401.0,19627401.0,19627401.0,19627401.0,19627401.0,19627401.0,19627401.0,19627401.0,19627401.0,19627401.0,19627401.0,19627401.0,19627401.0,19627401.0,19627401.0,19627401.0,19627401.0,19627401.0,19627401.0,19627401.0,19627401.0,19627401.0,19627401.0,19627401.0,19627401.0,19627401.0,19627401.0,19627401.0,19627401.0,19627401.0,19627401.0,19627401.0,19627401.0,19627401.0,19627401.0,19627401.0,19627401.0,19627401.0,19627401.0,19627401.0,19627401.0,19627401.0,19627401.0
tune_3,Testing/network-cor-forma_eu_27t.txt,0.05,0.05,0,50,3,0.8,0.01,pairwise,26921824.0,345.34,114,73141187.0,73141187.0,72357298.0,47043826.0,42062228.0,40679172.0,40400802.0,40219759.0,39845259.0,37482215.0,35685200.0,35685200.0,35364765.0,33835692.0,33835692.0,33549142.0,32775450.0,32420733.0,31373942.0,31373942.0,30369685.0,30345749.0,29326064.0,29326064.0,28861003.0,28861003.0,28861003.0,28861003.0,28838982.0,28581427.0,28581427.0,28581427.0,28521150.0,28460626.0,28415460.0,28415460.0,28332247.0,28287130.0,28242068.0,28129859.0,28129859.0,28114516.0,28017189.0,27972308.0,27950327.0,27950327.0,27927560.0,27867841.0,27800171.0,27800171.0,27778331.0,27711824.0,27711824.0,27689002.0,27689002.0,27615247.0,27614295.0,27614295.0,27578179.0,27563276.0,27540159.0,27525321.0,27525321.0,27481313.0,27481313.0,27473977.0,27422132.0,27407345.0,27378196.0,27363430.0,27326522.0,27326522.0,27319123.0,27310775.0,27281258.0,27267422.0,27266969.0,27237914.0,27230086.0,27215344.0,27200578.0,27186393.0,27171638.0,27149072.0,27141700.0,27134357.0,27120087.0,27119153.0,27105341.0,27082814.0,27082814.0,27082795.0,27068123.0,27053916.0,27046568.0,27039202.0,27024582.0,27016734.0,27009325.0,27009325.0,26995153.0,26987301.0,26979982.0,26979982.0,26972644.0,26958490.0,26957979.0,26951160.0,26943823.0,26943823.0,26936486.0,26929159.0,26929152.0,26929152.0,26921824.0,26921824.0,26921824.0,26921824.0,26921824.0,26921824.0,26921824.0,26921824.0,26921824.0,26921824.0,26921824.0,26921824.0,26921824.0,26921824.0,26921824.0,26921824.0,26921824.0,26921824.0,26921824.0,26921824.0,26921824.0,26921824.0,26921824.0,26921824.0,26921824.0,26921824.0,26921824.0,26921824.0,26921824.0,26921824.0,26921824.0,26921824.0,26921824.0,26921824.0,26921824.0,26921824.0,26921824.0,26921824.0,26921824.0,26921824.0,26921824.0,26921824.0,26921824.0,26921824.0,26921824.0,26921824.0,26921824.0,26921824.0,26921824.0,26921824.0,26921824.0,26921824.0,26921824.0,26921824.0,26921824.0,26921824.0,26921824.0,26921824.0,26921824.0,26921824.0,26921824.0,26921824.0,26921824.0,26921824.0,26921824.0,26921824.0,26921824.0,26921824.0,26921824.0,26921824.0,26921824.0,26921824.0,26921824.0,26921824.0,26921824.0,26921824.0,26921824.0,26921824.0,26921824.0,26921824.0,26921824.0,26921824.0,26921824.0,26921824.0,26921824.0,26921824.0
tune_4,Testing/network-cor-forma_eu_27t.txt,0.05,0.05,0,50,3,0.8,0.01,pairwise,28273760.0,335.28,105,74880863.0,74880863.0,53061629.0,53061629.0,51578589.0,41973563.0,41973563.0,40962152.0,40053792.0,38432974.0,36386858.0,36386858.0,34875975.0,34261253.0,33791247.0,32748841.0,32748841.0,32280408.0,32119526.0,31826151.0,31166460.0,30797303.0,30172644.0,30111431.0,30111431.0,30010808.0,30010229.0,29779121.0,29725298.0,29701810.0,29609637.0,29570817.0,29410242.0,29334115.0,29318238.0,29302955.0,29226385.0,29211809.0,29211809.0,29135738.0,29135738.0,29013404.0,29013404.0,29013404.0,29005506.0,28975278.0,28960638.0,28937695.0,28900038.0,28884541.0,28861219.0,28830981.0,28824132.0,28808887.0,28785934.0,28778359.0,28740966.0,28725165.0,28725165.0,28702862.0,28687926.0,28672083.0,28634429.0,28619717.0,28619717.0,28619717.0,28597216.0,28567074.0,28566968.0,28551622.0,28551622.0,28551622.0,28521863.0,28521673.0,28506815.0,28491575.0,28484064.0,28461619.0,28454170.0,28438925.0,28431614.0,28424047.0,28424047.0,28416359.0,28393930.0,28378768.0,28378768.0,28363730.0,28363724.0,28356202.0,28326277.0,28326277.0,28326277.0,28326277.0,28318768.0,28318748.0,28311178.0,28303731.0,28303731.0,28296231.0,28288783.0,28281274.0,28281265.0,28281265.0,28281206.0,28273760.0,28273760.0,28273760.0,28273760.0,28273760.0,28273760.0,28273760.0,28273760.0,28273760.0,28273760.0,28273760.0,28273760.0,28273760.0,28273760.0,28273760.0,28273760.0,28273760.0,28273760.0,28273760.0,28273760.0,28273760.0,28273760.0,28273760.0,28273760.0,28273760.0,28273760.0,28273760.0,28273760.0,28273760.0,28273760.0,28273760.0,28273760.0,28273760.0,28273760.0,28273760.0,28273760.0,28273760.0,28273760.0,28273760.0,28273760.0,28273760.0,28273760.0,28273760.0,28273760.0,28273760.0,28273760.0,28273760.0,28273760.0,28273760.0,28273760.0,28273760.0,28273760.0,28273760.0,28273760.0,28273760.0,28273760.0,28273760.0,28273760.0,28273760.0,28273760.0,28273760.0,28273760.0,28273760.0,28273760.0,28273760.0,28273760.0,28273760.0,28273760.0,28273760.0,28273760.0,28273760.0,28273760.0,28273760.0,28273760.0,28273760.0,28273760.0,28273760.0,28273760.0,28273760.0,28273760.0,28273760.0,28273760.0,28273760.0,28273760.0,28273760.0,28273760.0,28273760.0,28273760.0,28273760.0,28273760.0,28273760.0,28273760.0,28273760.0,28273760.0,28273760.0
tune_5,Testing/network-cor-forma_eu_27t.txt,0.05,0.05,0,50,3,0.8,0.01,pairwise,12333855.0,331.25,133,75027902.0,75027902.0,75027902.0,50850229.0,50337274.0,34517993.0,31782742.0,31172785.0,29333469.0,20966989.0,20966989.0,20966989.0,20117061.0,20117061.0,18237547.0,16523222.0,16523222.0,16523222.0,15875204.0,15875204.0,15534316.0,15384166.0,15018758.0,14330702.0,14330702.0,13933950.0,13394625.0,13394625.0,13394625.0,13327279.0,13321916.0,13156804.0,13156804.0,13144327.0,13060677.0,13036681.0,12994555.0,12994555.0,12979845.0,12922313.0,12901633.0,12891717.0,12874443.0,12857393.0,12818810.0,12813225.0,12803165.0,12801478.0,12786165.0,12772657.0,12765779.0,12732189.0,12717682.0,12702771.0,12702689.0,12702689.0,12677924.0,12667617.0,12632349.0,12632349.0,12627466.0,12627466.0,12616732.0,12592054.0,12577612.0,12552882.0,12548028.0,12547615.0,12533567.0,12528401.0,12512587.0,12493557.0,12493481.0,12473692.0,12463058.0,12463058.0,12448463.0,12448463.0,12438454.0,12424021.0,12413862.0,12409052.0,12408924.0,12404106.0,12399196.0,12389339.0,12384224.0,12383965.0,12374430.0,12369479.0,12369357.0,12364116.0,12359274.0,12354445.0,12354445.0,12354270.0,12344029.0,12344005.0,12339264.0,12339264.0,12339264.0,12339079.0,12334435.0,12334177.0,12334137.0,12334093.0,12334093.0,12334088.0,12334061.0,12334052.0,12334010.0,12333968.0,12333938.0,12333938.0,12333917.0,12333917.0,12333917.0,12333901.0,12333901.0,12333898.0,12333882.0,12333878.0,12333878.0,12333878.0,12333873.0,12333867.0,12333867.0,12333867.0,12333867.0,12333863.0,12333861.0,12333859.0,12333859.0,12333855.0,12333855.0,12333855.0,12333855.0,12333855.0,12333855.0,12333855.0,12333855.0,12333855.0,12333855.0,12333855.0,12333855.0,12333855.0,12333855.0,12333855.0,12333855.0,12333855.0,12333855.0,12333855.0,12333855.0,12333855.0,12333855.0,12333855.0,12333855.0,12333855.0,12333855.0,12333855.0,12333855.0,12333855.0,12333855.0,12333855.0,12333855.0,12333855.0,12333855.0,12333855.0,12333855.0,12333855.0,12333855.0,12333855.0,12333855.0,12333855.0,12333855.0,12333855.0,12333855.0,12333855.0,12333855.0,12333855.0,12333855.0,12333855.0,12333855.0,12333855.0,12333855.0,12333855.0,12333855.0,12333855.0,12333855.0,12333855.0,12333855.0,12333855.0,12333855.0,12333855.0,12333855.0,12333855.0,12333855.0,12333855.0,12333855.0,12333855.0
tune_6,Testing/network-cor-forma_eu_27t.txt,0.05,0.05,0,50,3,0.8,0.01,pairwise,33330224.0,334.18,107,75211747.0,74807510.0,52897398.0,45936690.0,45936690.0,45936690.0,45810536.0,44471924.0,42596556.0,41862616.0,41152366.0,40707308.0,39793433.0,39499684.0,39499482.0,38369941.0,38369941.0,38283124.0,37769355.0,37534545.0,37508312.0,37240242.0,36331708.0,36272155.0,36127577.0,36127577.0,35737560.0,35628460.0,35628460.0,35451005.0,35232565.0,35090412.0,35022971.0,34990168.0,34947695.0,34856545.0,34772729.0,34631046.0,34606504.0,34548459.0,34522980.0,34482096.0,34473748.0,34432093.0,34406981.0,34365354.0,34299150.0,34249651.0,34208652.0,34142170.0,34142170.0,34142122.0,34109174.0,34092562.0,34060290.0,34018489.0,34018489.0,34002555.0,33961291.0,33953020.0,33936709.0,33895509.0,33870795.0,33853706.0,33837876.0,33829057.0,33788554.0,33788554.0,33763924.0,33730507.0,33730507.0,33706498.0,33698273.0,33665551.0,33665478.0,33648501.0,33616394.0,33615768.0,33615768.0,33583574.0,33574790.0,33559042.0,33558368.0,33542112.0,33526317.0,33501755.0,33501173.0,33460859.0,33460859.0,33460790.0,33460790.0,33460184.0,33436388.0,33411849.0,33403120.0,33403120.0,33403120.0,33394951.0,33394916.0,33379208.0,33371045.0,33371045.0,33371009.0,33354714.0,33354681.0,33346516.0,33338387.0,33330224.0,33330224.0,33330224.0,33330224.0,33330224.0,33330224.0,33330224.0,33330224.0,33330224.0,33330224.0,33330224.0,33330224.0,33330224.0,33330224.0,33330224.0,33330224.0,33330224.0,33330224.0,33330224.0,33330224.0,33330224.0,33330224.0,33330224.0,33330224.0,33330224.0,33330224.0,33330224.0,33330224.0,33330224.0,33330224.0,33330224.0,33330224.0,33330224.0,33330224.0,33330224.0,33330224.0,33330224.0,33330224.0,33330224.0,33330224.0,33330224.0,33330224.0,33330224.0,33330224.0,33330224.0,33330224.0,33330224.0,33330224.0,33330224.0,33330224.0,33330224.0,33330224.0,33330224.0,33330224.0,33330224.0,33330224.0,33330224.0,33330224.0,33330224.0,33330224.0,33330224.0,33330224.0,33330224.0,33330224.0,33330224.0,33330224.0,33330224.0,33330224.0,33330224.0,33330224.0,33330224.0,33330224.0,33330224.0,33330224.0,33330224.0,33330224.0,33330224.0,33330224.0,33330224.0,33330224.0,33330224.0,33330224.0,33330224.0,33330224.0,33330224.0,33330224.0,33330224.0,33330224.0,33330224.0,33330224.0,33330224.0,33330224.0,33330224.0
tune_7,Testing/network-cor-forma_eu_27t.txt,0.05,0.05,0,50,3,0.8,0.01,pairwise,46657073.0,335.83,103,75863258.0,72875515.0,70956567.0,67486135.0,65205689.0,64931958.0,64931958.0,64204650.0,63031740.0,61082269.0,58091579.0,58091579.0,58091579.0,56549875.0,55860655.0,55554610.0,55102350.0,54474190.0,53995090.0,53239218.0,53198055.0,52089980.0,52089980.0,52049094.0,51489478.0,50932904.0,50801820.0,50650642.0,50138820.0,50128842.0,49888698.0,49400384.0,49400384.0,49261372.0,48934657.0,48934657.0,48677672.0,48569316.0,48470774.0,48470774.0,48362614.0,48205391.0,48205391.0,48195575.0,48019038.0,47891746.0,47881926.0,47881926.0,47754808.0,47754808.0,47686507.0,47618176.0,47579107.0,47569369.0,47501136.0,47471935.0,47452449.0,47374511.0,47316184.0,47316184.0,47296675.0,47160642.0,47160642.0,47160642.0,47121796.0,47121772.0,47121772.0,47102447.0,47053873.0,47053873.0,47024771.0,47015096.0,46995690.0,46976333.0,46956950.0,46937563.0,46908494.0,46908487.0,46889147.0,46879440.0,46869790.0,46850425.0,46850425.0,46831073.0,46811726.0,46811700.0,46802051.0,46792361.0,46773035.0,46753708.0,46744033.0,46734370.0,46734370.0,46724690.0,46705364.0,46695706.0,46695706.0,46686052.0,46686032.0,46676379.0,46666727.0,46666727.0,46666727.0,46657073.0,46657073.0,46657073.0,46657073.0,46657073.0,46657073.0,46657073.0,46657073.0,46657073.0,46657073.0,46657073.0,46657073.0,46657073.0,46657073.0,46657073.0,46657073.0,46657073.0,46657073.0,46657073.0,46657073.0,46657073.0,46657073.0,46657073.0,46657073.0,46657073.0,46657073.0,46657073.0,46657073.0,46657073.0,46657073.0,46657073.0,46657073.0,46657073.0,46657073.0,46657073.0,46657073.0,46657073.0,46657073.0,46657073.0,46657073.0,46657073.0,46657073.0,46657073.0,46657073.0,46657073.0,46657073.0,46657073.0,46657073.0,46657073.0,46657073.0,46657073.0,46657073.0,46657073.0,46657073.0,46657073.0,46657073.0,46657073.0,46657073.0,46657073.0,46657073.0,46657073.0,46657073.0,46657073.0,46657073.0,46657073.0,46657073.0,46657073.0,46657073.0,46657073.0,46657073.0,46657073.0,46657073.0,46657073.0,46657073.0,46657073.0,46657073.0,46657073.0,46657073.0,46657073.0,46657073.0,46657073.0,46657073.0,46657073.0,46657073.0,46657073.0,46657073.0,46657073.0,46657073.0,46657073.0,46657073.0,46657073.0,46657073.0,46657073.0,46657073.0,46657073.0,46657073.0,46657073.0
tune_8,Testing/network-cor-forma_eu_27t.txt,0.05,0.05,0,50,3,0.8,0.01,pairwise,31029243.0,334.31,127,75346705.0,74575566.0,53734068.0,46156432.0,46156432.0,46156432.0,46156432.0,41806276.0,41623571.0,41586614.0,40339476.0,40339476.0,39606664.0,37734726.0,37734726.0,36407995.0,36407995.0,36407995.0,36170350.0,35535126.0,35056452.0,34889326.0,34606093.0,34514818.0,34274170.0,33632332.0,33632332.0,33443816.0,33044664.0,33044664.0,32939368.0,32833531.0,32833531.0,32736529.0,32632048.0,32390129.0,32390129.0,32390129.0,32390129.0,32357320.0,32317224.0,32285099.0,32028882.0,32028882.0,31988929.0,31988929.0,31949086.0,31893167.0,31893167.0,31821407.0,31821407.0,31797480.0,31749733.0,31725757.0,31678119.0,31670241.0,31630321.0,31614419.0,31574785.0,31558836.0,31558836.0,31527126.0,31519132.0,31495464.0,31471584.0,31463706.0,31463590.0,31408106.0,31408106.0,31408106.0,31408106.0,31376557.0,31376512.0,31360746.0,31352765.0,31329067.0,31313270.0,31305290.0,31297493.0,31281585.0,31242123.0,31242123.0,31242054.0,31242036.0,31226322.0,31218397.0,31194741.0,31186908.0,31163181.0,31163153.0,31147389.0,31139506.0,31139482.0,31123756.0,31115896.0,31092237.0,31084389.0,31084389.0,31084304.0,31076483.0,31076463.0,31060725.0,31052831.0,31052831.0,31044995.0,31044995.0,31044963.0,31037119.0,31037119.0,31037119.0,31037119.0,31037119.0,31037119.0,31037119.0,31037119.0,31037119.0,31037119.0,31037119.0,31037119.0,31037119.0,31037119.0,31037119.0,31037119.0,31037119.0,31037119.0,31037119.0,31037119.0,31029243.0,31029243.0,31029243.0,31029243.0,31029243.0,31029243.0,31029243.0,31029243.0,31029243.0,31029243.0,31029243.0,31029243.0,31029243.0,31029243.0,31029243.0,31029243.0,31029243.0,31029243.0,31029243.0,31029243.0,31029243.0,31029243.0,31029243.0,31029243.0,31029243.0,31029243.0,31029243.0,31029243.0,31029243.0,31029243.0,31029243.0,31029243.0,31029243.0,31029243.0,31029243.0,31029243.0,31029243.0,31029243.0,31029243.0,31029243.0,31029243.0,31029243.0,31029243.0,31029243.0,31029243.0,31029243.0,31029243.0,31029243.0,31029243.0,31029243.0,31029243.0,31029243.0,31029243.0,31029243.0,31029243.0,31029243.0,31029243.0,31029243.0,31029243.0,31029243.0,31029243.0,31029243.0,31029243.0,31029243.0,31029243.0,31029243.0,31029243.0,31029243.0,31029243.0,31029243.0,31029243.0,31029243.0,31029243.0
tune_9,Testing/network-cor-forma_eu_27t.txt,0.05,0.05,0,50,3,0.8,0.01,pairwise,26127991.0,331.00,186,75248634.0,75248634.0,51660429.0,40655697.0,40655697.0,37184884.0,37184884.0,37184884.0,36960706.0,34569793.0,34569793.0,34047164.0,32774016.0,32664606.0,32664606.0,31513496.0,31314613.0,30802904.0,30670464.0,29347629.0,29025943.0,29025943.0,28926759.0,28368479.0,28368479.0,28338330.0,28127879.0,27732396.0,27732396.0,27598048.0,27465655.0,27465655.0,27465655.0,27354287.0,27354287.0,27316605.0,27191930.0,27110934.0,27096105.0,27095841.0,27073269.0,27037377.0,27022297.0,27007622.0,26993039.0,26971527.0,26919504.0,26904972.0,26882788.0,26882567.0,26846950.0,26824688.0,26817108.0,26780500.0,26780500.0,26758780.0,26729557.0,26707891.0,26678597.0,26657175.0,26635129.0,26635129.0,26620388.0,26591588.0,26591538.0,26576981.0,26540773.0,26540773.0,26525962.0,26525962.0,26518914.0,26489805.0,26475296.0,26446364.0,26446364.0,26424638.0,26424638.0,26409840.0,26402801.0,26395639.0,26380857.0,26373647.0,26344606.0,26344606.0,26337425.0,26337425.0,26315657.0,26301404.0,26294000.0,26294000.0,26293996.0,26279649.0,26272290.0,26258047.0,26257879.0,26243576.0,26243296.0,26228912.0,26228912.0,26221765.0,26214569.0,26214466.0,26207247.0,26207152.0,26200227.0,26192871.0,26185643.0,26185643.0,26185643.0,26178477.0,26178477.0,26178477.0,26178477.0,26178477.0,26171329.0,26171329.0,26171329.0,26171329.0,26171329.0,26171329.0,26171329.0,26171329.0,26171329.0,26171329.0,26171329.0,26171329.0,26171329.0,26171329.0,26171329.0,26171329.0,26171329.0,26171329.0,26171329.0,26171329.0,26171329.0,26171329.0,26171329.0,26171329.0,26171329.0,26171329.0,26171329.0,26171329.0,26171329.0,26171329.0,26171329.0,26171329.0,26171329.0,26171329.0,26171329.0,26171329.0,26171329.0,26171329.0,26171329.0,26171329.0,26171329.0,26171329.0,26171329.0,26171329.0,26171329.0,26171329.0,26171329.0,26171329.0,26171329.0,26171329.0,26171329.0,26171329.0,26171329.0,26171329.0,26171329.0,26171329.0,26171329.0,26171329.0,26171329.0,26171329.0,26171329.0,26171329.0,26171329.0,26171329.0,26171329.0,26171329.0,26171329.0,26171329.0,26171329.0,26171329.0,26171329.0,26171329.0,26127991.0,26127991.0,26127991.0,26127991.0,26127991.0,26127991.0,26127991.0,26127991.0,26127991.0,26127991.0,26127991.0,26127991.0,26127991.0,26127991.0
tune_10,Testing/network-cor-forma_eu_27t.txt,0.05,0.05,0,50,3,0.8,0.01,pairwise,19269914.0,329.65,125,74721984.0,74721984.0,74721984.0,74721984.0,74721984.0,37339921.0,37331932.0,34833887.0,29879449.0,29879449.0,29879449.0,28809578.0,27666385.0,27666385.0,26936189.0,26796813.0,24935803.0,24935803.0,24935803.0,24550183.0,24270331.0,23430524.0,23259246.0,23259246.0,22945874.0,22587810.0,22315018.0,21679472.0,21561398.0,21456515.0,21456515.0,21298876.0,20883928.0,20806338.0,20671188.0,20593950.0,20408304.0,20299848.0,20287635.0,20211410.0,20211410.0,20096459.0,20096459.0,20096459.0,20077734.0,20066421.0,20015347.0,19997506.0,19977311.0,19945078.0,19889985.0,19889985.0,19888418.0,19870861.0,19864169.0,19838458.0,19801869.0,19801869.0,19764027.0,19751678.0,19726234.0,19726234.0,19712613.0,19700142.0,19674807.0,19674807.0,19674416.0,19630786.0,19607876.0,19607876.0,19587766.0,19574964.0,19570147.0,19552002.0,19552002.0,19536657.0,19531786.0,19513361.0,19506546.0,19494378.0,19481473.0,19481473.0,19481473.0,19463353.0,19450585.0,19438349.0,19425863.0,19419553.0,19407337.0,19406727.0,19401107.0,19382511.0,19376401.0,19376401.0,19357649.0,19345360.0,19345360.0,19344399.0,19338318.0,19334275.0,19334275.0,19326709.0,19326680.0,19314391.0,19308011.0,19307286.0,19301890.0,19297192.0,19297192.0,19289332.0,19288590.0,19288590.0,19277193.0,19277193.0,19277193.0,19276290.0,19276269.0,19270176.0,19270167.0,19270089.0,19270089.0,19270084.0,19269993.0,19269993.0,19269993.0,19269914.0,19269914.0,19269914.0,19269914.0,19269914.0,19269914.0,19269914.0,19269914.0,19269914.0,19269914.0,19269914.0,19269914.0,19269914.0,19269914.0,19269914.0,19269914.0,19269914.0,19269914.0,19269914.0,19269914.0,19269914.0,19269914.0,19269914.0,19269914.0,19269914.0,19269914.0,19269914.0,19269914.0,19269914.0,19269914.0,19269914.0,19269914.0,19269914.0,19269914.0,19269914.0,19269914.0,19269914.0,19269914.0,19269914.0,19269914.0,19269914.0,19269914.0,19269914.0,19269914.0,19269914.0,19269914.0,19269914.0,19269914.0,19269914.0,19269914.0,19269914.0,19269914.0,19269914.0,19269914.0,19269914.0,19269914.0,19269914.0,19269914.0,19269914.0,19269914.0,19269914.0,19269914.0,19269914.0,19269914.0,19269914.0,19269914.0,19269914.0,19269914.0,19269914.0,19269914.0,19269914.0,19269914.0,19269914.0,19269914.0,19269914.0
tune_1,Testing/network-cor-forma_eu_27t.txt,0.05,0.05,0,50,3,0.8,0.01,components,1960.0,336.21,81,404.0,454.0,489.0,571.0,800.0,800.0,983.0,1162.0,1392.0,1392.0,1413.0,1413.0,1468.0,1485.0,1496.0,1498.0,1540.0,1568.0,1582.0,1649.0,1698.0,1698.0,1699.0,1715.0,1747.0,1763.0,1763.0,1790.0,1805.0,1805.0,1826.0,1832.0,1832.0,1843.0,1846.0,1848.0,1854.0,1861.0,1861.0,1869.0,1869.0,1881.0,1881.0,1883.0,1891.0,1898.0,1900.0,1900.0,1902.0,1905.0,1910.0,1910.0,1914.0,1917.0,1917.0,1917.0,1921.0,1923.0,1927.0,1931.0,1932.0,1932.0,1935.0,1936.0,1941.0,1941.0,1944.0,1944.0,1946.0,1949.0,1949.0,1949.0,1951.0,1951.0,1954.0,1954.0,1956.0,1956.0,1958.0,1959.0,1959.0,1960.0,1960.0,1960.0,1960.0,1960.0,1960.0,1960.0,1960.0,1960.0,1960.0,1960.0,1960.0,1960.0,1960.0,1960.0,1960.0,1960.0,1960.0,1960.0,1960.0,1960.0,1960.0,1960.0,1960.0,1960.0,1960.0,1960.0,1960.0,1960.0,1960.0,1960.0,1960.0,1960.0,1960.0,1960.0,1960.0,1960.0,1960.0,1960.0,1960.0,1960.0,1960.0,1960.0,1960.0,1960.0,1960.0,1960.0,1960.0,1960.0,1960.0,1960.0,1960.0,1960.0,1960.0,1960.0,1960.0,1960.0,1960.0,1960.0,1960.0,1960.0,1960.0,1960.0,1960.0,1960.0,1960.0,1960.0,1960.0,1960.0,1960.0,1960.0,1960.0,1960.0,1960.0,1960.0,1960.0,1960.0,1960.0,1960.0,1960.0,1960.0,1960.0,1960.0,1960.0,1960.0,1960.0,1960.0,1960.0,1960.0,1960.0,1960.0,1960.0,1960.0,1960.0,1960.0,1960.0,1960.0,1960.0,1960.0,1960.0,1960.0,1960.0,1960.0,1960.0,1960.0,1960.0,1960.0,1960.0,1960.0,1960.0,1960.0,1960.0,1960.0,1960.0,1960.0,1960.0,1960.0,1960.0,1960.0
tune_2,Testing/network-cor-forma_eu_27t.txt,0.05,0.05,0,50,3,0.8,0.01,components,3926.0,335.22,79,1578.0,1734.0,2038.0,2064.0,2225.0,2464.0,2523.0,2523.0,2776.0,2835.0,2835.0,3159.0,3159.0,3240.0,3345.0,3377.0,3426.0,3460.0,3513.0,3538.0,3590.0,3609.0,3616.0,3651.0,3709.0,3709.0,3728.0,3752.0,3758.0,3789.0,3803.0,3803.0,3821.0,3821.0,3821.0,3826.0,3839.0,3846.0,3854.0,3855.0,3862.0,3862.0,3869.0,3873.0,3873.0,3873.0,3875.0,3884.0,3888.0,3888.0,3888.0,3889.0,3892.0,3894.0,3894.0,3898.0,3901.0,3903.0,3906.0,3906.0,3908.0,3909.0,3910.0,3910.0,3914.0,3914.0,3915.0,3917.0,3918.0,3918.0,3918.0,3920.0,3921.0,3921.0,3921.0,3923.0,3924.0,3924.0,3925.0,3926.0,3926.0,3926.0,3926.0,3926.0,3926.0,3926.0,3926.0,3926.0,3926.0,3926.0,3926.0,3926.0,3926.0,3926.0,3926.0,3926.0,3926.0,3926.0,3926.0,3926.0,3926.0,3926.0,3926.0,3926.0,3926.0,3926.0,3926.0,3926.0,3926.0,3926.0,3926.0,3926.0,3926.0,3926.0,3926.0,3926.0,3926.0,3926.0,3926.0,3926.0,3926.0,3926.0,3926.0,3926.0,3926.0,3926.0,3926.0,3926.0,3926.0,3926.0,3926.0,3926.0,3926.0,3926.0,3926.0,3926.0,3926.0,3926.0,3926.0,3926.0,3926.0,3926.0,3926.0,3926.0,3926.0,3926.0,3926.0,3926.0,3926.0,3926.0,3926.0,3926.0,3926.0,3926.0,3926.0,3926.0,3926.0,3926.0,3926.0,3926.0,3926.0,3926.0,3926.0,3926.0,3926.0,3926.0,3926.0,3926.0,3926.0,3926.0,3926.0,3926.0,3926.0,3926.0,3926.0,3926.0,3926.0,3926.0,3926.0,3926.0,3926.0,3926.0,3926.0,3926.0,3926.0,3926.0,3926.0,3926.0,3926.0,3926.0,3926.0,3926.0,3926.0,3926.0,3926.0,3926.0,3926.0,3926.0,3926.0,3926.0
tune_3,Testing/network-cor-forma_eu_27t.txt,0.05,0.05,0,50,3,0.8,0.01,components,4641.0,334.79,90,2248.0,2260.0,2260.0,2260.0,2264.0,2374.0,2414.0,2620.0,2853.0,2940.0,3033.0,3119.0,3229.0,3368.0,3606.0,3606.0,3606.0,3717.0,3772.0,3772.0,3829.0,3885.0,4036.0,4050.0,4151.0,4192.0,4275.0,4275.0,4305.0,4340.0,4409.0,4409.0,4409.0,4409.0,4482.0,4482.0,4482.0,4493.0,4495.0,4517.0,4524.0,4539.0,4539.0,4539.0,4542.0,4546.0,4555.0,4557.0,4565.0,4568.0,4573.0,4573.0,4580.0,4581.0,4585.0,4590.0,4590.0,4594.0,4596.0,4600.0,4603.0,4603.0,4605.0,4606.0,4611.0,4611.0,4613.0,4623.0,4623.0,4623.0,4623.0,4625.0,4625.0,4625.0,4625.0,4627.0,4630.0,4630.0,4632.0,4633.0,4633.0,4634.0,4636.0,4636.0,4637.0,4637.0,4639.0,4639.0,4639.0,4640.0,4641.0,4641.0,4641.0,4641.0,4641.0,4641.0,4641.0,4641.0,4641.0,4641.0,4641.0,4641.0,4641.0,4641.0,4641.0,4641.0,4641.0,4641.0,4641.0,4641.0,4641.0,4641.0,4641.0,4641.0,4641.0,4641.0,4641.0,4641.0,4641.0,4641.0,4641.0,4641.0,4641.0,4641.0,4641.0,4641.0,4641.0,4641.0,4641.0,4641.0,4641.0,4641.0,4641.0,4641.0,4641.0,4641.0,4641.0,4641.0,4641.0,4641.0,4641.0,4641.0,4641.0,4641.0,4641.0,4641.0,4641.0,4641.0,4641.0,4641.0,4641.0,4641.0,4641.0,4641.0,4641.0,4641.0,4641.0,4641.0,4641.0,4641.0,4641.0,4641.0,4641.0,4641.0,4641.0,4641.0,4641.0,4641.0,4641.0,4641.0,4641.0,4641.0,4641.0,4641.0,4641.0,4641.0,4641.0,4641.0,4641.0,4641.0,4641.0,4641.0,4641.0,4641.0,4641.0,4641.0,4641.0,4641.0,4641.0,4641.0,4641.0,4641.0,4641.0,4641.0,4641.0,4641.0,4641.0,4641.0,4641.0,4641.0
tune_4,Testing/network-cor-forma_eu_27t.txt,0.05,0.05,0,50,3,0.8,0.01,components,4102.0,332.80,86,1175.0,1175.0,1291.0,1291.0,2352.0,2352.0,2502.0,2505.0,2827.0,2827.0,2827.0,2862.0,3019.0,3019.0,3112.0,3213.0,3420.0,3622.0,3622.0,3622.0,3622.0,3643.0,3748.0,3748.0,3773.0,3798.0,3844.0,3906.0,3906.0,3906.0,3906.0,3906.0,3913.0,3922.0,3953.0,3976.0,3984.0,3984.0,4001.0,4001.0,4017.0,4017.0,4017.0,4025.0,4036.0,4038.0,4041.0,4042.0,4050.0,4050.0,4056.0,4057.0,4057.0,4057.0,4063.0,4066.0,4068.0,4068.0,4071.0,4071.0,4072.0,4075.0,4078.0,4078.0,4079.0,4080.0,4083.0,4083.0,4086.0,4086.0,4088.0,4091.0,4091.0,4091.0,4092.0,4094.0,4096.0,4097.0,4097.0,4097.0,4099.0,4100.0,4100.0,4101.0,4101.0,4101.0,4102.0,4102.0,4102.0,4102.0,4102.0,4102.0,4102.0,4102.0,4102.0,4102.0,4102.0,4102.0,4102.0,4102.0,4102.0,4102.0,4102.0,4102.0,4102.0,4102.0,4102.0,4102.0,4102.0,4102.0,4102.0,4102.0,4102.0,4102.0,4102.0,4102.0,4102.0,4102.0,4102.0,4102.0,4102.0,4102.0,4102.0,4102.0,4102.0,4102.0,4102.0,4102.0,4102.0,4102.0,4102.0,4102.0,4102.0,4102.0,4102.0,4102.0,4102.0,4102.0,4102.0,4102.0,4102.0,4102.0,4102.0,4102.0,4102.0,4102.0,4102.0,4102.0,4102.0,4102.0,4102.0,4102.0,4102.0,4102.0,4102.0,4102.0,4102.0,4102.0,4102.0,4102.0,4102.0,4102.0,4102.0,4102.0,4102.0,4102.0,4102.0,4102.0,4102.0,4102.0,4102.0,4102.0,4102.0,4102.0,4102.0,4102.0,4102.0,4102.0,4102.0,4102.0,4102.0,4102.0,4102.0,4102.0,4102.0,4102.0,4102.0,4102.0,4102.0,4102.0,4102.0,4102.0,4102.0,4102.0,4102.0,4102.0,4102.0,4102.0,4102.0,4102.0
tune_5,Testing/network-cor-forma_eu_27t.txt,0.05,0.05,0,50,3,0.8,0.01,components,2802.0,334.95,77,1358.0,1595.0,1595.0,1595.0,1595.0,1631.0,1631.0,1653.0,1752.0,1934.0,1934.0,2069.0,2161.0,2213.0,2259.0,2319.0,2339.0,2395.0,2438.0,2438.0,2466.0,2466.0,2512.0,2545.0,2545.0,2611.0,2611.0,2611.0,2611.0,2620.0,2645.0,2664.0,2678.0,2680.0,2680.0,2693.0,2708.0,2708.0,2708.0,2720.0,2724.0,2728.0,2735.0,2736.0,2737.0,2742.0,2743.0,2749.0,2755.0,2755.0,2761.0,2762.0,2766.0,2766.0,2767.0,2770.0,2778.0,2778.0,2779.0,2782.0,2783.0,2783.0,2785.0,2786.0,2788.0,2788.0,2789.0,2792.0,2794.0,2795.0,2796.0,2797.0,2799.0,2800.0,2801.0,2801.0,2801.0,2802.0,2802.0,2802.0,2802.0,2802.0,2802.0,2802.0,2802.0,2802.0,2802.0,2802.0,2802.0,2802.0,2802.0,2802.0,2802.0,2802.0,2802.0,2802.0,2802.0,2802.0,2802.0,2802.0,2802.0,2802.0,2802.0,2802.0,2802.0,2802.0,2802.0,2802.0,2802.0,2802.0,2802.0,2802.0,2802.0,2802.0,2802.0,2802.0,2802.0,2802.0,2802.0,2802.0,2802.0,2802.0,2802.0,2802.0,2802.0,2802.0,2802.0,2802.0,2802.0,2802.0,2802.0,2802.0,2802.0,2802.0,2802.0,2802.0,2802.0,2802.0,2802.0,2802.0,2802.0,2802.0,2802.0,2802.0,2802.0,2802.0,2802.0,2802.0,2802.0,2802.0,2802.0,2802.0,2802.0,2802.0,2802.0,2802.0,2802.0,2802.0,2802.0,2802.0,2802.0,2802.0,2802.0,2802.0,2802.0,2802.0,2802.0,2802.0,2802.0,2802.0,2802.0,2802.0,2802.0,2802.0,2802.0,2802.0,2802.0,2802.0,2802.0,2802.0,2802.0,2802.0,2802.0,2802.0,2802.0,2802.0,2802.0,2802.0,2802.0,2802.0,2802.0,2802.0,2802.0,2802.0,2802.0,2802.0,2802.0,2802.0,2802.0,2802.0
tune_6,Testing/network-cor-forma_eu_27t.txt,0.05,0.05,0,50,3,0.8,0.01,components,4236.0,335.48,87,1635.0,1736.0,2058.0,2789.0,2789.0,2789.0,2789.0,2789.0,2789.0,2979.0,3026.0,3026.0,3094.0,3127.0,3188.0,3260.0,3495.0,3680.0,3680.0,3827.0,3827.0,3827.0,3871.0,3871.0,3882.0,3894.0,3923.0,3960.0,4008.0,4008.0,4014.0,4025.0,4036.0,4060.0,4060.0,4063.0,4096.0,4096.0,4097.0,4128.0,4128.0,4128.0,4128.0,4149.0,4149.0,4149.0,4158.0,4162.0,4166.0,4173.0,4176.0,4179.0,4179.0,4186.0,4186.0,4193.0,4193.0,4193.0,4196.0,4200.0,4200.0,4205.0,4205.0,4209.0,4209.0,4211.0,4211.0,4213.0,4215.0,4215.0,4217.0,4220.0,4221.0,4221.0,4224.0,4225.0,4227.0,4230.0,4230.0,4230.0,4230.0,4233.0,4233.0,4234.0,4234.0,4235.0,4235.0,4236.0,4236.0,4236.0,4236.0,4236.0,4236.0,4236.0,4236.0,4236.0,4236.0,4236.0,4236.0,4236.0,4236.0,4236.0,4236.0,4236.0,4236.0,4236.0,4236.0,4236.0,4236.0,4236.0,4236.0,4236.0,4236.0,4236.0,4236.0,4236.0,4236.0,4236.0,4236.0,4236.0,4236.0,4236.0,4236.0,4236.0,4236.0,4236.0,4236.0,4236.0,4236.0,4236.0,4236.0,4236.0,4236.0,4236.0,4236.0,4236.0,4236.0,4236.0,4236.0,4236.0,4236.0,4236.0,4236.0,4236.0,4236.0,4236.0,4236.0,4236.0,4236.0,4236.0,4236.0,4236.0,4236.0,4236.0,4236.0,4236.0,4236.0,4236.0,4236.0,4236.0,4236.0,4236.0,4236.0,4236.0,4236.0,4236.0,4236.0,4236.0,4236.0,4236.0,4236.0,4236.0,4236.0,4236.0,4236.0,4236.0,4236.0,4236.0,4236.0,4236.0,4236.0,4236.0,4236.0,4236.0,4236.0,4236.0,4236.0,4236.0,4236.0,4236.0,4236.0,4236.0,4236.0,4236.0,4236.0,4236.0,4236.0,4236.0,4236.0,4236.0
tune_7,Testing/network-cor-forma_eu_27t.txt,0.05,0.05,0,50,3,0.8,0.01,components,4447.0,333.37,83,1241.0,1266.0,1756.0,1808.0,2464.0,2497.0,2725.0,2930.0,2930.0,3012.0,3150.0,3221.0,3346.0,3356.0,3597.0,3605.0,3605.0,3745.0,3813.0,3918.0,3918.0,3926.0,4060.0,4060.0,4060.0,4129.0,4200.0,4200.0,4200.0,4200.0,4213.0,4226.0,4263.0,4263.0,4299.0,4299.0,4299.0,4320.0,4326.0,4339.0,4339.0,4361.0,4361.0,4361.0,4378.0,4380.0,4386.0,4386.0,4402.0,4402.0,4402.0,4402.0,4404.0,4408.0,4412.0,4412.0,4415.0,4417.0,4418.0,4420.0,4423.0,4425.0,4426.0,4429.0,4430.0,4432.0,4433.0,4435.0,4435.0,4437.0,4440.0,4440.0,4440.0,4440.0,4443.0,4443.0,4443.0,4444.0,4444.0,4444.0,4445.0,4445.0,4446.0,4447.0,4447.0,4447.0,4447.0,4447.0,4447.0,4447.0,4447.0,4447.0,4447.0,4447.0,4447.0,4447.0,4447.0,4447.0,4447.0,4447.0,4447.0,4447.0,4447.0,4447.0,4447.0,4447.0,4447.0,4447.0,4447.0,4447.0,4447.0,4447.0,4447.0,4447.0,4447.0,4447.0,4447.0,4447.0,4447.0,4447.0,4447.0,4447.0,4447.0,4447.0,4447.0,4447.0,4447.0,4447.0,4447.0,4447.0,4447.0,4447.0,4447.0,4447.0,4447.0,4447.0,4447.0,4447.0,4447.0,4447.0,4447.0,4447.0,4447.0,4447.0,4447.0,4447.0,4447.0,4447.0,4447.0,4447.0,4447.0,4447.0,4447.0,4447.0,4447.0,4447.0,4447.0,4447.0,4447.0,4447.0,4447.0,4447.0,4447.0,4447.0,4447.0,4447.0,4447.0,4447.0,4447.0,4447.0,4447.0,4447.0,4447.0,4447.0,4447.0,4447.0,4447.0,4447.0,4447.0,4447.0,4447.0,4447.0,4447.0,4447.0,4447.0,4447.0,4447.0,4447.0,4447.0,4447.0,4447.0,4447.0,4447.0,4447.0,4447.0,4447.0,4447.0,4447.0,4447.0,4447.0
tune_8,Testing/network-cor-forma_eu_27t.txt,0.05,0.05,0,50,3,0.8,0.01,components,4416.0,335.20,91,1211.0,1472.0,1764.0,1974.0,1974.0,2324.0,2324.0,2331.0,2560.0,2804.0,2804.0,2936.0,2936.0,3075.0,3148.0,3148.0,3225.0,3409.0,3439.0,3550.0,3550.0,3732.0,3744.0,3812.0,3816.0,3957.0,3957.0,3982.0,4045.0,4055.0,4113.0,4133.0,4133.0,4145.0,4170.0,4193.0,4207.0,4226.0,4246.0,4246.0,4246.0,4260.0,4277.0,4277.0,4291.0,4291.0,4304.0,4304.0,4313.0,4319.0,4326.0,4330.0,4332.0,4335.0,4342.0,4345.0,4350.0,4353.0,4353.0,4356.0,4363.0,4367.0,4368.0,4373.0,4374.0,4375.0,4379.0,4386.0,4386.0,4390.0,4390.0,4390.0,4394.0,4397.0,4398.0,4398.0,4399.0,4403.0,4403.0,4405.0,4406.0,4406.0,4407.0,4408.0,4410.0,4410.0,4412.0,4412.0,4413.0,4413.0,4414.0,4416.0,4416.0,4416.0,4416.0,4416.0,4416.0,4416.0,4416.0,4416.0,4416.0,4416.0,4416.0,4416.0,4416.0,4416.0,4416.0,4416.0,4416.0,4416.0,4416.0,4416.0,4416.0,4416.0,4416.0,4416.0,4416.0,4416.0,4416.0,4416.0,4416.0,4416.0,4416.0,4416.0,4416.0,4416.0,4416.0,4416.0,4416.0,4416.0,4416.0,4416.0,4416.0,4416.0,4416.0,4416.0,4416.0,4416.0,4416.0,4416.0,4416.0,4416.0,4416.0,4416.0,4416.0,4416.0,4416.0,4416.0,4416.0,4416.0,4416.0,4416.0,4416.0,4416.0,4416.0,4416.0,4416.0,4416.0,4416.0,4416.0,4416.0,4416.0,4416.0,4416.0,4416.0,4416.0,4416.0,4416.0,4416.0,4416.0,4416.0,4416.0,4416.0,4416.0,4416.0,4416.0,4416.0,4416.0,4416.0,4416.0,4416.0,4416.0,4416.0,4416.0,4416.0,4416.0,4416.0,4416.0,4416.0,4416.0,4416.0,4416.0,4416.0,4416.0,4416.0,4416.0,4416.0,4416.0,4416.0,4416.0
tune_9,Testing/network-cor-forma_eu_27t.txt,0.05,0.05,0,50,3,0.8,0.01,components,4571.0,336.38,89,1639.0,1667.0,2020.0,2192.0,2545.0,2545.0,2732.0,3006.0,3007.0,3191.0,3274.0,3457.0,3469.0,3469.0,3544.0,3727.0,3727.0,3909.0,3909.0,4184.0,4184.0,4184.0,4184.0,4184.0,4226.0,4257.0,4284.0,4308.0,4308.0,4309.0,4352.0,4370.0,4370.0,4380.0,4386.0,4407.0,4413.0,4413.0,4414.0,4417.0,4448.0,4449.0,4449.0,4454.0,4465.0,4470.0,4475.0,4486.0,4488.0,4489.0,4502.0,4502.0,4505.0,4508.0,4514.0,4516.0,4519.0,4525.0,4527.0,4535.0,4535.0,4537.0,4538.0,4541.0,4543.0,4546.0,4546.0,4546.0,4549.0,4550.0,4553.0,4553.0,4554.0,4556.0,4559.0,4559.0,4560.0,4560.0,4562.0,4564.0,4564.0,4566.0,4568.0,4568.0,4568.0,4569.0,4569.0,4570.0,4570.0,4571.0,4571.0,4571.0,4571.0,4571.0,4571.0,4571.0,4571.0,4571.0,4571.0,4571.0,4571.0,4571.0,4571.0,4571.0,4571.0,4571.0,4571.0,4571.0,4571.0,4571.0,4571.0,4571.0,4571.0,4571.0,4571.0,4571.0,4571.0,4571.0,4571.0,4571.0,4571.0,4571.0,4571.0,4571.0,4571.0,4571.0,4571.0,4571.0,4571.0,4571.0,4571.0,4571.0,4571.0,4571.0,4571.0,4571.0,4571.0,4571.0,4571.0,4571.0,4571.0,4571.0,4571.0,4571.0,4571.0,4571.0,4571.0,4571.0,4571.0,4571.0,4571.0,4571.0,4571.0,4571.0,4571.0,4571.0,4571.0,4571.0,4571.0,4571.0,4571.0,4571.0,4571.0,4571.0,4571.0,4571.0,4571.0,4571.0,4571.0,4571.0,4571.0,4571.0,4571.0,4571.0,4571.0,4571.0,4571.0,4571.0,4571.0,4571.0,4571.0,4571.0,4571.0,4571.0,4571.0,4571.0,4571.0,4571.0,4571.0,4571.0,4571.0,4571.0,4571.0,4571.0,4571.0,4571.0,4571.0,4571.0,4571.0,4571.0
tune_10,Testing/network-cor-forma_eu_27t.txt,0.05,0.05,0,50,3,0.8,0.01,components,3917.0,335.59,80,1285.0,1285.0,1730.0,2046.0,2522.0,2522.0,2628.0,2628.0,2628.0,2744.0,2807.0,3034.0,3034.0,3135.0,3264.0,3264.0,3265.0,3265.0,3360.0,3511.0,3511.0,3555.0,3616.0,3616.0,3635.0,3635.0,3652.0,3681.0,3681.0,3710.0,3717.0,3736.0,3747.0,3772.0,3784.0,3809.0,3809.0,3809.0,3822.0,3826.0,3837.0,3837.0,3841.0,3843.0,3845.0,3859.0,3859.0,3861.0,3865.0,3867.0,3870.0,3878.0,3878.0,3879.0,3884.0,3884.0,3884.0,3886.0,3890.0,3894.0,3894.0,3898.0,3898.0,3898.0,3900.0,3901.0,3902.0,3904.0,3905.0,3909.0,3909.0,3910.0,3910.0,3912.0,3912.0,3915.0,3915.0,3916.0,3916.0,3916.0,3917.0,3917.0,3917.0,3917.0,3917.0,3917.0,3917.0,3917.0,3917.0,3917.0,3917.0,3917.0,3917.0,3917.0,3917.0,3917.0,3917.0,3917.0,3917.0,3917.0,3917.0,3917.0,3917.0,3917.0,3917.0,3917.0,3917.0,3917.0,3917.0,3917.0,3917.0,3917.0,3917.0,3917.0,3917.0,3917.0,3917.0,3917.0,3917.0,3917.0,3917.0,3917.0,3917.0,3917.0,3917.0,3917.0,3917.0,3917.0,3917.0,3917.0,3917.0,3917.0,3917.0,3917.0,3917.0,3917.0,3917.0,3917.0,3917.0,3917.0,3917.0,3917.0,3917.0,3917.0,3917.0,3917.0,3917.0,3917.0,3917.0,3917.0,3917.0,3917.0,3917.0,3917.0,3917.0,3917.0,3917.0,3917.0,3917.0,3917.0,3917.0,3917.0,3917.0,3917.0,3917.0,3917.0,3917.0,3917.0,3917.0,3917.0,3917.0,3917.0,3917.0,3917.0,3917.0,3917.0,3917.0,3917.0,3917.0,3917.0,3917.0,3917.0,3917.0,3917.0,3917.0,3917.0,3917.0,3917.0,3917.0,3917.0,3917.0,3917.0,3917.0,3917.0,3917.0,3917.0,3917.0,3917.0,3917.0,3917.0
tune_1,Testing/network-cor-forma_eu_27t.txt,1.0,0.05,0,50,3,0.8,0.01,largest,5539.0,330.40,96,10019.0,9586.0,9454.0,8211.0,8211.0,7110.0,7110.0,6753.0,6706.0,6599.0,6599.0,6548.0,6486.0,6281.0,6211.0,6210.0,6101.0,6095.0,5992.0,5982.0,5946.0,5861.0,5861.0,5850.0,5836.0,5820.0,5752.0,5749.0,5722.0,5700.0,5690.0,5683.0,5678.0,5666.0,5655.0,5655.0,5648.0,5648.0,5638.0,5638.0,5636.0,5632.0,5627.0,5626.0,5623.0,5618.0,5613.0,5613.0,5610.0,5608.0,5607.0,5604.0,5600.0,5600.0,5597.0,5596.0,5594.0,5586.0,5586.0,5586.0,5586.0,5582.0,5581.0,5580.0,5578.0,5574.0,5574.0,5573.0,5571.0,5569.0,5566.0,5564.0,5563.0,5561.0,5560.0,5559.0,5556.0,5556.0,5555.0,5554.0,5553.0,5550.0,5548.0,5548.0,5546.0,5546.0,5545.0,5545.0,5544.0,5543.0,5543.0,5542.0,5541.0,5541.0,5540.0,5540.0,5539.0,5539.0,5539.0,5539.0,5539.0,5539.0,5539.0,5539.0,5539.0,5539.0,5539.0,5539.0,5539.0,5539.0,5539.0,5539.0,5539.0,5539.0,5539.0,5539.0,5539.0,5539.0,5539.0,5539.0,5539.0,5539.0,5539.0,5539.0,5539.0,5539.0,5539.0,5539.0,5539.0,5539.0,5539.0,5539.0,5539.0,5539.0,5539.0,5539.0,5539.0,5539.0,5539.0,5539.0,5539.0,5539.0,5539.0,5539.0,5539.0,5539.0,5539.0,5539.0,5539.0,5539.0,5539.0,5539.0,5539.0,5539.0,5539.0,5539.0,5539.0,5539.0,5539.0,5539.0,5539.0,5539.0,5539.0,5539.0,5539.0,5539.0,5539.0,5539.0,5539.0,5539.0,5539.0,5539.0,5539.0,5539.0,5539.0,5539.0,5539.0,5539.0,5539.0,5539.0,5539.0,5539.0,5539.0,5539.0,5539.0,5539.0,5539.0,5539.0,5539.0,5539.0,5539.0,5539.0,5539.0,5539.0,5539.0,5539.0,5539.0,5539.0,5539.0,5539.0
tune_2,Testing/network-cor-forma_eu_27t.txt,1.0,0.05,0,50,3,0.8,0.01,largest,7099.0,332.31,108,10107.0,10107.0,10107.0,8902.0,8582.0,8506.0,8409.0,8172.0,8172.0,8172.0,7913.0,7913.0,7913.0,7821.0,7741.0,7732.0,7526.0,7526.0,7447.0,7447.0,7447.0,7365.0,7365.0,7318.0,7318.0,7316.0,7292.0,7292.0,7282.0,7277.0,7267.0,7263.0,7245.0,7242.0,7241.0,7238.0,7231.0,7230.0,7218.0,7218.0,7218.0,7213.0,7205.0,7204.0,7196.0,7192.0,7192.0,7189.0,7187.0,7186.0,7183.0,7180.0,7178.0,7174.0,7172.0,7165.0,7165.0,7159.0,7159.0,7159.0,7157.0,7156.0,7153.0,7151.0,7148.0,7148.0,7145.0,7140.0,7139.0,7136.0,7132.0,7132.0,7131.0,7130.0,7128.0,7127.0,7127.0,7126.0,7125.0,7122.0,7122.0,7121.0,7120.0,7118.0,7117.0,7115.0,7115.0,7114.0,7114.0,7110.0,7110.0,7109.0,7109.0,7108.0,7106.0,7105.0,7105.0,7104.0,7103.0,7103.0,7102.0,7102.0,7102.0,7101.0,7101.0,7100.0,7100.0,7100.0,7099.0,7099.0,7099.0,7099.0,7099.0,7099.0,7099.0,7099.0,7099.0,7099.0,7099.0,7099.0,7099.0,7099.0,7099.0,7099.0,7099.0,7099.0,7099.0,7099.0,7099.0,7099.0,7099.0,7099.0,7099.0,7099.0,7099.0,7099.0,7099.0,7099.0,7099.0,7099.0,7099.0,7099.0,7099.0,7099.0,7099.0,7099.0,7099.0,7099.0,7099.0,7099.0,7099.0,7099.0,7099.0,7099.0,7099.0,7099.0,7099.0,7099.0,7099.0,7099.0,7099.0,7099.0,7099.0,7099.0,7099.0,7099.0,7099.0,7099.0,7099.0,7099.0,7099.0,7099.0,7099.0,7099.0,7099.0,7099.0,7099.0,7099.0,7099.0,7099.0,7099.0,7099.0,7099.0,7099.0,7099.0,7099.0,7099.0,7099.0,7099.0,7099.0,7099.0,7099.0,7099.0,7099.0,7099.0,7099.0,7099.0,7099.0,7099.0,7099.0
tune_3,Testing/network-cor-forma_eu_27t.txt,1.0,0.05,0,50,3,0.8,0.01,largest,7164.0,338.50,114,11929.0,8923.0,8923.0,8488.0,8488.0,8488.0,8488.0,8414.0,8323.0,8021.0,8018.0,7962.0,7814.0,7798.0,7798.0,7771.0,7692.0,7656.0,7630.0,7606.0,7584.0,7562.0,7544.0,7465.0,7433.0,7433.0,7430.0,7386.0,7386.0,7384.0,7381.0,7352.0,7352.0,7347.0,7345.0,7339.0,7329.0,7327.0,7318.0,7307.0,7307.0,7301.0,7301.0,7301.0,7289.0,7288.0,7285.0,7283.0,7281.0,7276.0,7268.0,7268.0,7268.0,7265.0,7262.0,7257.0,7257.0,7253.0,7246.0,7246.0,7246.0,7244.0,7242.0,7240.0,7235.0,7235.0,7232.0,7231.0,7230.0,7226.0,7225.0,7224.0,7220.0,7218.0,7218.0,7215.0,7214.0,7214.0,7211.0,7207.0,7202.0,7202.0,7202.0,7199.0,7198.0,7196.0,7195.0,7194.0,7192.0,7192.0,7191.0,7188.0,7185.0,7185.0,7182.0,7182.0,7180.0,7180.0,7178.0,7178.0,7177.0,7176.0,7174.0,7174.0,7171.0,7171.0,7168.0,7168.0,7168.0,7168.0,7166.0,7166.0,7165.0,7165.0,7164.0,7164.0,7164.0,7164.0,7164.0,7164.0,7164.0,7164.0,7164.0,7164.0,7164.0,7164.0,7164.0,7164.0,7164.0,7164.0,7164.0,7164.0,7164.0,7164.0,7164.0,7164.0,7164.0,7164.0,7164.0,7164.0,7164.0,7164.0,7164.0,7164.0,7164.0,7164.0,7164.0,7164.0,7164.0,7164.0,7164.0,7164.0,7164.0,7164.0,7164.0,7164.0,7164.0,7164.0,7164.0,7164.0,7164.0,7164.0,7164.0,7164.0,7164.0,7164.0,7164.0,7164.0,7164.0,7164.0,7164.0,7164.0,7164.0,7164.0,7164.0,7164.0,7164.0,7164.0,7164.0,7164.0,7164.0,7164.0,7164.0,7164.0,7164.0,7164.0,7164.0,7164.0,7164.0,7164.0,7164.0,7164.0,7164.0,7164.0,7164.0,7164.0,7164.0,7164.0,7164.0,7164.0
tune_4,Testing/network-cor-forma_eu_27t.txt,1.0,0.05,0,50,3,0.8,0.01,largest,4979.0,333.55,93,10366.0,8777.0,7163.0,7163.0,7163.0,6891.0,6775.0,6775.0,6286.0,5966.0,5966.0,5647.0,5624.0,5471.0,5411.0,5411.0,5395.0,5274.0,5274.0,5274.0,5237.0,5228.0,5210.0,5125.0,5125.0,5112.0,5112.0,5112.0,5108.0,5100.0,5100.0,5100.0,5090.0,5088.0,5080.0,5080.0,5078.0,5077.0,5064.0,5064.0,5061.0,5061.0,5057.0,5057.0,5048.0,5048.0,5048.0,5047.0,5047.0,5045.0,5038.0,5035.0,5035.0,5032.0,5032.0,5027.0,5027.0,5027.0,5023.0,5021.0,5020.0,5018.0,5017.0,5017.0,5012.0,5012.0,5010.0,5007.0,5006.0,5005.0,5005.0,5002.0,5002.0,5000.0,4999.0,4995.0,4995.0,4993.0,4991.0,4991.0,4989.0,4989.0,4987.0,4987.0,4987.0,4984.0,4984.0,4984.0,4982.0,4982.0,4980.0,4980.0,4980.0,4979.0,4979.0,4979.0,4979.0,4979.0,4979.0,4979.0,4979.0,4979.0,4979.0,4979.0,4979.0,4979.0,4979.0,4979.0,4979.0,4979.0,4979.0,4979.0,4979.0,4979.0,4979.0,4979.0,4979.0,4979.0,4979.0,4979.0,4979.0,4979.0,4979.0,4979.0,4979.0,4979.0,4979.0,4979.0,4979.0,4979.0,4979.0,4979.0,4979.0,4979.0,4979.0,4979.0,4979.0,4979.0,4979.0,4979.0,4979.0,4979.0,4979.0,4979.0,4979.0,4979.0,4979.0,4979.0,4979.0,4979.0,4979.0,4979.0,4979.0,4979.0,4979.0,4979.0,4979.0,4979.0,4979.0,4979.0,4979.0,4979.0,4979.0,4979.0,4979.0,4979.0,4979.0,4979.0,4979.0,4979.0,4979.0,4979.0,4979.0,4979.0,4979.0,4979.0,4979.0,4979.0,4979.0,4979.0,4979.0,4979.0,4979.0,4979.0,4979.0,4979.0,4979.0,4979.0,4979.0,4979.0,4979.0,4979.0,4979.0,4979.0,4979.0,4979.0,4979.0,4979.0,4979.0,4979.0
tune_5,Testing/network-cor-forma_eu_27t.txt,1.0,0.05,0,50,3,0.8,0.01,largest,5174.0,332.24,92,10071.0,10071.0,8966.0,8068.0,8068.0,6363.0,6236.0,6236.0,6236.0,6132.0,5926.0,5926.0,5926.0,5659.0,5659.0,5659.0,5549.0,5549.0,5549.0,5513.0,5493.0,5406.0,5401.0,5346.0,5346.0,5346.0,5346.0,5346.0,5309.0,5308.0,5303.0,5298.0,5298.0,5292.0,5285.0,5279.0,5279.0,5279.0,5275.0,5262.0,5262.0,5262.0,5262.0,5260.0,5258.0,5253.0,5247.0,5243.0,5234.0,5234.0,5234.0,5229.0,5229.0,5227.0,5227.0,5221.0,5220.0,5220.0,5220.0,5215.0,5212.0,5211.0,5207.0,5206.0,5202.0,5202.0,5201.0,5198.0,5198.0,5194.0,5194.0,5189.0,5189.0,5189.0,5189.0,5187.0,5186.0,5186.0,5185.0,5184.0,5183.0,5183.0,5181.0,5179.0,5179.0,5177.0,5177.0,5177.0,5177.0,5175.0,5175.0,5175.0,5174.0,5174.0,5174.0,5174.0,5174.0,5174.0,5174.0,5174.0,5174.0,5174.0,5174.0,5174.0,5174.0,5174.0,5174.0,5174.0,5174.0,5174.0,5174.0,5174.0,5174.0,5174.0,5174.0,5174.0,5174.0,5174.0,5174.0,5174.0,5174.0,5174.0,5174.0,5174.0,5174.0,5174.0,5174.0,5174.0,5174.0,5174.0,5174.0,5174.0,5174.0,5174.0,5174.0,5174.0,5174.0,5174.0,5174.0,5174.0,5174.0,5174.0,5174.0,5174.0,5174.0,5174.0,5174.0,5174.0,5174.0,5174.0,5174.0,5174.0,5174.0,5174.0,5174.0,5174.0,5174.0,5174.0,5174.0,5174.0,5174.0,5174.0,5174.0,5174.0,5174.0,5174.0,5174.0,5174.0,5174.0,5174.0,5174.0,5174.0,5174.0,5174.0,5174.0,5174.0,5174.0,5174.0,5174.0,5174.0,5174.0,5174.0,5174.0,5174.0,5174.0,5174.0,5174.0,5174.0,5174.0,5174.0,5174.0,5174.0,5174.0,5174.0,5174.0,5174.0,5174.0,5174.0,5174.0,5174.0
tune_6,Testing/network-cor-forma_eu_27t.txt,1.0,0.05,0,50,3,0.8,0.01,largest,6350.0,332.22,113,8418.0,8418.0,7987.0,7987.0,7987.0,7987.0,7796.0,7661.0,7523.0,7523.0,7518.0,7348.0,7128.0,7128.0,7116.0,7013.0,6895.0,6895.0,6883.0,6796.0,6781.0,6752.0,6731.0,6708.0,6654.0,6654.0,6637.0,6614.0,6590.0,6588.0,6567.0,6551.0,6551.0,6537.0,6519.0,6512.0,6498.0,6498.0,6498.0,6493.0,6480.0,6480.0,6480.0,6469.0,6469.0,6469.0,6463.0,6455.0,6455.0,6450.0,6449.0,6445.0,6444.0,6439.0,6436.0,6432.0,6428.0,6426.0,6426.0,6421.0,6419.0,6415.0,6414.0,6407.0,6407.0,6407.0,6406.0,6402.0,6401.0,6400.0,6395.0,6395.0,6393.0,6391.0,6389.0,6388.0,6386.0,6383.0,6382.0,6382.0,6380.0,6379.0,6377.0,6377.0,6376.0,6375.0,6372.0,6372.0,6371.0,6368.0,6368.0,6368.0,6365.0,6364.0,6362.0,6362.0,6361.0,6360.0,6359.0,6359.0,6358.0,6357.0,6357.0,6356.0,6356.0,6355.0,6354.0,6353.0,6353.0,6352.0,6352.0,6352.0,6351.0,6350.0,6350.0,6350.0,6350.0,6350.0,6350.0,6350.0,6350.0,6350.0,6350.0,6350.0,6350.0,6350.0,6350.0,6350.0,6350.0,6350.0,6350.0,6350.0,6350.0,6350.0,6350.0,6350.0,6350.0,6350.0,6350.0,6350.0,6350.0,6350.0,6350.0,6350.0,6350.0,6350.0,6350.0,6350.0,6350.0,6350.0,6350.0,6350.0,6350.0,6350.0,6350.0,6350.0,6350.0,6350.0,6350.0,6350.0,6350.0,6350.0,6350.0,6350.0,6350.0,6350.0,6350.0,6350.0,6350.0,6350.0,6350.0,6350.0,6350.0,6350.0,6350.0,6350.0,6350.0,6350.0,6350.0,6350.0,6350.0,6350.0,6350.0,6350.0,6350.0,6350.0,6350.0,6350.0,6350.0,6350.0,6350.0,6350.0,6350.0,6350.0,6350.0,6350.0,6350.0,6350.0,6350.0,6350.0
tune_7,Testing/network-cor-forma_eu_27t.txt,1.0,0.05,0,50,3,0.8,0.01,largest,10048.0,335.29,98,12067.0,11958.0,11926.0,11703.0,11574.0,11574.0,11551.0,11403.0,11339.0,11008.0,11008.0,10893.0,10893.0,10865.0,10801.0,10680.0,10680.0,10665.0,10659.0,10571.0,10571.0,10491.0,10491.0,10412.0,10392.0,10384.0,10368.0,10332.0,10328.0,10315.0,10293.0,10285.0,10267.0,10265.0,10223.0,10223.0,10215.0,10215.0,10200.0,10188.0,10188.0,10183.0,10173.0,10165.0,10162.0,10151.0,10146.0,10146.0,10133.0,10133.0,10133.0,10130.0,10120.0,10120.0,10118.0,10115.0,10115.0,10106.0,10106.0,10106.0,10102.0,10101.0,10098.0,10096.0,10094.0,10091.0,10090.0,10087.0,10087.0,10083.0,10079.0,10075.0,10075.0,10074.0,10074.0,10071.0,10071.0,10069.0,10069.0,10067.0,10066.0,10064.0,10064.0,10062.0,10062.0,10060.0,10057.0,10057.0,10054.0,10054.0,10054.0,10053.0,10052.0,10051.0,10051.0,10050.0,10049.0,10049.0,10048.0,10048.0,10048.0,10048.0,10048.0,10048.0,10048.0,10048.0,10048.0,10048.0,10048.0,10048.0,10048.0,10048.0,10048.0,10048.0,10048.0,10048.0,10048.0,10048.0,10048.0,10048.0,10048.0,10048.0,10048.0,10048.0,10048.0,10048.0,10048.0,10048.0,10048.0,10048.0,10048.0,10048.0,10048.0,10048.0,10048.0,10048.0,10048.0,10048.0,10048.0,10048.0,10048.0,10048.0,10048.0,10048.0,10048.0,10048.0,10048.0,10048.0,10048.0,10048.0,10048.0,10048.0,10048.0,10048.0,10048.0,10048.0,10048.0,10048.0,10048.0,10048.0,10048.0,10048.0,10048.0,10048.0,10048.0,10048.0,10048.0,10048.0,10048.0,10048.0,10048.0,10048.0,10048.0,10048.0,10048.0,10048.0,10048.0,10048.0,10048.0,10048.0,10048.0,10048.0,10048.0,10048.0,10048.0,10048.0,10048.0,10048.0,10048.0,10048.0,10048.0,10048.0,10048.0,10048.0,10048.0,10048.0,10048.0,10048.0,10048.0,10048.0
tune_8,Testing/network-cor-forma_eu_27t.txt,1.0,0.05,0,50,3,0.8,0.01,largest,4903.0,332.02,93,12115.0,12114.0,11988.0,8958.0,8137.0,8137.0,7446.0,7446.0,7315.0,5900.0,5828.0,5828.0,5828.0,5828.0,5764.0,5682.0,5682.0,5619.0,5584.0,5467.0,5409.0,5354.0,5354.0,5225.0,5225.0,5225.0,5207.0,5207.0,5180.0,5142.0,5102.0,5079.0,5073.0,5039.0,5039.0,5025.0,5012.0,5012.0,5012.0,5012.0,5006.0,4999.0,4999.0,4994.0,4993.0,4989.0,4978.0,4978.0,4978.0,4973.0,4973.0,4969.0,4960.0,4960.0,4960.0,4958.0,4958.0,4954.0,4953.0,4953.0,4950.0,4947.0,4946.0,4944.0,4942.0,4941.0,4937.0,4936.0,4931.0,4931.0,4931.0,4930.0,4925.0,4925.0,4925.0,4922.0,4922.0,4919.0,4918.0,4918.0,4915.0,4914.0,4913.0,4912.0,4910.0,4909.0,4908.0,4908.0,4905.0,4905.0,4905.0,4904.0,4904.0,4903.0,4903.0,4903.0,4903.0,4903.0,4903.0,4903.0,4903.0,4903.0,4903.0,4903.0,4903.0,4903.0,4903.0,4903.0,4903.0,4903.0,4903.0,4903.0,4903.0,4903.0,4903.0,4903.0,4903.0,4903.0,4903.0,4903.0,4903.0,4903.0,4903.0,4903.0,4903.0,4903.0,4903.0,4903.0,4903.0,4903.0,4903.0,4903.0,4903.0,4903.0,4903.0,4903.0,4903.0,4903.0,4903.0,4903.0,4903.0,4903.0,4903.0,4903.0,4903.0,4903.0,4903.0,4903.0,4903.0,4903.0,4903.0,4903.0,4903.0,4903.0,4903.0,4903.0,4903.0,4903.0,4903.0,4903.0,4903.0,4903.0,4903.0,4903.0,4903.0,4903.0,4903.0,4903.0,4903.0,4903.0,4903.0,4903.0,4903.0,4903.0,4903.0,4903.0,4903.0,4903.0,4903.0,4903.0,4903.0,4903.0,4903.0,4903.0,4903.0,4903.0,4903.0,4903.0,4903.0,4903.0,4903.0,4903.0,4903.0,4903.0,4903.0,4903.0,4903.0,4903.0,4903.0,4903.0
tune_9,Testing/network-cor-forma_eu_27t.txt,1.0,0.05,0,50,3,0.8,0.01,largest,6322.0,335.06,113,10215.0,10132.0,9948.0,9038.0,8768.0,8241.0,8241.0,7959.0,7959.0,7863.0,7563.0,7563.0,7563.0,7563.0,7357.0,7357.0,7357.0,7227.0,7112.0,7007.0,6873.0,6873.0,6873.0,6834.0,6777.0,6764.0,6722.0,6707.0,6636.0,6579.0,6579.0,6557.0,6553.0,6509.0,6502.0,6491.0,6482.0,6478.0,6473.0,6469.0,6468.0,6463.0,6462.0,6450.0,6448.0,6447.0,6440.0,6437.0,6433.0,6428.0,6426.0,6425.0,6420.0,6417.0,6414.0,6410.0,6408.0,6407.0,6402.0,6398.0,6395.0,6395.0,6393.0,6390.0,6388.0,6385.0,6385.0,6382.0,6376.0,6376.0,6374.0,6373.0,6371.0,6370.0,6365.0,6365.0,6362.0,6360.0,6357.0,6357.0,6357.0,6352.0,6351.0,6350.0,6348.0,6344.0,6344.0,6344.0,6343.0,6339.0,6339.0,6338.0,6338.0,6336.0,6335.0,6334.0,6333.0,6332.0,6331.0,6330.0,6328.0,6328.0,6328.0,6327.0,6326.0,6326.0,6325.0,6325.0,6324.0,6324.0,6324.0,6323.0,6323.0,6322.0,6322.0,6322.0,6322.0,6322.0,6322.0,6322.0,6322.0,6322.0,6322.0,6322.0,6322.0,6322.0,6322.0,6322.0,6322.0,6322.0,6322.0,6322.0,6322.0,6322.0,6322.0,6322.0,6322.0,6322.0,6322.0,6322.0,6322.0,6322.0,6322.0,6322.0,6322.0,6322.0,6322.0,6322.0,6322.0,6322.0,6322.0,6322.0,6322.0,6322.0,6322.0,6322.0,6322.0,6322.0,6322.0,6322.0,6322.0,6322.0,6322.0,6322.0,6322.0,6322.0,6322.0,6322.0,6322.0,6322.0,6322.0,6322.0,6322.0,6322.0,6322.0,6322.0,6322.0,6322.0,6322.0,6322.0,6322.0,6322.0,6322.0,6322.0,6322.0,6322.0,6322.0,6322.0,6322.0,6322.0,6322.0,6322.0,6322.0,6322.0,6322.0,6322.0,6322.0,6322.0,6322.0,6322.0
tune_10,Testing/network-cor-forma_eu_27t.txt,1.0,0.05,0,50,3,0.8,0.01,largest,6499.0,334.42,115,10344.0,10344.0,9996.0,8877.0,8061.0,8061.0,7987.0,7987.0,7987.0,7987.0,7987.0,7751.0,7610.0,7447.0,7373.0,7319.0,7093.0,7085.0,7085.0,7014.0,7014.0,7014.0,6952.0,6810.0,6810.0,6810.0,6762.0,6702.0,6702.0,6692.0,6692.0,6692.0,6680.0,6664.0,6655.0,6644.0,6632.0,6632.0,6632.0,6621.0,6619.0,6617.0,6612.0,6610.0,6605.0,6601.0,6601.0,6598.0,6593.0,6589.0,6589.0,6584.0,6584.0,6581.0,6580.0,6579.0,6574.0,6574.0,6571.0,6571.0,6567.0,6563.0,6562.0,6558.0,6557.0,6555.0,6555.0,6551.0,6547.0,6547.0,6547.0,6545.0,6542.0,6542.0,6541.0,6538.0,6536.0,6532.0,6532.0,6532.0,6530.0,6529.0,6527.0,6526.0,6523.0,6523.0,6521.0,6521.0,6521.0,6519.0,6518.0,6517.0,6515.0,6515.0,6512.0,6512.0,6511.0,6510.0,6510.0,6509.0,6508.0,6508.0,6507.0,6506.0,6505.0,6505.0,6504.0,6503.0,6502.0,6502.0,6502.0,6501.0,6501.0,6500.0,6500.0,6499.0,6499.0,6499.0,6499.0,6499.0,6499.0,6499.0,6499.0,6499.0,6499.0,6499.0,6499.0,6499.0,6499.0,6499.0,6499.0,6499.0,6499.0,6499.0,6499.0,6499.0,6499.0,6499.0,6499.0,6499.0,6499.0,6499.0,6499.0,6499.0,6499.0,6499.0,6499.0,6499.0,6499.0,6499.0,6499.0,6499.0,6499.0,6499.0,6499.0,6499.0,6499.0,6499.0,6499.0,6499.0,6499.0,6499.0,6499.0,6499.0,6499.0,6499.0,6499.0,6499.0,6499.0,6499.0,6499.0,6499.0,6499.0,6499.0,6499.0,6499.0,6499.0,6499.0,6499.0,6499.0,6499.0,6499.0,6499.0,6499.0,6499.0,6499.0,6499.0,6499.0,6499.0,6499.0,6499.0,6499.0,6499.0,6499.0,6499.0,6499.0,6499.0,6499.0,6499.0,6499.0
tune_1,Testing/network-cor-forma_eu_27t.txt,1.0,0.05,0,50,3,0.8,0.01,pairwise,23253760.0,333.25,117,71816909.0,48077398.0,48077398.0,48077398.0,36094681.0,34590697.0,30935173.0,30285107.0,28922024.0,28922024.0,28801800.0,28374020.0,28173841.0,27568910.0,27458105.0,27282185.0,26782874.0,26447836.0,26136478.0,25754993.0,25754993.0,25375885.0,25375885.0,25375885.0,25255857.0,24993710.0,24993710.0,24909392.0,24796592.0,24642152.0,24565174.0,24529616.0,24445669.0,24445669.0,24403254.0,24292862.0,24292862.0,24292862.0,24265175.0,24237316.0,24167293.0,24167293.0,24091266.0,24042981.0,24042981.0,24036026.0,23987585.0,23966744.0,23953097.0,23932099.0,23897724.0,23870359.0,23849576.0,23808475.0,23808475.0,23808475.0,23780703.0,23780703.0,23753194.0,23712017.0,23712017.0,23712017.0,23697944.0,23691102.0,23643374.0,23643291.0,23622841.0,23609087.0,23609087.0,23595174.0,23588259.0,23567830.0,23554124.0,23547354.0,23540239.0,23533538.0,23519851.0,23499254.0,23485703.0,23485703.0,23485652.0,23478713.0,23464995.0,23451517.0,23451338.0,23437744.0,23424158.0,23424158.0,23417229.0,23410453.0,23383172.0,23383172.0,23376354.0,23376313.0,23369374.0,23349035.0,23349035.0,23348968.0,23335386.0,23328542.0,23321813.0,23315065.0,23314997.0,23308187.0,23301367.0,23294604.0,23287726.0,23280932.0,23280908.0,23280908.0,23267295.0,23267295.0,23260572.0,23260494.0,23260494.0,23260482.0,23260482.0,23253760.0,23253760.0,23253760.0,23253760.0,23253760.0,23253760.0,23253760.0,23253760.0,23253760.0,23253760.0,23253760.0,23253760.0,23253760.0,23253760.0,23253760.0,23253760.0,23253760.0,23253760.0,23253760.0,23253760.0,23253760.0,23253760.0,23253760.0,23253760.0,23253760.0,23253760.0,23253760.0,23253760.0,23253760.0,23253760.0,23253760.0,23253760.0,23253760.0,23253760.0,23253760.0,23253760.0,23253760.0,23253760.0,23253760.0,23253760.0,23253760.0,23253760.0,23253760.0,23253760.0,23253760.0,23253760.0,23253760.0,23253760.0,23253760.0,23253760.0,23253760.0,23253760.0,23253760.0,23253760.0,23253760.0,23253760.0,23253760.0,23253760.0,23253760.0,23253760.0,23253760.0,23253760.0,23253760.0,23253760.0,23253760.0,23253760.0,23253760.0,23253760.0,23253760.0,23253760.0,23253760.0,23253760.0,23253760.0,23253760.0,23253760.0,23253760.0,23253760.0,23253760.0,23253760.0,23253760.0,23253760.0,23253760.0,23253760.0
tune_2,Testing/network-cor-forma_eu_27t.txt,1.0,0.05,0,50,3,0.8,0.01,pairwise,14962663.0,336.48,125,53113273.0,53113273.0,49967423.0,34657583.0,34657583.0,34657583.0,34020004.0,29908536.0,29908536.0,27220210.0,25316563.0,23247869.0,21384228.0,21384228.0,21170327.0,20659871.0,19801922.0,19226227.0,18728970.0,17984528.0,17984528.0,17984528.0,17726203.0,17224819.0,17149396.0,17045451.0,16610407.0,16610407.0,16336460.0,16336460.0,16336383.0,16131447.0,16068763.0,16040322.0,15967037.0,15899415.0,15764889.0,15764889.0,15764889.0,15686515.0,15686515.0,15630513.0,15630513.0,15597215.0,15597215.0,15580705.0,15541655.0,15519672.0,15519642.0,15502804.0,15502804.0,15490857.0,15441063.0,15430552.0,15430552.0,15403015.0,15342191.0,15342191.0,15342191.0,15337069.0,15324913.0,15303505.0,15280792.0,15276270.0,15276270.0,15259455.0,15242372.0,15237350.0,15209436.0,15181791.0,15176362.0,15176362.0,15170758.0,15166034.0,15160458.0,15143475.0,15143475.0,15143309.0,15116034.0,15115897.0,15110502.0,15088619.0,15083274.0,15083130.0,15072222.0,15055813.0,15055813.0,15050296.0,15044813.0,15033940.0,15028443.0,15017457.0,15006578.0,15006578.0,15006578.0,15001078.0,14990153.0,14984751.0,14984677.0,14984677.0,14979279.0,14973813.0,14973727.0,14968389.0,14968322.0,14962923.0,14962895.0,14962834.0,14962834.0,14962834.0,14962818.0,14962811.0,14962795.0,14962756.0,14962756.0,14962728.0,14962716.0,14962696.0,14962689.0,14962684.0,14962684.0,14962682.0,14962679.0,14962674.0,14962667.0,14962663.0,14962663.0,14962663.0,14962663.0,14962663.0,14962663.0,14962663.0,14962663.0,14962663.0,14962663.0,14962663.0,14962663.0,14962663.0,14962663.0,14962663.0,14962663.0,14962663.0,14962663.0,14962663.0,14962663.0,14962663.0,14962663.0,14962663.0,14962663.0,14962663.0,14962663.0,14962663.0,14962663.0,14962663.0,14962663.0,14962663.0,14962663.0,14962663.0,14962663.0,14962663.0,14962663.0,14962663.0,14962663.0,14962663.0,14962663.0,14962663.0,14962663.0,14962663.0,14962663.0,14962663.0,14962663.0,14962663.0,14962663.0,14962663.0,14962663.0,14962663.0,14962663.0,14962663.0,14962663.0,14962663.0,14962663.0,14962663.0,14962663.0,14962663.0,14962663.0,14962663.0,14962663.0,14962663.0,14962663.0,14962663.0,14962663.0,14962663.0,14962663.0,14962663.0,14962663.0,14962663.0,14962663.0,14962663.0,14962663.0,14962663.0
tune_3,Testing/network-cor-forma_eu_27t.txt,1.0,0.05,0,50,3,0.8,0.01,pairwise,16239225.0,327.81,114,73553000.0,73553000.0,51935009.0,49268994.0,42185176.0,40385330.0,30944137.0,30944137.0,30644660.0,27752062.0,27752062.0,25373246.0,23955317.0,22624614.0,22624614.0,22449900.0,22449900.0,21832149.0,21350520.0,21350520.0,20583542.0,20218822.0,20124509.0,19502085.0,19502085.0,19058604.0,18451778.0,18164778.0,18164778.0,17962048.0,17326211.0,17326211.0,17326211.0,16974642.0,16934207.0,16929245.0,16773186.0,16773186.0,16761680.0,16761680.0,16761680.0,16737989.0,16737989.0,16709308.0,16697635.0,16673528.0,16673496.0,16651473.0,16644689.0,16605388.0,16598855.0,16598855.0,16576715.0,16576715.0,16571096.0,16558583.0,16553787.0,16507794.0,16507794.0,16489651.0,16473385.0,16473385.0,16462076.0,16450565.0,16416198.0,16416198.0,16410489.0,16393426.0,16393426.0,16393388.0,16381932.0,16376277.0,16364827.0,16359153.0,16347618.0,16347618.0,16336326.0,16330665.0,16330531.0,16324818.0,16319165.0,16307731.0,16301999.0,16284998.0,16284998.0,16284897.0,16273610.0,16273487.0,16262183.0,16256421.0,16256421.0,16250754.0,16250754.0,16250720.0,16245063.0,16245042.0,16239383.0,16239383.0,16239333.0,16239313.0,16239299.0,16239285.0,16239285.0,16239284.0,16239258.0,16239258.0,16239247.0,16239247.0,16239235.0,16239235.0,16239231.0,16239230.0,16239229.0,16239229.0,16239225.0,16239225.0,16239225.0,16239225.0,16239225.0,16239225.0,16239225.0,16239225.0,16239225.0,16239225.0,16239225.0,16239225.0,16239225.0,16239225.0,16239225.0,16239225.0,16239225.0,16239225.0,16239225.0,16239225.0,16239225.0,16239225.0,16239225.0,16239225.0,16239225.0,16239225.0,16239225.0,16239225.0,16239225.0,16239225.0,16239225.0,16239225.0,16239225.0,16239225.0,16239225.0,16239225.0,16239225.0,16239225.0,16239225.0,16239225.0,16239225.0,16239225.0,16239225.0,16239225.0,16239225.0,16239225.0,16239225.0,16239225.0,16239225.0,16239225.0,16239225.0,16239225.0,16239225.0,16239225.0,16239225.0,16239225.0,16239225.0,16239225.0,16239225.0,16239225.0,16239225.0,16239225.0,16239225.0,16239225.0,16239225.0,16239225.0,16239225.0,16239225.0,16239225.0,16239225.0,16239225.0,16239225.0,16239225.0,16239225.0,16239225.0,16239225.0,16239225.0,16239225.0,16239225.0,16239225.0,16239225.0,16239225.0,16239225.0,16239225.0,16239225.0,16239225.0
tune_4,Testing/network-cor-forma_eu_27t.txt,1.0,0.05,0,50,3,0.8,0.01,pairwise,15444570.0,333.08,133,51061961.0,51031855.0,47498132.0,41117159.0,40002006.0,31522695.0,30634654.0,30086076.0,27215020.0,26376478.0,25881017.0,24453007.0,22770812.0,22770812.0,21865371.0,20918577.0,20152076.0,20152076.0,20152076.0,19748626.0,19475925.0,18671542.0,17822729.0,17822729.0,17720711.0,17190016.0,17190016.0,17190016.0,16822152.0,16822152.0,16673242.0,16648645.0,16596927.0,16477635.0,16436152.0,16418148.0,16395796.0,16329021.0,16264572.0,16179366.0,16179366.0,16179366.0,16116263.0,16083373.0,16083373.0,16065614.0,16021059.0,15998237.0,15994484.0,15953223.0,15953223.0,15942068.0,15919415.0,15919415.0,15863368.0,15863368.0,15846623.0,15846623.0,15835467.0,15812883.0,15801735.0,15784842.0,15751406.0,15751406.0,15745703.0,15729033.0,15728700.0,15711947.0,15695406.0,15667316.0,15667316.0,15667316.0,15655978.0,15650513.0,15633966.0,15622568.0,15622568.0,15611554.0,15606132.0,15589216.0,15578191.0,15572566.0,15555859.0,15555859.0,15539270.0,15539192.0,15533551.0,15517120.0,15516863.0,15494672.0,15489300.0,15489300.0,15483711.0,15478232.0,15478138.0,15477998.0,15472519.0,15467022.0,15461337.0,15461337.0,15456057.0,15450324.0,15450324.0,15450324.0,15450296.0,15450246.0,15450242.0,15450219.0,15450201.0,15450190.0,15450184.0,15450164.0,15450155.0,15450155.0,15450148.0,15450148.0,15450137.0,15450137.0,15450137.0,15450134.0,15450134.0,15450133.0,15450131.0,15450127.0,15450127.0,15450127.0,15444581.0,15444581.0,15444576.0,15444571.0,15444571.0,15444571.0,15444571.0,15444570.0,15444570.0,15444570.0,15444570.0,15444570.0,15444570.0,15444570.0,15444570.0,15444570.0,15444570.0,15444570.0,15444570.0,15444570.0,15444570.0,15444570.0,15444570.0,15444570.0,15444570.0,15444570.0,15444570.0,15444570.0,15444570.0,15444570.0,15444570.0,15444570.0,15444570.0,15444570.0,15444570.0,15444570.0,15444570.0,15444570.0,15444570.0,15444570.0,15444570.0,15444570.0,15444570.0,15444570.0,15444570.0,15444570.0,15444570.0,15444570.0,15444570.0,15444570.0,15444570.0,15444570.0,15444570.0,15444570.0,15444570.0,15444570.0,15444570.0,15444570.0,15444570.0,15444570.0,15444570.0,15444570.0,15444570.0,15444570.0,15444570.0,15444570.0,15444570.0,15444570.0,15444570.0,15444570.0,15444570.0,15444570.0,15444570.0,15444570.0
tune_5,Testing/network-cor-forma_eu_27t.txt,1.0,0.05,0,50,3,0.8,0.01,pairwise,35627971.0,332.04,95,75924666.0,72176984.0,70267531.0,47548624.0,47548624.0,46878885.0,44943446.0,44886485.0,44328835.0,42956393.0,42855282.0,42670535.0,41514587.0,40834801.0,40006788.0,39783814.0,39783814.0,39029480.0,38606462.0,38448474.0,38308595.0,38142774.0,38124834.0,37933620.0,37933620.0,37907443.0,37732982.0,37352589.0,37300635.0,37257034.0,37205209.0,37110902.0,36921131.0,36827188.0,36724384.0,36672999.0,36672999.0,36621647.0,36493002.0,36493002.0,36484438.0,36484438.0,36458991.0,36391045.0,36391045.0,36339428.0,36339428.0,36314351.0,36288922.0,36245795.0,36228724.0,36220215.0,36220215.0,36169347.0,36160748.0,36160748.0,36110142.0,36075836.0,36075836.0,36059245.0,36041930.0,36033527.0,35948764.0,35948703.0,35948703.0,35940095.0,35923206.0,35914830.0,35880868.0,35880868.0,35830191.0,35830191.0,35830191.0,35821784.0,35821617.0,35779915.0,35779486.0,35779377.0,35762443.0,35762443.0,35754163.0,35720790.0,35720790.0,35711912.0,35711909.0,35694996.0,35687044.0,35687044.0,35678590.0,35670142.0,35661723.0,35653255.0,35653255.0,35653255.0,35644830.0,35627971.0,35627971.0,35627971.0,35627971.0,35627971.0,35627971.0,35627971.0,35627971.0,35627971.0,35627971.0,35627971.0,35627971.0,35627971.0,35627971.0,35627971.0,35627971.0,35627971.0,35627971.0,35627971.0,35627971.0,35627971.0,35627971.0,35627971.0,35627971.0,35627971.0,35627971.0,35627971.0,35627971.0,35627971.0,35627971.0,35627971.0,35627971.0,35627971.0,35627971.0,35627971.0,35627971.0,35627971.0,35627971.0,35627971.0,35627971.0,35627971.0,35627971.0,35627971.0,35627971.0,35627971.0,35627971.0,35627971.0,35627971.0,35627971.0,35627971.0,35627971.0,35627971.0,35627971.0,35627971.0,35627971.0,35627971.0,35627971.0,35627971.0,35627971.0,35627971.0,35627971.0,35627971.0,35627971.0,35627971.0,35627971.0,35627971.0,35627971.0,35627971.0,35627971.0,35627971.0,35627971.0,35627971.0,35627971.0,35627971.0,35627971.0,35627971.0,35627971.0,35627971.0,35627971.0,35627971.0,35627971.0,35627971.0,35627971.0,35627971.0,35627971.0,35627971.0,35627971.0,35627971.0,35627971.0,35627971.0,35627971.0,35627971.0,35627971.0,35627971.0,35627971.0,35627971.0,35627971.0,35627971.0,35627971.0,35627971.0,35627971.0,35627971.0,35627971.0,35627971.0,35627971.0
tune_6,Testing/network-cor-forma_eu_27t.txt,1.0,0.05,0,50,3,0.8,0.01,pairwise,29419367.0,336.36,112,75727692.0,74282438.0,72561965.0,70161366.0,46648200.0,46166092.0,40762201.0,40762201.0,40762201.0,40008833.0,38177137.0,37396052.0,37396052.0,37101784.0,36544949.0,35670669.0,35307507.0,35307507.0,34738750.0,34646752.0,34124507.0,33836240.0,33459419.0,32889209.0,32889209.0,32849416.0,32349016.0,32203641.0,31995004.0,31660522.0,31660522.0,31605023.0,31303743.0,31303743.0,31114638.0,31083290.0,30886365.0,30886365.0,30877993.0,30698243.0,30698243.0,30620045.0,30479002.0,30479002.0,30479002.0,30424208.0,30369568.0,30346349.0,30338569.0,30268686.0,30268686.0,30221984.0,30221984.0,30183234.0,30175182.0,30120897.0,30113204.0,30105477.0,30035684.0,30012534.0,29981548.0,29981548.0,29966068.0,29950572.0,29935155.0,29919666.0,29881034.0,29881034.0,29865581.0,29857897.0,29826991.0,29826982.0,29796219.0,29780740.0,29773031.0,29772996.0,29749920.0,29726724.0,29703654.0,29695982.0,29695927.0,29688204.0,29665134.0,29657434.0,29634356.0,29634356.0,29611285.0,29603591.0,29603579.0,29572837.0,29572837.0,29549805.0,29542136.0,29542103.0,29526758.0,29526747.0,29511408.0,29503726.0,29496058.0,29496053.0,29480721.0,29473041.0,29473030.0,29457691.0,29457691.0,29450047.0,29450013.0,29434678.0,29434675.0,29434675.0,29427008.0,29427008.0,29419367.0,29419367.0,29419367.0,29419367.0,29419367.0,29419367.0,29419367.0,29419367.0,29419367.0,29419367.0,29419367.0,29419367.0,29419367.0,29419367.0,29419367.0,29419367.0,29419367.0,29419367.0,29419367.0,29419367.0,29419367.0,29419367.0,29419367.0,29419367.0,29419367.0,29419367.0,29419367.0,29419367.0,29419367.0,29419367.0,29419367.0,29419367.0,29419367.0,29419367.0,29419367.0,29419367.0,29419367.0,29419367.0,29419367.0,29419367.0,29419367.0,29419367.0,29419367.0,29419367.0,29419367.0,29419367.0,29419367.0,29419367.0,29419367.0,29419367.0,29419367.0,29419367.0,29419367.0,29419367.0,29419367.0,29419367.0,29419367.0,29419367.0,29419367.0,29419367.0,29419367.0,29419367.0,29419367.0,29419367.0,29419367.0,29419367.0,29419367.0,29419367.0,29419367.0,29419367.0,29419367.0,29419367.0,29419367.0,29419367.0,29419367.0,29419367.0,29419367.0,29419367.0,29419367.0,29419367.0,29419367.0,29419367.0,29419367.0,29419367.0,29419367.0,29419367.0,29419367.0,29419367.0
tune_7,Testing/network-cor-forma_eu_27t.txt,1.0,0.05,0,50,3,0.8,0.01,pairwise,54683282.0,334.77,90,72754964.0,71841215.0,71841215.0,71016645.0,69146008.0,69146008.0,68500819.0,65835244.0,64840734.0,64840734.0,64738321.0,64738321.0,63290075.0,61958403.0,61958403.0,61259187.0,61093215.0,60387792.0,60003838.0,59402856.0,59206794.0,58956826.0,58544932.0,58544932.0,57671793.0,57671793.0,57307191.0,57307191.0,57232346.0,57157438.0,56943876.0,56837122.0,56688036.0,56390273.0,56390273.0,56315961.0,56315961.0,56231123.0,56178177.0,56167543.0,56114561.0,55913526.0,55913526.0,55786679.0,55744434.0,55660013.0,55607328.0,55607294.0,55522982.0,55501913.0,55396592.0,55396592.0,55375576.0,55333470.0,55333470.0,55280888.0,55280888.0,55238856.0,55154807.0,55154807.0,55102331.0,55102331.0,55091823.0,55060363.0,55039367.0,55028879.0,54976457.0,54955443.0,54955443.0,54934524.0,54882113.0,54871646.0,54871646.0,54871629.0,54850692.0,54829767.0,54808825.0,54787897.0,54777424.0,54746035.0,54746035.0,54746030.0,54735563.0,54735563.0,54725116.0,54725110.0,54714658.0,54693740.0,54693740.0,54693739.0,54683282.0,54683282.0,54683282.0,54683282.0,54683282.0,54683282.0,54683282.0,54683282.0,54683282.0,54683282.0,54683282.0,54683282.0,54683282.0,54683282.0,54683282.0,54683282.0,54683282.0,54683282.0,54683282.0,54683282.0,54683282.0,54683282.0,54683282.0,54683282.0,54683282.0,54683282.0,54683282.0,54683282.0,54683282.0,54683282.0,54683282.0,54683282.0,54683282.0,54683282.0,54683282.0,54683282.0,54683282.0,54683282.0,54683282.0,54683282.0,54683282.0,54683282.0,54683282.0,54683282.0,54683282.0,54683282.0,54683282.0,54683282.0,54683282.0,54683282.0,54683282.0,54683282.0,54683282.0,54683282.0,54683282.0,54683282.0,54683282.0,54683282.0,54683282.0,54683282.0,54683282.0,54683282.0,54683282.0,54683282.0,54683282.0,54683282.0,54683282.0,54683282.0,54683282.0,54683282.0,54683282.0,54683282.0,54683282.0,54683282.0,54683282.0,54683282.0,54683282.0,54683282.0,54683282.0,54683282.0,54683282.0,54683282.0,54683282.0,54683282.0,54683282.0,54683282.0,54683282.0,54683282.0,54683282.0,54683282.0,54683282.0,54683282.0,54683282.0,54683282.0,54683282.0,54683282.0,54683282.0,54683282.0,54683282.0,54683282.0,54683282.0,54683282.0,54683282.0,54683282.0,54683282.0,54683282.0,54683282.0,54683282.0,54683282.0,54683282.0
tune_8,Testing/network-cor-forma_eu_27t.txt,1.0,0.05,0,50,3,0.8,0.01,pairwise,71766885.0,405.85,91,99327763.0,99327763.0,95752424.0,94786183.0,94634789.0,93004732.0,91348285.0,87828209.0,86810668.0,83677080.0,83677080.0,81505061.0,80956981.0,79072141.0,78795765.0,78156868.0,78156868.0,78006870.0,76515278.0,76515278.0,76515278.0,75676319.0,75676319.0,75491935.0,75037993.0,74952241.0,74939999.0,74487720.0,74414542.0,74280391.0,74219458.0,74048968.0,73842270.0,73842270.0,73587288.0,73514523.0,73514523.0,73405403.0,73320636.0,73320636.0,73139125.0,73139125.0,73006142.0,73006131.0,72885371.0,72728504.0,72668226.0,72607919.0,72607919.0,72523584.0,72523584.0,72487477.0,72487477.0,72403225.0,72403219.0,72355077.0,72331028.0,72270935.0,72270935.0,72222857.0,72222857.0,72222857.0,72210831.0,72114736.0,72102728.0,72078707.0,72054697.0,72054697.0,72030692.0,71982693.0,71982693.0,71970694.0,71958700.0,71922712.0,71910718.0,71886739.0,71886737.0,71850771.0,71838785.0,71838785.0,71814813.0,71814813.0,71802830.0,71802830.0,71790848.0,71790847.0,71778866.0,71778866.0,71778865.0,71778865.0,71778865.0,71766885.0,71766885.0,71766885.0,71766885.0,71766885.0,71766885.0,71766885.0,71766885.0,71766885.0,71766885.0,71766885.0,71766885.0,71766885.0,71766885.0,71766885.0,71766885.0,71766885.0,71766885.0,71766885.0,71766885.0,71766885.0,71766885.0,71766885.0,71766885.0,71766885.0,71766885.0,71766885.0,71766885.0,71766885.0,71766885.0,71766885.0,71766885.0,71766885.0,71766885.0,71766885.0,71766885.0,71766885.0,71766885.0,71766885.0,71766885.0,71766885.0,71766885.0,71766885.0,71766885.0,71766885.0,71766885.0,71766885.0,71766885.0,71766885.0,71766885.0,71766885.0,71766885.0,71766885.0,71766885.0,71766885.0,71766885.0,71766885.0,71766885.0,71766885.0,71766885.0,71766885.0,71766885.0,71766885.0,71766885.0,71766885.0,71766885.0,71766885.0,71766885.0,71766885.0,71766885.0,71766885.0,71766885.0,71766885.0,71766885.0,71766885.0,71766885.0,71766885.0,71766885.0,71766885.0,71766885.0,71766885.0,71766885.0,71766885.0,71766885.0,71766885.0,71766885.0,71766885.0,71766885.0,71766885.0,71766885.0,71766885.0,71766885.0,71766885.0,71766885.0,71766885.0,71766885.0,71766885.0,71766885.0,71766885.0,71766885.0,71766885.0,71766885.0,71766885.0,71766885.0,71766885.0,71766885.0,71766885.0,71766885.0,71766885.0
tune_9,Testing/network-cor-forma_eu_27t.txt,1.0,0.05,0,50,3,0.8,0.01,pairwise,30934878.0,297.05,105,74758646.0,73856579.0,53484619.0,51426939.0,47910940.0,45399766.0,45399766.0,43880125.0,39394710.0,39394710.0,39394710.0,38635031.0,38310920.0,37311604.0,36392722.0,36010126.0,34349313.0,34349313.0,34233556.0,34002428.0,33657593.0,33517758.0,33321603.0,33313629.0,33061602.0,32963515.0,32922995.0,32801196.0,32405883.0,32317410.0,32285225.0,32269553.0,32269157.0,32156843.0,32132553.0,32124990.0,32044968.0,31972817.0,31972817.0,31893186.0,31885115.0,31860990.0,31844969.0,31821001.0,31733537.0,31630030.0,31630030.0,31622347.0,31598475.0,31598184.0,31590570.0,31542887.0,31503222.0,31486996.0,31486996.0,31455616.0,31447485.0,31423691.0,31400025.0,31384072.0,31360469.0,31336763.0,31328733.0,31312916.0,31297057.0,31273601.0,31265630.0,31265586.0,31265368.0,31249703.0,31202348.0,31202348.0,31194569.0,31194522.0,31178850.0,31170992.0,31139222.0,31139222.0,31139222.0,31123406.0,31099913.0,31099913.0,31076295.0,31068562.0,31060558.0,31052786.0,31044761.0,31036940.0,31036837.0,31029007.0,31013268.0,31005460.0,31005391.0,30989935.0,30989740.0,30973997.0,30973997.0,30958465.0,30958465.0,30950606.0,30950599.0,30950599.0,30942741.0,30942736.0,30942736.0,30934878.0,30934878.0,30934878.0,30934878.0,30934878.0,30934878.0,30934878.0,30934878.0,30934878.0,30934878.0,30934878.0,30934878.0,30934878.0,30934878.0,30934878.0,30934878.0,30934878.0,30934878.0,30934878.0,30934878.0,30934878.0,30934878.0,30934878.0,30934878.0,30934878.0,30934878.0,30934878.0,30934878.0,30934878.0,30934878.0,30934878.0,30934878.0,30934878.0,30934878.0,30934878.0,30934878.0,30934878.0,30934878.0,30934878.0,30934878.0,30934878.0,30934878.0,30934878.0,30934878.0,30934878.0,30934878.0,30934878.0,30934878.0,30934878.0,30934878.0,30934878.0,30934878.0,30934878.0,30934878.0,30934878.0,30934878.0,30934878.0,30934878.0,30934878.0,30934878.0,30934878.0,30934878.0,30934878.0,30934878.0,30934878.0,30934878.0,30934878.0,30934878.0,30934878.0,30934878.0,30934878.0,30934878.0,30934878.0,30934878.0,30934878.0,30934878.0,30934878.0,30934878.0,30934878.0,30934878.0,30934878.0,30934878.0,30934878.0,30934878.0,30934878.0,30934878.0,30934878.0,30934878.0,30934878.0,30934878.0,30934878.0,30934878.0,30934878.0,30934878.0,30934878.0
tune_10,Testing/network-cor-forma_eu_27t.txt,1.0,0.05,0,50,3,0.8,0.01,pairwise,23212270.0,328.16,192,73662486.0,73662486.0,73662486.0,41161990.0,37277772.0,36164432.0,36164432.0,32073300.0,31889509.0,31242598.0,29957963.0,29957963.0,29803460.0,29803460.0,29366104.0,29151166.0,28946269.0,28401683.0,28339277.0,27011922.0,26944875.0,26753726.0,26753726.0,26348024.0,26238586.0,26042624.0,25827195.0,25755782.0,25347149.0,25299018.0,25299018.0,25299018.0,25242479.0,25228191.0,25150082.0,25121783.0,25063297.0,25063297.0,24987625.0,24952583.0,24910372.0,24910372.0,24881287.0,24818920.0,24818470.0,24783104.0,24754932.0,24748164.0,24691826.0,24691826.0,24684858.0,24641693.0,24627815.0,24620452.0,24613504.0,24572795.0,24543807.0,24543807.0,23952086.0,23711128.0,23711128.0,23710441.0,23690628.0,23642735.0,23594456.0,23594335.0,23594335.0,23587439.0,23580599.0,23525961.0,23525961.0,23525961.0,23525961.0,23498618.0,23498618.0,23491624.0,23457507.0,23457507.0,23450591.0,23443956.0,23437008.0,23423475.0,23409570.0,23396153.0,23375759.0,23375614.0,23348404.0,23341545.0,23334889.0,23334717.0,23327899.0,23321164.0,23300609.0,23293904.0,23287048.0,23287048.0,23280306.0,23273543.0,23266665.0,23259865.0,23239440.0,23239440.0,23239440.0,23232696.0,23232628.0,23232628.0,23225821.0,23225800.0,23219078.0,23219078.0,23219078.0,23219078.0,23219078.0,23219078.0,23219078.0,23219078.0,23219078.0,23219078.0,23219078.0,23219078.0,23219078.0,23219078.0,23219078.0,23219078.0,23219078.0,23219078.0,23219078.0,23219078.0,23219078.0,23219078.0,23219078.0,23219078.0,23219078.0,23219078.0,23219078.0,23219078.0,23219078.0,23219078.0,23219078.0,23219078.0,23219078.0,23219078.0,23219078.0,23219078.0,23219078.0,23219078.0,23219078.0,23219078.0,23219078.0,23219078.0,23219078.0,23219078.0,23219078.0,23219078.0,23219078.0,23219078.0,23219078.0,23219078.0,23219078.0,23219078.0,23219078.0,23219078.0,23219078.0,23219078.0,23219078.0,23219078.0,23219078.0,23219078.0,23219078.0,23219078.0,23219078.0,23219078.0,23219078.0,23219078.0,23219078.0,23219078.0,23219078.0,23219078.0,23219078.0,23219078.0,23219078.0,23219078.0,23219078.0,23219078.0,23219078.0,23219078.0,23219078.0,23219078.0,23219078.0,23219078.0,23219078.0,23219078.0,23212270.0,23212270.0,23212270.0,23212270.0,23212270.0,23212270.0,23212270.0,23212270.0
tune_1,Testing/network-cor-forma_eu_27t.txt,1.0,0.05,0,50,3,0.8,0.01,components,4425.0,421.42,93,1989.0,1989.0,1989.0,1989.0,1989.0,2330.0,2629.0,2692.0,2912.0,2992.0,3179.0,3215.0,3317.0,3351.0,3435.0,3483.0,3586.0,3685.0,3685.0,3700.0,3828.0,3852.0,3931.0,4010.0,4010.0,4048.0,4048.0,4106.0,4122.0,4148.0,4175.0,4175.0,4223.0,4238.0,4238.0,4238.0,4264.0,4276.0,4283.0,4287.0,4296.0,4296.0,4303.0,4319.0,4319.0,4319.0,4325.0,4327.0,4333.0,4334.0,4342.0,4345.0,4352.0,4354.0,4354.0,4363.0,4368.0,4368.0,4371.0,4374.0,4378.0,4380.0,4380.0,4382.0,4386.0,4387.0,4389.0,4393.0,4393.0,4397.0,4402.0,4402.0,4403.0,4403.0,4405.0,4406.0,4410.0,4412.0,4412.0,4412.0,4413.0,4414.0,4415.0,4417.0,4418.0,4419.0,4421.0,4421.0,4421.0,4422.0,4422.0,4423.0,4424.0,4425.0,4425.0,4425.0,4425.0,4425.0,4425.0,4425.0,4425.0,4425.0,4425.0,4425.0,4425.0,4425.0,4425.0,4425.0,4425.0,4425.0,4425.0,4425.0,4425.0,4425.0,4425.0,4425.0,4425.0,4425.0,4425.0,4425.0,4425.0,4425.0,4425.0,4425.0,4425.0,4425.0,4425.0,4425.0,4425.0,4425.0,4425.0,4425.0,4425.0,4425.0,4425.0,4425.0,4425.0,4425.0,4425.0,4425.0,4425.0,4425.0,4425.0,4425.0,4425.0,4425.0,4425.0,4425.0,4425.0,4425.0,4425.0,4425.0,4425.0,4425.0,4425.0,4425.0,4425.0,4425.0,4425.0,4425.0,4425.0,4425.0,4425.0,4425.0,4425.0,4425.0,4425.0,4425.0,4425.0,4425.0,4425.0,4425.0,4425.0,4425.0,4425.0,4425.0,4425.0,4425.0,4425.0,4425.0,4425.0,4425.0,4425.0,4425.0,4425.0,4425.0,4425.0,4425.0,4425.0,4425.0,4425.0,4425.0,4425.0,4425.0,4425.0,4425.0,4425.0,4425.0,4425.0,4425.0
tune_2,Testing/network-cor-forma_eu_27t.txt,1.0,0.05,0,50,3,0.8,0.01,components,4886.0,358.44,88,1328.0,1732.0,2012.0,2046.0,2327.0,2383.0,2513.0,2809.0,2890.0,3036.0,3144.0,3677.0,3849.0,3849.0,3941.0,4100.0,4100.0,4190.0,4220.0,4283.0,4522.0,4522.0,4522.0,4522.0,4528.0,4537.0,4612.0,4612.0,4623.0,4644.0,4669.0,4669.0,4675.0,4682.0,4698.0,4715.0,4728.0,4728.0,4740.0,4745.0,4759.0,4771.0,4779.0,4783.0,4783.0,4787.0,4795.0,4803.0,4810.0,4813.0,4818.0,4819.0,4826.0,4826.0,4830.0,4832.0,4836.0,4837.0,4841.0,4844.0,4844.0,4848.0,4848.0,4855.0,4859.0,4859.0,4860.0,4861.0,4866.0,4867.0,4867.0,4870.0,4870.0,4872.0,4872.0,4874.0,4875.0,4877.0,4877.0,4878.0,4881.0,4884.0,4884.0,4884.0,4884.0,4885.0,4885.0,4885.0,4886.0,4886.0,4886.0,4886.0,4886.0,4886.0,4886.0,4886.0,4886.0,4886.0,4886.0,4886.0,4886.0,4886.0,4886.0,4886.0,4886.0,4886.0,4886.0,4886.0,4886.0,4886.0,4886.0,4886.0,4886.0,4886.0,4886.0,4886.0,4886.0,4886.0,4886.0,4886.0,4886.0,4886.0,4886.0,4886.0,4886.0,4886.0,4886.0,4886.0,4886.0,4886.0,4886.0,4886.0,4886.0,4886.0,4886.0,4886.0,4886.0,4886.0,4886.0,4886.0,4886.0,4886.0,4886.0,4886.0,4886.0,4886.0,4886.0,4886.0,4886.0,4886.0,4886.0,4886.0,4886.0,4886.0,4886.0,4886.0,4886.0,4886.0,4886.0,4886.0,4886.0,4886.0,4886.0,4886.0,4886.0,4886.0,4886.0,4886.0,4886.0,4886.0,4886.0,4886.0,4886.0,4886.0,4886.0,4886.0,4886.0,4886.0,4886.0,4886.0,4886.0,4886.0,4886.0,4886.0,4886.0,4886.0,4886.0,4886.0,4886.0,4886.0,4886.0,4886.0,4886.0,4886.0,4886.0,4886.0,4886.0,4886.0,4886.0,4886.0
tune_3,Testing/network-cor-forma_eu_27t.txt,1.0,0.05,0,50,3,0.8,0.01,components,1277.0,299.26,82,239.0,282.0,282.0,418.0,418.0,506.0,524.0,720.0,720.0,720.0,764.0,855.0,867.0,945.0,945.0,1006.0,1017.0,1017.0,1061.0,1061.0,1067.0,1086.0,1122.0,1122.0,1122.0,1140.0,1140.0,1152.0,1159.0,1159.0,1171.0,1171.0,1172.0,1180.0,1187.0,1193.0,1193.0,1196.0,1196.0,1204.0,1205.0,1209.0,1209.0,1211.0,1218.0,1218.0,1224.0,1225.0,1230.0,1230.0,1237.0,1238.0,1238.0,1241.0,1244.0,1247.0,1248.0,1250.0,1251.0,1254.0,1254.0,1258.0,1262.0,1262.0,1262.0,1265.0,1265.0,1265.0,1267.0,1268.0,1270.0,1270.0,1270.0,1272.0,1272.0,1273.0,1274.0,1275.0,1276.0,1276.0,1276.0,1276.0,1277.0,1277.0,1277.0,1277.0,1277.0,1277.0,1277.0,1277.0,1277.0,1277.0,1277.0,1277.0,1277.0,1277.0,1277.0,1277.0,1277.0,1277.0,1277.0,1277.0,1277.0,1277.0,1277.0,1277.0,1277.0,1277.0,1277.0,1277.0,1277.0,1277.0,1277.0,1277.0,1277.0,1277.0,1277.0,1277.0,1277.0,1277.0,1277.0,1277.0,1277.0,1277.0,1277.0,1277.0,1277.0,1277.0,1277.0,1277.0,1277.0,1277.0,1277.0,1277.0,1277.0,1277.0,1277.0,1277.0,1277.0,1277.0,1277.0,1277.0,1277.0,1277.0,1277.0,1277.0,1277.0,1277.0,1277.0,1277.0,1277.0,1277.0,1277.0,1277.0,1277.0,1277.0,1277.0,1277.0,1277.0,1277.0,1277.0,1277.0,1277.0,1277.0,1277.0,1277.0,1277.0,1277.0,1277.0,1277.0,1277.0,1277.0,1277.0,1277.0,1277.0,1277.0,1277.0,1277.0,1277.0,1277.0,1277.0,1277.0,1277.0,1277.0,1277.0,1277.0,1277.0,1277.0,1277.0,1277.0,1277.0,1277.0,1277.0,1277.0,1277.0,1277.0,1277.0,1277.0,1277.0,1277.0
tune_4,Testing/network-cor-forma_eu_27t.txt,1.0,0.05,0,50,3,0.8,0.01,components,3721.0,298.96,82,1259.0,1283.0,1821.0,1902.0,2350.0,2350.0,2525.0,2548.0,2583.0,2863.0,2870.0,2943.0,2980.0,3137.0,3177.0,3177.0,3236.0,3365.0,3365.0,3391.0,3391.0,3469.0,3469.0,3484.0,3533.0,3533.0,3533.0,3542.0,3557.0,3566.0,3577.0,3583.0,3591.0,3611.0,3611.0,3625.0,3625.0,3632.0,3643.0,3654.0,3654.0,3654.0,3656.0,3659.0,3660.0,3673.0,3673.0,3675.0,3675.0,3678.0,3679.0,3681.0,3682.0,3686.0,3687.0,3689.0,3692.0,3695.0,3696.0,3697.0,3700.0,3700.0,3702.0,3704.0,3704.0,3707.0,3709.0,3709.0,3710.0,3713.0,3713.0,3713.0,3715.0,3715.0,3716.0,3717.0,3718.0,3718.0,3718.0,3719.0,3720.0,3720.0,3721.0,3721.0,3721.0,3721.0,3721.0,3721.0,3721.0,3721.0,3721.0,3721.0,3721.0,3721.0,3721.0,3721.0,3721.0,3721.0,3721.0,3721.0,3721.0,3721.0,3721.0,3721.0,3721.0,3721.0,3721.0,3721.0,3721.0,3721.0,3721.0,3721.0,3721.0,3721.0,3721.0,3721.0,3721.0,3721.0,3721.0,3721.0,3721.0,3721.0,3721.0,3721.0,3721.0,3721.0,3721.0,3721.0,3721.0,3721.0,3721.0,3721.0,3721.0,3721.0,3721.0,3721.0,3721.0,3721.0,3721.0,3721.0,3721.0,3721.0,3721.0,3721.0,3721.0,3721.0,3721.0,3721.0,3721.0,3721.0,3721.0,3721.0,3721.0,3721.0,3721.0,3721.0,3721.0,3721.0,3721.0,3721.0,3721.0,3721.0,3721.0,3721.0,3721.0,3721.0,3721.0,3721.0,3721.0,3721.0,3721.0,3721.0,3721.0,3721.0,3721.0,3721.0,3721.0,3721.0,3721.0,3721.0,3721.0,3721.0,3721.0,3721.0,3721.0,3721.0,3721.0,3721.0,3721.0,3721.0,3721.0,3721.0,3721.0,3721.0,3721.0,3721.0,3721.0,3721.0,3721.0,3721.0
tune_5,Testing/network-cor-forma_eu_27t.txt,1.0,0.05,0,50,3,0.8,0.01,components,4205.0,299.23,138,1345.0,1345.0,1649.0,1931.0,1932.0,2089.0,2361.0,2508.0,2532.0,2737.0,2914.0,3077.0,3215.0,3289.0,3430.0,3591.0,3591.0,3684.0,3771.0,3771.0,3829.0,3829.0,3874.0,3874.0,3884.0,3921.0,3929.0,3966.0,3981.0,4006.0,4006.0,4006.0,4014.0,4043.0,4043.0,4043.0,4067.0,4088.0,4088.0,4113.0,4120.0,4120.0,4120.0,4120.0,4123.0,4133.0,4146.0,4146.0,4148.0,4156.0,4157.0,4159.0,4163.0,4168.0,4169.0,4172.0,4180.0,4180.0,4180.0,4180.0,4183.0,4183.0,4187.0,4188.0,4189.0,4191.0,4194.0,4194.0,4196.0,4196.0,4198.0,4198.0,4198.0,4201.0,4201.0,4202.0,4202.0,4203.0,4203.0,4203.0,4203.0,4204.0,4204.0,4204.0,4204.0,4204.0,4204.0,4204.0,4204.0,4204.0,4204.0,4204.0,4204.0,4204.0,4204.0,4204.0,4204.0,4204.0,4204.0,4204.0,4204.0,4204.0,4204.0,4204.0,4204.0,4204.0,4204.0,4204.0,4204.0,4204.0,4204.0,4204.0,4204.0,4204.0,4204.0,4204.0,4204.0,4204.0,4204.0,4204.0,4204.0,4204.0,4204.0,4204.0,4204.0,4204.0,4204.0,4204.0,4204.0,4204.0,4204.0,4204.0,4204.0,4204.0,4204.0,4204.0,4204.0,4204.0,4205.0,4205.0,4205.0,4205.0,4205.0,4205.0,4205.0,4205.0,4205.0,4205.0,4205.0,4205.0,4205.0,4205.0,4205.0,4205.0,4205.0,4205.0,4205.0,4205.0,4205.0,4205.0,4205.0,4205.0,4205.0,4205.0,4205.0,4205.0,4205.0,4205.0,4205.0,4205.0,4205.0,4205.0,4205.0,4205.0,4205.0,4205.0,4205.0,4205.0,4205.0,4205.0,4205.0,4205.0,4205.0,4205.0,4205.0,4205.0,4205.0,4205.0,4205.0,4205.0,4205.0,4205.0,4205.0,4205.0,4205.0,4205.0,4205.0,4205.0,4205.0,4205.0
tune_6,Testing/network-cor-forma_eu_27t.txt,1.0,0.05,0,50,3,0.8,0.01,components,4354.0,299.10,77,1271.0,1271.0,1308.0,2082.0,2082.0,2289.0,2988.0,2988.0,2988.0,2988.0,3088.0,3454.0,3535.0,3613.0,3613.0,3613.0,3613.0,3694.0,3773.0,3778.0,3907.0,3949.0,4056.0,4056.0,4059.0,4097.0,4124.0,4156.0,4156.0,4197.0,4223.0,4223.0,4238.0,4238.0,4242.0,4244.0,4250.0,4259.0,4259.0,4261.0,4271.0,4273.0,4281.0,4286.0,4293.0,4293.0,4296.0,4299.0,4306.0,4312.0,4314.0,4314.0,4322.0,4322.0,4322.0,4323.0,4325.0,4330.0,4333.0,4334.0,4338.0,4340.0,4340.0,4340.0,4343.0,4346.0,4346.0,4347.0,4347.0,4348.0,4348.0,4350.0,4350.0,4351.0,4352.0,4352.0,4353.0,4354.0,4354.0,4354.0,4354.0,4354.0,4354.0,4354.0,4354.0,4354.0,4354.0,4354.0,4354.0,4354.0,4354.0,4354.0,4354.0,4354.0,4354.0,4354.0,4354.0,4354.0,4354.0,4354.0,4354.0,4354.0,4354.0,4354.0,4354.0,4354.0,4354.0,4354.0,4354.0,4354.0,4354.0,4354.0,4354.0,4354.0,4354.0,4354.0,4354.0,4354.0,4354.0,4354.0,4354.0,4354.0,4354.0,4354.0,4354.0,4354.0,4354.0,4354.0,4354.0,4354.0,4354.0,4354.0,4354.0,4354.0,4354.0,4354.0,4354.0,4354.0,4354.0,4354.0,4354.0,4354.0,4354.0,4354.0,4354.0,4354.0,4354.0,4354.0,4354.0,4354.0,4354.0,4354.0,4354.0,4354.0,4354.0,4354.0,4354.0,4354.0,4354.0,4354.0,4354.0,4354.0,4354.0,4354.0,4354.0,4354.0,4354.0,4354.0,4354.0,4354.0,4354.0,4354.0,4354.0,4354.0,4354.0,4354.0,4354.0,4354.0,4354.0,4354.0,4354.0,4354.0,4354.0,4354.0,4354.0,4354.0,4354.0,4354.0,4354.0,4354.0,4354.0,4354.0,4354.0,4354.0,4354.0,4354.0,4354.0,4354.0,4354.0,4354.0
tune_7,Testing/network-cor-forma_eu_27t.txt,1.0,0.05,0,50,3,0.8,0.01,components,3569.0,301.22,86,1655.0,1984.0,1984.0,1984.0,2137.0,2137.0,2328.0,2398.0,2398.0,2436.0,2518.0,2649.0,2664.0,2792.0,2985.0,2985.0,3041.0,3113.0,3163.0,3187.0,3187.0,3220.0,3226.0,3239.0,3290.0,3290.0,3337.0,3337.0,3358.0,3359.0,3383.0,3400.0,3406.0,3417.0,3419.0,3455.0,3455.0,3455.0,3459.0,3470.0,3470.0,3470.0,3480.0,3487.0,3490.0,3496.0,3504.0,3504.0,3504.0,3508.0,3509.0,3518.0,3518.0,3519.0,3520.0,3523.0,3526.0,3529.0,3530.0,3532.0,3535.0,3536.0,3539.0,3542.0,3546.0,3546.0,3546.0,3548.0,3550.0,3555.0,3557.0,3557.0,3557.0,3558.0,3558.0,3559.0,3561.0,3562.0,3563.0,3564.0,3564.0,3565.0,3566.0,3567.0,3567.0,3568.0,3569.0,3569.0,3569.0,3569.0,3569.0,3569.0,3569.0,3569.0,3569.0,3569.0,3569.0,3569.0,3569.0,3569.0,3569.0,3569.0,3569.0,3569.0,3569.0,3569.0,3569.0,3569.0,3569.0,3569.0,3569.0,3569.0,3569.0,3569.0,3569.0,3569.0,3569.0,3569.0,3569.0,3569.0,3569.0,3569.0,3569.0,3569.0,3569.0,3569.0,3569.0,3569.0,3569.0,3569.0,3569.0,3569.0,3569.0,3569.0,3569.0,3569.0,3569.0,3569.0,3569.0,3569.0,3569.0,3569.0,3569.0,3569.0,3569.0,3569.0,3569.0,3569.0,3569.0,3569.0,3569.0,3569.0,3569.0,3569.0,3569.0,3569.0,3569.0,3569.0,3569.0,3569.0,3569.0,3569.0,3569.0,3569.0,3569.0,3569.0,3569.0,3569.0,3569.0,3569.0,3569.0,3569.0,3569.0,3569.0,3569.0,3569.0,3569.0,3569.0,3569.0,3569.0,3569.0,3569.0,3569.0,3569.0,3569.0,3569.0,3569.0,3569.0,3569.0,3569.0,3569.0,3569.0,3569.0,3569.0,3569.0,3569.0,3569.0,3569.0,3569.0,3569.0
tune_8,Testing/network-cor-forma_eu_27t.txt,1.0,0.05,0,50,3,0.8,0.01,components,2851.0,299.62,84,1486.0,1486.0,1486.0,1566.0,1576.0,1617.0,1806.0,1806.0,1939.0,1993.0,2013.0,2058.0,2163.0,2184.0,2255.0,2281.0,2361.0,2361.0,2427.0,2427.0,2478.0,2478.0,2502.0,2533.0,2553.0,2577.0,2617.0,2621.0,2621.0,2639.0,2648.0,2669.0,2677.0,2686.0,2694.0,2712.0,2736.0,2736.0,2740.0,2761.0,2761.0,2761.0,2768.0,2768.0,2769.0,2775.0,2785.0,2789.0,2789.0,2796.0,2796.0,2797.0,2802.0,2803.0,2808.0,2808.0,2809.0,2812.0,2814.0,2818.0,2820.0,2820.0,2823.0,2824.0,2824.0,2827.0,2831.0,2831.0,2835.0,2836.0,2838.0,2839.0,2840.0,2841.0,2842.0,2842.0,2843.0,2845.0,2846.0,2847.0,2849.0,2849.0,2849.0,2850.0,2851.0,2851.0,2851.0,2851.0,2851.0,2851.0,2851.0,2851.0,2851.0,2851.0,2851.0,2851.0,2851.0,2851.0,2851.0,2851.0,2851.0,2851.0,2851.0,2851.0,2851.0,2851.0,2851.0,2851.0,2851.0,2851.0,2851.0,2851.0,2851.0,2851.0,2851.0,2851.0,2851.0,2851.0,2851.0,2851.0,2851.0,2851.0,2851.0,2851.0,2851.0,2851.0,2851.0,2851.0,2851.0,2851.0,2851.0,2851.0,2851.0,2851.0,2851.0,2851.0,2851.0,2851.0,2851.0,2851.0,2851.0,2851.0,2851.0,2851.0,2851.0,2851.0,2851.0,2851.0,2851.0,2851.0,2851.0,2851.0,2851.0,2851.0,2851.0,2851.0,2851.0,2851.0,2851.0,2851.0,2851.0,2851.0,2851.0,2851.0,2851.0,2851.0,2851.0,2851.0,2851.0,2851.0,2851.0,2851.0,2851.0,2851.0,2851.0,2851.0,2851.0,2851.0,2851.0,2851.0,2851.0,2851.0,2851.0,2851.0,2851.0,2851.0,2851.0,2851.0,2851.0,2851.0,2851.0,2851.0,2851.0,2851.0,2851.0,2851.0,2851.0,2851.0,2851.0,2851.0
tune_9,Testing/network-cor-forma_eu_27t.txt,1.0,0.05,0,50,3,0.8,0.01,components,3809.0,299.43,83,1200.0,1261.0,1483.0,1936.0,2486.0,2486.0,2523.0,2588.0,2588.0,2693.0,2736.0,2947.0,2947.0,3005.0,3079.0,3109.0,3245.0,3245.0,3259.0,3349.0,3367.0,3439.0,3524.0,3564.0,3564.0,3604.0,3604.0,3610.0,3634.0,3634.0,3664.0,3664.0,3667.0,3676.0,3688.0,3688.0,3698.0,3710.0,3716.0,3722.0,3725.0,3732.0,3739.0,3739.0,3743.0,3749.0,3751.0,3751.0,3755.0,3755.0,3763.0,3763.0,3767.0,3767.0,3772.0,3772.0,3777.0,3777.0,3782.0,3782.0,3783.0,3784.0,3787.0,3787.0,3792.0,3792.0,3793.0,3794.0,3795.0,3797.0,3797.0,3799.0,3799.0,3800.0,3803.0,3803.0,3805.0,3805.0,3805.0,3806.0,3807.0,3808.0,3808.0,3809.0,3809.0,3809.0,3809.0,3809.0,3809.0,3809.0,3809.0,3809.0,3809.0,3809.0,3809.0,3809.0,3809.0,3809.0,3809.0,3809.0,3809.0,3809.0,3809.0,3809.0,3809.0,3809.0,3809.0,3809.0,3809.0,3809.0,3809.0,3809.0,3809.0,3809.0,3809.0,3809.0,3809.0,3809.0,3809.0,3809.0,3809.0,3809.0,3809.0,3809.0,3809.0,3809.0,3809.0,3809.0,3809.0,3809.0,3809.0,3809.0,3809.0,3809.0,3809.0,3809.0,3809.0,3809.0,3809.0,3809.0,3809.0,3809.0,3809.0,3809.0,3809.0,3809.0,3809.0,3809.0,3809.0,3809.0,3809.0,3809.0,3809.0,3809.0,3809.0,3809.0,3809.0,3809.0,3809.0,3809.0,3809.0,3809.0,3809.0,3809.0,3809.0,3809.0,3809.0,3809.0,3809.0,3809.0,3809.0,3809.0,3809.0,3809.0,3809.0,3809.0,3809.0,3809.0,3809.0,3809.0,3809.0,3809.0,3809.0,3809.0,3809.0,3809.0,3809.0,3809.0,3809.0,3809.0,3809.0,3809.0,3809.0,3809.0,3809.0,3809.0,3809.0,3809.0,3809.0,3809.0
tune_10,Testing/network-cor-forma_eu_27t.txt,1.0,0.05,0,50,3,0.8,0.01,components,3927.0,297.42,163,1448.0,1448.0,2137.0,2137.0,2266.0,2336.0,2431.0,2494.0,2804.0,2843.0,2994.0,3135.0,3135.0,3256.0,3256.0,3338.0,3338.0,3338.0,3404.0,3425.0,3486.0,3613.0,3613.0,3613.0,3652.0,3661.0,3676.0,3695.0,3719.0,3753.0,3753.0,3762.0,3780.0,3780.0,3791.0,3797.0,3798.0,3814.0,3816.0,3820.0,3821.0,3826.0,3837.0,3848.0,3848.0,3848.0,3854.0,3858.0,3858.0,3861.0,3864.0,3864.0,3871.0,3872.0,3879.0,3879.0,3879.0,3884.0,3886.0,3886.0,3888.0,3888.0,3891.0,3892.0,3896.0,3896.0,3896.0,3901.0,3903.0,3903.0,3904.0,3907.0,3907.0,3908.0,3908.0,3909.0,3910.0,3911.0,3911.0,3913.0,3913.0,3913.0,3914.0,3914.0,3915.0,3915.0,3915.0,3915.0,3915.0,3915.0,3915.0,3915.0,3916.0,3924.0,3924.0,3926.0,3926.0,3926.0,3926.0,3926.0,3926.0,3926.0,3926.0,3926.0,3926.0,3926.0,3926.0,3926.0,3926.0,3926.0,3926.0,3926.0,3926.0,3926.0,3926.0,3926.0,3926.0,3926.0,3926.0,3926.0,3926.0,3926.0,3926.0,3926.0,3926.0,3926.0,3926.0,3926.0,3926.0,3926.0,3926.0,3926.0,3926.0,3926.0,3926.0,3926.0,3926.0,3926.0,3926.0,3926.0,3926.0,3926.0,3926.0,3926.0,3926.0,3926.0,3926.0,3926.0,3926.0,3926.0,3926.0,3926.0,3926.0,3926.0,3926.0,3926.0,3926.0,3926.0,3926.0,3926.0,3926.0,3926.0,3926.0,3927.0,3927.0,3927.0,3927.0,3927.0,3927.0,3927.0,3927.0,3927.0,3927.0,3927.0,3927.0,3927.0,3927.0,3927.0,3927.0,3927.0,3927.0,3927.0,3927.0,3927.0,3927.0,3927.0,3927.0,3927.0,3927.0,3927.0,3927.0,3927.0,3927.0,3927.0,3927.0,3927.0,3927.0,3927.0,3927.0,3927.0
