run_id,input_file,budget,node_fraction,edge_fraction,population_size,tournament_size,p_crossover,p_mutation,payoff_function,best_fitness,runtime_seconds
tune_1,Testing/cor_adjnoun-w.txt,0.05,0.0,0.0,50,3,0.8,0.01,largest,112.0,1.47
tune_2,Testing/cor_adjnoun-w.txt,0.05,0.0,0.0,50,3,0.8,0.01,largest,112.0,0.00
tune_3,Testing/cor_adjnoun-w.txt,0.05,0.0,0.0,50,3,0.8,0.01,largest,112.0,0.00
tune_4,Testing/cor_adjnoun-w.txt,0.05,0.0,0.0,50,3,0.8,0.01,largest,112.0,0.00
tune_5,Testing/cor_adjnoun-w.txt,0.05,0.0,0.0,50,3,0.8,0.01,largest,112.0,0.00
tune_6,Testing/cor_adjnoun-w.txt,0.05,0.0,0.0,50,3,0.8,0.01,largest,112.0,0.00
tune_7,Testing/cor_adjnoun-w.txt,0.05,0.0,0.0,50,3,0.8,0.01,largest,112.0,0.00
tune_8,Testing/cor_adjnoun-w.txt,0.05,0.0,0.0,50,3,0.8,0.01,largest,112.0,0.00
tune_9,Testing/cor_adjnoun-w.txt,0.05,0.0,0.0,50,3,0.8,0.01,largest,112.0,0.00
tune_10,Testing/cor_adjnoun-w.txt,0.05,0.0,0.0,50,3,0.8,0.01,largest,112.0,0.00
tune_1,Testing/cor_celegans_metabolic-w.txt,0.05,0.0,0.0,50,3,0.8,0.01,largest,453.0,3.26
tune_2,Testing/cor_celegans_metabolic-w.txt,0.05,0.0,0.0,50,3,0.8,0.01,largest,453.0,0.00
tune_3,Testing/cor_celegans_metabolic-w.txt,0.05,0.0,0.0,50,3,0.8,0.01,largest,453.0,0.00
tune_4,Testing/cor_celegans_metabolic-w.txt,0.05,0.0,0.0,50,3,0.8,0.01,largest,453.0,0.00
tune_5,Testing/cor_celegans_metabolic-w.txt,0.05,0.0,0.0,50,3,0.8,0.01,largest,453.0,0.00
tune_6,Testing/cor_celegans_metabolic-w.txt,0.05,0.0,0.0,50,3,0.8,0.01,largest,453.0,0.00
tune_7,Testing/cor_celegans_metabolic-w.txt,0.05,0.0,0.0,50,3,0.8,0.01,largest,453.0,0.00
tune_8,Testing/cor_celegans_metabolic-w.txt,0.05,0.0,0.0,50,3,0.8,0.01,largest,453.0,0.00
tune_9,Testing/cor_celegans_metabolic-w.txt,0.05,0.0,0.0,50,3,0.8,0.01,largest,453.0,0.00
tune_10,Testing/cor_celegans_metabolic-w.txt,0.05,0.0,0.0,50,3,0.8,0.01,largest,453.0,0.00
tune_1,Testing/cor_celegansneural-w.txt,0.05,0.0,0.0,50,3,0.8,0.01,largest,297.0,3.22
tune_2,Testing/cor_celegansneural-w.txt,0.05,0.0,0.0,50,3,0.8,0.01,largest,297.0,0.00
tune_3,Testing/cor_celegansneural-w.txt,0.05,0.0,0.0,50,3,0.8,0.01,largest,297.0,0.00
tune_4,Testing/cor_celegansneural-w.txt,0.05,0.0,0.0,50,3,0.8,0.01,largest,297.0,0.00
tune_5,Testing/cor_celegansneural-w.txt,0.05,0.0,0.0,50,3,0.8,0.01,largest,297.0,0.00
tune_6,Testing/cor_celegansneural-w.txt,0.05,0.0,0.0,50,3,0.8,0.01,largest,297.0,0.00
tune_7,Testing/cor_celegansneural-w.txt,0.05,0.0,0.0,50,3,0.8,0.01,largest,297.0,0.00
tune_8,Testing/cor_celegansneural-w.txt,0.05,0.0,0.0,50,3,0.8,0.01,largest,297.0,0.00
tune_9,Testing/cor_celegansneural-w.txt,0.05,0.0,0.0,50,3,0.8,0.01,largest,297.0,0.00
tune_10,Testing/cor_celegansneural-w.txt,0.05,0.0,0.0,50,3,0.8,0.01,largest,297.0,0.00
tune_1,Testing/cor_dolphins-w.txt,0.05,0.0,0.0,50,3,0.8,0.01,largest,62.0,1.24
tune_2,Testing/cor_dolphins-w.txt,0.05,0.0,0.0,50,3,0.8,0.01,largest,62.0,0.00
tune_3,Testing/cor_dolphins-w.txt,0.05,0.0,0.0,50,3,0.8,0.01,largest,62.0,0.00
tune_4,Testing/cor_dolphins-w.txt,0.05,0.0,0.0,50,3,0.8,0.01,largest,62.0,0.00
tune_5,Testing/cor_dolphins-w.txt,0.05,0.0,0.0,50,3,0.8,0.01,largest,62.0,0.00
tune_6,Testing/cor_dolphins-w.txt,0.05,0.0,0.0,50,3,0.8,0.01,largest,62.0,0.00
tune_7,Testing/cor_dolphins-w.txt,0.05,0.0,0.0,50,3,0.8,0.01,largest,62.0,0.00
tune_8,Testing/cor_dolphins-w.txt,0.05,0.0,0.0,50,3,0.8,0.01,largest,62.0,0.00
tune_9,Testing/cor_dolphins-w.txt,0.05,0.0,0.0,50,3,0.8,0.01,largest,62.0,0.00
tune_10,Testing/cor_dolphins-w.txt,0.05,0.0,0.0,50,3,0.8,0.01,largest,62.0,0.00
tune_1,Testing/cor_football-w.txt,0.05,0.0,0.0,50,3,0.8,0.01,largest,115.0,1.68
tune_2,Testing/cor_football-w.txt,0.05,0.0,0.0,50,3,0.8,0.01,largest,115.0,0.00
tune_3,Testing/cor_football-w.txt,0.05,0.0,0.0,50,3,0.8,0.01,largest,115.0,0.00
tune_4,Testing/cor_football-w.txt,0.05,0.0,0.0,50,3,0.8,0.01,largest,115.0,0.00
tune_5,Testing/cor_football-w.txt,0.05,0.0,0.0,50,3,0.8,0.01,largest,115.0,0.00
tune_6,Testing/cor_football-w.txt,0.05,0.0,0.0,50,3,0.8,0.01,largest,115.0,0.00
tune_7,Testing/cor_football-w.txt,0.05,0.0,0.0,50,3,0.8,0.01,largest,115.0,0.00
tune_8,Testing/cor_football-w.txt,0.05,0.0,0.0,50,3,0.8,0.01,largest,115.0,0.00
tune_9,Testing/cor_football-w.txt,0.05,0.0,0.0,50,3,0.8,0.01,largest,115.0,0.00
tune_10,Testing/cor_football-w.txt,0.05,0.0,0.0,50,3,0.8,0.01,largest,115.0,0.00
tune_1,Testing/cor_jazz-w.txt,0.05,0.0,0.0,50,3,0.8,0.01,largest,198.0,3.65
tune_2,Testing/cor_jazz-w.txt,0.05,0.0,0.0,50,3,0.8,0.01,largest,198.0,0.00
tune_3,Testing/cor_jazz-w.txt,0.05,0.0,0.0,50,3,0.8,0.01,largest,198.0,0.00
tune_4,Testing/cor_jazz-w.txt,0.05,0.0,0.0,50,3,0.8,0.01,largest,198.0,0.00
tune_5,Testing/cor_jazz-w.txt,0.05,0.0,0.0,50,3,0.8,0.01,largest,198.0,0.00
tune_6,Testing/cor_jazz-w.txt,0.05,0.0,0.0,50,3,0.8,0.01,largest,198.0,0.00
tune_7,Testing/cor_jazz-w.txt,0.05,0.0,0.0,50,3,0.8,0.01,largest,198.0,0.00
tune_8,Testing/cor_jazz-w.txt,0.05,0.0,0.0,50,3,0.8,0.01,largest,198.0,0.00
tune_9,Testing/cor_jazz-w.txt,0.05,0.0,0.0,50,3,0.8,0.01,largest,198.0,0.00
tune_10,Testing/cor_jazz-w.txt,0.05,0.0,0.0,50,3,0.8,0.01,largest,198.0,0.00
tune_1,Testing/cor_karate-w.txt,0.05,0.0,0.0,50,3,0.8,0.01,largest,34.0,1.18
tune_2,Testing/cor_karate-w.txt,0.05,0.0,0.0,50,3,0.8,0.01,largest,34.0,0.00
tune_3,Testing/cor_karate-w.txt,0.05,0.0,0.0,50,3,0.8,0.01,largest,34.0,0.00
tune_4,Testing/cor_karate-w.txt,0.05,0.0,0.0,50,3,0.8,0.01,largest,34.0,0.00
tune_5,Testing/cor_karate-w.txt,0.05,0.0,0.0,50,3,0.8,0.01,largest,34.0,0.00
tune_6,Testing/cor_karate-w.txt,0.05,0.0,0.0,50,3,0.8,0.01,largest,34.0,0.00
tune_7,Testing/cor_karate-w.txt,0.05,0.0,0.0,50,3,0.8,0.01,largest,34.0,0.00
tune_8,Testing/cor_karate-w.txt,0.05,0.0,0.0,50,3,0.8,0.01,largest,34.0,0.00
tune_9,Testing/cor_karate-w.txt,0.05,0.0,0.0,50,3,0.8,0.01,largest,34.0,0.00
tune_10,Testing/cor_karate-w.txt,0.05,0.0,0.0,50,3,0.8,0.01,largest,34.0,0.00
tune_1,Testing/cor_lesmis-w.txt,0.05,0.0,0.0,50,3,0.8,0.01,largest,77.0,1.34
tune_2,Testing/cor_lesmis-w.txt,0.05,0.0,0.0,50,3,0.8,0.01,largest,77.0,0.00
tune_3,Testing/cor_lesmis-w.txt,0.05,0.0,0.0,50,3,0.8,0.01,largest,77.0,0.00
tune_4,Testing/cor_lesmis-w.txt,0.05,0.0,0.0,50,3,0.8,0.01,largest,77.0,0.00
tune_5,Testing/cor_lesmis-w.txt,0.05,0.0,0.0,50,3,0.8,0.01,largest,77.0,0.00
tune_6,Testing/cor_lesmis-w.txt,0.05,0.0,0.0,50,3,0.8,0.01,largest,77.0,0.00
tune_7,Testing/cor_lesmis-w.txt,0.05,0.0,0.0,50,3,0.8,0.01,largest,77.0,0.00
tune_8,Testing/cor_lesmis-w.txt,0.05,0.0,0.0,50,3,0.8,0.01,largest,77.0,0.00
tune_9,Testing/cor_lesmis-w.txt,0.05,0.0,0.0,50,3,0.8,0.01,largest,77.0,0.00
tune_10,Testing/cor_lesmis-w.txt,0.05,0.0,0.0,50,3,0.8,0.01,largest,77.0,0.00
tune_1,Testing/cor_n050plai01.txt,0.05,0.0,0.0,50,3,0.8,0.01,largest,50.0,1.25
tune_2,Testing/cor_n050plai01.txt,0.05,0.0,0.0,50,3,0.8,0.01,largest,50.0,0.00
tune_3,Testing/cor_n050plai01.txt,0.05,0.0,0.0,50,3,0.8,0.01,largest,50.0,0.00
tune_4,Testing/cor_n050plai01.txt,0.05,0.0,0.0,50,3,0.8,0.01,largest,50.0,0.00
tune_5,Testing/cor_n050plai01.txt,0.05,0.0,0.0,50,3,0.8,0.01,largest,50.0,0.00
tune_6,Testing/cor_n050plai01.txt,0.05,0.0,0.0,50,3,0.8,0.01,largest,50.0,0.00
tune_7,Testing/cor_n050plai01.txt,0.05,0.0,0.0,50,3,0.8,0.01,largest,50.0,0.00
tune_8,Testing/cor_n050plai01.txt,0.05,0.0,0.0,50,3,0.8,0.01,largest,50.0,0.00
tune_9,Testing/cor_n050plai01.txt,0.05,0.0,0.0,50,3,0.8,0.01,largest,50.0,0.00
tune_10,Testing/cor_n050plai01.txt,0.05,0.0,0.0,50,3,0.8,0.01,largest,50.0,0.00
tune_1,Testing/cor_n100plai01.txt,0.05,0.0,0.0,50,3,0.8,0.01,largest,100.0,1.36
tune_2,Testing/cor_n100plai01.txt,0.05,0.0,0.0,50,3,0.8,0.01,largest,100.0,0.00
tune_3,Testing/cor_n100plai01.txt,0.05,0.0,0.0,50,3,0.8,0.01,largest,100.0,0.00
tune_4,Testing/cor_n100plai01.txt,0.05,0.0,0.0,50,3,0.8,0.01,largest,100.0,0.00
tune_5,Testing/cor_n100plai01.txt,0.05,0.0,0.0,50,3,0.8,0.01,largest,100.0,0.00
tune_6,Testing/cor_n100plai01.txt,0.05,0.0,0.0,50,3,0.8,0.01,largest,100.0,0.00
tune_7,Testing/cor_n100plai01.txt,0.05,0.0,0.0,50,3,0.8,0.01,largest,100.0,0.00
tune_8,Testing/cor_n100plai01.txt,0.05,0.0,0.0,50,3,0.8,0.01,largest,100.0,0.00
tune_9,Testing/cor_n100plai01.txt,0.05,0.0,0.0,50,3,0.8,0.01,largest,100.0,0.00
tune_10,Testing/cor_n100plai01.txt,0.05,0.0,0.0,50,3,0.8,0.01,largest,100.0,0.00
tune_1,Testing/cor_n150plai01.txt,0.05,0.0,0.0,50,3,0.8,0.01,largest,150.0,1.56
tune_2,Testing/cor_n150plai01.txt,0.05,0.0,0.0,50,3,0.8,0.01,largest,150.0,0.00
tune_3,Testing/cor_n150plai01.txt,0.05,0.0,0.0,50,3,0.8,0.01,largest,150.0,0.00
tune_4,Testing/cor_n150plai01.txt,0.05,0.0,0.0,50,3,0.8,0.01,largest,150.0,0.00
tune_5,Testing/cor_n150plai01.txt,0.05,0.0,0.0,50,3,0.8,0.01,largest,150.0,0.00
tune_6,Testing/cor_n150plai01.txt,0.05,0.0,0.0,50,3,0.8,0.01,largest,150.0,0.00
tune_7,Testing/cor_n150plai01.txt,0.05,0.0,0.0,50,3,0.8,0.01,largest,150.0,0.00
tune_8,Testing/cor_n150plai01.txt,0.05,0.0,0.0,50,3,0.8,0.01,largest,150.0,0.00
tune_9,Testing/cor_n150plai01.txt,0.05,0.0,0.0,50,3,0.8,0.01,largest,150.0,0.00
tune_10,Testing/cor_n150plai01.txt,0.05,0.0,0.0,50,3,0.8,0.01,largest,150.0,0.00
tune_1,Testing/cor_n200plai01.txt,0.05,0.0,0.0,50,3,0.8,0.01,largest,200.0,1.75
tune_2,Testing/cor_n200plai01.txt,0.05,0.0,0.0,50,3,0.8,0.01,largest,200.0,0.00
tune_3,Testing/cor_n200plai01.txt,0.05,0.0,0.0,50,3,0.8,0.01,largest,200.0,0.00
tune_4,Testing/cor_n200plai01.txt,0.05,0.0,0.0,50,3,0.8,0.01,largest,200.0,0.00
tune_5,Testing/cor_n200plai01.txt,0.05,0.0,0.0,50,3,0.8,0.01,largest,200.0,0.00
tune_6,Testing/cor_n200plai01.txt,0.05,0.0,0.0,50,3,0.8,0.01,largest,200.0,0.00
tune_7,Testing/cor_n200plai01.txt,0.05,0.0,0.0,50,3,0.8,0.01,largest,200.0,0.00
tune_8,Testing/cor_n200plai01.txt,0.05,0.0,0.0,50,3,0.8,0.01,largest,200.0,0.00
tune_9,Testing/cor_n200plai01.txt,0.05,0.0,0.0,50,3,0.8,0.01,largest,200.0,0.00
tune_10,Testing/cor_n200plai01.txt,0.05,0.0,0.0,50,3,0.8,0.01,largest,200.0,0.00
tune_1,Testing/cor_n250plai01.txt,0.05,0.0,0.0,50,3,0.8,0.01,largest,250.0,1.96
tune_2,Testing/cor_n250plai01.txt,0.05,0.0,0.0,50,3,0.8,0.01,largest,250.0,0.00
tune_3,Testing/cor_n250plai01.txt,0.05,0.0,0.0,50,3,0.8,0.01,largest,250.0,0.00
tune_4,Testing/cor_n250plai01.txt,0.05,0.0,0.0,50,3,0.8,0.01,largest,250.0,0.00
tune_5,Testing/cor_n250plai01.txt,0.05,0.0,0.0,50,3,0.8,0.01,largest,250.0,0.00
tune_6,Testing/cor_n250plai01.txt,0.05,0.0,0.0,50,3,0.8,0.01,largest,250.0,0.00
tune_7,Testing/cor_n250plai01.txt,0.05,0.0,0.0,50,3,0.8,0.01,largest,250.0,0.00
tune_8,Testing/cor_n250plai01.txt,0.05,0.0,0.0,50,3,0.8,0.01,largest,250.0,0.00
tune_9,Testing/cor_n250plai01.txt,0.05,0.0,0.0,50,3,0.8,0.01,largest,250.0,0.00
tune_10,Testing/cor_n250plai01.txt,0.05,0.0,0.0,50,3,0.8,0.01,largest,250.0,0.00
tune_1,Testing/cor_n300plai01.txt,0.05,0.0,0.0,50,3,0.8,0.01,largest,300.0,2.08
tune_2,Testing/cor_n300plai01.txt,0.05,0.0,0.0,50,3,0.8,0.01,largest,300.0,0.00
tune_3,Testing/cor_n300plai01.txt,0.05,0.0,0.0,50,3,0.8,0.01,largest,300.0,0.00
tune_4,Testing/cor_n300plai01.txt,0.05,0.0,0.0,50,3,0.8,0.01,largest,300.0,0.00
tune_5,Testing/cor_n300plai01.txt,0.05,0.0,0.0,50,3,0.8,0.01,largest,300.0,0.00
tune_6,Testing/cor_n300plai01.txt,0.05,0.0,0.0,50,3,0.8,0.01,largest,300.0,0.00
tune_7,Testing/cor_n300plai01.txt,0.05,0.0,0.0,50,3,0.8,0.01,largest,300.0,0.00
tune_8,Testing/cor_n300plai01.txt,0.05,0.0,0.0,50,3,0.8,0.01,largest,300.0,0.00
tune_9,Testing/cor_n300plai01.txt,0.05,0.0,0.0,50,3,0.8,0.01,largest,300.0,0.00
tune_10,Testing/cor_n300plai01.txt,0.05,0.0,0.0,50,3,0.8,0.01,largest,300.0,0.00
tune_1,Testing/cor_n350plai01.txt,0.05,0.0,0.0,50,3,0.8,0.01,largest,350.0,2.30
tune_2,Testing/cor_n350plai01.txt,0.05,0.0,0.0,50,3,0.8,0.01,largest,350.0,0.00
tune_3,Testing/cor_n350plai01.txt,0.05,0.0,0.0,50,3,0.8,0.01,largest,350.0,0.00
tune_4,Testing/cor_n350plai01.txt,0.05,0.0,0.0,50,3,0.8,0.01,largest,350.0,0.00
tune_5,Testing/cor_n350plai01.txt,0.05,0.0,0.0,50,3,0.8,0.01,largest,350.0,0.00
tune_6,Testing/cor_n350plai01.txt,0.05,0.0,0.0,50,3,0.8,0.01,largest,350.0,0.00
tune_7,Testing/cor_n350plai01.txt,0.05,0.0,0.0,50,3,0.8,0.01,largest,350.0,0.00
tune_8,Testing/cor_n350plai01.txt,0.05,0.0,0.0,50,3,0.8,0.01,largest,350.0,0.00
tune_9,Testing/cor_n350plai01.txt,0.05,0.0,0.0,50,3,0.8,0.01,largest,350.0,0.00
tune_10,Testing/cor_n350plai01.txt,0.05,0.0,0.0,50,3,0.8,0.01,largest,350.0,0.00
tune_1,Testing/cor_polbooks-w.txt,0.05,0.0,0.0,50,3,0.8,0.01,largest,105.0,1.50
tune_2,Testing/cor_polbooks-w.txt,0.05,0.0,0.0,50,3,0.8,0.01,largest,105.0,0.00
tune_3,Testing/cor_polbooks-w.txt,0.05,0.0,0.0,50,3,0.8,0.01,largest,105.0,0.00
tune_4,Testing/cor_polbooks-w.txt,0.05,0.0,0.0,50,3,0.8,0.01,largest,105.0,0.00
tune_5,Testing/cor_polbooks-w.txt,0.05,0.0,0.0,50,3,0.8,0.01,largest,105.0,0.00
tune_6,Testing/cor_polbooks-w.txt,0.05,0.0,0.0,50,3,0.8,0.01,largest,105.0,0.00
tune_7,Testing/cor_polbooks-w.txt,0.05,0.0,0.0,50,3,0.8,0.01,largest,105.0,0.00
tune_8,Testing/cor_polbooks-w.txt,0.05,0.0,0.0,50,3,0.8,0.01,largest,105.0,0.00
tune_9,Testing/cor_polbooks-w.txt,0.05,0.0,0.0,50,3,0.8,0.01,largest,105.0,0.00
tune_10,Testing/cor_polbooks-w.txt,0.05,0.0,0.0,50,3,0.8,0.01,largest,105.0,0.00
tune_1,Testing/hos_20_r1_1.txt,0.05,0.0,0.0,50,3,0.8,0.01,largest,20.0,1.11
tune_2,Testing/hos_20_r1_1.txt,0.05,0.0,0.0,50,3,0.8,0.01,largest,20.0,0.00
tune_3,Testing/hos_20_r1_1.txt,0.05,0.0,0.0,50,3,0.8,0.01,largest,20.0,0.00
tune_4,Testing/hos_20_r1_1.txt,0.05,0.0,0.0,50,3,0.8,0.01,largest,20.0,0.00
tune_5,Testing/hos_20_r1_1.txt,0.05,0.0,0.0,50,3,0.8,0.01,largest,20.0,0.00
tune_6,Testing/hos_20_r1_1.txt,0.05,0.0,0.0,50,3,0.8,0.01,largest,20.0,0.00
tune_7,Testing/hos_20_r1_1.txt,0.05,0.0,0.0,50,3,0.8,0.01,largest,20.0,0.00
tune_8,Testing/hos_20_r1_1.txt,0.05,0.0,0.0,50,3,0.8,0.01,largest,20.0,0.00
tune_9,Testing/hos_20_r1_1.txt,0.05,0.0,0.0,50,3,0.8,0.01,largest,20.0,0.00
tune_10,Testing/hos_20_r1_1.txt,0.05,0.0,0.0,50,3,0.8,0.01,largest,20.0,0.00
tune_1,Testing/hos_20_r2_1.txt,0.05,0.0,0.0,50,3,0.8,0.01,largest,20.0,1.16
tune_2,Testing/hos_20_r2_1.txt,0.05,0.0,0.0,50,3,0.8,0.01,largest,20.0,0.00
tune_3,Testing/hos_20_r2_1.txt,0.05,0.0,0.0,50,3,0.8,0.01,largest,20.0,0.00
tune_4,Testing/hos_20_r2_1.txt,0.05,0.0,0.0,50,3,0.8,0.01,largest,20.0,0.00
tune_5,Testing/hos_20_r2_1.txt,0.05,0.0,0.0,50,3,0.8,0.01,largest,20.0,0.00
tune_6,Testing/hos_20_r2_1.txt,0.05,0.0,0.0,50,3,0.8,0.01,largest,20.0,0.00
tune_7,Testing/hos_20_r2_1.txt,0.05,0.0,0.0,50,3,0.8,0.01,largest,20.0,0.00
tune_8,Testing/hos_20_r2_1.txt,0.05,0.0,0.0,50,3,0.8,0.01,largest,20.0,0.00
tune_9,Testing/hos_20_r2_1.txt,0.05,0.0,0.0,50,3,0.8,0.01,largest,20.0,0.00
tune_10,Testing/hos_20_r2_1.txt,0.05,0.0,0.0,50,3,0.8,0.01,largest,20.0,0.00
tune_1,Testing/hos_25_r1_1.txt,0.05,0.0,0.0,50,3,0.8,0.01,largest,25.0,1.11
tune_2,Testing/hos_25_r1_1.txt,0.05,0.0,0.0,50,3,0.8,0.01,largest,25.0,0.00
tune_3,Testing/hos_25_r1_1.txt,0.05,0.0,0.0,50,3,0.8,0.01,largest,25.0,0.00
tune_4,Testing/hos_25_r1_1.txt,0.05,0.0,0.0,50,3,0.8,0.01,largest,25.0,0.00
tune_5,Testing/hos_25_r1_1.txt,0.05,0.0,0.0,50,3,0.8,0.01,largest,25.0,0.00
tune_6,Testing/hos_25_r1_1.txt,0.05,0.0,0.0,50,3,0.8,0.01,largest,25.0,0.00
tune_7,Testing/hos_25_r1_1.txt,0.05,0.0,0.0,50,3,0.8,0.01,largest,25.0,0.00
tune_8,Testing/hos_25_r1_1.txt,0.05,0.0,0.0,50,3,0.8,0.01,largest,25.0,0.00
tune_9,Testing/hos_25_r1_1.txt,0.05,0.0,0.0,50,3,0.8,0.01,largest,25.0,0.00
tune_10,Testing/hos_25_r1_1.txt,0.05,0.0,0.0,50,3,0.8,0.01,largest,25.0,0.00
tune_1,Testing/hos_25_r2_1.txt,0.05,0.0,0.0,50,3,0.8,0.01,largest,25.0,1.15
tune_2,Testing/hos_25_r2_1.txt,0.05,0.0,0.0,50,3,0.8,0.01,largest,25.0,0.00
tune_3,Testing/hos_25_r2_1.txt,0.05,0.0,0.0,50,3,0.8,0.01,largest,25.0,0.00
tune_4,Testing/hos_25_r2_1.txt,0.05,0.0,0.0,50,3,0.8,0.01,largest,25.0,0.00
tune_5,Testing/hos_25_r2_1.txt,0.05,0.0,0.0,50,3,0.8,0.01,largest,25.0,0.00
tune_6,Testing/hos_25_r2_1.txt,0.05,0.0,0.0,50,3,0.8,0.01,largest,25.0,0.00
tune_7,Testing/hos_25_r2_1.txt,0.05,0.0,0.0,50,3,0.8,0.01,largest,25.0,0.00
tune_8,Testing/hos_25_r2_1.txt,0.05,0.0,0.0,50,3,0.8,0.01,largest,25.0,0.00
tune_9,Testing/hos_25_r2_1.txt,0.05,0.0,0.0,50,3,0.8,0.01,largest,25.0,0.00
tune_10,Testing/hos_25_r2_1.txt,0.05,0.0,0.0,50,3,0.8,0.01,largest,25.0,0.00
tune_1,Testing/hos_30_r1_1.txt,0.05,0.0,0.0,50,3,0.8,0.01,largest,30.0,1.25
tune_2,Testing/hos_30_r1_1.txt,0.05,0.0,0.0,50,3,0.8,0.01,largest,30.0,0.00
tune_3,Testing/hos_30_r1_1.txt,0.05,0.0,0.0,50,3,0.8,0.01,largest,30.0,0.00
tune_4,Testing/hos_30_r1_1.txt,0.05,0.0,0.0,50,3,0.8,0.01,largest,30.0,0.00
tune_5,Testing/hos_30_r1_1.txt,0.05,0.0,0.0,50,3,0.8,0.01,largest,30.0,0.00
tune_6,Testing/hos_30_r1_1.txt,0.05,0.0,0.0,50,3,0.8,0.01,largest,30.0,0.00
tune_7,Testing/hos_30_r1_1.txt,0.05,0.0,0.0,50,3,0.8,0.01,largest,30.0,0.00
tune_8,Testing/hos_30_r1_1.txt,0.05,0.0,0.0,50,3,0.8,0.01,largest,30.0,0.00
tune_9,Testing/hos_30_r1_1.txt,0.05,0.0,0.0,50,3,0.8,0.01,largest,30.0,0.00
tune_10,Testing/hos_30_r1_1.txt,0.05,0.0,0.0,50,3,0.8,0.01,largest,30.0,0.00
tune_1,Testing/hos_30_r2_1.txt,0.05,0.0,0.0,50,3,0.8,0.01,largest,30.0,1.18
tune_2,Testing/hos_30_r2_1.txt,0.05,0.0,0.0,50,3,0.8,0.01,largest,30.0,0.00
tune_3,Testing/hos_30_r2_1.txt,0.05,0.0,0.0,50,3,0.8,0.01,largest,30.0,0.00
tune_4,Testing/hos_30_r2_1.txt,0.05,0.0,0.0,50,3,0.8,0.01,largest,30.0,0.00
tune_5,Testing/hos_30_r2_1.txt,0.05,0.0,0.0,50,3,0.8,0.01,largest,30.0,0.00
tune_6,Testing/hos_30_r2_1.txt,0.05,0.0,0.0,50,3,0.8,0.01,largest,30.0,0.00
tune_7,Testing/hos_30_r2_1.txt,0.05,0.0,0.0,50,3,0.8,0.01,largest,30.0,0.00
tune_8,Testing/hos_30_r2_1.txt,0.05,0.0,0.0,50,3,0.8,0.01,largest,30.0,0.00
tune_9,Testing/hos_30_r2_1.txt,0.05,0.0,0.0,50,3,0.8,0.01,largest,30.0,0.00
tune_10,Testing/hos_30_r2_1.txt,0.05,0.0,0.0,50,3,0.8,0.01,largest,30.0,0.00
tune_1,Testing/hos_35_r1_1.txt,0.05,0.0,0.0,50,3,0.8,0.01,largest,35.0,1.13
tune_2,Testing/hos_35_r1_1.txt,0.05,0.0,0.0,50,3,0.8,0.01,largest,35.0,0.00
tune_3,Testing/hos_35_r1_1.txt,0.05,0.0,0.0,50,3,0.8,0.01,largest,35.0,0.00
tune_4,Testing/hos_35_r1_1.txt,0.05,0.0,0.0,50,3,0.8,0.01,largest,35.0,0.00
tune_5,Testing/hos_35_r1_1.txt,0.05,0.0,0.0,50,3,0.8,0.01,largest,35.0,0.00
tune_6,Testing/hos_35_r1_1.txt,0.05,0.0,0.0,50,3,0.8,0.01,largest,35.0,0.00
tune_7,Testing/hos_35_r1_1.txt,0.05,0.0,0.0,50,3,0.8,0.01,largest,35.0,0.00
tune_8,Testing/hos_35_r1_1.txt,0.05,0.0,0.0,50,3,0.8,0.01,largest,35.0,0.00
tune_9,Testing/hos_35_r1_1.txt,0.05,0.0,0.0,50,3,0.8,0.01,largest,35.0,0.00
tune_10,Testing/hos_35_r1_1.txt,0.05,0.0,0.0,50,3,0.8,0.01,largest,35.0,0.00
tune_1,Testing/hos_35_r2_1.txt,0.05,0.0,0.0,50,3,0.8,0.01,largest,35.0,1.24
tune_2,Testing/hos_35_r2_1.txt,0.05,0.0,0.0,50,3,0.8,0.01,largest,35.0,0.00
tune_3,Testing/hos_35_r2_1.txt,0.05,0.0,0.0,50,3,0.8,0.01,largest,35.0,0.00
tune_4,Testing/hos_35_r2_1.txt,0.05,0.0,0.0,50,3,0.8,0.01,largest,35.0,0.00
tune_5,Testing/hos_35_r2_1.txt,0.05,0.0,0.0,50,3,0.8,0.01,largest,35.0,0.00
tune_6,Testing/hos_35_r2_1.txt,0.05,0.0,0.0,50,3,0.8,0.01,largest,35.0,0.00
tune_7,Testing/hos_35_r2_1.txt,0.05,0.0,0.0,50,3,0.8,0.01,largest,35.0,0.00
tune_8,Testing/hos_35_r2_1.txt,0.05,0.0,0.0,50,3,0.8,0.01,largest,35.0,0.00
tune_9,Testing/hos_35_r2_1.txt,0.05,0.0,0.0,50,3,0.8,0.01,largest,35.0,0.00
tune_10,Testing/hos_35_r2_1.txt,0.05,0.0,0.0,50,3,0.8,0.01,largest,35.0,0.00
tune_1,Testing/hos_40_r1_1.txt,0.05,0.0,0.0,50,3,0.8,0.01,largest,40.0,1.23
tune_2,Testing/hos_40_r1_1.txt,0.05,0.0,0.0,50,3,0.8,0.01,largest,40.0,0.00
tune_3,Testing/hos_40_r1_1.txt,0.05,0.0,0.0,50,3,0.8,0.01,largest,40.0,0.00
tune_4,Testing/hos_40_r1_1.txt,0.05,0.0,0.0,50,3,0.8,0.01,largest,40.0,0.00
tune_5,Testing/hos_40_r1_1.txt,0.05,0.0,0.0,50,3,0.8,0.01,largest,40.0,0.00
tune_6,Testing/hos_40_r1_1.txt,0.05,0.0,0.0,50,3,0.8,0.01,largest,40.0,0.00
tune_7,Testing/hos_40_r1_1.txt,0.05,0.0,0.0,50,3,0.8,0.01,largest,40.0,0.00
tune_8,Testing/hos_40_r1_1.txt,0.05,0.0,0.0,50,3,0.8,0.01,largest,40.0,0.00
tune_9,Testing/hos_40_r1_1.txt,0.05,0.0,0.0,50,3,0.8,0.01,largest,40.0,0.00
tune_10,Testing/hos_40_r1_1.txt,0.05,0.0,0.0,50,3,0.8,0.01,largest,40.0,0.00
tune_1,Testing/hos_40_r2_1.txt,0.05,0.0,0.0,50,3,0.8,0.01,largest,40.0,1.23
tune_2,Testing/hos_40_r2_1.txt,0.05,0.0,0.0,50,3,0.8,0.01,largest,40.0,0.00
tune_3,Testing/hos_40_r2_1.txt,0.05,0.0,0.0,50,3,0.8,0.01,largest,40.0,0.00
tune_4,Testing/hos_40_r2_1.txt,0.05,0.0,0.0,50,3,0.8,0.01,largest,40.0,0.00
tune_5,Testing/hos_40_r2_1.txt,0.05,0.0,0.0,50,3,0.8,0.01,largest,40.0,0.00
tune_6,Testing/hos_40_r2_1.txt,0.05,0.0,0.0,50,3,0.8,0.01,largest,40.0,0.00
tune_7,Testing/hos_40_r2_1.txt,0.05,0.0,0.0,50,3,0.8,0.01,largest,40.0,0.00
tune_8,Testing/hos_40_r2_1.txt,0.05,0.0,0.0,50,3,0.8,0.01,largest,40.0,0.00
tune_9,Testing/hos_40_r2_1.txt,0.05,0.0,0.0,50,3,0.8,0.01,largest,40.0,0.00
tune_10,Testing/hos_40_r2_1.txt,0.05,0.0,0.0,50,3,0.8,0.01,largest,40.0,0.00
tune_1,Testing/hos_45_r1_1.txt,0.05,0.0,0.0,50,3,0.8,0.01,largest,45.0,1.19
tune_2,Testing/hos_45_r1_1.txt,0.05,0.0,0.0,50,3,0.8,0.01,largest,45.0,0.00
tune_3,Testing/hos_45_r1_1.txt,0.05,0.0,0.0,50,3,0.8,0.01,largest,45.0,0.00
tune_4,Testing/hos_45_r1_1.txt,0.05,0.0,0.0,50,3,0.8,0.01,largest,45.0,0.00
tune_5,Testing/hos_45_r1_1.txt,0.05,0.0,0.0,50,3,0.8,0.01,largest,45.0,0.00
tune_6,Testing/hos_45_r1_1.txt,0.05,0.0,0.0,50,3,0.8,0.01,largest,45.0,0.00
tune_7,Testing/hos_45_r1_1.txt,0.05,0.0,0.0,50,3,0.8,0.01,largest,45.0,0.00
tune_8,Testing/hos_45_r1_1.txt,0.05,0.0,0.0,50,3,0.8,0.01,largest,45.0,0.00
tune_9,Testing/hos_45_r1_1.txt,0.05,0.0,0.0,50,3,0.8,0.01,largest,45.0,0.00
tune_10,Testing/hos_45_r1_1.txt,0.05,0.0,0.0,50,3,0.8,0.01,largest,45.0,0.00
tune_1,Testing/hos_45_r2_1.txt,0.05,0.0,0.0,50,3,0.8,0.01,largest,45.0,1.23
tune_2,Testing/hos_45_r2_1.txt,0.05,0.0,0.0,50,3,0.8,0.01,largest,45.0,0.00
tune_3,Testing/hos_45_r2_1.txt,0.05,0.0,0.0,50,3,0.8,0.01,largest,45.0,0.00
tune_4,Testing/hos_45_r2_1.txt,0.05,0.0,0.0,50,3,0.8,0.01,largest,45.0,0.00
tune_5,Testing/hos_45_r2_1.txt,0.05,0.0,0.0,50,3,0.8,0.01,largest,45.0,0.00
tune_6,Testing/hos_45_r2_1.txt,0.05,0.0,0.0,50,3,0.8,0.01,largest,45.0,0.00
tune_7,Testing/hos_45_r2_1.txt,0.05,0.0,0.0,50,3,0.8,0.01,largest,45.0,0.00
tune_8,Testing/hos_45_r2_1.txt,0.05,0.0,0.0,50,3,0.8,0.01,largest,45.0,0.00
tune_9,Testing/hos_45_r2_1.txt,0.05,0.0,0.0,50,3,0.8,0.01,largest,45.0,0.00
tune_10,Testing/hos_45_r2_1.txt,0.05,0.0,0.0,50,3,0.8,0.01,largest,45.0,0.00
tune_1,Testing/hos_50_r1_1.txt,0.05,0.0,0.0,50,3,0.8,0.01,largest,50.0,1.20
tune_2,Testing/hos_50_r1_1.txt,0.05,0.0,0.0,50,3,0.8,0.01,largest,50.0,0.00
tune_3,Testing/hos_50_r1_1.txt,0.05,0.0,0.0,50,3,0.8,0.01,largest,50.0,0.00
tune_4,Testing/hos_50_r1_1.txt,0.05,0.0,0.0,50,3,0.8,0.01,largest,50.0,0.00
tune_5,Testing/hos_50_r1_1.txt,0.05,0.0,0.0,50,3,0.8,0.01,largest,50.0,0.00
tune_6,Testing/hos_50_r1_1.txt,0.05,0.0,0.0,50,3,0.8,0.01,largest,50.0,0.00
tune_7,Testing/hos_50_r1_1.txt,0.05,0.0,0.0,50,3,0.8,0.01,largest,50.0,0.00
tune_8,Testing/hos_50_r1_1.txt,0.05,0.0,0.0,50,3,0.8,0.01,largest,50.0,0.00
tune_9,Testing/hos_50_r1_1.txt,0.05,0.0,0.0,50,3,0.8,0.01,largest,50.0,0.00
tune_10,Testing/hos_50_r1_1.txt,0.05,0.0,0.0,50,3,0.8,0.01,largest,50.0,0.00
tune_1,Testing/hos_50_r2_1.txt,0.05,0.0,0.0,50,3,0.8,0.01,largest,50.0,1.34
tune_2,Testing/hos_50_r2_1.txt,0.05,0.0,0.0,50,3,0.8,0.01,largest,50.0,0.00
tune_3,Testing/hos_50_r2_1.txt,0.05,0.0,0.0,50,3,0.8,0.01,largest,50.0,0.00
tune_4,Testing/hos_50_r2_1.txt,0.05,0.0,0.0,50,3,0.8,0.01,largest,50.0,0.00
tune_5,Testing/hos_50_r2_1.txt,0.05,0.0,0.0,50,3,0.8,0.01,largest,50.0,0.00
tune_6,Testing/hos_50_r2_1.txt,0.05,0.0,0.0,50,3,0.8,0.01,largest,50.0,0.00
tune_7,Testing/hos_50_r2_1.txt,0.05,0.0,0.0,50,3,0.8,0.01,largest,50.0,0.00
tune_8,Testing/hos_50_r2_1.txt,0.05,0.0,0.0,50,3,0.8,0.01,largest,50.0,0.00
tune_9,Testing/hos_50_r2_1.txt,0.05,0.0,0.0,50,3,0.8,0.01,largest,50.0,0.00
tune_10,Testing/hos_50_r2_1.txt,0.05,0.0,0.0,50,3,0.8,0.01,largest,50.0,0.00
tune_1,Testing/mac_grafo10dens30.txt,0.05,0.0,0.0,50,3,0.8,0.01,largest,10.0,1.13
tune_2,Testing/mac_grafo10dens30.txt,0.05,0.0,0.0,50,3,0.8,0.01,largest,10.0,0.00
tune_3,Testing/mac_grafo10dens30.txt,0.05,0.0,0.0,50,3,0.8,0.01,largest,10.0,0.00
tune_4,Testing/mac_grafo10dens30.txt,0.05,0.0,0.0,50,3,0.8,0.01,largest,10.0,0.00
tune_5,Testing/mac_grafo10dens30.txt,0.05,0.0,0.0,50,3,0.8,0.01,largest,10.0,0.00
tune_6,Testing/mac_grafo10dens30.txt,0.05,0.0,0.0,50,3,0.8,0.01,largest,10.0,0.00
tune_7,Testing/mac_grafo10dens30.txt,0.05,0.0,0.0,50,3,0.8,0.01,largest,10.0,0.00
tune_8,Testing/mac_grafo10dens30.txt,0.05,0.0,0.0,50,3,0.8,0.01,largest,10.0,0.00
tune_9,Testing/mac_grafo10dens30.txt,0.05,0.0,0.0,50,3,0.8,0.01,largest,10.0,0.00
tune_10,Testing/mac_grafo10dens30.txt,0.05,0.0,0.0,50,3,0.8,0.01,largest,10.0,0.00
tune_1,Testing/mac_grafo11dens30.txt,0.05,0.0,0.0,50,3,0.8,0.01,largest,11.0,1.07
tune_2,Testing/mac_grafo11dens30.txt,0.05,0.0,0.0,50,3,0.8,0.01,largest,11.0,0.00
tune_3,Testing/mac_grafo11dens30.txt,0.05,0.0,0.0,50,3,0.8,0.01,largest,11.0,0.00
tune_4,Testing/mac_grafo11dens30.txt,0.05,0.0,0.0,50,3,0.8,0.01,largest,11.0,0.00
tune_5,Testing/mac_grafo11dens30.txt,0.05,0.0,0.0,50,3,0.8,0.01,largest,11.0,0.00
tune_6,Testing/mac_grafo11dens30.txt,0.05,0.0,0.0,50,3,0.8,0.01,largest,11.0,0.00
tune_7,Testing/mac_grafo11dens30.txt,0.05,0.0,0.0,50,3,0.8,0.01,largest,11.0,0.00
tune_8,Testing/mac_grafo11dens30.txt,0.05,0.0,0.0,50,3,0.8,0.01,largest,11.0,0.00
tune_9,Testing/mac_grafo11dens30.txt,0.05,0.0,0.0,50,3,0.8,0.01,largest,11.0,0.00
tune_10,Testing/mac_grafo11dens30.txt,0.05,0.0,0.0,50,3,0.8,0.01,largest,11.0,0.00
tune_1,Testing/mac_grafo12dens30.txt,0.05,0.0,0.0,50,3,0.8,0.01,largest,12.0,1.09
tune_2,Testing/mac_grafo12dens30.txt,0.05,0.0,0.0,50,3,0.8,0.01,largest,12.0,0.00
tune_3,Testing/mac_grafo12dens30.txt,0.05,0.0,0.0,50,3,0.8,0.01,largest,12.0,0.00
tune_4,Testing/mac_grafo12dens30.txt,0.05,0.0,0.0,50,3,0.8,0.01,largest,12.0,0.00
tune_5,Testing/mac_grafo12dens30.txt,0.05,0.0,0.0,50,3,0.8,0.01,largest,12.0,0.00
tune_6,Testing/mac_grafo12dens30.txt,0.05,0.0,0.0,50,3,0.8,0.01,largest,12.0,0.00
tune_7,Testing/mac_grafo12dens30.txt,0.05,0.0,0.0,50,3,0.8,0.01,largest,12.0,0.00
tune_8,Testing/mac_grafo12dens30.txt,0.05,0.0,0.0,50,3,0.8,0.01,largest,12.0,0.00
tune_9,Testing/mac_grafo12dens30.txt,0.05,0.0,0.0,50,3,0.8,0.01,largest,12.0,0.00
tune_10,Testing/mac_grafo12dens30.txt,0.05,0.0,0.0,50,3,0.8,0.01,largest,12.0,0.00
tune_1,Testing/mac_grafo13dens30.txt,0.05,0.0,0.0,50,3,0.8,0.01,largest,13.0,1.09
tune_2,Testing/mac_grafo13dens30.txt,0.05,0.0,0.0,50,3,0.8,0.01,largest,13.0,0.00
tune_3,Testing/mac_grafo13dens30.txt,0.05,0.0,0.0,50,3,0.8,0.01,largest,13.0,0.00
tune_4,Testing/mac_grafo13dens30.txt,0.05,0.0,0.0,50,3,0.8,0.01,largest,13.0,0.00
tune_5,Testing/mac_grafo13dens30.txt,0.05,0.0,0.0,50,3,0.8,0.01,largest,13.0,0.00
tune_6,Testing/mac_grafo13dens30.txt,0.05,0.0,0.0,50,3,0.8,0.01,largest,13.0,0.00
tune_7,Testing/mac_grafo13dens30.txt,0.05,0.0,0.0,50,3,0.8,0.01,largest,13.0,0.00
tune_8,Testing/mac_grafo13dens30.txt,0.05,0.0,0.0,50,3,0.8,0.01,largest,13.0,0.00
tune_9,Testing/mac_grafo13dens30.txt,0.05,0.0,0.0,50,3,0.8,0.01,largest,13.0,0.00
tune_10,Testing/mac_grafo13dens30.txt,0.05,0.0,0.0,50,3,0.8,0.01,largest,13.0,0.00
tune_1,Testing/mac_grafo14dens30.txt,0.05,0.0,0.0,50,3,0.8,0.01,largest,14.0,1.13
tune_2,Testing/mac_grafo14dens30.txt,0.05,0.0,0.0,50,3,0.8,0.01,largest,14.0,0.00
tune_3,Testing/mac_grafo14dens30.txt,0.05,0.0,0.0,50,3,0.8,0.01,largest,14.0,0.00
tune_4,Testing/mac_grafo14dens30.txt,0.05,0.0,0.0,50,3,0.8,0.01,largest,14.0,0.00
tune_5,Testing/mac_grafo14dens30.txt,0.05,0.0,0.0,50,3,0.8,0.01,largest,14.0,0.00
tune_6,Testing/mac_grafo14dens30.txt,0.05,0.0,0.0,50,3,0.8,0.01,largest,14.0,0.00
tune_7,Testing/mac_grafo14dens30.txt,0.05,0.0,0.0,50,3,0.8,0.01,largest,14.0,0.00
tune_8,Testing/mac_grafo14dens30.txt,0.05,0.0,0.0,50,3,0.8,0.01,largest,14.0,0.00
tune_9,Testing/mac_grafo14dens30.txt,0.05,0.0,0.0,50,3,0.8,0.01,largest,14.0,0.00
tune_10,Testing/mac_grafo14dens30.txt,0.05,0.0,0.0,50,3,0.8,0.01,largest,14.0,0.00
tune_1,Testing/mac_grafo15dens30.txt,0.05,0.0,0.0,50,3,0.8,0.01,largest,15.0,1.14
tune_2,Testing/mac_grafo15dens30.txt,0.05,0.0,0.0,50,3,0.8,0.01,largest,15.0,0.00
tune_3,Testing/mac_grafo15dens30.txt,0.05,0.0,0.0,50,3,0.8,0.01,largest,15.0,0.00
tune_4,Testing/mac_grafo15dens30.txt,0.05,0.0,0.0,50,3,0.8,0.01,largest,15.0,0.00
tune_5,Testing/mac_grafo15dens30.txt,0.05,0.0,0.0,50,3,0.8,0.01,largest,15.0,0.00
tune_6,Testing/mac_grafo15dens30.txt,0.05,0.0,0.0,50,3,0.8,0.01,largest,15.0,0.00
tune_7,Testing/mac_grafo15dens30.txt,0.05,0.0,0.0,50,3,0.8,0.01,largest,15.0,0.00
tune_8,Testing/mac_grafo15dens30.txt,0.05,0.0,0.0,50,3,0.8,0.01,largest,15.0,0.00
tune_9,Testing/mac_grafo15dens30.txt,0.05,0.0,0.0,50,3,0.8,0.01,largest,15.0,0.00
tune_10,Testing/mac_grafo15dens30.txt,0.05,0.0,0.0,50,3,0.8,0.01,largest,15.0,0.00
tune_1,Testing/mac_grafo16dens30.txt,0.05,0.0,0.0,50,3,0.8,0.01,largest,16.0,1.14
tune_2,Testing/mac_grafo16dens30.txt,0.05,0.0,0.0,50,3,0.8,0.01,largest,16.0,0.00
tune_3,Testing/mac_grafo16dens30.txt,0.05,0.0,0.0,50,3,0.8,0.01,largest,16.0,0.00
tune_4,Testing/mac_grafo16dens30.txt,0.05,0.0,0.0,50,3,0.8,0.01,largest,16.0,0.00
tune_5,Testing/mac_grafo16dens30.txt,0.05,0.0,0.0,50,3,0.8,0.01,largest,16.0,0.00
tune_6,Testing/mac_grafo16dens30.txt,0.05,0.0,0.0,50,3,0.8,0.01,largest,16.0,0.00
tune_7,Testing/mac_grafo16dens30.txt,0.05,0.0,0.0,50,3,0.8,0.01,largest,16.0,0.00
tune_8,Testing/mac_grafo16dens30.txt,0.05,0.0,0.0,50,3,0.8,0.01,largest,16.0,0.00
tune_9,Testing/mac_grafo16dens30.txt,0.05,0.0,0.0,50,3,0.8,0.01,largest,16.0,0.00
tune_10,Testing/mac_grafo16dens30.txt,0.05,0.0,0.0,50,3,0.8,0.01,largest,16.0,0.00
tune_1,Testing/mac_grafo17dens30.txt,0.05,0.0,0.0,50,3,0.8,0.01,largest,17.0,1.11
tune_2,Testing/mac_grafo17dens30.txt,0.05,0.0,0.0,50,3,0.8,0.01,largest,17.0,0.00
tune_3,Testing/mac_grafo17dens30.txt,0.05,0.0,0.0,50,3,0.8,0.01,largest,17.0,0.00
tune_4,Testing/mac_grafo17dens30.txt,0.05,0.0,0.0,50,3,0.8,0.01,largest,17.0,0.00
tune_5,Testing/mac_grafo17dens30.txt,0.05,0.0,0.0,50,3,0.8,0.01,largest,17.0,0.00
tune_6,Testing/mac_grafo17dens30.txt,0.05,0.0,0.0,50,3,0.8,0.01,largest,17.0,0.00
tune_7,Testing/mac_grafo17dens30.txt,0.05,0.0,0.0,50,3,0.8,0.01,largest,17.0,0.00
tune_8,Testing/mac_grafo17dens30.txt,0.05,0.0,0.0,50,3,0.8,0.01,largest,17.0,0.00
tune_9,Testing/mac_grafo17dens30.txt,0.05,0.0,0.0,50,3,0.8,0.01,largest,17.0,0.00
tune_10,Testing/mac_grafo17dens30.txt,0.05,0.0,0.0,50,3,0.8,0.01,largest,17.0,0.00
tune_1,Testing/mac_grafo18dens30.txt,0.05,0.0,0.0,50,3,0.8,0.01,largest,18.0,1.13
tune_2,Testing/mac_grafo18dens30.txt,0.05,0.0,0.0,50,3,0.8,0.01,largest,18.0,0.00
tune_3,Testing/mac_grafo18dens30.txt,0.05,0.0,0.0,50,3,0.8,0.01,largest,18.0,0.00
tune_4,Testing/mac_grafo18dens30.txt,0.05,0.0,0.0,50,3,0.8,0.01,largest,18.0,0.00
tune_5,Testing/mac_grafo18dens30.txt,0.05,0.0,0.0,50,3,0.8,0.01,largest,18.0,0.00
tune_6,Testing/mac_grafo18dens30.txt,0.05,0.0,0.0,50,3,0.8,0.01,largest,18.0,0.00
tune_7,Testing/mac_grafo18dens30.txt,0.05,0.0,0.0,50,3,0.8,0.01,largest,18.0,0.00
tune_8,Testing/mac_grafo18dens30.txt,0.05,0.0,0.0,50,3,0.8,0.01,largest,18.0,0.00
tune_9,Testing/mac_grafo18dens30.txt,0.05,0.0,0.0,50,3,0.8,0.01,largest,18.0,0.00
tune_10,Testing/mac_grafo18dens30.txt,0.05,0.0,0.0,50,3,0.8,0.01,largest,18.0,0.00
tune_1,Testing/mac_grafo19dens30.txt,0.05,0.0,0.0,50,3,0.8,0.01,largest,19.0,1.14
tune_2,Testing/mac_grafo19dens30.txt,0.05,0.0,0.0,50,3,0.8,0.01,largest,19.0,0.00
tune_3,Testing/mac_grafo19dens30.txt,0.05,0.0,0.0,50,3,0.8,0.01,largest,19.0,0.00
tune_4,Testing/mac_grafo19dens30.txt,0.05,0.0,0.0,50,3,0.8,0.01,largest,19.0,0.00
tune_5,Testing/mac_grafo19dens30.txt,0.05,0.0,0.0,50,3,0.8,0.01,largest,19.0,0.00
tune_6,Testing/mac_grafo19dens30.txt,0.05,0.0,0.0,50,3,0.8,0.01,largest,19.0,0.00
tune_7,Testing/mac_grafo19dens30.txt,0.05,0.0,0.0,50,3,0.8,0.01,largest,19.0,0.00
tune_8,Testing/mac_grafo19dens30.txt,0.05,0.0,0.0,50,3,0.8,0.01,largest,19.0,0.00
tune_9,Testing/mac_grafo19dens30.txt,0.05,0.0,0.0,50,3,0.8,0.01,largest,19.0,0.00
tune_10,Testing/mac_grafo19dens30.txt,0.05,0.0,0.0,50,3,0.8,0.01,largest,19.0,0.00
tune_1,Testing/mac_grafo20dens30.txt,0.05,0.0,0.0,50,3,0.8,0.01,largest,20.0,1.16
tune_2,Testing/mac_grafo20dens30.txt,0.05,0.0,0.0,50,3,0.8,0.01,largest,20.0,0.00
tune_3,Testing/mac_grafo20dens30.txt,0.05,0.0,0.0,50,3,0.8,0.01,largest,20.0,0.00
tune_4,Testing/mac_grafo20dens30.txt,0.05,0.0,0.0,50,3,0.8,0.01,largest,20.0,0.00
tune_5,Testing/mac_grafo20dens30.txt,0.05,0.0,0.0,50,3,0.8,0.01,largest,20.0,0.00
tune_6,Testing/mac_grafo20dens30.txt,0.05,0.0,0.0,50,3,0.8,0.01,largest,20.0,0.00
tune_7,Testing/mac_grafo20dens30.txt,0.05,0.0,0.0,50,3,0.8,0.01,largest,20.0,0.00
tune_8,Testing/mac_grafo20dens30.txt,0.05,0.0,0.0,50,3,0.8,0.01,largest,20.0,0.00
tune_9,Testing/mac_grafo20dens30.txt,0.05,0.0,0.0,50,3,0.8,0.01,largest,20.0,0.00
tune_10,Testing/mac_grafo20dens30.txt,0.05,0.0,0.0,50,3,0.8,0.01,largest,20.0,0.00
tune_1,Testing/mac_grafo21dens30.txt,0.05,0.0,0.0,50,3,0.8,0.01,largest,21.0,1.18
tune_2,Testing/mac_grafo21dens30.txt,0.05,0.0,0.0,50,3,0.8,0.01,largest,21.0,0.00
tune_3,Testing/mac_grafo21dens30.txt,0.05,0.0,0.0,50,3,0.8,0.01,largest,21.0,0.00
tune_4,Testing/mac_grafo21dens30.txt,0.05,0.0,0.0,50,3,0.8,0.01,largest,21.0,0.00
tune_5,Testing/mac_grafo21dens30.txt,0.05,0.0,0.0,50,3,0.8,0.01,largest,21.0,0.00
tune_6,Testing/mac_grafo21dens30.txt,0.05,0.0,0.0,50,3,0.8,0.01,largest,21.0,0.00
tune_7,Testing/mac_grafo21dens30.txt,0.05,0.0,0.0,50,3,0.8,0.01,largest,21.0,0.00
tune_8,Testing/mac_grafo21dens30.txt,0.05,0.0,0.0,50,3,0.8,0.01,largest,21.0,0.00
tune_9,Testing/mac_grafo21dens30.txt,0.05,0.0,0.0,50,3,0.8,0.01,largest,21.0,0.00
tune_10,Testing/mac_grafo21dens30.txt,0.05,0.0,0.0,50,3,0.8,0.01,largest,21.0,0.00
tune_1,Testing/mac_grafo22dens30.txt,0.05,0.0,0.0,50,3,0.8,0.01,largest,22.0,1.19
tune_2,Testing/mac_grafo22dens30.txt,0.05,0.0,0.0,50,3,0.8,0.01,largest,22.0,0.00
tune_3,Testing/mac_grafo22dens30.txt,0.05,0.0,0.0,50,3,0.8,0.01,largest,22.0,0.00
tune_4,Testing/mac_grafo22dens30.txt,0.05,0.0,0.0,50,3,0.8,0.01,largest,22.0,0.00
tune_5,Testing/mac_grafo22dens30.txt,0.05,0.0,0.0,50,3,0.8,0.01,largest,22.0,0.00
tune_6,Testing/mac_grafo22dens30.txt,0.05,0.0,0.0,50,3,0.8,0.01,largest,22.0,0.00
tune_7,Testing/mac_grafo22dens30.txt,0.05,0.0,0.0,50,3,0.8,0.01,largest,22.0,0.00
tune_8,Testing/mac_grafo22dens30.txt,0.05,0.0,0.0,50,3,0.8,0.01,largest,22.0,0.00
tune_9,Testing/mac_grafo22dens30.txt,0.05,0.0,0.0,50,3,0.8,0.01,largest,22.0,0.00
tune_10,Testing/mac_grafo22dens30.txt,0.05,0.0,0.0,50,3,0.8,0.01,largest,22.0,0.00
tune_1,Testing/mac_grafo23dens30.txt,0.05,0.0,0.0,50,3,0.8,0.01,largest,23.0,1.20
tune_2,Testing/mac_grafo23dens30.txt,0.05,0.0,0.0,50,3,0.8,0.01,largest,23.0,0.00
tune_3,Testing/mac_grafo23dens30.txt,0.05,0.0,0.0,50,3,0.8,0.01,largest,23.0,0.00
tune_4,Testing/mac_grafo23dens30.txt,0.05,0.0,0.0,50,3,0.8,0.01,largest,23.0,0.00
tune_5,Testing/mac_grafo23dens30.txt,0.05,0.0,0.0,50,3,0.8,0.01,largest,23.0,0.00
tune_6,Testing/mac_grafo23dens30.txt,0.05,0.0,0.0,50,3,0.8,0.01,largest,23.0,0.00
tune_7,Testing/mac_grafo23dens30.txt,0.05,0.0,0.0,50,3,0.8,0.01,largest,23.0,0.00
tune_8,Testing/mac_grafo23dens30.txt,0.05,0.0,0.0,50,3,0.8,0.01,largest,23.0,0.00
tune_9,Testing/mac_grafo23dens30.txt,0.05,0.0,0.0,50,3,0.8,0.01,largest,23.0,0.00
tune_10,Testing/mac_grafo23dens30.txt,0.05,0.0,0.0,50,3,0.8,0.01,largest,23.0,0.00
tune_1,Testing/mac_grafo24dens30.txt,0.05,0.0,0.0,50,3,0.8,0.01,largest,24.0,1.16
tune_2,Testing/mac_grafo24dens30.txt,0.05,0.0,0.0,50,3,0.8,0.01,largest,24.0,0.00
tune_3,Testing/mac_grafo24dens30.txt,0.05,0.0,0.0,50,3,0.8,0.01,largest,24.0,0.00
tune_4,Testing/mac_grafo24dens30.txt,0.05,0.0,0.0,50,3,0.8,0.01,largest,24.0,0.00
tune_5,Testing/mac_grafo24dens30.txt,0.05,0.0,0.0,50,3,0.8,0.01,largest,24.0,0.00
tune_6,Testing/mac_grafo24dens30.txt,0.05,0.0,0.0,50,3,0.8,0.01,largest,24.0,0.00
tune_7,Testing/mac_grafo24dens30.txt,0.05,0.0,0.0,50,3,0.8,0.01,largest,24.0,0.00
tune_8,Testing/mac_grafo24dens30.txt,0.05,0.0,0.0,50,3,0.8,0.01,largest,24.0,0.00
tune_9,Testing/mac_grafo24dens30.txt,0.05,0.0,0.0,50,3,0.8,0.01,largest,24.0,0.00
tune_10,Testing/mac_grafo24dens30.txt,0.05,0.0,0.0,50,3,0.8,0.01,largest,24.0,0.00
tune_1,Testing/mac_grafo25dens30.txt,0.05,0.0,0.0,50,3,0.8,0.01,largest,25.0,1.18
tune_2,Testing/mac_grafo25dens30.txt,0.05,0.0,0.0,50,3,0.8,0.01,largest,25.0,0.00
tune_3,Testing/mac_grafo25dens30.txt,0.05,0.0,0.0,50,3,0.8,0.01,largest,25.0,0.00
tune_4,Testing/mac_grafo25dens30.txt,0.05,0.0,0.0,50,3,0.8,0.01,largest,25.0,0.00
tune_5,Testing/mac_grafo25dens30.txt,0.05,0.0,0.0,50,3,0.8,0.01,largest,25.0,0.00
tune_6,Testing/mac_grafo25dens30.txt,0.05,0.0,0.0,50,3,0.8,0.01,largest,25.0,0.00
tune_7,Testing/mac_grafo25dens30.txt,0.05,0.0,0.0,50,3,0.8,0.01,largest,25.0,0.00
tune_8,Testing/mac_grafo25dens30.txt,0.05,0.0,0.0,50,3,0.8,0.01,largest,25.0,0.00
tune_9,Testing/mac_grafo25dens30.txt,0.05,0.0,0.0,50,3,0.8,0.01,largest,25.0,0.00
tune_10,Testing/mac_grafo25dens30.txt,0.05,0.0,0.0,50,3,0.8,0.01,largest,25.0,0.00
tune_1,Testing/mac_grafo26dens30.txt,0.05,0.0,0.0,50,3,0.8,0.01,largest,26.0,1.18
tune_2,Testing/mac_grafo26dens30.txt,0.05,0.0,0.0,50,3,0.8,0.01,largest,26.0,0.00
tune_3,Testing/mac_grafo26dens30.txt,0.05,0.0,0.0,50,3,0.8,0.01,largest,26.0,0.00
tune_4,Testing/mac_grafo26dens30.txt,0.05,0.0,0.0,50,3,0.8,0.01,largest,26.0,0.00
tune_5,Testing/mac_grafo26dens30.txt,0.05,0.0,0.0,50,3,0.8,0.01,largest,26.0,0.00
tune_6,Testing/mac_grafo26dens30.txt,0.05,0.0,0.0,50,3,0.8,0.01,largest,26.0,0.00
tune_7,Testing/mac_grafo26dens30.txt,0.05,0.0,0.0,50,3,0.8,0.01,largest,26.0,0.00
tune_8,Testing/mac_grafo26dens30.txt,0.05,0.0,0.0,50,3,0.8,0.01,largest,26.0,0.00
tune_9,Testing/mac_grafo26dens30.txt,0.05,0.0,0.0,50,3,0.8,0.01,largest,26.0,0.00
tune_10,Testing/mac_grafo26dens30.txt,0.05,0.0,0.0,50,3,0.8,0.01,largest,26.0,0.00
tune_1,Testing/mac_grafo27dens30.txt,0.05,0.0,0.0,50,3,0.8,0.01,largest,27.0,1.19
tune_2,Testing/mac_grafo27dens30.txt,0.05,0.0,0.0,50,3,0.8,0.01,largest,27.0,0.00
tune_3,Testing/mac_grafo27dens30.txt,0.05,0.0,0.0,50,3,0.8,0.01,largest,27.0,0.00
tune_4,Testing/mac_grafo27dens30.txt,0.05,0.0,0.0,50,3,0.8,0.01,largest,27.0,0.00
tune_5,Testing/mac_grafo27dens30.txt,0.05,0.0,0.0,50,3,0.8,0.01,largest,27.0,0.00
tune_6,Testing/mac_grafo27dens30.txt,0.05,0.0,0.0,50,3,0.8,0.01,largest,27.0,0.00
tune_7,Testing/mac_grafo27dens30.txt,0.05,0.0,0.0,50,3,0.8,0.01,largest,27.0,0.00
tune_8,Testing/mac_grafo27dens30.txt,0.05,0.0,0.0,50,3,0.8,0.01,largest,27.0,0.00
tune_9,Testing/mac_grafo27dens30.txt,0.05,0.0,0.0,50,3,0.8,0.01,largest,27.0,0.00
tune_10,Testing/mac_grafo27dens30.txt,0.05,0.0,0.0,50,3,0.8,0.01,largest,27.0,0.00
tune_1,Testing/mac_grafo28dens30.txt,0.05,0.0,0.0,50,3,0.8,0.01,largest,28.0,1.18
tune_2,Testing/mac_grafo28dens30.txt,0.05,0.0,0.0,50,3,0.8,0.01,largest,28.0,0.00
tune_3,Testing/mac_grafo28dens30.txt,0.05,0.0,0.0,50,3,0.8,0.01,largest,28.0,0.00
tune_4,Testing/mac_grafo28dens30.txt,0.05,0.0,0.0,50,3,0.8,0.01,largest,28.0,0.00
tune_5,Testing/mac_grafo28dens30.txt,0.05,0.0,0.0,50,3,0.8,0.01,largest,28.0,0.00
tune_6,Testing/mac_grafo28dens30.txt,0.05,0.0,0.0,50,3,0.8,0.01,largest,28.0,0.00
tune_7,Testing/mac_grafo28dens30.txt,0.05,0.0,0.0,50,3,0.8,0.01,largest,28.0,0.00
tune_8,Testing/mac_grafo28dens30.txt,0.05,0.0,0.0,50,3,0.8,0.01,largest,28.0,0.00
tune_9,Testing/mac_grafo28dens30.txt,0.05,0.0,0.0,50,3,0.8,0.01,largest,28.0,0.00
tune_10,Testing/mac_grafo28dens30.txt,0.05,0.0,0.0,50,3,0.8,0.01,largest,28.0,0.00
tune_1,Testing/mac_grafo29dens30.txt,0.05,0.0,0.0,50,3,0.8,0.01,largest,29.0,1.20
tune_2,Testing/mac_grafo29dens30.txt,0.05,0.0,0.0,50,3,0.8,0.01,largest,29.0,0.00
tune_3,Testing/mac_grafo29dens30.txt,0.05,0.0,0.0,50,3,0.8,0.01,largest,29.0,0.00
tune_4,Testing/mac_grafo29dens30.txt,0.05,0.0,0.0,50,3,0.8,0.01,largest,29.0,0.00
tune_5,Testing/mac_grafo29dens30.txt,0.05,0.0,0.0,50,3,0.8,0.01,largest,29.0,0.00
tune_6,Testing/mac_grafo29dens30.txt,0.05,0.0,0.0,50,3,0.8,0.01,largest,29.0,0.00
tune_7,Testing/mac_grafo29dens30.txt,0.05,0.0,0.0,50,3,0.8,0.01,largest,29.0,0.00
tune_8,Testing/mac_grafo29dens30.txt,0.05,0.0,0.0,50,3,0.8,0.01,largest,29.0,0.00
tune_9,Testing/mac_grafo29dens30.txt,0.05,0.0,0.0,50,3,0.8,0.01,largest,29.0,0.00
tune_10,Testing/mac_grafo29dens30.txt,0.05,0.0,0.0,50,3,0.8,0.01,largest,29.0,0.00
tune_1,Testing/mac_grafo30dens30.txt,0.05,0.0,0.0,50,3,0.8,0.01,largest,30.0,1.19
tune_2,Testing/mac_grafo30dens30.txt,0.05,0.0,0.0,50,3,0.8,0.01,largest,30.0,0.00
tune_3,Testing/mac_grafo30dens30.txt,0.05,0.0,0.0,50,3,0.8,0.01,largest,30.0,0.00
tune_4,Testing/mac_grafo30dens30.txt,0.05,0.0,0.0,50,3,0.8,0.01,largest,30.0,0.00
tune_5,Testing/mac_grafo30dens30.txt,0.05,0.0,0.0,50,3,0.8,0.01,largest,30.0,0.00
tune_6,Testing/mac_grafo30dens30.txt,0.05,0.0,0.0,50,3,0.8,0.01,largest,30.0,0.00
tune_7,Testing/mac_grafo30dens30.txt,0.05,0.0,0.0,50,3,0.8,0.01,largest,30.0,0.00
tune_8,Testing/mac_grafo30dens30.txt,0.05,0.0,0.0,50,3,0.8,0.01,largest,30.0,0.00
tune_9,Testing/mac_grafo30dens30.txt,0.05,0.0,0.0,50,3,0.8,0.01,largest,30.0,0.00
tune_10,Testing/mac_grafo30dens30.txt,0.05,0.0,0.0,50,3,0.8,0.01,largest,30.0,0.00
tune_1,Testing/cor_adjnoun-w.txt,0.05,0.0,0.0,50,3,0.8,0.01,pairwise,6216.0,1.50
tune_2,Testing/cor_adjnoun-w.txt,0.05,0.0,0.0,50,3,0.8,0.01,pairwise,6216.0,0.00
tune_3,Testing/cor_adjnoun-w.txt,0.05,0.0,0.0,50,3,0.8,0.01,pairwise,6216.0,0.00
tune_4,Testing/cor_adjnoun-w.txt,0.05,0.0,0.0,50,3,0.8,0.01,pairwise,6216.0,0.00
tune_5,Testing/cor_adjnoun-w.txt,0.05,0.0,0.0,50,3,0.8,0.01,pairwise,6216.0,0.00
tune_6,Testing/cor_adjnoun-w.txt,0.05,0.0,0.0,50,3,0.8,0.01,pairwise,6216.0,0.00
tune_7,Testing/cor_adjnoun-w.txt,0.05,0.0,0.0,50,3,0.8,0.01,pairwise,6216.0,0.00
tune_8,Testing/cor_adjnoun-w.txt,0.05,0.0,0.0,50,3,0.8,0.01,pairwise,6216.0,0.00
tune_9,Testing/cor_adjnoun-w.txt,0.05,0.0,0.0,50,3,0.8,0.01,pairwise,6216.0,0.00
tune_10,Testing/cor_adjnoun-w.txt,0.05,0.0,0.0,50,3,0.8,0.01,pairwise,6216.0,0.00
tune_1,Testing/cor_celegans_metabolic-w.txt,0.05,0.0,0.0,50,3,0.8,0.01,pairwise,102378.0,3.15
tune_2,Testing/cor_celegans_metabolic-w.txt,0.05,0.0,0.0,50,3,0.8,0.01,pairwise,102378.0,0.00
tune_3,Testing/cor_celegans_metabolic-w.txt,0.05,0.0,0.0,50,3,0.8,0.01,pairwise,102378.0,0.00
tune_4,Testing/cor_celegans_metabolic-w.txt,0.05,0.0,0.0,50,3,0.8,0.01,pairwise,102378.0,0.00
tune_5,Testing/cor_celegans_metabolic-w.txt,0.05,0.0,0.0,50,3,0.8,0.01,pairwise,102378.0,0.00
tune_6,Testing/cor_celegans_metabolic-w.txt,0.05,0.0,0.0,50,3,0.8,0.01,pairwise,102378.0,0.00
tune_7,Testing/cor_celegans_metabolic-w.txt,0.05,0.0,0.0,50,3,0.8,0.01,pairwise,102378.0,0.00
tune_8,Testing/cor_celegans_metabolic-w.txt,0.05,0.0,0.0,50,3,0.8,0.01,pairwise,102378.0,0.00
tune_9,Testing/cor_celegans_metabolic-w.txt,0.05,0.0,0.0,50,3,0.8,0.01,pairwise,102378.0,0.00
tune_10,Testing/cor_celegans_metabolic-w.txt,0.05,0.0,0.0,50,3,0.8,0.01,pairwise,102378.0,0.00
tune_1,Testing/cor_celegansneural-w.txt,0.05,0.0,0.0,50,3,0.8,0.01,pairwise,43956.0,3.19
tune_2,Testing/cor_celegansneural-w.txt,0.05,0.0,0.0,50,3,0.8,0.01,pairwise,43956.0,0.00
tune_3,Testing/cor_celegansneural-w.txt,0.05,0.0,0.0,50,3,0.8,0.01,pairwise,43956.0,0.00
tune_4,Testing/cor_celegansneural-w.txt,0.05,0.0,0.0,50,3,0.8,0.01,pairwise,43956.0,0.00
tune_5,Testing/cor_celegansneural-w.txt,0.05,0.0,0.0,50,3,0.8,0.01,pairwise,43956.0,0.00
tune_6,Testing/cor_celegansneural-w.txt,0.05,0.0,0.0,50,3,0.8,0.01,pairwise,43956.0,0.00
tune_7,Testing/cor_celegansneural-w.txt,0.05,0.0,0.0,50,3,0.8,0.01,pairwise,43956.0,0.00
tune_8,Testing/cor_celegansneural-w.txt,0.05,0.0,0.0,50,3,0.8,0.01,pairwise,43956.0,0.00
tune_9,Testing/cor_celegansneural-w.txt,0.05,0.0,0.0,50,3,0.8,0.01,pairwise,43956.0,0.00
tune_10,Testing/cor_celegansneural-w.txt,0.05,0.0,0.0,50,3,0.8,0.01,pairwise,43956.0,0.00
tune_1,Testing/cor_dolphins-w.txt,0.05,0.0,0.0,50,3,0.8,0.01,pairwise,1891.0,1.27
tune_2,Testing/cor_dolphins-w.txt,0.05,0.0,0.0,50,3,0.8,0.01,pairwise,1891.0,0.00
tune_3,Testing/cor_dolphins-w.txt,0.05,0.0,0.0,50,3,0.8,0.01,pairwise,1891.0,0.00
tune_4,Testing/cor_dolphins-w.txt,0.05,0.0,0.0,50,3,0.8,0.01,pairwise,1891.0,0.00
tune_5,Testing/cor_dolphins-w.txt,0.05,0.0,0.0,50,3,0.8,0.01,pairwise,1891.0,0.00
tune_6,Testing/cor_dolphins-w.txt,0.05,0.0,0.0,50,3,0.8,0.01,pairwise,1891.0,0.00
tune_7,Testing/cor_dolphins-w.txt,0.05,0.0,0.0,50,3,0.8,0.01,pairwise,1891.0,0.00
tune_8,Testing/cor_dolphins-w.txt,0.05,0.0,0.0,50,3,0.8,0.01,pairwise,1891.0,0.00
tune_9,Testing/cor_dolphins-w.txt,0.05,0.0,0.0,50,3,0.8,0.01,pairwise,1891.0,0.00
tune_10,Testing/cor_dolphins-w.txt,0.05,0.0,0.0,50,3,0.8,0.01,pairwise,1891.0,0.00
tune_1,Testing/cor_football-w.txt,0.05,0.0,0.0,50,3,0.8,0.01,pairwise,6555.0,1.65
tune_2,Testing/cor_football-w.txt,0.05,0.0,0.0,50,3,0.8,0.01,pairwise,6555.0,0.00
tune_3,Testing/cor_football-w.txt,0.05,0.0,0.0,50,3,0.8,0.01,pairwise,6555.0,0.00
tune_4,Testing/cor_football-w.txt,0.05,0.0,0.0,50,3,0.8,0.01,pairwise,6555.0,0.00
tune_5,Testing/cor_football-w.txt,0.05,0.0,0.0,50,3,0.8,0.01,pairwise,6555.0,0.00
tune_6,Testing/cor_football-w.txt,0.05,0.0,0.0,50,3,0.8,0.01,pairwise,6555.0,0.00
tune_7,Testing/cor_football-w.txt,0.05,0.0,0.0,50,3,0.8,0.01,pairwise,6555.0,0.00
tune_8,Testing/cor_football-w.txt,0.05,0.0,0.0,50,3,0.8,0.01,pairwise,6555.0,0.00
tune_9,Testing/cor_football-w.txt,0.05,0.0,0.0,50,3,0.8,0.01,pairwise,6555.0,0.00
tune_10,Testing/cor_football-w.txt,0.05,0.0,0.0,50,3,0.8,0.01,pairwise,6555.0,0.00
tune_1,Testing/cor_jazz-w.txt,0.05,0.0,0.0,50,3,0.8,0.01,pairwise,19503.0,3.71
tune_2,Testing/cor_jazz-w.txt,0.05,0.0,0.0,50,3,0.8,0.01,pairwise,19503.0,0.00
tune_3,Testing/cor_jazz-w.txt,0.05,0.0,0.0,50,3,0.8,0.01,pairwise,19503.0,0.00
tune_4,Testing/cor_jazz-w.txt,0.05,0.0,0.0,50,3,0.8,0.01,pairwise,19503.0,0.00
tune_5,Testing/cor_jazz-w.txt,0.05,0.0,0.0,50,3,0.8,0.01,pairwise,19503.0,0.00
tune_6,Testing/cor_jazz-w.txt,0.05,0.0,0.0,50,3,0.8,0.01,pairwise,19503.0,0.00
tune_7,Testing/cor_jazz-w.txt,0.05,0.0,0.0,50,3,0.8,0.01,pairwise,19503.0,0.00
tune_8,Testing/cor_jazz-w.txt,0.05,0.0,0.0,50,3,0.8,0.01,pairwise,19503.0,0.00
tune_9,Testing/cor_jazz-w.txt,0.05,0.0,0.0,50,3,0.8,0.01,pairwise,19503.0,0.00
tune_10,Testing/cor_jazz-w.txt,0.05,0.0,0.0,50,3,0.8,0.01,pairwise,19503.0,0.00
tune_1,Testing/cor_karate-w.txt,0.05,0.0,0.0,50,3,0.8,0.01,pairwise,561.0,1.16
tune_2,Testing/cor_karate-w.txt,0.05,0.0,0.0,50,3,0.8,0.01,pairwise,561.0,0.00
tune_3,Testing/cor_karate-w.txt,0.05,0.0,0.0,50,3,0.8,0.01,pairwise,561.0,0.00
tune_4,Testing/cor_karate-w.txt,0.05,0.0,0.0,50,3,0.8,0.01,pairwise,561.0,0.00
tune_5,Testing/cor_karate-w.txt,0.05,0.0,0.0,50,3,0.8,0.01,pairwise,561.0,0.00
tune_6,Testing/cor_karate-w.txt,0.05,0.0,0.0,50,3,0.8,0.01,pairwise,561.0,0.00
tune_7,Testing/cor_karate-w.txt,0.05,0.0,0.0,50,3,0.8,0.01,pairwise,561.0,0.00
tune_8,Testing/cor_karate-w.txt,0.05,0.0,0.0,50,3,0.8,0.01,pairwise,561.0,0.00
tune_9,Testing/cor_karate-w.txt,0.05,0.0,0.0,50,3,0.8,0.01,pairwise,561.0,0.00
tune_10,Testing/cor_karate-w.txt,0.05,0.0,0.0,50,3,0.8,0.01,pairwise,561.0,0.00
tune_1,Testing/cor_lesmis-w.txt,0.05,0.0,0.0,50,3,0.8,0.01,pairwise,2926.0,1.35
tune_2,Testing/cor_lesmis-w.txt,0.05,0.0,0.0,50,3,0.8,0.01,pairwise,2926.0,0.00
tune_3,Testing/cor_lesmis-w.txt,0.05,0.0,0.0,50,3,0.8,0.01,pairwise,2926.0,0.00
tune_4,Testing/cor_lesmis-w.txt,0.05,0.0,0.0,50,3,0.8,0.01,pairwise,2926.0,0.00
tune_5,Testing/cor_lesmis-w.txt,0.05,0.0,0.0,50,3,0.8,0.01,pairwise,2926.0,0.00
tune_6,Testing/cor_lesmis-w.txt,0.05,0.0,0.0,50,3,0.8,0.01,pairwise,2926.0,0.00
tune_7,Testing/cor_lesmis-w.txt,0.05,0.0,0.0,50,3,0.8,0.01,pairwise,2926.0,0.00
tune_8,Testing/cor_lesmis-w.txt,0.05,0.0,0.0,50,3,0.8,0.01,pairwise,2926.0,0.00
tune_9,Testing/cor_lesmis-w.txt,0.05,0.0,0.0,50,3,0.8,0.01,pairwise,2926.0,0.00
tune_10,Testing/cor_lesmis-w.txt,0.05,0.0,0.0,50,3,0.8,0.01,pairwise,2926.0,0.00
tune_1,Testing/cor_n050plai01.txt,0.05,0.0,0.0,50,3,0.8,0.01,pairwise,1225.0,1.22
tune_2,Testing/cor_n050plai01.txt,0.05,0.0,0.0,50,3,0.8,0.01,pairwise,1225.0,0.00
tune_3,Testing/cor_n050plai01.txt,0.05,0.0,0.0,50,3,0.8,0.01,pairwise,1225.0,0.00
tune_4,Testing/cor_n050plai01.txt,0.05,0.0,0.0,50,3,0.8,0.01,pairwise,1225.0,0.00
tune_5,Testing/cor_n050plai01.txt,0.05,0.0,0.0,50,3,0.8,0.01,pairwise,1225.0,0.00
tune_6,Testing/cor_n050plai01.txt,0.05,0.0,0.0,50,3,0.8,0.01,pairwise,1225.0,0.00
tune_7,Testing/cor_n050plai01.txt,0.05,0.0,0.0,50,3,0.8,0.01,pairwise,1225.0,0.00
tune_8,Testing/cor_n050plai01.txt,0.05,0.0,0.0,50,3,0.8,0.01,pairwise,1225.0,0.00
tune_9,Testing/cor_n050plai01.txt,0.05,0.0,0.0,50,3,0.8,0.01,pairwise,1225.0,0.00
tune_10,Testing/cor_n050plai01.txt,0.05,0.0,0.0,50,3,0.8,0.01,pairwise,1225.0,0.00
tune_1,Testing/cor_n100plai01.txt,0.05,0.0,0.0,50,3,0.8,0.01,pairwise,4950.0,1.45
tune_2,Testing/cor_n100plai01.txt,0.05,0.0,0.0,50,3,0.8,0.01,pairwise,4950.0,0.00
tune_3,Testing/cor_n100plai01.txt,0.05,0.0,0.0,50,3,0.8,0.01,pairwise,4950.0,0.00
tune_4,Testing/cor_n100plai01.txt,0.05,0.0,0.0,50,3,0.8,0.01,pairwise,4950.0,0.00
tune_5,Testing/cor_n100plai01.txt,0.05,0.0,0.0,50,3,0.8,0.01,pairwise,4950.0,0.00
tune_6,Testing/cor_n100plai01.txt,0.05,0.0,0.0,50,3,0.8,0.01,pairwise,4950.0,0.00
tune_7,Testing/cor_n100plai01.txt,0.05,0.0,0.0,50,3,0.8,0.01,pairwise,4950.0,0.00
tune_8,Testing/cor_n100plai01.txt,0.05,0.0,0.0,50,3,0.8,0.01,pairwise,4950.0,0.00
tune_9,Testing/cor_n100plai01.txt,0.05,0.0,0.0,50,3,0.8,0.01,pairwise,4950.0,0.00
tune_10,Testing/cor_n100plai01.txt,0.05,0.0,0.0,50,3,0.8,0.01,pairwise,4950.0,0.00
tune_1,Testing/cor_n150plai01.txt,0.05,0.0,0.0,50,3,0.8,0.01,pairwise,11175.0,1.51
tune_2,Testing/cor_n150plai01.txt,0.05,0.0,0.0,50,3,0.8,0.01,pairwise,11175.0,0.00
tune_3,Testing/cor_n150plai01.txt,0.05,0.0,0.0,50,3,0.8,0.01,pairwise,11175.0,0.00
tune_4,Testing/cor_n150plai01.txt,0.05,0.0,0.0,50,3,0.8,0.01,pairwise,11175.0,0.00
tune_5,Testing/cor_n150plai01.txt,0.05,0.0,0.0,50,3,0.8,0.01,pairwise,11175.0,0.00
tune_6,Testing/cor_n150plai01.txt,0.05,0.0,0.0,50,3,0.8,0.01,pairwise,11175.0,0.00
tune_7,Testing/cor_n150plai01.txt,0.05,0.0,0.0,50,3,0.8,0.01,pairwise,11175.0,0.00
tune_8,Testing/cor_n150plai01.txt,0.05,0.0,0.0,50,3,0.8,0.01,pairwise,11175.0,0.00
tune_9,Testing/cor_n150plai01.txt,0.05,0.0,0.0,50,3,0.8,0.01,pairwise,11175.0,0.00
tune_10,Testing/cor_n150plai01.txt,0.05,0.0,0.0,50,3,0.8,0.01,pairwise,11175.0,0.00
tune_1,Testing/cor_n200plai01.txt,0.05,0.0,0.0,50,3,0.8,0.01,pairwise,19900.0,1.70
tune_2,Testing/cor_n200plai01.txt,0.05,0.0,0.0,50,3,0.8,0.01,pairwise,19900.0,0.00
tune_3,Testing/cor_n200plai01.txt,0.05,0.0,0.0,50,3,0.8,0.01,pairwise,19900.0,0.00
tune_4,Testing/cor_n200plai01.txt,0.05,0.0,0.0,50,3,0.8,0.01,pairwise,19900.0,0.00
tune_5,Testing/cor_n200plai01.txt,0.05,0.0,0.0,50,3,0.8,0.01,pairwise,19900.0,0.00
tune_6,Testing/cor_n200plai01.txt,0.05,0.0,0.0,50,3,0.8,0.01,pairwise,19900.0,0.00
tune_7,Testing/cor_n200plai01.txt,0.05,0.0,0.0,50,3,0.8,0.01,pairwise,19900.0,0.00
tune_8,Testing/cor_n200plai01.txt,0.05,0.0,0.0,50,3,0.8,0.01,pairwise,19900.0,0.00
tune_9,Testing/cor_n200plai01.txt,0.05,0.0,0.0,50,3,0.8,0.01,pairwise,19900.0,0.00
tune_10,Testing/cor_n200plai01.txt,0.05,0.0,0.0,50,3,0.8,0.01,pairwise,19900.0,0.00
tune_1,Testing/cor_n250plai01.txt,0.05,0.0,0.0,50,3,0.8,0.01,pairwise,31125.0,1.96
tune_2,Testing/cor_n250plai01.txt,0.05,0.0,0.0,50,3,0.8,0.01,pairwise,31125.0,0.00
tune_3,Testing/cor_n250plai01.txt,0.05,0.0,0.0,50,3,0.8,0.01,pairwise,31125.0,0.00
tune_4,Testing/cor_n250plai01.txt,0.05,0.0,0.0,50,3,0.8,0.01,pairwise,31125.0,0.00
tune_5,Testing/cor_n250plai01.txt,0.05,0.0,0.0,50,3,0.8,0.01,pairwise,31125.0,0.00
tune_6,Testing/cor_n250plai01.txt,0.05,0.0,0.0,50,3,0.8,0.01,pairwise,31125.0,0.00
tune_7,Testing/cor_n250plai01.txt,0.05,0.0,0.0,50,3,0.8,0.01,pairwise,31125.0,0.00
tune_8,Testing/cor_n250plai01.txt,0.05,0.0,0.0,50,3,0.8,0.01,pairwise,31125.0,0.00
tune_9,Testing/cor_n250plai01.txt,0.05,0.0,0.0,50,3,0.8,0.01,pairwise,31125.0,0.00
tune_10,Testing/cor_n250plai01.txt,0.05,0.0,0.0,50,3,0.8,0.01,pairwise,31125.0,0.00
tune_1,Testing/cor_n300plai01.txt,0.05,0.0,0.0,50,3,0.8,0.01,pairwise,44850.0,2.07
tune_2,Testing/cor_n300plai01.txt,0.05,0.0,0.0,50,3,0.8,0.01,pairwise,44850.0,0.00
tune_3,Testing/cor_n300plai01.txt,0.05,0.0,0.0,50,3,0.8,0.01,pairwise,44850.0,0.00
tune_4,Testing/cor_n300plai01.txt,0.05,0.0,0.0,50,3,0.8,0.01,pairwise,44850.0,0.00
tune_5,Testing/cor_n300plai01.txt,0.05,0.0,0.0,50,3,0.8,0.01,pairwise,44850.0,0.00
tune_6,Testing/cor_n300plai01.txt,0.05,0.0,0.0,50,3,0.8,0.01,pairwise,44850.0,0.00
tune_7,Testing/cor_n300plai01.txt,0.05,0.0,0.0,50,3,0.8,0.01,pairwise,44850.0,0.00
tune_8,Testing/cor_n300plai01.txt,0.05,0.0,0.0,50,3,0.8,0.01,pairwise,44850.0,0.00
tune_9,Testing/cor_n300plai01.txt,0.05,0.0,0.0,50,3,0.8,0.01,pairwise,44850.0,0.00
tune_10,Testing/cor_n300plai01.txt,0.05,0.0,0.0,50,3,0.8,0.01,pairwise,44850.0,0.00
tune_1,Testing/cor_n350plai01.txt,0.05,0.0,0.0,50,3,0.8,0.01,pairwise,61075.0,2.23
tune_2,Testing/cor_n350plai01.txt,0.05,0.0,0.0,50,3,0.8,0.01,pairwise,61075.0,0.00
tune_3,Testing/cor_n350plai01.txt,0.05,0.0,0.0,50,3,0.8,0.01,pairwise,61075.0,0.00
tune_4,Testing/cor_n350plai01.txt,0.05,0.0,0.0,50,3,0.8,0.01,pairwise,61075.0,0.00
tune_5,Testing/cor_n350plai01.txt,0.05,0.0,0.0,50,3,0.8,0.01,pairwise,61075.0,0.00
tune_6,Testing/cor_n350plai01.txt,0.05,0.0,0.0,50,3,0.8,0.01,pairwise,61075.0,0.00
tune_7,Testing/cor_n350plai01.txt,0.05,0.0,0.0,50,3,0.8,0.01,pairwise,61075.0,0.00
tune_8,Testing/cor_n350plai01.txt,0.05,0.0,0.0,50,3,0.8,0.01,pairwise,61075.0,0.00
tune_9,Testing/cor_n350plai01.txt,0.05,0.0,0.0,50,3,0.8,0.01,pairwise,61075.0,0.00
tune_10,Testing/cor_n350plai01.txt,0.05,0.0,0.0,50,3,0.8,0.01,pairwise,61075.0,0.00
tune_1,Testing/cor_polbooks-w.txt,0.05,0.0,0.0,50,3,0.8,0.01,pairwise,5460.0,1.47
tune_2,Testing/cor_polbooks-w.txt,0.05,0.0,0.0,50,3,0.8,0.01,pairwise,5460.0,0.00
tune_3,Testing/cor_polbooks-w.txt,0.05,0.0,0.0,50,3,0.8,0.01,pairwise,5460.0,0.00
tune_4,Testing/cor_polbooks-w.txt,0.05,0.0,0.0,50,3,0.8,0.01,pairwise,5460.0,0.00
tune_5,Testing/cor_polbooks-w.txt,0.05,0.0,0.0,50,3,0.8,0.01,pairwise,5460.0,0.00
tune_6,Testing/cor_polbooks-w.txt,0.05,0.0,0.0,50,3,0.8,0.01,pairwise,5460.0,0.00
tune_7,Testing/cor_polbooks-w.txt,0.05,0.0,0.0,50,3,0.8,0.01,pairwise,5460.0,0.00
tune_8,Testing/cor_polbooks-w.txt,0.05,0.0,0.0,50,3,0.8,0.01,pairwise,5460.0,0.00
tune_9,Testing/cor_polbooks-w.txt,0.05,0.0,0.0,50,3,0.8,0.01,pairwise,5460.0,0.00
tune_10,Testing/cor_polbooks-w.txt,0.05,0.0,0.0,50,3,0.8,0.01,pairwise,5460.0,0.00
tune_1,Testing/hos_20_r1_1.txt,0.05,0.0,0.0,50,3,0.8,0.01,pairwise,190.0,1.17
tune_2,Testing/hos_20_r1_1.txt,0.05,0.0,0.0,50,3,0.8,0.01,pairwise,190.0,0.00
tune_3,Testing/hos_20_r1_1.txt,0.05,0.0,0.0,50,3,0.8,0.01,pairwise,190.0,0.00
tune_4,Testing/hos_20_r1_1.txt,0.05,0.0,0.0,50,3,0.8,0.01,pairwise,190.0,0.00
tune_5,Testing/hos_20_r1_1.txt,0.05,0.0,0.0,50,3,0.8,0.01,pairwise,190.0,0.00
tune_6,Testing/hos_20_r1_1.txt,0.05,0.0,0.0,50,3,0.8,0.01,pairwise,190.0,0.00
tune_7,Testing/hos_20_r1_1.txt,0.05,0.0,0.0,50,3,0.8,0.01,pairwise,190.0,0.00
tune_8,Testing/hos_20_r1_1.txt,0.05,0.0,0.0,50,3,0.8,0.01,pairwise,190.0,0.00
tune_9,Testing/hos_20_r1_1.txt,0.05,0.0,0.0,50,3,0.8,0.01,pairwise,190.0,0.00
tune_10,Testing/hos_20_r1_1.txt,0.05,0.0,0.0,50,3,0.8,0.01,pairwise,190.0,0.00
tune_1,Testing/hos_20_r2_1.txt,0.05,0.0,0.0,50,3,0.8,0.01,pairwise,190.0,1.13
tune_2,Testing/hos_20_r2_1.txt,0.05,0.0,0.0,50,3,0.8,0.01,pairwise,190.0,0.00
tune_3,Testing/hos_20_r2_1.txt,0.05,0.0,0.0,50,3,0.8,0.01,pairwise,190.0,0.00
tune_4,Testing/hos_20_r2_1.txt,0.05,0.0,0.0,50,3,0.8,0.01,pairwise,190.0,0.00
tune_5,Testing/hos_20_r2_1.txt,0.05,0.0,0.0,50,3,0.8,0.01,pairwise,190.0,0.00
tune_6,Testing/hos_20_r2_1.txt,0.05,0.0,0.0,50,3,0.8,0.01,pairwise,190.0,0.00
tune_7,Testing/hos_20_r2_1.txt,0.05,0.0,0.0,50,3,0.8,0.01,pairwise,190.0,0.00
tune_8,Testing/hos_20_r2_1.txt,0.05,0.0,0.0,50,3,0.8,0.01,pairwise,190.0,0.00
tune_9,Testing/hos_20_r2_1.txt,0.05,0.0,0.0,50,3,0.8,0.01,pairwise,190.0,0.00
tune_10,Testing/hos_20_r2_1.txt,0.05,0.0,0.0,50,3,0.8,0.01,pairwise,190.0,0.00
tune_1,Testing/hos_25_r1_1.txt,0.05,0.0,0.0,50,3,0.8,0.01,pairwise,300.0,1.12
tune_2,Testing/hos_25_r1_1.txt,0.05,0.0,0.0,50,3,0.8,0.01,pairwise,300.0,0.00
tune_3,Testing/hos_25_r1_1.txt,0.05,0.0,0.0,50,3,0.8,0.01,pairwise,300.0,0.00
tune_4,Testing/hos_25_r1_1.txt,0.05,0.0,0.0,50,3,0.8,0.01,pairwise,300.0,0.00
tune_5,Testing/hos_25_r1_1.txt,0.05,0.0,0.0,50,3,0.8,0.01,pairwise,300.0,0.00
tune_6,Testing/hos_25_r1_1.txt,0.05,0.0,0.0,50,3,0.8,0.01,pairwise,300.0,0.00
tune_7,Testing/hos_25_r1_1.txt,0.05,0.0,0.0,50,3,0.8,0.01,pairwise,300.0,0.00
tune_8,Testing/hos_25_r1_1.txt,0.05,0.0,0.0,50,3,0.8,0.01,pairwise,300.0,0.00
tune_9,Testing/hos_25_r1_1.txt,0.05,0.0,0.0,50,3,0.8,0.01,pairwise,300.0,0.00
tune_10,Testing/hos_25_r1_1.txt,0.05,0.0,0.0,50,3,0.8,0.01,pairwise,300.0,0.00
tune_1,Testing/hos_25_r2_1.txt,0.05,0.0,0.0,50,3,0.8,0.01,pairwise,300.0,1.15
tune_2,Testing/hos_25_r2_1.txt,0.05,0.0,0.0,50,3,0.8,0.01,pairwise,300.0,0.00
tune_3,Testing/hos_25_r2_1.txt,0.05,0.0,0.0,50,3,0.8,0.01,pairwise,300.0,0.00
tune_4,Testing/hos_25_r2_1.txt,0.05,0.0,0.0,50,3,0.8,0.01,pairwise,300.0,0.00
tune_5,Testing/hos_25_r2_1.txt,0.05,0.0,0.0,50,3,0.8,0.01,pairwise,300.0,0.00
tune_6,Testing/hos_25_r2_1.txt,0.05,0.0,0.0,50,3,0.8,0.01,pairwise,300.0,0.00
tune_7,Testing/hos_25_r2_1.txt,0.05,0.0,0.0,50,3,0.8,0.01,pairwise,300.0,0.00
tune_8,Testing/hos_25_r2_1.txt,0.05,0.0,0.0,50,3,0.8,0.01,pairwise,300.0,0.00
tune_9,Testing/hos_25_r2_1.txt,0.05,0.0,0.0,50,3,0.8,0.01,pairwise,300.0,0.00
tune_10,Testing/hos_25_r2_1.txt,0.05,0.0,0.0,50,3,0.8,0.01,pairwise,300.0,0.00
tune_1,Testing/hos_30_r1_1.txt,0.05,0.0,0.0,50,3,0.8,0.01,pairwise,435.0,1.15
tune_2,Testing/hos_30_r1_1.txt,0.05,0.0,0.0,50,3,0.8,0.01,pairwise,435.0,0.00
tune_3,Testing/hos_30_r1_1.txt,0.05,0.0,0.0,50,3,0.8,0.01,pairwise,435.0,0.00
tune_4,Testing/hos_30_r1_1.txt,0.05,0.0,0.0,50,3,0.8,0.01,pairwise,435.0,0.00
tune_5,Testing/hos_30_r1_1.txt,0.05,0.0,0.0,50,3,0.8,0.01,pairwise,435.0,0.00
tune_6,Testing/hos_30_r1_1.txt,0.05,0.0,0.0,50,3,0.8,0.01,pairwise,435.0,0.00
tune_7,Testing/hos_30_r1_1.txt,0.05,0.0,0.0,50,3,0.8,0.01,pairwise,435.0,0.00
tune_8,Testing/hos_30_r1_1.txt,0.05,0.0,0.0,50,3,0.8,0.01,pairwise,435.0,0.00
tune_9,Testing/hos_30_r1_1.txt,0.05,0.0,0.0,50,3,0.8,0.01,pairwise,435.0,0.00
tune_10,Testing/hos_30_r1_1.txt,0.05,0.0,0.0,50,3,0.8,0.01,pairwise,435.0,0.00
tune_1,Testing/hos_30_r2_1.txt,0.05,0.0,0.0,50,3,0.8,0.01,pairwise,435.0,1.18
tune_2,Testing/hos_30_r2_1.txt,0.05,0.0,0.0,50,3,0.8,0.01,pairwise,435.0,0.00
tune_3,Testing/hos_30_r2_1.txt,0.05,0.0,0.0,50,3,0.8,0.01,pairwise,435.0,0.00
tune_4,Testing/hos_30_r2_1.txt,0.05,0.0,0.0,50,3,0.8,0.01,pairwise,435.0,0.00
tune_5,Testing/hos_30_r2_1.txt,0.05,0.0,0.0,50,3,0.8,0.01,pairwise,435.0,0.00
tune_6,Testing/hos_30_r2_1.txt,0.05,0.0,0.0,50,3,0.8,0.01,pairwise,435.0,0.00
tune_7,Testing/hos_30_r2_1.txt,0.05,0.0,0.0,50,3,0.8,0.01,pairwise,435.0,0.00
tune_8,Testing/hos_30_r2_1.txt,0.05,0.0,0.0,50,3,0.8,0.01,pairwise,435.0,0.00
tune_9,Testing/hos_30_r2_1.txt,0.05,0.0,0.0,50,3,0.8,0.01,pairwise,435.0,0.00
tune_10,Testing/hos_30_r2_1.txt,0.05,0.0,0.0,50,3,0.8,0.01,pairwise,435.0,0.00
tune_1,Testing/hos_35_r1_1.txt,0.05,0.0,0.0,50,3,0.8,0.01,pairwise,595.0,1.15
tune_2,Testing/hos_35_r1_1.txt,0.05,0.0,0.0,50,3,0.8,0.01,pairwise,595.0,0.00
tune_3,Testing/hos_35_r1_1.txt,0.05,0.0,0.0,50,3,0.8,0.01,pairwise,595.0,0.00
tune_4,Testing/hos_35_r1_1.txt,0.05,0.0,0.0,50,3,0.8,0.01,pairwise,595.0,0.00
tune_5,Testing/hos_35_r1_1.txt,0.05,0.0,0.0,50,3,0.8,0.01,pairwise,595.0,0.00
tune_6,Testing/hos_35_r1_1.txt,0.05,0.0,0.0,50,3,0.8,0.01,pairwise,595.0,0.00
tune_7,Testing/hos_35_r1_1.txt,0.05,0.0,0.0,50,3,0.8,0.01,pairwise,595.0,0.00
tune_8,Testing/hos_35_r1_1.txt,0.05,0.0,0.0,50,3,0.8,0.01,pairwise,595.0,0.00
tune_9,Testing/hos_35_r1_1.txt,0.05,0.0,0.0,50,3,0.8,0.01,pairwise,595.0,0.00
tune_10,Testing/hos_35_r1_1.txt,0.05,0.0,0.0,50,3,0.8,0.01,pairwise,595.0,0.00
tune_1,Testing/hos_35_r2_1.txt,0.05,0.0,0.0,50,3,0.8,0.01,pairwise,595.0,1.17
tune_2,Testing/hos_35_r2_1.txt,0.05,0.0,0.0,50,3,0.8,0.01,pairwise,595.0,0.00
tune_3,Testing/hos_35_r2_1.txt,0.05,0.0,0.0,50,3,0.8,0.01,pairwise,595.0,0.00
tune_4,Testing/hos_35_r2_1.txt,0.05,0.0,0.0,50,3,0.8,0.01,pairwise,595.0,0.00
tune_5,Testing/hos_35_r2_1.txt,0.05,0.0,0.0,50,3,0.8,0.01,pairwise,595.0,0.00
tune_6,Testing/hos_35_r2_1.txt,0.05,0.0,0.0,50,3,0.8,0.01,pairwise,595.0,0.00
tune_7,Testing/hos_35_r2_1.txt,0.05,0.0,0.0,50,3,0.8,0.01,pairwise,595.0,0.00
tune_8,Testing/hos_35_r2_1.txt,0.05,0.0,0.0,50,3,0.8,0.01,pairwise,595.0,0.00
tune_9,Testing/hos_35_r2_1.txt,0.05,0.0,0.0,50,3,0.8,0.01,pairwise,595.0,0.00
tune_10,Testing/hos_35_r2_1.txt,0.05,0.0,0.0,50,3,0.8,0.01,pairwise,595.0,0.00
tune_1,Testing/hos_40_r1_1.txt,0.05,0.0,0.0,50,3,0.8,0.01,pairwise,780.0,1.17
tune_2,Testing/hos_40_r1_1.txt,0.05,0.0,0.0,50,3,0.8,0.01,pairwise,780.0,0.00
tune_3,Testing/hos_40_r1_1.txt,0.05,0.0,0.0,50,3,0.8,0.01,pairwise,780.0,0.00
tune_4,Testing/hos_40_r1_1.txt,0.05,0.0,0.0,50,3,0.8,0.01,pairwise,780.0,0.00
tune_5,Testing/hos_40_r1_1.txt,0.05,0.0,0.0,50,3,0.8,0.01,pairwise,780.0,0.00
tune_6,Testing/hos_40_r1_1.txt,0.05,0.0,0.0,50,3,0.8,0.01,pairwise,780.0,0.00
tune_7,Testing/hos_40_r1_1.txt,0.05,0.0,0.0,50,3,0.8,0.01,pairwise,780.0,0.00
tune_8,Testing/hos_40_r1_1.txt,0.05,0.0,0.0,50,3,0.8,0.01,pairwise,780.0,0.00
tune_9,Testing/hos_40_r1_1.txt,0.05,0.0,0.0,50,3,0.8,0.01,pairwise,780.0,0.00
tune_10,Testing/hos_40_r1_1.txt,0.05,0.0,0.0,50,3,0.8,0.01,pairwise,780.0,0.00
tune_1,Testing/hos_40_r2_1.txt,0.05,0.0,0.0,50,3,0.8,0.01,pairwise,780.0,1.26
tune_2,Testing/hos_40_r2_1.txt,0.05,0.0,0.0,50,3,0.8,0.01,pairwise,780.0,0.00
tune_3,Testing/hos_40_r2_1.txt,0.05,0.0,0.0,50,3,0.8,0.01,pairwise,780.0,0.00
tune_4,Testing/hos_40_r2_1.txt,0.05,0.0,0.0,50,3,0.8,0.01,pairwise,780.0,0.00
tune_5,Testing/hos_40_r2_1.txt,0.05,0.0,0.0,50,3,0.8,0.01,pairwise,780.0,0.00
tune_6,Testing/hos_40_r2_1.txt,0.05,0.0,0.0,50,3,0.8,0.01,pairwise,780.0,0.00
tune_7,Testing/hos_40_r2_1.txt,0.05,0.0,0.0,50,3,0.8,0.01,pairwise,780.0,0.00
tune_8,Testing/hos_40_r2_1.txt,0.05,0.0,0.0,50,3,0.8,0.01,pairwise,780.0,0.00
tune_9,Testing/hos_40_r2_1.txt,0.05,0.0,0.0,50,3,0.8,0.01,pairwise,780.0,0.00
tune_10,Testing/hos_40_r2_1.txt,0.05,0.0,0.0,50,3,0.8,0.01,pairwise,780.0,0.00
tune_1,Testing/hos_45_r1_1.txt,0.05,0.0,0.0,50,3,0.8,0.01,pairwise,990.0,1.19
tune_2,Testing/hos_45_r1_1.txt,0.05,0.0,0.0,50,3,0.8,0.01,pairwise,990.0,0.00
tune_3,Testing/hos_45_r1_1.txt,0.05,0.0,0.0,50,3,0.8,0.01,pairwise,990.0,0.00
tune_4,Testing/hos_45_r1_1.txt,0.05,0.0,0.0,50,3,0.8,0.01,pairwise,990.0,0.00
tune_5,Testing/hos_45_r1_1.txt,0.05,0.0,0.0,50,3,0.8,0.01,pairwise,990.0,0.00
tune_6,Testing/hos_45_r1_1.txt,0.05,0.0,0.0,50,3,0.8,0.01,pairwise,990.0,0.00
tune_7,Testing/hos_45_r1_1.txt,0.05,0.0,0.0,50,3,0.8,0.01,pairwise,990.0,0.00
tune_8,Testing/hos_45_r1_1.txt,0.05,0.0,0.0,50,3,0.8,0.01,pairwise,990.0,0.00
tune_9,Testing/hos_45_r1_1.txt,0.05,0.0,0.0,50,3,0.8,0.01,pairwise,990.0,0.00
tune_10,Testing/hos_45_r1_1.txt,0.05,0.0,0.0,50,3,0.8,0.01,pairwise,990.0,0.00
tune_1,Testing/hos_45_r2_1.txt,0.05,0.0,0.0,50,3,0.8,0.01,pairwise,990.0,1.31
tune_2,Testing/hos_45_r2_1.txt,0.05,0.0,0.0,50,3,0.8,0.01,pairwise,990.0,0.00
tune_3,Testing/hos_45_r2_1.txt,0.05,0.0,0.0,50,3,0.8,0.01,pairwise,990.0,0.00
tune_4,Testing/hos_45_r2_1.txt,0.05,0.0,0.0,50,3,0.8,0.01,pairwise,990.0,0.00
tune_5,Testing/hos_45_r2_1.txt,0.05,0.0,0.0,50,3,0.8,0.01,pairwise,990.0,0.00
tune_6,Testing/hos_45_r2_1.txt,0.05,0.0,0.0,50,3,0.8,0.01,pairwise,990.0,0.00
tune_7,Testing/hos_45_r2_1.txt,0.05,0.0,0.0,50,3,0.8,0.01,pairwise,990.0,0.00
tune_8,Testing/hos_45_r2_1.txt,0.05,0.0,0.0,50,3,0.8,0.01,pairwise,990.0,0.00
tune_9,Testing/hos_45_r2_1.txt,0.05,0.0,0.0,50,3,0.8,0.01,pairwise,990.0,0.00
tune_10,Testing/hos_45_r2_1.txt,0.05,0.0,0.0,50,3,0.8,0.01,pairwise,990.0,0.00
tune_1,Testing/hos_50_r1_1.txt,0.05,0.0,0.0,50,3,0.8,0.01,pairwise,1225.0,1.22
tune_2,Testing/hos_50_r1_1.txt,0.05,0.0,0.0,50,3,0.8,0.01,pairwise,1225.0,0.00
tune_3,Testing/hos_50_r1_1.txt,0.05,0.0,0.0,50,3,0.8,0.01,pairwise,1225.0,0.00
tune_4,Testing/hos_50_r1_1.txt,0.05,0.0,0.0,50,3,0.8,0.01,pairwise,1225.0,0.00
tune_5,Testing/hos_50_r1_1.txt,0.05,0.0,0.0,50,3,0.8,0.01,pairwise,1225.0,0.00
tune_6,Testing/hos_50_r1_1.txt,0.05,0.0,0.0,50,3,0.8,0.01,pairwise,1225.0,0.00
tune_7,Testing/hos_50_r1_1.txt,0.05,0.0,0.0,50,3,0.8,0.01,pairwise,1225.0,0.00
tune_8,Testing/hos_50_r1_1.txt,0.05,0.0,0.0,50,3,0.8,0.01,pairwise,1225.0,0.00
tune_9,Testing/hos_50_r1_1.txt,0.05,0.0,0.0,50,3,0.8,0.01,pairwise,1225.0,0.00
tune_10,Testing/hos_50_r1_1.txt,0.05,0.0,0.0,50,3,0.8,0.01,pairwise,1225.0,0.00
tune_1,Testing/hos_50_r2_1.txt,0.05,0.0,0.0,50,3,0.8,0.01,pairwise,1225.0,1.33
tune_2,Testing/hos_50_r2_1.txt,0.05,0.0,0.0,50,3,0.8,0.01,pairwise,1225.0,0.00
tune_3,Testing/hos_50_r2_1.txt,0.05,0.0,0.0,50,3,0.8,0.01,pairwise,1225.0,0.00
tune_4,Testing/hos_50_r2_1.txt,0.05,0.0,0.0,50,3,0.8,0.01,pairwise,1225.0,0.00
tune_5,Testing/hos_50_r2_1.txt,0.05,0.0,0.0,50,3,0.8,0.01,pairwise,1225.0,0.00
tune_6,Testing/hos_50_r2_1.txt,0.05,0.0,0.0,50,3,0.8,0.01,pairwise,1225.0,0.00
tune_7,Testing/hos_50_r2_1.txt,0.05,0.0,0.0,50,3,0.8,0.01,pairwise,1225.0,0.00
tune_8,Testing/hos_50_r2_1.txt,0.05,0.0,0.0,50,3,0.8,0.01,pairwise,1225.0,0.00
tune_9,Testing/hos_50_r2_1.txt,0.05,0.0,0.0,50,3,0.8,0.01,pairwise,1225.0,0.00
tune_10,Testing/hos_50_r2_1.txt,0.05,0.0,0.0,50,3,0.8,0.01,pairwise,1225.0,0.00
tune_1,Testing/mac_grafo10dens30.txt,0.05,0.0,0.0,50,3,0.8,0.01,pairwise,45.0,1.09
tune_2,Testing/mac_grafo10dens30.txt,0.05,0.0,0.0,50,3,0.8,0.01,pairwise,45.0,0.00
tune_3,Testing/mac_grafo10dens30.txt,0.05,0.0,0.0,50,3,0.8,0.01,pairwise,45.0,0.00
tune_4,Testing/mac_grafo10dens30.txt,0.05,0.0,0.0,50,3,0.8,0.01,pairwise,45.0,0.00
tune_5,Testing/mac_grafo10dens30.txt,0.05,0.0,0.0,50,3,0.8,0.01,pairwise,45.0,0.00
tune_6,Testing/mac_grafo10dens30.txt,0.05,0.0,0.0,50,3,0.8,0.01,pairwise,45.0,0.00
tune_7,Testing/mac_grafo10dens30.txt,0.05,0.0,0.0,50,3,0.8,0.01,pairwise,45.0,0.00
tune_8,Testing/mac_grafo10dens30.txt,0.05,0.0,0.0,50,3,0.8,0.01,pairwise,45.0,0.00
tune_9,Testing/mac_grafo10dens30.txt,0.05,0.0,0.0,50,3,0.8,0.01,pairwise,45.0,0.00
tune_10,Testing/mac_grafo10dens30.txt,0.05,0.0,0.0,50,3,0.8,0.01,pairwise,45.0,0.00
tune_1,Testing/mac_grafo11dens30.txt,0.05,0.0,0.0,50,3,0.8,0.01,pairwise,55.0,1.14
tune_2,Testing/mac_grafo11dens30.txt,0.05,0.0,0.0,50,3,0.8,0.01,pairwise,55.0,0.00
tune_3,Testing/mac_grafo11dens30.txt,0.05,0.0,0.0,50,3,0.8,0.01,pairwise,55.0,0.00
tune_4,Testing/mac_grafo11dens30.txt,0.05,0.0,0.0,50,3,0.8,0.01,pairwise,55.0,0.00
tune_5,Testing/mac_grafo11dens30.txt,0.05,0.0,0.0,50,3,0.8,0.01,pairwise,55.0,0.00
tune_6,Testing/mac_grafo11dens30.txt,0.05,0.0,0.0,50,3,0.8,0.01,pairwise,55.0,0.00
tune_7,Testing/mac_grafo11dens30.txt,0.05,0.0,0.0,50,3,0.8,0.01,pairwise,55.0,0.00
tune_8,Testing/mac_grafo11dens30.txt,0.05,0.0,0.0,50,3,0.8,0.01,pairwise,55.0,0.00
tune_9,Testing/mac_grafo11dens30.txt,0.05,0.0,0.0,50,3,0.8,0.01,pairwise,55.0,0.00
tune_10,Testing/mac_grafo11dens30.txt,0.05,0.0,0.0,50,3,0.8,0.01,pairwise,55.0,0.00
tune_1,Testing/mac_grafo12dens30.txt,0.05,0.0,0.0,50,3,0.8,0.01,pairwise,66.0,1.14
tune_2,Testing/mac_grafo12dens30.txt,0.05,0.0,0.0,50,3,0.8,0.01,pairwise,66.0,0.00
tune_3,Testing/mac_grafo12dens30.txt,0.05,0.0,0.0,50,3,0.8,0.01,pairwise,66.0,0.00
tune_4,Testing/mac_grafo12dens30.txt,0.05,0.0,0.0,50,3,0.8,0.01,pairwise,66.0,0.00
tune_5,Testing/mac_grafo12dens30.txt,0.05,0.0,0.0,50,3,0.8,0.01,pairwise,66.0,0.00
tune_6,Testing/mac_grafo12dens30.txt,0.05,0.0,0.0,50,3,0.8,0.01,pairwise,66.0,0.00
tune_7,Testing/mac_grafo12dens30.txt,0.05,0.0,0.0,50,3,0.8,0.01,pairwise,66.0,0.00
tune_8,Testing/mac_grafo12dens30.txt,0.05,0.0,0.0,50,3,0.8,0.01,pairwise,66.0,0.00
tune_9,Testing/mac_grafo12dens30.txt,0.05,0.0,0.0,50,3,0.8,0.01,pairwise,66.0,0.00
tune_10,Testing/mac_grafo12dens30.txt,0.05,0.0,0.0,50,3,0.8,0.01,pairwise,66.0,0.00
tune_1,Testing/mac_grafo13dens30.txt,0.05,0.0,0.0,50,3,0.8,0.01,pairwise,78.0,1.10
tune_2,Testing/mac_grafo13dens30.txt,0.05,0.0,0.0,50,3,0.8,0.01,pairwise,78.0,0.00
tune_3,Testing/mac_grafo13dens30.txt,0.05,0.0,0.0,50,3,0.8,0.01,pairwise,78.0,0.00
tune_4,Testing/mac_grafo13dens30.txt,0.05,0.0,0.0,50,3,0.8,0.01,pairwise,78.0,0.00
tune_5,Testing/mac_grafo13dens30.txt,0.05,0.0,0.0,50,3,0.8,0.01,pairwise,78.0,0.00
tune_6,Testing/mac_grafo13dens30.txt,0.05,0.0,0.0,50,3,0.8,0.01,pairwise,78.0,0.00
tune_7,Testing/mac_grafo13dens30.txt,0.05,0.0,0.0,50,3,0.8,0.01,pairwise,78.0,0.00
tune_8,Testing/mac_grafo13dens30.txt,0.05,0.0,0.0,50,3,0.8,0.01,pairwise,78.0,0.00
tune_9,Testing/mac_grafo13dens30.txt,0.05,0.0,0.0,50,3,0.8,0.01,pairwise,78.0,0.00
tune_10,Testing/mac_grafo13dens30.txt,0.05,0.0,0.0,50,3,0.8,0.01,pairwise,78.0,0.00
tune_1,Testing/mac_grafo14dens30.txt,0.05,0.0,0.0,50,3,0.8,0.01,pairwise,91.0,1.13
tune_2,Testing/mac_grafo14dens30.txt,0.05,0.0,0.0,50,3,0.8,0.01,pairwise,91.0,0.00
tune_3,Testing/mac_grafo14dens30.txt,0.05,0.0,0.0,50,3,0.8,0.01,pairwise,91.0,0.00
tune_4,Testing/mac_grafo14dens30.txt,0.05,0.0,0.0,50,3,0.8,0.01,pairwise,91.0,0.00
tune_5,Testing/mac_grafo14dens30.txt,0.05,0.0,0.0,50,3,0.8,0.01,pairwise,91.0,0.00
tune_6,Testing/mac_grafo14dens30.txt,0.05,0.0,0.0,50,3,0.8,0.01,pairwise,91.0,0.00
tune_7,Testing/mac_grafo14dens30.txt,0.05,0.0,0.0,50,3,0.8,0.01,pairwise,91.0,0.00
tune_8,Testing/mac_grafo14dens30.txt,0.05,0.0,0.0,50,3,0.8,0.01,pairwise,91.0,0.00
tune_9,Testing/mac_grafo14dens30.txt,0.05,0.0,0.0,50,3,0.8,0.01,pairwise,91.0,0.00
tune_10,Testing/mac_grafo14dens30.txt,0.05,0.0,0.0,50,3,0.8,0.01,pairwise,91.0,0.00
tune_1,Testing/mac_grafo15dens30.txt,0.05,0.0,0.0,50,3,0.8,0.01,pairwise,105.0,1.14
tune_2,Testing/mac_grafo15dens30.txt,0.05,0.0,0.0,50,3,0.8,0.01,pairwise,105.0,0.00
tune_3,Testing/mac_grafo15dens30.txt,0.05,0.0,0.0,50,3,0.8,0.01,pairwise,105.0,0.00
tune_4,Testing/mac_grafo15dens30.txt,0.05,0.0,0.0,50,3,0.8,0.01,pairwise,105.0,0.00
tune_5,Testing/mac_grafo15dens30.txt,0.05,0.0,0.0,50,3,0.8,0.01,pairwise,105.0,0.00
tune_6,Testing/mac_grafo15dens30.txt,0.05,0.0,0.0,50,3,0.8,0.01,pairwise,105.0,0.00
tune_7,Testing/mac_grafo15dens30.txt,0.05,0.0,0.0,50,3,0.8,0.01,pairwise,105.0,0.00
tune_8,Testing/mac_grafo15dens30.txt,0.05,0.0,0.0,50,3,0.8,0.01,pairwise,105.0,0.00
tune_9,Testing/mac_grafo15dens30.txt,0.05,0.0,0.0,50,3,0.8,0.01,pairwise,105.0,0.00
tune_10,Testing/mac_grafo15dens30.txt,0.05,0.0,0.0,50,3,0.8,0.01,pairwise,105.0,0.00
tune_1,Testing/mac_grafo16dens30.txt,0.05,0.0,0.0,50,3,0.8,0.01,pairwise,120.0,1.12
tune_2,Testing/mac_grafo16dens30.txt,0.05,0.0,0.0,50,3,0.8,0.01,pairwise,120.0,0.00
tune_3,Testing/mac_grafo16dens30.txt,0.05,0.0,0.0,50,3,0.8,0.01,pairwise,120.0,0.00
tune_4,Testing/mac_grafo16dens30.txt,0.05,0.0,0.0,50,3,0.8,0.01,pairwise,120.0,0.00
tune_5,Testing/mac_grafo16dens30.txt,0.05,0.0,0.0,50,3,0.8,0.01,pairwise,120.0,0.00
tune_6,Testing/mac_grafo16dens30.txt,0.05,0.0,0.0,50,3,0.8,0.01,pairwise,120.0,0.00
tune_7,Testing/mac_grafo16dens30.txt,0.05,0.0,0.0,50,3,0.8,0.01,pairwise,120.0,0.00
tune_8,Testing/mac_grafo16dens30.txt,0.05,0.0,0.0,50,3,0.8,0.01,pairwise,120.0,0.00
tune_9,Testing/mac_grafo16dens30.txt,0.05,0.0,0.0,50,3,0.8,0.01,pairwise,120.0,0.00
tune_10,Testing/mac_grafo16dens30.txt,0.05,0.0,0.0,50,3,0.8,0.01,pairwise,120.0,0.00
tune_1,Testing/mac_grafo17dens30.txt,0.05,0.0,0.0,50,3,0.8,0.01,pairwise,136.0,1.14
tune_2,Testing/mac_grafo17dens30.txt,0.05,0.0,0.0,50,3,0.8,0.01,pairwise,136.0,0.00
tune_3,Testing/mac_grafo17dens30.txt,0.05,0.0,0.0,50,3,0.8,0.01,pairwise,136.0,0.00
tune_4,Testing/mac_grafo17dens30.txt,0.05,0.0,0.0,50,3,0.8,0.01,pairwise,136.0,0.00
tune_5,Testing/mac_grafo17dens30.txt,0.05,0.0,0.0,50,3,0.8,0.01,pairwise,136.0,0.00
tune_6,Testing/mac_grafo17dens30.txt,0.05,0.0,0.0,50,3,0.8,0.01,pairwise,136.0,0.00
tune_7,Testing/mac_grafo17dens30.txt,0.05,0.0,0.0,50,3,0.8,0.01,pairwise,136.0,0.00
tune_8,Testing/mac_grafo17dens30.txt,0.05,0.0,0.0,50,3,0.8,0.01,pairwise,136.0,0.00
tune_9,Testing/mac_grafo17dens30.txt,0.05,0.0,0.0,50,3,0.8,0.01,pairwise,136.0,0.00
tune_10,Testing/mac_grafo17dens30.txt,0.05,0.0,0.0,50,3,0.8,0.01,pairwise,136.0,0.00
tune_1,Testing/mac_grafo18dens30.txt,0.05,0.0,0.0,50,3,0.8,0.01,pairwise,153.0,1.17
tune_2,Testing/mac_grafo18dens30.txt,0.05,0.0,0.0,50,3,0.8,0.01,pairwise,153.0,0.00
tune_3,Testing/mac_grafo18dens30.txt,0.05,0.0,0.0,50,3,0.8,0.01,pairwise,153.0,0.00
tune_4,Testing/mac_grafo18dens30.txt,0.05,0.0,0.0,50,3,0.8,0.01,pairwise,153.0,0.00
tune_5,Testing/mac_grafo18dens30.txt,0.05,0.0,0.0,50,3,0.8,0.01,pairwise,153.0,0.00
tune_6,Testing/mac_grafo18dens30.txt,0.05,0.0,0.0,50,3,0.8,0.01,pairwise,153.0,0.00
tune_7,Testing/mac_grafo18dens30.txt,0.05,0.0,0.0,50,3,0.8,0.01,pairwise,153.0,0.00
tune_8,Testing/mac_grafo18dens30.txt,0.05,0.0,0.0,50,3,0.8,0.01,pairwise,153.0,0.00
tune_9,Testing/mac_grafo18dens30.txt,0.05,0.0,0.0,50,3,0.8,0.01,pairwise,153.0,0.00
tune_10,Testing/mac_grafo18dens30.txt,0.05,0.0,0.0,50,3,0.8,0.01,pairwise,153.0,0.00
tune_1,Testing/mac_grafo19dens30.txt,0.05,0.0,0.0,50,3,0.8,0.01,pairwise,171.0,1.12
tune_2,Testing/mac_grafo19dens30.txt,0.05,0.0,0.0,50,3,0.8,0.01,pairwise,171.0,0.00
tune_3,Testing/mac_grafo19dens30.txt,0.05,0.0,0.0,50,3,0.8,0.01,pairwise,171.0,0.00
tune_4,Testing/mac_grafo19dens30.txt,0.05,0.0,0.0,50,3,0.8,0.01,pairwise,171.0,0.00
tune_5,Testing/mac_grafo19dens30.txt,0.05,0.0,0.0,50,3,0.8,0.01,pairwise,171.0,0.00
tune_6,Testing/mac_grafo19dens30.txt,0.05,0.0,0.0,50,3,0.8,0.01,pairwise,171.0,0.00
tune_7,Testing/mac_grafo19dens30.txt,0.05,0.0,0.0,50,3,0.8,0.01,pairwise,171.0,0.00
tune_8,Testing/mac_grafo19dens30.txt,0.05,0.0,0.0,50,3,0.8,0.01,pairwise,171.0,0.00
tune_9,Testing/mac_grafo19dens30.txt,0.05,0.0,0.0,50,3,0.8,0.01,pairwise,171.0,0.00
tune_10,Testing/mac_grafo19dens30.txt,0.05,0.0,0.0,50,3,0.8,0.01,pairwise,171.0,0.00
tune_1,Testing/mac_grafo20dens30.txt,0.05,0.0,0.0,50,3,0.8,0.01,pairwise,190.0,1.14
tune_2,Testing/mac_grafo20dens30.txt,0.05,0.0,0.0,50,3,0.8,0.01,pairwise,190.0,0.00
tune_3,Testing/mac_grafo20dens30.txt,0.05,0.0,0.0,50,3,0.8,0.01,pairwise,190.0,0.00
tune_4,Testing/mac_grafo20dens30.txt,0.05,0.0,0.0,50,3,0.8,0.01,pairwise,190.0,0.00
tune_5,Testing/mac_grafo20dens30.txt,0.05,0.0,0.0,50,3,0.8,0.01,pairwise,190.0,0.00
tune_6,Testing/mac_grafo20dens30.txt,0.05,0.0,0.0,50,3,0.8,0.01,pairwise,190.0,0.00
tune_7,Testing/mac_grafo20dens30.txt,0.05,0.0,0.0,50,3,0.8,0.01,pairwise,190.0,0.00
tune_8,Testing/mac_grafo20dens30.txt,0.05,0.0,0.0,50,3,0.8,0.01,pairwise,190.0,0.00
tune_9,Testing/mac_grafo20dens30.txt,0.05,0.0,0.0,50,3,0.8,0.01,pairwise,190.0,0.00
tune_10,Testing/mac_grafo20dens30.txt,0.05,0.0,0.0,50,3,0.8,0.01,pairwise,190.0,0.00
tune_1,Testing/mac_grafo21dens30.txt,0.05,0.0,0.0,50,3,0.8,0.01,pairwise,210.0,1.19
tune_2,Testing/mac_grafo21dens30.txt,0.05,0.0,0.0,50,3,0.8,0.01,pairwise,210.0,0.00
tune_3,Testing/mac_grafo21dens30.txt,0.05,0.0,0.0,50,3,0.8,0.01,pairwise,210.0,0.00
tune_4,Testing/mac_grafo21dens30.txt,0.05,0.0,0.0,50,3,0.8,0.01,pairwise,210.0,0.00
tune_5,Testing/mac_grafo21dens30.txt,0.05,0.0,0.0,50,3,0.8,0.01,pairwise,210.0,0.00
tune_6,Testing/mac_grafo21dens30.txt,0.05,0.0,0.0,50,3,0.8,0.01,pairwise,210.0,0.00
tune_7,Testing/mac_grafo21dens30.txt,0.05,0.0,0.0,50,3,0.8,0.01,pairwise,210.0,0.00
tune_8,Testing/mac_grafo21dens30.txt,0.05,0.0,0.0,50,3,0.8,0.01,pairwise,210.0,0.00
tune_9,Testing/mac_grafo21dens30.txt,0.05,0.0,0.0,50,3,0.8,0.01,pairwise,210.0,0.00
tune_10,Testing/mac_grafo21dens30.txt,0.05,0.0,0.0,50,3,0.8,0.01,pairwise,210.0,0.00
tune_1,Testing/mac_grafo22dens30.txt,0.05,0.0,0.0,50,3,0.8,0.01,pairwise,231.0,1.16
tune_2,Testing/mac_grafo22dens30.txt,0.05,0.0,0.0,50,3,0.8,0.01,pairwise,231.0,0.00
tune_3,Testing/mac_grafo22dens30.txt,0.05,0.0,0.0,50,3,0.8,0.01,pairwise,231.0,0.00
tune_4,Testing/mac_grafo22dens30.txt,0.05,0.0,0.0,50,3,0.8,0.01,pairwise,231.0,0.00
tune_5,Testing/mac_grafo22dens30.txt,0.05,0.0,0.0,50,3,0.8,0.01,pairwise,231.0,0.00
tune_6,Testing/mac_grafo22dens30.txt,0.05,0.0,0.0,50,3,0.8,0.01,pairwise,231.0,0.00
tune_7,Testing/mac_grafo22dens30.txt,0.05,0.0,0.0,50,3,0.8,0.01,pairwise,231.0,0.00
tune_8,Testing/mac_grafo22dens30.txt,0.05,0.0,0.0,50,3,0.8,0.01,pairwise,231.0,0.00
tune_9,Testing/mac_grafo22dens30.txt,0.05,0.0,0.0,50,3,0.8,0.01,pairwise,231.0,0.00
tune_10,Testing/mac_grafo22dens30.txt,0.05,0.0,0.0,50,3,0.8,0.01,pairwise,231.0,0.00
tune_1,Testing/mac_grafo23dens30.txt,0.05,0.0,0.0,50,3,0.8,0.01,pairwise,253.0,1.27
tune_2,Testing/mac_grafo23dens30.txt,0.05,0.0,0.0,50,3,0.8,0.01,pairwise,253.0,0.00
tune_3,Testing/mac_grafo23dens30.txt,0.05,0.0,0.0,50,3,0.8,0.01,pairwise,253.0,0.00
tune_4,Testing/mac_grafo23dens30.txt,0.05,0.0,0.0,50,3,0.8,0.01,pairwise,253.0,0.00
tune_5,Testing/mac_grafo23dens30.txt,0.05,0.0,0.0,50,3,0.8,0.01,pairwise,253.0,0.00
tune_6,Testing/mac_grafo23dens30.txt,0.05,0.0,0.0,50,3,0.8,0.01,pairwise,253.0,0.00
tune_7,Testing/mac_grafo23dens30.txt,0.05,0.0,0.0,50,3,0.8,0.01,pairwise,253.0,0.00
tune_8,Testing/mac_grafo23dens30.txt,0.05,0.0,0.0,50,3,0.8,0.01,pairwise,253.0,0.00
tune_9,Testing/mac_grafo23dens30.txt,0.05,0.0,0.0,50,3,0.8,0.01,pairwise,253.0,0.00
tune_10,Testing/mac_grafo23dens30.txt,0.05,0.0,0.0,50,3,0.8,0.01,pairwise,253.0,0.00
tune_1,Testing/mac_grafo24dens30.txt,0.05,0.0,0.0,50,3,0.8,0.01,pairwise,276.0,1.20
tune_2,Testing/mac_grafo24dens30.txt,0.05,0.0,0.0,50,3,0.8,0.01,pairwise,276.0,0.00
tune_3,Testing/mac_grafo24dens30.txt,0.05,0.0,0.0,50,3,0.8,0.01,pairwise,276.0,0.00
tune_4,Testing/mac_grafo24dens30.txt,0.05,0.0,0.0,50,3,0.8,0.01,pairwise,276.0,0.00
tune_5,Testing/mac_grafo24dens30.txt,0.05,0.0,0.0,50,3,0.8,0.01,pairwise,276.0,0.00
tune_6,Testing/mac_grafo24dens30.txt,0.05,0.0,0.0,50,3,0.8,0.01,pairwise,276.0,0.00
tune_7,Testing/mac_grafo24dens30.txt,0.05,0.0,0.0,50,3,0.8,0.01,pairwise,276.0,0.00
tune_8,Testing/mac_grafo24dens30.txt,0.05,0.0,0.0,50,3,0.8,0.01,pairwise,276.0,0.00
tune_9,Testing/mac_grafo24dens30.txt,0.05,0.0,0.0,50,3,0.8,0.01,pairwise,276.0,0.00
tune_10,Testing/mac_grafo24dens30.txt,0.05,0.0,0.0,50,3,0.8,0.01,pairwise,276.0,0.00
tune_1,Testing/mac_grafo25dens30.txt,0.05,0.0,0.0,50,3,0.8,0.01,pairwise,300.0,1.20
tune_2,Testing/mac_grafo25dens30.txt,0.05,0.0,0.0,50,3,0.8,0.01,pairwise,300.0,0.00
tune_3,Testing/mac_grafo25dens30.txt,0.05,0.0,0.0,50,3,0.8,0.01,pairwise,300.0,0.00
tune_4,Testing/mac_grafo25dens30.txt,0.05,0.0,0.0,50,3,0.8,0.01,pairwise,300.0,0.00
tune_5,Testing/mac_grafo25dens30.txt,0.05,0.0,0.0,50,3,0.8,0.01,pairwise,300.0,0.00
tune_6,Testing/mac_grafo25dens30.txt,0.05,0.0,0.0,50,3,0.8,0.01,pairwise,300.0,0.00
tune_7,Testing/mac_grafo25dens30.txt,0.05,0.0,0.0,50,3,0.8,0.01,pairwise,300.0,0.00
tune_8,Testing/mac_grafo25dens30.txt,0.05,0.0,0.0,50,3,0.8,0.01,pairwise,300.0,0.00
tune_9,Testing/mac_grafo25dens30.txt,0.05,0.0,0.0,50,3,0.8,0.01,pairwise,300.0,0.00
tune_10,Testing/mac_grafo25dens30.txt,0.05,0.0,0.0,50,3,0.8,0.01,pairwise,300.0,0.00
tune_1,Testing/mac_grafo26dens30.txt,0.05,0.0,0.0,50,3,0.8,0.01,pairwise,325.0,1.19
tune_2,Testing/mac_grafo26dens30.txt,0.05,0.0,0.0,50,3,0.8,0.01,pairwise,325.0,0.00
tune_3,Testing/mac_grafo26dens30.txt,0.05,0.0,0.0,50,3,0.8,0.01,pairwise,325.0,0.00
tune_4,Testing/mac_grafo26dens30.txt,0.05,0.0,0.0,50,3,0.8,0.01,pairwise,325.0,0.00
tune_5,Testing/mac_grafo26dens30.txt,0.05,0.0,0.0,50,3,0.8,0.01,pairwise,325.0,0.00
tune_6,Testing/mac_grafo26dens30.txt,0.05,0.0,0.0,50,3,0.8,0.01,pairwise,325.0,0.00
tune_7,Testing/mac_grafo26dens30.txt,0.05,0.0,0.0,50,3,0.8,0.01,pairwise,325.0,0.00
tune_8,Testing/mac_grafo26dens30.txt,0.05,0.0,0.0,50,3,0.8,0.01,pairwise,325.0,0.00
tune_9,Testing/mac_grafo26dens30.txt,0.05,0.0,0.0,50,3,0.8,0.01,pairwise,325.0,0.00
tune_10,Testing/mac_grafo26dens30.txt,0.05,0.0,0.0,50,3,0.8,0.01,pairwise,325.0,0.00
tune_1,Testing/mac_grafo27dens30.txt,0.05,0.0,0.0,50,3,0.8,0.01,pairwise,351.0,1.15
tune_2,Testing/mac_grafo27dens30.txt,0.05,0.0,0.0,50,3,0.8,0.01,pairwise,351.0,0.00
tune_3,Testing/mac_grafo27dens30.txt,0.05,0.0,0.0,50,3,0.8,0.01,pairwise,351.0,0.00
tune_4,Testing/mac_grafo27dens30.txt,0.05,0.0,0.0,50,3,0.8,0.01,pairwise,351.0,0.00
tune_5,Testing/mac_grafo27dens30.txt,0.05,0.0,0.0,50,3,0.8,0.01,pairwise,351.0,0.00
tune_6,Testing/mac_grafo27dens30.txt,0.05,0.0,0.0,50,3,0.8,0.01,pairwise,351.0,0.00
tune_7,Testing/mac_grafo27dens30.txt,0.05,0.0,0.0,50,3,0.8,0.01,pairwise,351.0,0.00
tune_8,Testing/mac_grafo27dens30.txt,0.05,0.0,0.0,50,3,0.8,0.01,pairwise,351.0,0.00
tune_9,Testing/mac_grafo27dens30.txt,0.05,0.0,0.0,50,3,0.8,0.01,pairwise,351.0,0.00
tune_10,Testing/mac_grafo27dens30.txt,0.05,0.0,0.0,50,3,0.8,0.01,pairwise,351.0,0.00
tune_1,Testing/mac_grafo28dens30.txt,0.05,0.0,0.0,50,3,0.8,0.01,pairwise,378.0,1.17
tune_2,Testing/mac_grafo28dens30.txt,0.05,0.0,0.0,50,3,0.8,0.01,pairwise,378.0,0.00
tune_3,Testing/mac_grafo28dens30.txt,0.05,0.0,0.0,50,3,0.8,0.01,pairwise,378.0,0.00
tune_4,Testing/mac_grafo28dens30.txt,0.05,0.0,0.0,50,3,0.8,0.01,pairwise,378.0,0.00
tune_5,Testing/mac_grafo28dens30.txt,0.05,0.0,0.0,50,3,0.8,0.01,pairwise,378.0,0.00
tune_6,Testing/mac_grafo28dens30.txt,0.05,0.0,0.0,50,3,0.8,0.01,pairwise,378.0,0.00
tune_7,Testing/mac_grafo28dens30.txt,0.05,0.0,0.0,50,3,0.8,0.01,pairwise,378.0,0.00
tune_8,Testing/mac_grafo28dens30.txt,0.05,0.0,0.0,50,3,0.8,0.01,pairwise,378.0,0.00
tune_9,Testing/mac_grafo28dens30.txt,0.05,0.0,0.0,50,3,0.8,0.01,pairwise,378.0,0.00
tune_10,Testing/mac_grafo28dens30.txt,0.05,0.0,0.0,50,3,0.8,0.01,pairwise,378.0,0.00
tune_1,Testing/mac_grafo29dens30.txt,0.05,0.0,0.0,50,3,0.8,0.01,pairwise,406.0,1.36
tune_2,Testing/mac_grafo29dens30.txt,0.05,0.0,0.0,50,3,0.8,0.01,pairwise,406.0,0.00
tune_3,Testing/mac_grafo29dens30.txt,0.05,0.0,0.0,50,3,0.8,0.01,pairwise,406.0,0.00
tune_4,Testing/mac_grafo29dens30.txt,0.05,0.0,0.0,50,3,0.8,0.01,pairwise,406.0,0.00
tune_5,Testing/mac_grafo29dens30.txt,0.05,0.0,0.0,50,3,0.8,0.01,pairwise,406.0,0.00
tune_6,Testing/mac_grafo29dens30.txt,0.05,0.0,0.0,50,3,0.8,0.01,pairwise,406.0,0.00
tune_7,Testing/mac_grafo29dens30.txt,0.05,0.0,0.0,50,3,0.8,0.01,pairwise,406.0,0.00
tune_8,Testing/mac_grafo29dens30.txt,0.05,0.0,0.0,50,3,0.8,0.01,pairwise,406.0,0.00
tune_9,Testing/mac_grafo29dens30.txt,0.05,0.0,0.0,50,3,0.8,0.01,pairwise,406.0,0.00
tune_10,Testing/mac_grafo29dens30.txt,0.05,0.0,0.0,50,3,0.8,0.01,pairwise,406.0,0.00
tune_1,Testing/mac_grafo30dens30.txt,0.05,0.0,0.0,50,3,0.8,0.01,pairwise,435.0,1.16
tune_2,Testing/mac_grafo30dens30.txt,0.05,0.0,0.0,50,3,0.8,0.01,pairwise,435.0,0.00
tune_3,Testing/mac_grafo30dens30.txt,0.05,0.0,0.0,50,3,0.8,0.01,pairwise,435.0,0.00
tune_4,Testing/mac_grafo30dens30.txt,0.05,0.0,0.0,50,3,0.8,0.01,pairwise,435.0,0.00
tune_5,Testing/mac_grafo30dens30.txt,0.05,0.0,0.0,50,3,0.8,0.01,pairwise,435.0,0.00
tune_6,Testing/mac_grafo30dens30.txt,0.05,0.0,0.0,50,3,0.8,0.01,pairwise,435.0,0.00
tune_7,Testing/mac_grafo30dens30.txt,0.05,0.0,0.0,50,3,0.8,0.01,pairwise,435.0,0.00
tune_8,Testing/mac_grafo30dens30.txt,0.05,0.0,0.0,50,3,0.8,0.01,pairwise,435.0,0.00
tune_9,Testing/mac_grafo30dens30.txt,0.05,0.0,0.0,50,3,0.8,0.01,pairwise,435.0,0.00
tune_10,Testing/mac_grafo30dens30.txt,0.05,0.0,0.0,50,3,0.8,0.01,pairwise,435.0,0.00
tune_1,Testing/cor_adjnoun-w.txt,0.05,0.0,0.0,50,3,0.8,0.01,components,1.0,1.52
tune_2,Testing/cor_adjnoun-w.txt,0.05,0.0,0.0,50,3,0.8,0.01,components,1.0,0.00
tune_3,Testing/cor_adjnoun-w.txt,0.05,0.0,0.0,50,3,0.8,0.01,components,1.0,0.00
tune_4,Testing/cor_adjnoun-w.txt,0.05,0.0,0.0,50,3,0.8,0.01,components,1.0,0.00
tune_5,Testing/cor_adjnoun-w.txt,0.05,0.0,0.0,50,3,0.8,0.01,components,1.0,0.00
tune_6,Testing/cor_adjnoun-w.txt,0.05,0.0,0.0,50,3,0.8,0.01,components,1.0,0.00
tune_7,Testing/cor_adjnoun-w.txt,0.05,0.0,0.0,50,3,0.8,0.01,components,1.0,0.00
tune_8,Testing/cor_adjnoun-w.txt,0.05,0.0,0.0,50,3,0.8,0.01,components,1.0,0.00
tune_9,Testing/cor_adjnoun-w.txt,0.05,0.0,0.0,50,3,0.8,0.01,components,1.0,0.00
tune_10,Testing/cor_adjnoun-w.txt,0.05,0.0,0.0,50,3,0.8,0.01,components,1.0,0.00
tune_1,Testing/cor_celegans_metabolic-w.txt,0.05,0.0,0.0,50,3,0.8,0.01,components,1.0,3.20
tune_2,Testing/cor_celegans_metabolic-w.txt,0.05,0.0,0.0,50,3,0.8,0.01,components,1.0,0.00
tune_3,Testing/cor_celegans_metabolic-w.txt,0.05,0.0,0.0,50,3,0.8,0.01,components,1.0,0.00
tune_4,Testing/cor_celegans_metabolic-w.txt,0.05,0.0,0.0,50,3,0.8,0.01,components,1.0,0.00
tune_5,Testing/cor_celegans_metabolic-w.txt,0.05,0.0,0.0,50,3,0.8,0.01,components,1.0,0.00
tune_6,Testing/cor_celegans_metabolic-w.txt,0.05,0.0,0.0,50,3,0.8,0.01,components,1.0,0.00
tune_7,Testing/cor_celegans_metabolic-w.txt,0.05,0.0,0.0,50,3,0.8,0.01,components,1.0,0.00
tune_8,Testing/cor_celegans_metabolic-w.txt,0.05,0.0,0.0,50,3,0.8,0.01,components,1.0,0.00
tune_9,Testing/cor_celegans_metabolic-w.txt,0.05,0.0,0.0,50,3,0.8,0.01,components,1.0,0.00
tune_10,Testing/cor_celegans_metabolic-w.txt,0.05,0.0,0.0,50,3,0.8,0.01,components,1.0,0.00
tune_1,Testing/cor_celegansneural-w.txt,0.05,0.0,0.0,50,3,0.8,0.01,components,1.0,3.15
tune_2,Testing/cor_celegansneural-w.txt,0.05,0.0,0.0,50,3,0.8,0.01,components,1.0,0.00
tune_3,Testing/cor_celegansneural-w.txt,0.05,0.0,0.0,50,3,0.8,0.01,components,1.0,0.00
tune_4,Testing/cor_celegansneural-w.txt,0.05,0.0,0.0,50,3,0.8,0.01,components,1.0,0.00
tune_5,Testing/cor_celegansneural-w.txt,0.05,0.0,0.0,50,3,0.8,0.01,components,1.0,0.00
tune_6,Testing/cor_celegansneural-w.txt,0.05,0.0,0.0,50,3,0.8,0.01,components,1.0,0.00
tune_7,Testing/cor_celegansneural-w.txt,0.05,0.0,0.0,50,3,0.8,0.01,components,1.0,0.00
tune_8,Testing/cor_celegansneural-w.txt,0.05,0.0,0.0,50,3,0.8,0.01,components,1.0,0.00
tune_9,Testing/cor_celegansneural-w.txt,0.05,0.0,0.0,50,3,0.8,0.01,components,1.0,0.00
tune_10,Testing/cor_celegansneural-w.txt,0.05,0.0,0.0,50,3,0.8,0.01,components,1.0,0.00
tune_1,Testing/cor_dolphins-w.txt,0.05,0.0,0.0,50,3,0.8,0.01,components,1.0,1.27
tune_2,Testing/cor_dolphins-w.txt,0.05,0.0,0.0,50,3,0.8,0.01,components,1.0,0.00
tune_3,Testing/cor_dolphins-w.txt,0.05,0.0,0.0,50,3,0.8,0.01,components,1.0,0.00
tune_4,Testing/cor_dolphins-w.txt,0.05,0.0,0.0,50,3,0.8,0.01,components,1.0,0.00
tune_5,Testing/cor_dolphins-w.txt,0.05,0.0,0.0,50,3,0.8,0.01,components,1.0,0.00
tune_6,Testing/cor_dolphins-w.txt,0.05,0.0,0.0,50,3,0.8,0.01,components,1.0,0.00
tune_7,Testing/cor_dolphins-w.txt,0.05,0.0,0.0,50,3,0.8,0.01,components,1.0,0.00
tune_8,Testing/cor_dolphins-w.txt,0.05,0.0,0.0,50,3,0.8,0.01,components,1.0,0.00
tune_9,Testing/cor_dolphins-w.txt,0.05,0.0,0.0,50,3,0.8,0.01,components,1.0,0.00
tune_10,Testing/cor_dolphins-w.txt,0.05,0.0,0.0,50,3,0.8,0.01,components,1.0,0.00
tune_1,Testing/cor_football-w.txt,0.05,0.0,0.0,50,3,0.8,0.01,components,1.0,1.63
tune_2,Testing/cor_football-w.txt,0.05,0.0,0.0,50,3,0.8,0.01,components,1.0,0.00
tune_3,Testing/cor_football-w.txt,0.05,0.0,0.0,50,3,0.8,0.01,components,1.0,0.00
tune_4,Testing/cor_football-w.txt,0.05,0.0,0.0,50,3,0.8,0.01,components,1.0,0.00
tune_5,Testing/cor_football-w.txt,0.05,0.0,0.0,50,3,0.8,0.01,components,1.0,0.00
tune_6,Testing/cor_football-w.txt,0.05,0.0,0.0,50,3,0.8,0.01,components,1.0,0.00
tune_7,Testing/cor_football-w.txt,0.05,0.0,0.0,50,3,0.8,0.01,components,1.0,0.00
tune_8,Testing/cor_football-w.txt,0.05,0.0,0.0,50,3,0.8,0.01,components,1.0,0.00
tune_9,Testing/cor_football-w.txt,0.05,0.0,0.0,50,3,0.8,0.01,components,1.0,0.00
tune_10,Testing/cor_football-w.txt,0.05,0.0,0.0,50,3,0.8,0.01,components,1.0,0.00
tune_1,Testing/cor_jazz-w.txt,0.05,0.0,0.0,50,3,0.8,0.01,components,1.0,3.71
tune_2,Testing/cor_jazz-w.txt,0.05,0.0,0.0,50,3,0.8,0.01,components,1.0,0.00
tune_3,Testing/cor_jazz-w.txt,0.05,0.0,0.0,50,3,0.8,0.01,components,1.0,0.00
tune_4,Testing/cor_jazz-w.txt,0.05,0.0,0.0,50,3,0.8,0.01,components,1.0,0.00
tune_5,Testing/cor_jazz-w.txt,0.05,0.0,0.0,50,3,0.8,0.01,components,1.0,0.00
tune_6,Testing/cor_jazz-w.txt,0.05,0.0,0.0,50,3,0.8,0.01,components,1.0,0.00
tune_7,Testing/cor_jazz-w.txt,0.05,0.0,0.0,50,3,0.8,0.01,components,1.0,0.00
tune_8,Testing/cor_jazz-w.txt,0.05,0.0,0.0,50,3,0.8,0.01,components,1.0,0.00
tune_9,Testing/cor_jazz-w.txt,0.05,0.0,0.0,50,3,0.8,0.01,components,1.0,0.00
tune_10,Testing/cor_jazz-w.txt,0.05,0.0,0.0,50,3,0.8,0.01,components,1.0,0.00
tune_1,Testing/cor_karate-w.txt,0.05,0.0,0.0,50,3,0.8,0.01,components,1.0,1.20
tune_2,Testing/cor_karate-w.txt,0.05,0.0,0.0,50,3,0.8,0.01,components,1.0,0.00
tune_3,Testing/cor_karate-w.txt,0.05,0.0,0.0,50,3,0.8,0.01,components,1.0,0.00
tune_4,Testing/cor_karate-w.txt,0.05,0.0,0.0,50,3,0.8,0.01,components,1.0,0.00
tune_5,Testing/cor_karate-w.txt,0.05,0.0,0.0,50,3,0.8,0.01,components,1.0,0.00
tune_6,Testing/cor_karate-w.txt,0.05,0.0,0.0,50,3,0.8,0.01,components,1.0,0.00
tune_7,Testing/cor_karate-w.txt,0.05,0.0,0.0,50,3,0.8,0.01,components,1.0,0.00
tune_8,Testing/cor_karate-w.txt,0.05,0.0,0.0,50,3,0.8,0.01,components,1.0,0.00
tune_9,Testing/cor_karate-w.txt,0.05,0.0,0.0,50,3,0.8,0.01,components,1.0,0.00
tune_10,Testing/cor_karate-w.txt,0.05,0.0,0.0,50,3,0.8,0.01,components,1.0,0.00
tune_1,Testing/cor_lesmis-w.txt,0.05,0.0,0.0,50,3,0.8,0.01,components,1.0,1.32
tune_2,Testing/cor_lesmis-w.txt,0.05,0.0,0.0,50,3,0.8,0.01,components,1.0,0.00
tune_3,Testing/cor_lesmis-w.txt,0.05,0.0,0.0,50,3,0.8,0.01,components,1.0,0.00
tune_4,Testing/cor_lesmis-w.txt,0.05,0.0,0.0,50,3,0.8,0.01,components,1.0,0.00
tune_5,Testing/cor_lesmis-w.txt,0.05,0.0,0.0,50,3,0.8,0.01,components,1.0,0.00
tune_6,Testing/cor_lesmis-w.txt,0.05,0.0,0.0,50,3,0.8,0.01,components,1.0,0.00
tune_7,Testing/cor_lesmis-w.txt,0.05,0.0,0.0,50,3,0.8,0.01,components,1.0,0.00
tune_8,Testing/cor_lesmis-w.txt,0.05,0.0,0.0,50,3,0.8,0.01,components,1.0,0.00
tune_9,Testing/cor_lesmis-w.txt,0.05,0.0,0.0,50,3,0.8,0.01,components,1.0,0.00
tune_10,Testing/cor_lesmis-w.txt,0.05,0.0,0.0,50,3,0.8,0.01,components,1.0,0.00
tune_1,Testing/cor_n050plai01.txt,0.05,0.0,0.0,50,3,0.8,0.01,components,1.0,1.24
tune_2,Testing/cor_n050plai01.txt,0.05,0.0,0.0,50,3,0.8,0.01,components,1.0,0.00
tune_3,Testing/cor_n050plai01.txt,0.05,0.0,0.0,50,3,0.8,0.01,components,1.0,0.00
tune_4,Testing/cor_n050plai01.txt,0.05,0.0,0.0,50,3,0.8,0.01,components,1.0,0.00
tune_5,Testing/cor_n050plai01.txt,0.05,0.0,0.0,50,3,0.8,0.01,components,1.0,0.00
tune_6,Testing/cor_n050plai01.txt,0.05,0.0,0.0,50,3,0.8,0.01,components,1.0,0.00
tune_7,Testing/cor_n050plai01.txt,0.05,0.0,0.0,50,3,0.8,0.01,components,1.0,0.00
tune_8,Testing/cor_n050plai01.txt,0.05,0.0,0.0,50,3,0.8,0.01,components,1.0,0.00
tune_9,Testing/cor_n050plai01.txt,0.05,0.0,0.0,50,3,0.8,0.01,components,1.0,0.00
tune_10,Testing/cor_n050plai01.txt,0.05,0.0,0.0,50,3,0.8,0.01,components,1.0,0.00
tune_1,Testing/cor_n100plai01.txt,0.05,0.0,0.0,50,3,0.8,0.01,components,1.0,1.43
tune_2,Testing/cor_n100plai01.txt,0.05,0.0,0.0,50,3,0.8,0.01,components,1.0,0.00
tune_3,Testing/cor_n100plai01.txt,0.05,0.0,0.0,50,3,0.8,0.01,components,1.0,0.00
tune_4,Testing/cor_n100plai01.txt,0.05,0.0,0.0,50,3,0.8,0.01,components,1.0,0.00
tune_5,Testing/cor_n100plai01.txt,0.05,0.0,0.0,50,3,0.8,0.01,components,1.0,0.00
tune_6,Testing/cor_n100plai01.txt,0.05,0.0,0.0,50,3,0.8,0.01,components,1.0,0.00
tune_7,Testing/cor_n100plai01.txt,0.05,0.0,0.0,50,3,0.8,0.01,components,1.0,0.00
tune_8,Testing/cor_n100plai01.txt,0.05,0.0,0.0,50,3,0.8,0.01,components,1.0,0.00
tune_9,Testing/cor_n100plai01.txt,0.05,0.0,0.0,50,3,0.8,0.01,components,1.0,0.00
tune_10,Testing/cor_n100plai01.txt,0.05,0.0,0.0,50,3,0.8,0.01,components,1.0,0.00
tune_1,Testing/cor_n150plai01.txt,0.05,0.0,0.0,50,3,0.8,0.01,components,1.0,1.59
tune_2,Testing/cor_n150plai01.txt,0.05,0.0,0.0,50,3,0.8,0.01,components,1.0,0.00
tune_3,Testing/cor_n150plai01.txt,0.05,0.0,0.0,50,3,0.8,0.01,components,1.0,0.00
tune_4,Testing/cor_n150plai01.txt,0.05,0.0,0.0,50,3,0.8,0.01,components,1.0,0.00
tune_5,Testing/cor_n150plai01.txt,0.05,0.0,0.0,50,3,0.8,0.01,components,1.0,0.00
tune_6,Testing/cor_n150plai01.txt,0.05,0.0,0.0,50,3,0.8,0.01,components,1.0,0.00
tune_7,Testing/cor_n150plai01.txt,0.05,0.0,0.0,50,3,0.8,0.01,components,1.0,0.00
tune_8,Testing/cor_n150plai01.txt,0.05,0.0,0.0,50,3,0.8,0.01,components,1.0,0.00
tune_9,Testing/cor_n150plai01.txt,0.05,0.0,0.0,50,3,0.8,0.01,components,1.0,0.00
tune_10,Testing/cor_n150plai01.txt,0.05,0.0,0.0,50,3,0.8,0.01,components,1.0,0.00
tune_1,Testing/cor_n200plai01.txt,0.05,0.0,0.0,50,3,0.8,0.01,components,1.0,1.72
tune_2,Testing/cor_n200plai01.txt,0.05,0.0,0.0,50,3,0.8,0.01,components,1.0,0.00
tune_3,Testing/cor_n200plai01.txt,0.05,0.0,0.0,50,3,0.8,0.01,components,1.0,0.00
tune_4,Testing/cor_n200plai01.txt,0.05,0.0,0.0,50,3,0.8,0.01,components,1.0,0.00
tune_5,Testing/cor_n200plai01.txt,0.05,0.0,0.0,50,3,0.8,0.01,components,1.0,0.00
tune_6,Testing/cor_n200plai01.txt,0.05,0.0,0.0,50,3,0.8,0.01,components,1.0,0.00
tune_7,Testing/cor_n200plai01.txt,0.05,0.0,0.0,50,3,0.8,0.01,components,1.0,0.00
tune_8,Testing/cor_n200plai01.txt,0.05,0.0,0.0,50,3,0.8,0.01,components,1.0,0.00
tune_9,Testing/cor_n200plai01.txt,0.05,0.0,0.0,50,3,0.8,0.01,components,1.0,0.00
tune_10,Testing/cor_n200plai01.txt,0.05,0.0,0.0,50,3,0.8,0.01,components,1.0,0.00
tune_1,Testing/cor_n250plai01.txt,0.05,0.0,0.0,50,3,0.8,0.01,components,1.0,1.95
tune_2,Testing/cor_n250plai01.txt,0.05,0.0,0.0,50,3,0.8,0.01,components,1.0,0.00
tune_3,Testing/cor_n250plai01.txt,0.05,0.0,0.0,50,3,0.8,0.01,components,1.0,0.00
tune_4,Testing/cor_n250plai01.txt,0.05,0.0,0.0,50,3,0.8,0.01,components,1.0,0.00
tune_5,Testing/cor_n250plai01.txt,0.05,0.0,0.0,50,3,0.8,0.01,components,1.0,0.00
tune_6,Testing/cor_n250plai01.txt,0.05,0.0,0.0,50,3,0.8,0.01,components,1.0,0.00
tune_7,Testing/cor_n250plai01.txt,0.05,0.0,0.0,50,3,0.8,0.01,components,1.0,0.00
tune_8,Testing/cor_n250plai01.txt,0.05,0.0,0.0,50,3,0.8,0.01,components,1.0,0.00
tune_9,Testing/cor_n250plai01.txt,0.05,0.0,0.0,50,3,0.8,0.01,components,1.0,0.00
tune_10,Testing/cor_n250plai01.txt,0.05,0.0,0.0,50,3,0.8,0.01,components,1.0,0.00
tune_1,Testing/cor_n300plai01.txt,0.05,0.0,0.0,50,3,0.8,0.01,components,1.0,2.11
tune_2,Testing/cor_n300plai01.txt,0.05,0.0,0.0,50,3,0.8,0.01,components,1.0,0.00
tune_3,Testing/cor_n300plai01.txt,0.05,0.0,0.0,50,3,0.8,0.01,components,1.0,0.00
tune_4,Testing/cor_n300plai01.txt,0.05,0.0,0.0,50,3,0.8,0.01,components,1.0,0.00
tune_5,Testing/cor_n300plai01.txt,0.05,0.0,0.0,50,3,0.8,0.01,components,1.0,0.00
tune_6,Testing/cor_n300plai01.txt,0.05,0.0,0.0,50,3,0.8,0.01,components,1.0,0.00
tune_7,Testing/cor_n300plai01.txt,0.05,0.0,0.0,50,3,0.8,0.01,components,1.0,0.00
tune_8,Testing/cor_n300plai01.txt,0.05,0.0,0.0,50,3,0.8,0.01,components,1.0,0.00
tune_9,Testing/cor_n300plai01.txt,0.05,0.0,0.0,50,3,0.8,0.01,components,1.0,0.00
tune_10,Testing/cor_n300plai01.txt,0.05,0.0,0.0,50,3,0.8,0.01,components,1.0,0.00
tune_1,Testing/cor_n350plai01.txt,0.05,0.0,0.0,50,3,0.8,0.01,components,1.0,2.26
tune_2,Testing/cor_n350plai01.txt,0.05,0.0,0.0,50,3,0.8,0.01,components,1.0,0.00
tune_3,Testing/cor_n350plai01.txt,0.05,0.0,0.0,50,3,0.8,0.01,components,1.0,0.00
tune_4,Testing/cor_n350plai01.txt,0.05,0.0,0.0,50,3,0.8,0.01,components,1.0,0.00
tune_5,Testing/cor_n350plai01.txt,0.05,0.0,0.0,50,3,0.8,0.01,components,1.0,0.00
tune_6,Testing/cor_n350plai01.txt,0.05,0.0,0.0,50,3,0.8,0.01,components,1.0,0.00
tune_7,Testing/cor_n350plai01.txt,0.05,0.0,0.0,50,3,0.8,0.01,components,1.0,0.00
tune_8,Testing/cor_n350plai01.txt,0.05,0.0,0.0,50,3,0.8,0.01,components,1.0,0.00
tune_9,Testing/cor_n350plai01.txt,0.05,0.0,0.0,50,3,0.8,0.01,components,1.0,0.00
tune_10,Testing/cor_n350plai01.txt,0.05,0.0,0.0,50,3,0.8,0.01,components,1.0,0.00
tune_1,Testing/cor_polbooks-w.txt,0.05,0.0,0.0,50,3,0.8,0.01,components,1.0,1.54
tune_2,Testing/cor_polbooks-w.txt,0.05,0.0,0.0,50,3,0.8,0.01,components,1.0,0.00
tune_3,Testing/cor_polbooks-w.txt,0.05,0.0,0.0,50,3,0.8,0.01,components,1.0,0.00
tune_4,Testing/cor_polbooks-w.txt,0.05,0.0,0.0,50,3,0.8,0.01,components,1.0,0.00
tune_5,Testing/cor_polbooks-w.txt,0.05,0.0,0.0,50,3,0.8,0.01,components,1.0,0.00
tune_6,Testing/cor_polbooks-w.txt,0.05,0.0,0.0,50,3,0.8,0.01,components,1.0,0.00
tune_7,Testing/cor_polbooks-w.txt,0.05,0.0,0.0,50,3,0.8,0.01,components,1.0,0.00
tune_8,Testing/cor_polbooks-w.txt,0.05,0.0,0.0,50,3,0.8,0.01,components,1.0,0.00
tune_9,Testing/cor_polbooks-w.txt,0.05,0.0,0.0,50,3,0.8,0.01,components,1.0,0.00
tune_10,Testing/cor_polbooks-w.txt,0.05,0.0,0.0,50,3,0.8,0.01,components,1.0,0.00
tune_1,Testing/hos_20_r1_1.txt,0.05,0.0,0.0,50,3,0.8,0.01,components,1.0,1.15
tune_2,Testing/hos_20_r1_1.txt,0.05,0.0,0.0,50,3,0.8,0.01,components,1.0,0.00
tune_3,Testing/hos_20_r1_1.txt,0.05,0.0,0.0,50,3,0.8,0.01,components,1.0,0.00
tune_4,Testing/hos_20_r1_1.txt,0.05,0.0,0.0,50,3,0.8,0.01,components,1.0,0.00
tune_5,Testing/hos_20_r1_1.txt,0.05,0.0,0.0,50,3,0.8,0.01,components,1.0,0.00
tune_6,Testing/hos_20_r1_1.txt,0.05,0.0,0.0,50,3,0.8,0.01,components,1.0,0.00
tune_7,Testing/hos_20_r1_1.txt,0.05,0.0,0.0,50,3,0.8,0.01,components,1.0,0.00
tune_8,Testing/hos_20_r1_1.txt,0.05,0.0,0.0,50,3,0.8,0.01,components,1.0,0.00
tune_9,Testing/hos_20_r1_1.txt,0.05,0.0,0.0,50,3,0.8,0.01,components,1.0,0.00
tune_10,Testing/hos_20_r1_1.txt,0.05,0.0,0.0,50,3,0.8,0.01,components,1.0,0.00
tune_1,Testing/hos_20_r2_1.txt,0.05,0.0,0.0,50,3,0.8,0.01,components,1.0,1.15
tune_2,Testing/hos_20_r2_1.txt,0.05,0.0,0.0,50,3,0.8,0.01,components,1.0,0.00
tune_3,Testing/hos_20_r2_1.txt,0.05,0.0,0.0,50,3,0.8,0.01,components,1.0,0.00
tune_4,Testing/hos_20_r2_1.txt,0.05,0.0,0.0,50,3,0.8,0.01,components,1.0,0.00
tune_5,Testing/hos_20_r2_1.txt,0.05,0.0,0.0,50,3,0.8,0.01,components,1.0,0.00
tune_6,Testing/hos_20_r2_1.txt,0.05,0.0,0.0,50,3,0.8,0.01,components,1.0,0.00
tune_7,Testing/hos_20_r2_1.txt,0.05,0.0,0.0,50,3,0.8,0.01,components,1.0,0.00
tune_8,Testing/hos_20_r2_1.txt,0.05,0.0,0.0,50,3,0.8,0.01,components,1.0,0.00
tune_9,Testing/hos_20_r2_1.txt,0.05,0.0,0.0,50,3,0.8,0.01,components,1.0,0.00
tune_10,Testing/hos_20_r2_1.txt,0.05,0.0,0.0,50,3,0.8,0.01,components,1.0,0.00
tune_1,Testing/hos_25_r1_1.txt,0.05,0.0,0.0,50,3,0.8,0.01,components,1.0,1.15
tune_2,Testing/hos_25_r1_1.txt,0.05,0.0,0.0,50,3,0.8,0.01,components,1.0,0.00
tune_3,Testing/hos_25_r1_1.txt,0.05,0.0,0.0,50,3,0.8,0.01,components,1.0,0.00
tune_4,Testing/hos_25_r1_1.txt,0.05,0.0,0.0,50,3,0.8,0.01,components,1.0,0.00
tune_5,Testing/hos_25_r1_1.txt,0.05,0.0,0.0,50,3,0.8,0.01,components,1.0,0.00
tune_6,Testing/hos_25_r1_1.txt,0.05,0.0,0.0,50,3,0.8,0.01,components,1.0,0.00
tune_7,Testing/hos_25_r1_1.txt,0.05,0.0,0.0,50,3,0.8,0.01,components,1.0,0.00
tune_8,Testing/hos_25_r1_1.txt,0.05,0.0,0.0,50,3,0.8,0.01,components,1.0,0.00
tune_9,Testing/hos_25_r1_1.txt,0.05,0.0,0.0,50,3,0.8,0.01,components,1.0,0.00
tune_10,Testing/hos_25_r1_1.txt,0.05,0.0,0.0,50,3,0.8,0.01,components,1.0,0.00
tune_1,Testing/hos_25_r2_1.txt,0.05,0.0,0.0,50,3,0.8,0.01,components,1.0,1.15
tune_2,Testing/hos_25_r2_1.txt,0.05,0.0,0.0,50,3,0.8,0.01,components,1.0,0.00
tune_3,Testing/hos_25_r2_1.txt,0.05,0.0,0.0,50,3,0.8,0.01,components,1.0,0.00
tune_4,Testing/hos_25_r2_1.txt,0.05,0.0,0.0,50,3,0.8,0.01,components,1.0,0.00
tune_5,Testing/hos_25_r2_1.txt,0.05,0.0,0.0,50,3,0.8,0.01,components,1.0,0.00
tune_6,Testing/hos_25_r2_1.txt,0.05,0.0,0.0,50,3,0.8,0.01,components,1.0,0.00
tune_7,Testing/hos_25_r2_1.txt,0.05,0.0,0.0,50,3,0.8,0.01,components,1.0,0.00
tune_8,Testing/hos_25_r2_1.txt,0.05,0.0,0.0,50,3,0.8,0.01,components,1.0,0.00
tune_9,Testing/hos_25_r2_1.txt,0.05,0.0,0.0,50,3,0.8,0.01,components,1.0,0.00
tune_10,Testing/hos_25_r2_1.txt,0.05,0.0,0.0,50,3,0.8,0.01,components,1.0,0.00
tune_1,Testing/hos_30_r1_1.txt,0.05,0.0,0.0,50,3,0.8,0.01,components,1.0,1.15
tune_2,Testing/hos_30_r1_1.txt,0.05,0.0,0.0,50,3,0.8,0.01,components,1.0,0.00
tune_3,Testing/hos_30_r1_1.txt,0.05,0.0,0.0,50,3,0.8,0.01,components,1.0,0.00
tune_4,Testing/hos_30_r1_1.txt,0.05,0.0,0.0,50,3,0.8,0.01,components,1.0,0.00
tune_5,Testing/hos_30_r1_1.txt,0.05,0.0,0.0,50,3,0.8,0.01,components,1.0,0.00
tune_6,Testing/hos_30_r1_1.txt,0.05,0.0,0.0,50,3,0.8,0.01,components,1.0,0.00
tune_7,Testing/hos_30_r1_1.txt,0.05,0.0,0.0,50,3,0.8,0.01,components,1.0,0.00
tune_8,Testing/hos_30_r1_1.txt,0.05,0.0,0.0,50,3,0.8,0.01,components,1.0,0.00
tune_9,Testing/hos_30_r1_1.txt,0.05,0.0,0.0,50,3,0.8,0.01,components,1.0,0.00
tune_10,Testing/hos_30_r1_1.txt,0.05,0.0,0.0,50,3,0.8,0.01,components,1.0,0.00
tune_1,Testing/hos_30_r2_1.txt,0.05,0.0,0.0,50,3,0.8,0.01,components,1.0,1.19
tune_2,Testing/hos_30_r2_1.txt,0.05,0.0,0.0,50,3,0.8,0.01,components,1.0,0.00
tune_3,Testing/hos_30_r2_1.txt,0.05,0.0,0.0,50,3,0.8,0.01,components,1.0,0.00
tune_4,Testing/hos_30_r2_1.txt,0.05,0.0,0.0,50,3,0.8,0.01,components,1.0,0.00
tune_5,Testing/hos_30_r2_1.txt,0.05,0.0,0.0,50,3,0.8,0.01,components,1.0,0.00
tune_6,Testing/hos_30_r2_1.txt,0.05,0.0,0.0,50,3,0.8,0.01,components,1.0,0.00
tune_7,Testing/hos_30_r2_1.txt,0.05,0.0,0.0,50,3,0.8,0.01,components,1.0,0.00
tune_8,Testing/hos_30_r2_1.txt,0.05,0.0,0.0,50,3,0.8,0.01,components,1.0,0.00
tune_9,Testing/hos_30_r2_1.txt,0.05,0.0,0.0,50,3,0.8,0.01,components,1.0,0.00
tune_10,Testing/hos_30_r2_1.txt,0.05,0.0,0.0,50,3,0.8,0.01,components,1.0,0.00
tune_1,Testing/hos_35_r1_1.txt,0.05,0.0,0.0,50,3,0.8,0.01,components,1.0,1.15
tune_2,Testing/hos_35_r1_1.txt,0.05,0.0,0.0,50,3,0.8,0.01,components,1.0,0.00
tune_3,Testing/hos_35_r1_1.txt,0.05,0.0,0.0,50,3,0.8,0.01,components,1.0,0.00
tune_4,Testing/hos_35_r1_1.txt,0.05,0.0,0.0,50,3,0.8,0.01,components,1.0,0.00
tune_5,Testing/hos_35_r1_1.txt,0.05,0.0,0.0,50,3,0.8,0.01,components,1.0,0.00
tune_6,Testing/hos_35_r1_1.txt,0.05,0.0,0.0,50,3,0.8,0.01,components,1.0,0.00
tune_7,Testing/hos_35_r1_1.txt,0.05,0.0,0.0,50,3,0.8,0.01,components,1.0,0.00
tune_8,Testing/hos_35_r1_1.txt,0.05,0.0,0.0,50,3,0.8,0.01,components,1.0,0.00
tune_9,Testing/hos_35_r1_1.txt,0.05,0.0,0.0,50,3,0.8,0.01,components,1.0,0.00
tune_10,Testing/hos_35_r1_1.txt,0.05,0.0,0.0,50,3,0.8,0.01,components,1.0,0.00
tune_1,Testing/hos_35_r2_1.txt,0.05,0.0,0.0,50,3,0.8,0.01,components,1.0,1.20
tune_2,Testing/hos_35_r2_1.txt,0.05,0.0,0.0,50,3,0.8,0.01,components,1.0,0.00
tune_3,Testing/hos_35_r2_1.txt,0.05,0.0,0.0,50,3,0.8,0.01,components,1.0,0.00
tune_4,Testing/hos_35_r2_1.txt,0.05,0.0,0.0,50,3,0.8,0.01,components,1.0,0.00
tune_5,Testing/hos_35_r2_1.txt,0.05,0.0,0.0,50,3,0.8,0.01,components,1.0,0.00
tune_6,Testing/hos_35_r2_1.txt,0.05,0.0,0.0,50,3,0.8,0.01,components,1.0,0.00
tune_7,Testing/hos_35_r2_1.txt,0.05,0.0,0.0,50,3,0.8,0.01,components,1.0,0.00
tune_8,Testing/hos_35_r2_1.txt,0.05,0.0,0.0,50,3,0.8,0.01,components,1.0,0.00
tune_9,Testing/hos_35_r2_1.txt,0.05,0.0,0.0,50,3,0.8,0.01,components,1.0,0.00
tune_10,Testing/hos_35_r2_1.txt,0.05,0.0,0.0,50,3,0.8,0.01,components,1.0,0.00
tune_1,Testing/hos_40_r1_1.txt,0.05,0.0,0.0,50,3,0.8,0.01,components,1.0,1.20
tune_2,Testing/hos_40_r1_1.txt,0.05,0.0,0.0,50,3,0.8,0.01,components,1.0,0.00
tune_3,Testing/hos_40_r1_1.txt,0.05,0.0,0.0,50,3,0.8,0.01,components,1.0,0.00
tune_4,Testing/hos_40_r1_1.txt,0.05,0.0,0.0,50,3,0.8,0.01,components,1.0,0.00
tune_5,Testing/hos_40_r1_1.txt,0.05,0.0,0.0,50,3,0.8,0.01,components,1.0,0.00
tune_6,Testing/hos_40_r1_1.txt,0.05,0.0,0.0,50,3,0.8,0.01,components,1.0,0.00
tune_7,Testing/hos_40_r1_1.txt,0.05,0.0,0.0,50,3,0.8,0.01,components,1.0,0.00
tune_8,Testing/hos_40_r1_1.txt,0.05,0.0,0.0,50,3,0.8,0.01,components,1.0,0.00
tune_9,Testing/hos_40_r1_1.txt,0.05,0.0,0.0,50,3,0.8,0.01,components,1.0,0.00
tune_10,Testing/hos_40_r1_1.txt,0.05,0.0,0.0,50,3,0.8,0.01,components,1.0,0.00
tune_1,Testing/hos_40_r2_1.txt,0.05,0.0,0.0,50,3,0.8,0.01,components,1.0,1.25
tune_2,Testing/hos_40_r2_1.txt,0.05,0.0,0.0,50,3,0.8,0.01,components,1.0,0.00
tune_3,Testing/hos_40_r2_1.txt,0.05,0.0,0.0,50,3,0.8,0.01,components,1.0,0.00
tune_4,Testing/hos_40_r2_1.txt,0.05,0.0,0.0,50,3,0.8,0.01,components,1.0,0.00
tune_5,Testing/hos_40_r2_1.txt,0.05,0.0,0.0,50,3,0.8,0.01,components,1.0,0.00
tune_6,Testing/hos_40_r2_1.txt,0.05,0.0,0.0,50,3,0.8,0.01,components,1.0,0.00
tune_7,Testing/hos_40_r2_1.txt,0.05,0.0,0.0,50,3,0.8,0.01,components,1.0,0.00
tune_8,Testing/hos_40_r2_1.txt,0.05,0.0,0.0,50,3,0.8,0.01,components,1.0,0.00
tune_9,Testing/hos_40_r2_1.txt,0.05,0.0,0.0,50,3,0.8,0.01,components,1.0,0.00
tune_10,Testing/hos_40_r2_1.txt,0.05,0.0,0.0,50,3,0.8,0.01,components,1.0,0.00
tune_1,Testing/hos_45_r1_1.txt,0.05,0.0,0.0,50,3,0.8,0.01,components,1.0,1.20
tune_2,Testing/hos_45_r1_1.txt,0.05,0.0,0.0,50,3,0.8,0.01,components,1.0,0.00
tune_3,Testing/hos_45_r1_1.txt,0.05,0.0,0.0,50,3,0.8,0.01,components,1.0,0.00
tune_4,Testing/hos_45_r1_1.txt,0.05,0.0,0.0,50,3,0.8,0.01,components,1.0,0.00
tune_5,Testing/hos_45_r1_1.txt,0.05,0.0,0.0,50,3,0.8,0.01,components,1.0,0.00
tune_6,Testing/hos_45_r1_1.txt,0.05,0.0,0.0,50,3,0.8,0.01,components,1.0,0.00
tune_7,Testing/hos_45_r1_1.txt,0.05,0.0,0.0,50,3,0.8,0.01,components,1.0,0.00
tune_8,Testing/hos_45_r1_1.txt,0.05,0.0,0.0,50,3,0.8,0.01,components,1.0,0.00
tune_9,Testing/hos_45_r1_1.txt,0.05,0.0,0.0,50,3,0.8,0.01,components,1.0,0.00
tune_10,Testing/hos_45_r1_1.txt,0.05,0.0,0.0,50,3,0.8,0.01,components,1.0,0.00
tune_1,Testing/hos_45_r2_1.txt,0.05,0.0,0.0,50,3,0.8,0.01,components,1.0,1.32
tune_2,Testing/hos_45_r2_1.txt,0.05,0.0,0.0,50,3,0.8,0.01,components,1.0,0.00
tune_3,Testing/hos_45_r2_1.txt,0.05,0.0,0.0,50,3,0.8,0.01,components,1.0,0.00
tune_4,Testing/hos_45_r2_1.txt,0.05,0.0,0.0,50,3,0.8,0.01,components,1.0,0.00
tune_5,Testing/hos_45_r2_1.txt,0.05,0.0,0.0,50,3,0.8,0.01,components,1.0,0.00
tune_6,Testing/hos_45_r2_1.txt,0.05,0.0,0.0,50,3,0.8,0.01,components,1.0,0.00
tune_7,Testing/hos_45_r2_1.txt,0.05,0.0,0.0,50,3,0.8,0.01,components,1.0,0.00
tune_8,Testing/hos_45_r2_1.txt,0.05,0.0,0.0,50,3,0.8,0.01,components,1.0,0.00
tune_9,Testing/hos_45_r2_1.txt,0.05,0.0,0.0,50,3,0.8,0.01,components,1.0,0.00
tune_10,Testing/hos_45_r2_1.txt,0.05,0.0,0.0,50,3,0.8,0.01,components,1.0,0.00
tune_1,Testing/hos_50_r1_1.txt,0.05,0.0,0.0,50,3,0.8,0.01,components,1.0,1.24
tune_2,Testing/hos_50_r1_1.txt,0.05,0.0,0.0,50,3,0.8,0.01,components,1.0,0.00
tune_3,Testing/hos_50_r1_1.txt,0.05,0.0,0.0,50,3,0.8,0.01,components,1.0,0.00
tune_4,Testing/hos_50_r1_1.txt,0.05,0.0,0.0,50,3,0.8,0.01,components,1.0,0.00
tune_5,Testing/hos_50_r1_1.txt,0.05,0.0,0.0,50,3,0.8,0.01,components,1.0,0.00
tune_6,Testing/hos_50_r1_1.txt,0.05,0.0,0.0,50,3,0.8,0.01,components,1.0,0.00
tune_7,Testing/hos_50_r1_1.txt,0.05,0.0,0.0,50,3,0.8,0.01,components,1.0,0.00
tune_8,Testing/hos_50_r1_1.txt,0.05,0.0,0.0,50,3,0.8,0.01,components,1.0,0.00
tune_9,Testing/hos_50_r1_1.txt,0.05,0.0,0.0,50,3,0.8,0.01,components,1.0,0.00
tune_10,Testing/hos_50_r1_1.txt,0.05,0.0,0.0,50,3,0.8,0.01,components,1.0,0.00
tune_1,Testing/hos_50_r2_1.txt,0.05,0.0,0.0,50,3,0.8,0.01,components,1.0,1.30
tune_2,Testing/hos_50_r2_1.txt,0.05,0.0,0.0,50,3,0.8,0.01,components,1.0,0.00
tune_3,Testing/hos_50_r2_1.txt,0.05,0.0,0.0,50,3,0.8,0.01,components,1.0,0.00
tune_4,Testing/hos_50_r2_1.txt,0.05,0.0,0.0,50,3,0.8,0.01,components,1.0,0.00
tune_5,Testing/hos_50_r2_1.txt,0.05,0.0,0.0,50,3,0.8,0.01,components,1.0,0.00
tune_6,Testing/hos_50_r2_1.txt,0.05,0.0,0.0,50,3,0.8,0.01,components,1.0,0.00
tune_7,Testing/hos_50_r2_1.txt,0.05,0.0,0.0,50,3,0.8,0.01,components,1.0,0.00
tune_8,Testing/hos_50_r2_1.txt,0.05,0.0,0.0,50,3,0.8,0.01,components,1.0,0.00
tune_9,Testing/hos_50_r2_1.txt,0.05,0.0,0.0,50,3,0.8,0.01,components,1.0,0.00
tune_10,Testing/hos_50_r2_1.txt,0.05,0.0,0.0,50,3,0.8,0.01,components,1.0,0.00
tune_1,Testing/mac_grafo10dens30.txt,0.05,0.0,0.0,50,3,0.8,0.01,components,1.0,1.09
tune_2,Testing/mac_grafo10dens30.txt,0.05,0.0,0.0,50,3,0.8,0.01,components,1.0,0.00
tune_3,Testing/mac_grafo10dens30.txt,0.05,0.0,0.0,50,3,0.8,0.01,components,1.0,0.00
tune_4,Testing/mac_grafo10dens30.txt,0.05,0.0,0.0,50,3,0.8,0.01,components,1.0,0.00
tune_5,Testing/mac_grafo10dens30.txt,0.05,0.0,0.0,50,3,0.8,0.01,components,1.0,0.00
tune_6,Testing/mac_grafo10dens30.txt,0.05,0.0,0.0,50,3,0.8,0.01,components,1.0,0.00
tune_7,Testing/mac_grafo10dens30.txt,0.05,0.0,0.0,50,3,0.8,0.01,components,1.0,0.00
tune_8,Testing/mac_grafo10dens30.txt,0.05,0.0,0.0,50,3,0.8,0.01,components,1.0,0.00
tune_9,Testing/mac_grafo10dens30.txt,0.05,0.0,0.0,50,3,0.8,0.01,components,1.0,0.00
tune_10,Testing/mac_grafo10dens30.txt,0.05,0.0,0.0,50,3,0.8,0.01,components,1.0,0.00
tune_1,Testing/mac_grafo11dens30.txt,0.05,0.0,0.0,50,3,0.8,0.01,components,1.0,1.13
tune_2,Testing/mac_grafo11dens30.txt,0.05,0.0,0.0,50,3,0.8,0.01,components,1.0,0.00
tune_3,Testing/mac_grafo11dens30.txt,0.05,0.0,0.0,50,3,0.8,0.01,components,1.0,0.00
tune_4,Testing/mac_grafo11dens30.txt,0.05,0.0,0.0,50,3,0.8,0.01,components,1.0,0.00
tune_5,Testing/mac_grafo11dens30.txt,0.05,0.0,0.0,50,3,0.8,0.01,components,1.0,0.00
tune_6,Testing/mac_grafo11dens30.txt,0.05,0.0,0.0,50,3,0.8,0.01,components,1.0,0.00
tune_7,Testing/mac_grafo11dens30.txt,0.05,0.0,0.0,50,3,0.8,0.01,components,1.0,0.00
tune_8,Testing/mac_grafo11dens30.txt,0.05,0.0,0.0,50,3,0.8,0.01,components,1.0,0.00
tune_9,Testing/mac_grafo11dens30.txt,0.05,0.0,0.0,50,3,0.8,0.01,components,1.0,0.00
tune_10,Testing/mac_grafo11dens30.txt,0.05,0.0,0.0,50,3,0.8,0.01,components,1.0,0.00
tune_1,Testing/mac_grafo12dens30.txt,0.05,0.0,0.0,50,3,0.8,0.01,components,1.0,1.08
tune_2,Testing/mac_grafo12dens30.txt,0.05,0.0,0.0,50,3,0.8,0.01,components,1.0,0.00
tune_3,Testing/mac_grafo12dens30.txt,0.05,0.0,0.0,50,3,0.8,0.01,components,1.0,0.00
tune_4,Testing/mac_grafo12dens30.txt,0.05,0.0,0.0,50,3,0.8,0.01,components,1.0,0.00
tune_5,Testing/mac_grafo12dens30.txt,0.05,0.0,0.0,50,3,0.8,0.01,components,1.0,0.00
tune_6,Testing/mac_grafo12dens30.txt,0.05,0.0,0.0,50,3,0.8,0.01,components,1.0,0.00
tune_7,Testing/mac_grafo12dens30.txt,0.05,0.0,0.0,50,3,0.8,0.01,components,1.0,0.00
tune_8,Testing/mac_grafo12dens30.txt,0.05,0.0,0.0,50,3,0.8,0.01,components,1.0,0.00
tune_9,Testing/mac_grafo12dens30.txt,0.05,0.0,0.0,50,3,0.8,0.01,components,1.0,0.00
tune_10,Testing/mac_grafo12dens30.txt,0.05,0.0,0.0,50,3,0.8,0.01,components,1.0,0.00
tune_1,Testing/mac_grafo13dens30.txt,0.05,0.0,0.0,50,3,0.8,0.01,components,1.0,1.12
tune_2,Testing/mac_grafo13dens30.txt,0.05,0.0,0.0,50,3,0.8,0.01,components,1.0,0.00
tune_3,Testing/mac_grafo13dens30.txt,0.05,0.0,0.0,50,3,0.8,0.01,components,1.0,0.00
tune_4,Testing/mac_grafo13dens30.txt,0.05,0.0,0.0,50,3,0.8,0.01,components,1.0,0.00
tune_5,Testing/mac_grafo13dens30.txt,0.05,0.0,0.0,50,3,0.8,0.01,components,1.0,0.00
tune_6,Testing/mac_grafo13dens30.txt,0.05,0.0,0.0,50,3,0.8,0.01,components,1.0,0.00
tune_7,Testing/mac_grafo13dens30.txt,0.05,0.0,0.0,50,3,0.8,0.01,components,1.0,0.00
tune_8,Testing/mac_grafo13dens30.txt,0.05,0.0,0.0,50,3,0.8,0.01,components,1.0,0.00
tune_9,Testing/mac_grafo13dens30.txt,0.05,0.0,0.0,50,3,0.8,0.01,components,1.0,0.00
tune_10,Testing/mac_grafo13dens30.txt,0.05,0.0,0.0,50,3,0.8,0.01,components,1.0,0.00
tune_1,Testing/mac_grafo14dens30.txt,0.05,0.0,0.0,50,3,0.8,0.01,components,1.0,1.13
tune_2,Testing/mac_grafo14dens30.txt,0.05,0.0,0.0,50,3,0.8,0.01,components,1.0,0.00
tune_3,Testing/mac_grafo14dens30.txt,0.05,0.0,0.0,50,3,0.8,0.01,components,1.0,0.00
tune_4,Testing/mac_grafo14dens30.txt,0.05,0.0,0.0,50,3,0.8,0.01,components,1.0,0.00
tune_5,Testing/mac_grafo14dens30.txt,0.05,0.0,0.0,50,3,0.8,0.01,components,1.0,0.00
tune_6,Testing/mac_grafo14dens30.txt,0.05,0.0,0.0,50,3,0.8,0.01,components,1.0,0.00
tune_7,Testing/mac_grafo14dens30.txt,0.05,0.0,0.0,50,3,0.8,0.01,components,1.0,0.00
tune_8,Testing/mac_grafo14dens30.txt,0.05,0.0,0.0,50,3,0.8,0.01,components,1.0,0.00
tune_9,Testing/mac_grafo14dens30.txt,0.05,0.0,0.0,50,3,0.8,0.01,components,1.0,0.00
tune_10,Testing/mac_grafo14dens30.txt,0.05,0.0,0.0,50,3,0.8,0.01,components,1.0,0.00
tune_1,Testing/mac_grafo15dens30.txt,0.05,0.0,0.0,50,3,0.8,0.01,components,1.0,1.14
tune_2,Testing/mac_grafo15dens30.txt,0.05,0.0,0.0,50,3,0.8,0.01,components,1.0,0.00
tune_3,Testing/mac_grafo15dens30.txt,0.05,0.0,0.0,50,3,0.8,0.01,components,1.0,0.00
tune_4,Testing/mac_grafo15dens30.txt,0.05,0.0,0.0,50,3,0.8,0.01,components,1.0,0.00
tune_5,Testing/mac_grafo15dens30.txt,0.05,0.0,0.0,50,3,0.8,0.01,components,1.0,0.00
tune_6,Testing/mac_grafo15dens30.txt,0.05,0.0,0.0,50,3,0.8,0.01,components,1.0,0.00
tune_7,Testing/mac_grafo15dens30.txt,0.05,0.0,0.0,50,3,0.8,0.01,components,1.0,0.00
tune_8,Testing/mac_grafo15dens30.txt,0.05,0.0,0.0,50,3,0.8,0.01,components,1.0,0.00
tune_9,Testing/mac_grafo15dens30.txt,0.05,0.0,0.0,50,3,0.8,0.01,components,1.0,0.00
tune_10,Testing/mac_grafo15dens30.txt,0.05,0.0,0.0,50,3,0.8,0.01,components,1.0,0.00
tune_1,Testing/mac_grafo16dens30.txt,0.05,0.0,0.0,50,3,0.8,0.01,components,1.0,1.12
tune_2,Testing/mac_grafo16dens30.txt,0.05,0.0,0.0,50,3,0.8,0.01,components,1.0,0.00
tune_3,Testing/mac_grafo16dens30.txt,0.05,0.0,0.0,50,3,0.8,0.01,components,1.0,0.00
tune_4,Testing/mac_grafo16dens30.txt,0.05,0.0,0.0,50,3,0.8,0.01,components,1.0,0.00
tune_5,Testing/mac_grafo16dens30.txt,0.05,0.0,0.0,50,3,0.8,0.01,components,1.0,0.00
tune_6,Testing/mac_grafo16dens30.txt,0.05,0.0,0.0,50,3,0.8,0.01,components,1.0,0.00
tune_7,Testing/mac_grafo16dens30.txt,0.05,0.0,0.0,50,3,0.8,0.01,components,1.0,0.00
tune_8,Testing/mac_grafo16dens30.txt,0.05,0.0,0.0,50,3,0.8,0.01,components,1.0,0.00
tune_9,Testing/mac_grafo16dens30.txt,0.05,0.0,0.0,50,3,0.8,0.01,components,1.0,0.00
tune_10,Testing/mac_grafo16dens30.txt,0.05,0.0,0.0,50,3,0.8,0.01,components,1.0,0.00
tune_1,Testing/mac_grafo17dens30.txt,0.05,0.0,0.0,50,3,0.8,0.01,components,1.0,1.10
tune_2,Testing/mac_grafo17dens30.txt,0.05,0.0,0.0,50,3,0.8,0.01,components,1.0,0.00
tune_3,Testing/mac_grafo17dens30.txt,0.05,0.0,0.0,50,3,0.8,0.01,components,1.0,0.00
tune_4,Testing/mac_grafo17dens30.txt,0.05,0.0,0.0,50,3,0.8,0.01,components,1.0,0.00
tune_5,Testing/mac_grafo17dens30.txt,0.05,0.0,0.0,50,3,0.8,0.01,components,1.0,0.00
tune_6,Testing/mac_grafo17dens30.txt,0.05,0.0,0.0,50,3,0.8,0.01,components,1.0,0.00
tune_7,Testing/mac_grafo17dens30.txt,0.05,0.0,0.0,50,3,0.8,0.01,components,1.0,0.00
tune_8,Testing/mac_grafo17dens30.txt,0.05,0.0,0.0,50,3,0.8,0.01,components,1.0,0.00
tune_9,Testing/mac_grafo17dens30.txt,0.05,0.0,0.0,50,3,0.8,0.01,components,1.0,0.00
tune_10,Testing/mac_grafo17dens30.txt,0.05,0.0,0.0,50,3,0.8,0.01,components,1.0,0.00
tune_1,Testing/mac_grafo18dens30.txt,0.05,0.0,0.0,50,3,0.8,0.01,components,1.0,1.15
tune_2,Testing/mac_grafo18dens30.txt,0.05,0.0,0.0,50,3,0.8,0.01,components,1.0,0.00
tune_3,Testing/mac_grafo18dens30.txt,0.05,0.0,0.0,50,3,0.8,0.01,components,1.0,0.00
tune_4,Testing/mac_grafo18dens30.txt,0.05,0.0,0.0,50,3,0.8,0.01,components,1.0,0.00
tune_5,Testing/mac_grafo18dens30.txt,0.05,0.0,0.0,50,3,0.8,0.01,components,1.0,0.00
tune_6,Testing/mac_grafo18dens30.txt,0.05,0.0,0.0,50,3,0.8,0.01,components,1.0,0.00
tune_7,Testing/mac_grafo18dens30.txt,0.05,0.0,0.0,50,3,0.8,0.01,components,1.0,0.00
tune_8,Testing/mac_grafo18dens30.txt,0.05,0.0,0.0,50,3,0.8,0.01,components,1.0,0.00
tune_9,Testing/mac_grafo18dens30.txt,0.05,0.0,0.0,50,3,0.8,0.01,components,1.0,0.00
tune_10,Testing/mac_grafo18dens30.txt,0.05,0.0,0.0,50,3,0.8,0.01,components,1.0,0.00
tune_1,Testing/mac_grafo19dens30.txt,0.05,0.0,0.0,50,3,0.8,0.01,components,1.0,1.15
tune_2,Testing/mac_grafo19dens30.txt,0.05,0.0,0.0,50,3,0.8,0.01,components,1.0,0.00
tune_3,Testing/mac_grafo19dens30.txt,0.05,0.0,0.0,50,3,0.8,0.01,components,1.0,0.00
tune_4,Testing/mac_grafo19dens30.txt,0.05,0.0,0.0,50,3,0.8,0.01,components,1.0,0.00
tune_5,Testing/mac_grafo19dens30.txt,0.05,0.0,0.0,50,3,0.8,0.01,components,1.0,0.00
tune_6,Testing/mac_grafo19dens30.txt,0.05,0.0,0.0,50,3,0.8,0.01,components,1.0,0.00
tune_7,Testing/mac_grafo19dens30.txt,0.05,0.0,0.0,50,3,0.8,0.01,components,1.0,0.00
tune_8,Testing/mac_grafo19dens30.txt,0.05,0.0,0.0,50,3,0.8,0.01,components,1.0,0.00
tune_9,Testing/mac_grafo19dens30.txt,0.05,0.0,0.0,50,3,0.8,0.01,components,1.0,0.00
tune_10,Testing/mac_grafo19dens30.txt,0.05,0.0,0.0,50,3,0.8,0.01,components,1.0,0.00
tune_1,Testing/mac_grafo20dens30.txt,0.05,0.0,0.0,50,3,0.8,0.01,components,1.0,1.22
tune_2,Testing/mac_grafo20dens30.txt,0.05,0.0,0.0,50,3,0.8,0.01,components,1.0,0.00
tune_3,Testing/mac_grafo20dens30.txt,0.05,0.0,0.0,50,3,0.8,0.01,components,1.0,0.00
tune_4,Testing/mac_grafo20dens30.txt,0.05,0.0,0.0,50,3,0.8,0.01,components,1.0,0.00
tune_5,Testing/mac_grafo20dens30.txt,0.05,0.0,0.0,50,3,0.8,0.01,components,1.0,0.00
tune_6,Testing/mac_grafo20dens30.txt,0.05,0.0,0.0,50,3,0.8,0.01,components,1.0,0.00
tune_7,Testing/mac_grafo20dens30.txt,0.05,0.0,0.0,50,3,0.8,0.01,components,1.0,0.00
tune_8,Testing/mac_grafo20dens30.txt,0.05,0.0,0.0,50,3,0.8,0.01,components,1.0,0.00
tune_9,Testing/mac_grafo20dens30.txt,0.05,0.0,0.0,50,3,0.8,0.01,components,1.0,0.00
tune_10,Testing/mac_grafo20dens30.txt,0.05,0.0,0.0,50,3,0.8,0.01,components,1.0,0.00
tune_1,Testing/mac_grafo21dens30.txt,0.05,0.0,0.0,50,3,0.8,0.01,components,1.0,1.18
tune_2,Testing/mac_grafo21dens30.txt,0.05,0.0,0.0,50,3,0.8,0.01,components,1.0,0.00
tune_3,Testing/mac_grafo21dens30.txt,0.05,0.0,0.0,50,3,0.8,0.01,components,1.0,0.00
tune_4,Testing/mac_grafo21dens30.txt,0.05,0.0,0.0,50,3,0.8,0.01,components,1.0,0.00
tune_5,Testing/mac_grafo21dens30.txt,0.05,0.0,0.0,50,3,0.8,0.01,components,1.0,0.00
tune_6,Testing/mac_grafo21dens30.txt,0.05,0.0,0.0,50,3,0.8,0.01,components,1.0,0.00
tune_7,Testing/mac_grafo21dens30.txt,0.05,0.0,0.0,50,3,0.8,0.01,components,1.0,0.00
tune_8,Testing/mac_grafo21dens30.txt,0.05,0.0,0.0,50,3,0.8,0.01,components,1.0,0.00
tune_9,Testing/mac_grafo21dens30.txt,0.05,0.0,0.0,50,3,0.8,0.01,components,1.0,0.00
tune_10,Testing/mac_grafo21dens30.txt,0.05,0.0,0.0,50,3,0.8,0.01,components,1.0,0.00
tune_1,Testing/mac_grafo22dens30.txt,0.05,0.0,0.0,50,3,0.8,0.01,components,1.0,1.17
tune_2,Testing/mac_grafo22dens30.txt,0.05,0.0,0.0,50,3,0.8,0.01,components,1.0,0.00
tune_3,Testing/mac_grafo22dens30.txt,0.05,0.0,0.0,50,3,0.8,0.01,components,1.0,0.00
tune_4,Testing/mac_grafo22dens30.txt,0.05,0.0,0.0,50,3,0.8,0.01,components,1.0,0.00
tune_5,Testing/mac_grafo22dens30.txt,0.05,0.0,0.0,50,3,0.8,0.01,components,1.0,0.00
tune_6,Testing/mac_grafo22dens30.txt,0.05,0.0,0.0,50,3,0.8,0.01,components,1.0,0.00
tune_7,Testing/mac_grafo22dens30.txt,0.05,0.0,0.0,50,3,0.8,0.01,components,1.0,0.00
tune_8,Testing/mac_grafo22dens30.txt,0.05,0.0,0.0,50,3,0.8,0.01,components,1.0,0.00
tune_9,Testing/mac_grafo22dens30.txt,0.05,0.0,0.0,50,3,0.8,0.01,components,1.0,0.00
tune_10,Testing/mac_grafo22dens30.txt,0.05,0.0,0.0,50,3,0.8,0.01,components,1.0,0.00
tune_1,Testing/mac_grafo23dens30.txt,0.05,0.0,0.0,50,3,0.8,0.01,components,1.0,1.17
tune_2,Testing/mac_grafo23dens30.txt,0.05,0.0,0.0,50,3,0.8,0.01,components,1.0,0.00
tune_3,Testing/mac_grafo23dens30.txt,0.05,0.0,0.0,50,3,0.8,0.01,components,1.0,0.00
tune_4,Testing/mac_grafo23dens30.txt,0.05,0.0,0.0,50,3,0.8,0.01,components,1.0,0.00
tune_5,Testing/mac_grafo23dens30.txt,0.05,0.0,0.0,50,3,0.8,0.01,components,1.0,0.00
tune_6,Testing/mac_grafo23dens30.txt,0.05,0.0,0.0,50,3,0.8,0.01,components,1.0,0.00
tune_7,Testing/mac_grafo23dens30.txt,0.05,0.0,0.0,50,3,0.8,0.01,components,1.0,0.00
tune_8,Testing/mac_grafo23dens30.txt,0.05,0.0,0.0,50,3,0.8,0.01,components,1.0,0.00
tune_9,Testing/mac_grafo23dens30.txt,0.05,0.0,0.0,50,3,0.8,0.01,components,1.0,0.00
tune_10,Testing/mac_grafo23dens30.txt,0.05,0.0,0.0,50,3,0.8,0.01,components,1.0,0.00
tune_1,Testing/mac_grafo24dens30.txt,0.05,0.0,0.0,50,3,0.8,0.01,components,1.0,1.17
tune_2,Testing/mac_grafo24dens30.txt,0.05,0.0,0.0,50,3,0.8,0.01,components,1.0,0.00
tune_3,Testing/mac_grafo24dens30.txt,0.05,0.0,0.0,50,3,0.8,0.01,components,1.0,0.00
tune_4,Testing/mac_grafo24dens30.txt,0.05,0.0,0.0,50,3,0.8,0.01,components,1.0,0.00
tune_5,Testing/mac_grafo24dens30.txt,0.05,0.0,0.0,50,3,0.8,0.01,components,1.0,0.00
tune_6,Testing/mac_grafo24dens30.txt,0.05,0.0,0.0,50,3,0.8,0.01,components,1.0,0.00
tune_7,Testing/mac_grafo24dens30.txt,0.05,0.0,0.0,50,3,0.8,0.01,components,1.0,0.00
tune_8,Testing/mac_grafo24dens30.txt,0.05,0.0,0.0,50,3,0.8,0.01,components,1.0,0.00
tune_9,Testing/mac_grafo24dens30.txt,0.05,0.0,0.0,50,3,0.8,0.01,components,1.0,0.00
tune_10,Testing/mac_grafo24dens30.txt,0.05,0.0,0.0,50,3,0.8,0.01,components,1.0,0.00
tune_1,Testing/mac_grafo25dens30.txt,0.05,0.0,0.0,50,3,0.8,0.01,components,1.0,1.19
tune_2,Testing/mac_grafo25dens30.txt,0.05,0.0,0.0,50,3,0.8,0.01,components,1.0,0.00
tune_3,Testing/mac_grafo25dens30.txt,0.05,0.0,0.0,50,3,0.8,0.01,components,1.0,0.00
tune_4,Testing/mac_grafo25dens30.txt,0.05,0.0,0.0,50,3,0.8,0.01,components,1.0,0.00
tune_5,Testing/mac_grafo25dens30.txt,0.05,0.0,0.0,50,3,0.8,0.01,components,1.0,0.00
tune_6,Testing/mac_grafo25dens30.txt,0.05,0.0,0.0,50,3,0.8,0.01,components,1.0,0.00
tune_7,Testing/mac_grafo25dens30.txt,0.05,0.0,0.0,50,3,0.8,0.01,components,1.0,0.00
tune_8,Testing/mac_grafo25dens30.txt,0.05,0.0,0.0,50,3,0.8,0.01,components,1.0,0.00
tune_9,Testing/mac_grafo25dens30.txt,0.05,0.0,0.0,50,3,0.8,0.01,components,1.0,0.00
tune_10,Testing/mac_grafo25dens30.txt,0.05,0.0,0.0,50,3,0.8,0.01,components,1.0,0.00
tune_1,Testing/mac_grafo26dens30.txt,0.05,0.0,0.0,50,3,0.8,0.01,components,1.0,1.18
tune_2,Testing/mac_grafo26dens30.txt,0.05,0.0,0.0,50,3,0.8,0.01,components,1.0,0.00
tune_3,Testing/mac_grafo26dens30.txt,0.05,0.0,0.0,50,3,0.8,0.01,components,1.0,0.00
tune_4,Testing/mac_grafo26dens30.txt,0.05,0.0,0.0,50,3,0.8,0.01,components,1.0,0.00
tune_5,Testing/mac_grafo26dens30.txt,0.05,0.0,0.0,50,3,0.8,0.01,components,1.0,0.00
tune_6,Testing/mac_grafo26dens30.txt,0.05,0.0,0.0,50,3,0.8,0.01,components,1.0,0.00
tune_7,Testing/mac_grafo26dens30.txt,0.05,0.0,0.0,50,3,0.8,0.01,components,1.0,0.00
tune_8,Testing/mac_grafo26dens30.txt,0.05,0.0,0.0,50,3,0.8,0.01,components,1.0,0.00
tune_9,Testing/mac_grafo26dens30.txt,0.05,0.0,0.0,50,3,0.8,0.01,components,1.0,0.00
tune_10,Testing/mac_grafo26dens30.txt,0.05,0.0,0.0,50,3,0.8,0.01,components,1.0,0.00
tune_1,Testing/mac_grafo27dens30.txt,0.05,0.0,0.0,50,3,0.8,0.01,components,1.0,1.18
tune_2,Testing/mac_grafo27dens30.txt,0.05,0.0,0.0,50,3,0.8,0.01,components,1.0,0.00
tune_3,Testing/mac_grafo27dens30.txt,0.05,0.0,0.0,50,3,0.8,0.01,components,1.0,0.00
tune_4,Testing/mac_grafo27dens30.txt,0.05,0.0,0.0,50,3,0.8,0.01,components,1.0,0.00
tune_5,Testing/mac_grafo27dens30.txt,0.05,0.0,0.0,50,3,0.8,0.01,components,1.0,0.00
tune_6,Testing/mac_grafo27dens30.txt,0.05,0.0,0.0,50,3,0.8,0.01,components,1.0,0.00
tune_7,Testing/mac_grafo27dens30.txt,0.05,0.0,0.0,50,3,0.8,0.01,components,1.0,0.00
tune_8,Testing/mac_grafo27dens30.txt,0.05,0.0,0.0,50,3,0.8,0.01,components,1.0,0.00
tune_9,Testing/mac_grafo27dens30.txt,0.05,0.0,0.0,50,3,0.8,0.01,components,1.0,0.00
tune_10,Testing/mac_grafo27dens30.txt,0.05,0.0,0.0,50,3,0.8,0.01,components,1.0,0.00
tune_1,Testing/mac_grafo28dens30.txt,0.05,0.0,0.0,50,3,0.8,0.01,components,1.0,1.19
tune_2,Testing/mac_grafo28dens30.txt,0.05,0.0,0.0,50,3,0.8,0.01,components,1.0,0.00
tune_3,Testing/mac_grafo28dens30.txt,0.05,0.0,0.0,50,3,0.8,0.01,components,1.0,0.00
tune_4,Testing/mac_grafo28dens30.txt,0.05,0.0,0.0,50,3,0.8,0.01,components,1.0,0.00
tune_5,Testing/mac_grafo28dens30.txt,0.05,0.0,0.0,50,3,0.8,0.01,components,1.0,0.00
tune_6,Testing/mac_grafo28dens30.txt,0.05,0.0,0.0,50,3,0.8,0.01,components,1.0,0.00
tune_7,Testing/mac_grafo28dens30.txt,0.05,0.0,0.0,50,3,0.8,0.01,components,1.0,0.00
tune_8,Testing/mac_grafo28dens30.txt,0.05,0.0,0.0,50,3,0.8,0.01,components,1.0,0.00
tune_9,Testing/mac_grafo28dens30.txt,0.05,0.0,0.0,50,3,0.8,0.01,components,1.0,0.00
tune_10,Testing/mac_grafo28dens30.txt,0.05,0.0,0.0,50,3,0.8,0.01,components,1.0,0.00
tune_1,Testing/mac_grafo29dens30.txt,0.05,0.0,0.0,50,3,0.8,0.01,components,1.0,1.22
tune_2,Testing/mac_grafo29dens30.txt,0.05,0.0,0.0,50,3,0.8,0.01,components,1.0,0.00
tune_3,Testing/mac_grafo29dens30.txt,0.05,0.0,0.0,50,3,0.8,0.01,components,1.0,0.00
tune_4,Testing/mac_grafo29dens30.txt,0.05,0.0,0.0,50,3,0.8,0.01,components,1.0,0.00
tune_5,Testing/mac_grafo29dens30.txt,0.05,0.0,0.0,50,3,0.8,0.01,components,1.0,0.00
tune_6,Testing/mac_grafo29dens30.txt,0.05,0.0,0.0,50,3,0.8,0.01,components,1.0,0.00
tune_7,Testing/mac_grafo29dens30.txt,0.05,0.0,0.0,50,3,0.8,0.01,components,1.0,0.00
tune_8,Testing/mac_grafo29dens30.txt,0.05,0.0,0.0,50,3,0.8,0.01,components,1.0,0.00
tune_9,Testing/mac_grafo29dens30.txt,0.05,0.0,0.0,50,3,0.8,0.01,components,1.0,0.00
tune_10,Testing/mac_grafo29dens30.txt,0.05,0.0,0.0,50,3,0.8,0.01,components,1.0,0.00
tune_1,Testing/mac_grafo30dens30.txt,0.05,0.0,0.0,50,3,0.8,0.01,components,1.0,1.20
tune_2,Testing/mac_grafo30dens30.txt,0.05,0.0,0.0,50,3,0.8,0.01,components,1.0,0.00
tune_3,Testing/mac_grafo30dens30.txt,0.05,0.0,0.0,50,3,0.8,0.01,components,1.0,0.00
tune_4,Testing/mac_grafo30dens30.txt,0.05,0.0,0.0,50,3,0.8,0.01,components,1.0,0.00
tune_5,Testing/mac_grafo30dens30.txt,0.05,0.0,0.0,50,3,0.8,0.01,components,1.0,0.00
tune_6,Testing/mac_grafo30dens30.txt,0.05,0.0,0.0,50,3,0.8,0.01,components,1.0,0.00
tune_7,Testing/mac_grafo30dens30.txt,0.05,0.0,0.0,50,3,0.8,0.01,components,1.0,0.00
tune_8,Testing/mac_grafo30dens30.txt,0.05,0.0,0.0,50,3,0.8,0.01,components,1.0,0.00
tune_9,Testing/mac_grafo30dens30.txt,0.05,0.0,0.0,50,3,0.8,0.01,components,1.0,0.00
tune_10,Testing/mac_grafo30dens30.txt,0.05,0.0,0.0,50,3,0.8,0.01,components,1.0,0.00
tune_1,Testing/cor_adjnoun-w.txt,1.0,0.0,0.0,50,3,0.8,0.01,largest,112.0,1.51
tune_2,Testing/cor_adjnoun-w.txt,1.0,0.0,0.0,50,3,0.8,0.01,largest,112.0,0.00
tune_3,Testing/cor_adjnoun-w.txt,1.0,0.0,0.0,50,3,0.8,0.01,largest,112.0,0.00
tune_4,Testing/cor_adjnoun-w.txt,1.0,0.0,0.0,50,3,0.8,0.01,largest,112.0,0.00
tune_5,Testing/cor_adjnoun-w.txt,1.0,0.0,0.0,50,3,0.8,0.01,largest,112.0,0.00
tune_6,Testing/cor_adjnoun-w.txt,1.0,0.0,0.0,50,3,0.8,0.01,largest,112.0,0.00
tune_7,Testing/cor_adjnoun-w.txt,1.0,0.0,0.0,50,3,0.8,0.01,largest,112.0,0.00
tune_8,Testing/cor_adjnoun-w.txt,1.0,0.0,0.0,50,3,0.8,0.01,largest,112.0,0.00
tune_9,Testing/cor_adjnoun-w.txt,1.0,0.0,0.0,50,3,0.8,0.01,largest,112.0,0.00
tune_10,Testing/cor_adjnoun-w.txt,1.0,0.0,0.0,50,3,0.8,0.01,largest,112.0,0.00
tune_1,Testing/cor_celegans_metabolic-w.txt,1.0,0.0,0.0,50,3,0.8,0.01,largest,453.0,3.29
tune_2,Testing/cor_celegans_metabolic-w.txt,1.0,0.0,0.0,50,3,0.8,0.01,largest,453.0,0.00
tune_3,Testing/cor_celegans_metabolic-w.txt,1.0,0.0,0.0,50,3,0.8,0.01,largest,453.0,0.00
tune_4,Testing/cor_celegans_metabolic-w.txt,1.0,0.0,0.0,50,3,0.8,0.01,largest,453.0,0.00
tune_5,Testing/cor_celegans_metabolic-w.txt,1.0,0.0,0.0,50,3,0.8,0.01,largest,453.0,0.00
tune_6,Testing/cor_celegans_metabolic-w.txt,1.0,0.0,0.0,50,3,0.8,0.01,largest,453.0,0.00
tune_7,Testing/cor_celegans_metabolic-w.txt,1.0,0.0,0.0,50,3,0.8,0.01,largest,453.0,0.00
tune_8,Testing/cor_celegans_metabolic-w.txt,1.0,0.0,0.0,50,3,0.8,0.01,largest,453.0,0.00
tune_9,Testing/cor_celegans_metabolic-w.txt,1.0,0.0,0.0,50,3,0.8,0.01,largest,453.0,0.00
tune_10,Testing/cor_celegans_metabolic-w.txt,1.0,0.0,0.0,50,3,0.8,0.01,largest,453.0,0.00
tune_1,Testing/cor_celegansneural-w.txt,1.0,0.0,0.0,50,3,0.8,0.01,largest,297.0,3.20
tune_2,Testing/cor_celegansneural-w.txt,1.0,0.0,0.0,50,3,0.8,0.01,largest,297.0,0.00
tune_3,Testing/cor_celegansneural-w.txt,1.0,0.0,0.0,50,3,0.8,0.01,largest,297.0,0.00
tune_4,Testing/cor_celegansneural-w.txt,1.0,0.0,0.0,50,3,0.8,0.01,largest,297.0,0.00
tune_5,Testing/cor_celegansneural-w.txt,1.0,0.0,0.0,50,3,0.8,0.01,largest,297.0,0.00
tune_6,Testing/cor_celegansneural-w.txt,1.0,0.0,0.0,50,3,0.8,0.01,largest,297.0,0.00
tune_7,Testing/cor_celegansneural-w.txt,1.0,0.0,0.0,50,3,0.8,0.01,largest,297.0,0.00
tune_8,Testing/cor_celegansneural-w.txt,1.0,0.0,0.0,50,3,0.8,0.01,largest,297.0,0.00
tune_9,Testing/cor_celegansneural-w.txt,1.0,0.0,0.0,50,3,0.8,0.01,largest,297.0,0.00
tune_10,Testing/cor_celegansneural-w.txt,1.0,0.0,0.0,50,3,0.8,0.01,largest,297.0,0.00
tune_1,Testing/cor_dolphins-w.txt,1.0,0.0,0.0,50,3,0.8,0.01,largest,62.0,1.30
tune_2,Testing/cor_dolphins-w.txt,1.0,0.0,0.0,50,3,0.8,0.01,largest,62.0,0.00
tune_3,Testing/cor_dolphins-w.txt,1.0,0.0,0.0,50,3,0.8,0.01,largest,62.0,0.00
tune_4,Testing/cor_dolphins-w.txt,1.0,0.0,0.0,50,3,0.8,0.01,largest,62.0,0.00
tune_5,Testing/cor_dolphins-w.txt,1.0,0.0,0.0,50,3,0.8,0.01,largest,62.0,0.00
tune_6,Testing/cor_dolphins-w.txt,1.0,0.0,0.0,50,3,0.8,0.01,largest,62.0,0.00
tune_7,Testing/cor_dolphins-w.txt,1.0,0.0,0.0,50,3,0.8,0.01,largest,62.0,0.00
tune_8,Testing/cor_dolphins-w.txt,1.0,0.0,0.0,50,3,0.8,0.01,largest,62.0,0.00
tune_9,Testing/cor_dolphins-w.txt,1.0,0.0,0.0,50,3,0.8,0.01,largest,62.0,0.00
tune_10,Testing/cor_dolphins-w.txt,1.0,0.0,0.0,50,3,0.8,0.01,largest,62.0,0.00
tune_1,Testing/cor_football-w.txt,1.0,0.0,0.0,50,3,0.8,0.01,largest,115.0,1.66
tune_2,Testing/cor_football-w.txt,1.0,0.0,0.0,50,3,0.8,0.01,largest,115.0,0.00
tune_3,Testing/cor_football-w.txt,1.0,0.0,0.0,50,3,0.8,0.01,largest,115.0,0.00
tune_4,Testing/cor_football-w.txt,1.0,0.0,0.0,50,3,0.8,0.01,largest,115.0,0.00
tune_5,Testing/cor_football-w.txt,1.0,0.0,0.0,50,3,0.8,0.01,largest,115.0,0.00
tune_6,Testing/cor_football-w.txt,1.0,0.0,0.0,50,3,0.8,0.01,largest,115.0,0.00
tune_7,Testing/cor_football-w.txt,1.0,0.0,0.0,50,3,0.8,0.01,largest,115.0,0.00
tune_8,Testing/cor_football-w.txt,1.0,0.0,0.0,50,3,0.8,0.01,largest,115.0,0.00
tune_9,Testing/cor_football-w.txt,1.0,0.0,0.0,50,3,0.8,0.01,largest,115.0,0.00
tune_10,Testing/cor_football-w.txt,1.0,0.0,0.0,50,3,0.8,0.01,largest,115.0,0.00
tune_1,Testing/cor_jazz-w.txt,1.0,0.0,0.0,50,3,0.8,0.01,largest,198.0,3.64
tune_2,Testing/cor_jazz-w.txt,1.0,0.0,0.0,50,3,0.8,0.01,largest,198.0,0.00
tune_3,Testing/cor_jazz-w.txt,1.0,0.0,0.0,50,3,0.8,0.01,largest,198.0,0.00
tune_4,Testing/cor_jazz-w.txt,1.0,0.0,0.0,50,3,0.8,0.01,largest,198.0,0.00
tune_5,Testing/cor_jazz-w.txt,1.0,0.0,0.0,50,3,0.8,0.01,largest,198.0,0.00
tune_6,Testing/cor_jazz-w.txt,1.0,0.0,0.0,50,3,0.8,0.01,largest,198.0,0.00
tune_7,Testing/cor_jazz-w.txt,1.0,0.0,0.0,50,3,0.8,0.01,largest,198.0,0.00
tune_8,Testing/cor_jazz-w.txt,1.0,0.0,0.0,50,3,0.8,0.01,largest,198.0,0.00
tune_9,Testing/cor_jazz-w.txt,1.0,0.0,0.0,50,3,0.8,0.01,largest,198.0,0.00
tune_10,Testing/cor_jazz-w.txt,1.0,0.0,0.0,50,3,0.8,0.01,largest,198.0,0.00
tune_1,Testing/cor_karate-w.txt,1.0,0.0,0.0,50,3,0.8,0.01,largest,34.0,1.18
tune_2,Testing/cor_karate-w.txt,1.0,0.0,0.0,50,3,0.8,0.01,largest,34.0,0.00
tune_3,Testing/cor_karate-w.txt,1.0,0.0,0.0,50,3,0.8,0.01,largest,34.0,0.00
tune_4,Testing/cor_karate-w.txt,1.0,0.0,0.0,50,3,0.8,0.01,largest,34.0,0.00
tune_5,Testing/cor_karate-w.txt,1.0,0.0,0.0,50,3,0.8,0.01,largest,34.0,0.00
tune_6,Testing/cor_karate-w.txt,1.0,0.0,0.0,50,3,0.8,0.01,largest,34.0,0.00
tune_7,Testing/cor_karate-w.txt,1.0,0.0,0.0,50,3,0.8,0.01,largest,34.0,0.00
tune_8,Testing/cor_karate-w.txt,1.0,0.0,0.0,50,3,0.8,0.01,largest,34.0,0.00
tune_9,Testing/cor_karate-w.txt,1.0,0.0,0.0,50,3,0.8,0.01,largest,34.0,0.00
tune_10,Testing/cor_karate-w.txt,1.0,0.0,0.0,50,3,0.8,0.01,largest,34.0,0.00
tune_1,Testing/cor_lesmis-w.txt,1.0,0.0,0.0,50,3,0.8,0.01,largest,77.0,1.35
tune_2,Testing/cor_lesmis-w.txt,1.0,0.0,0.0,50,3,0.8,0.01,largest,77.0,0.00
tune_3,Testing/cor_lesmis-w.txt,1.0,0.0,0.0,50,3,0.8,0.01,largest,77.0,0.00
tune_4,Testing/cor_lesmis-w.txt,1.0,0.0,0.0,50,3,0.8,0.01,largest,77.0,0.00
tune_5,Testing/cor_lesmis-w.txt,1.0,0.0,0.0,50,3,0.8,0.01,largest,77.0,0.00
tune_6,Testing/cor_lesmis-w.txt,1.0,0.0,0.0,50,3,0.8,0.01,largest,77.0,0.00
tune_7,Testing/cor_lesmis-w.txt,1.0,0.0,0.0,50,3,0.8,0.01,largest,77.0,0.00
tune_8,Testing/cor_lesmis-w.txt,1.0,0.0,0.0,50,3,0.8,0.01,largest,77.0,0.00
tune_9,Testing/cor_lesmis-w.txt,1.0,0.0,0.0,50,3,0.8,0.01,largest,77.0,0.00
tune_10,Testing/cor_lesmis-w.txt,1.0,0.0,0.0,50,3,0.8,0.01,largest,77.0,0.00
tune_1,Testing/cor_n050plai01.txt,1.0,0.0,0.0,50,3,0.8,0.01,largest,50.0,1.24
tune_2,Testing/cor_n050plai01.txt,1.0,0.0,0.0,50,3,0.8,0.01,largest,50.0,0.00
tune_3,Testing/cor_n050plai01.txt,1.0,0.0,0.0,50,3,0.8,0.01,largest,50.0,0.00
tune_4,Testing/cor_n050plai01.txt,1.0,0.0,0.0,50,3,0.8,0.01,largest,50.0,0.00
tune_5,Testing/cor_n050plai01.txt,1.0,0.0,0.0,50,3,0.8,0.01,largest,50.0,0.00
tune_6,Testing/cor_n050plai01.txt,1.0,0.0,0.0,50,3,0.8,0.01,largest,50.0,0.00
tune_7,Testing/cor_n050plai01.txt,1.0,0.0,0.0,50,3,0.8,0.01,largest,50.0,0.00
tune_8,Testing/cor_n050plai01.txt,1.0,0.0,0.0,50,3,0.8,0.01,largest,50.0,0.00
tune_9,Testing/cor_n050plai01.txt,1.0,0.0,0.0,50,3,0.8,0.01,largest,50.0,0.00
tune_10,Testing/cor_n050plai01.txt,1.0,0.0,0.0,50,3,0.8,0.01,largest,50.0,0.00
tune_1,Testing/cor_n100plai01.txt,1.0,0.0,0.0,50,3,0.8,0.01,largest,100.0,1.43
tune_2,Testing/cor_n100plai01.txt,1.0,0.0,0.0,50,3,0.8,0.01,largest,100.0,0.00
tune_3,Testing/cor_n100plai01.txt,1.0,0.0,0.0,50,3,0.8,0.01,largest,100.0,0.00
tune_4,Testing/cor_n100plai01.txt,1.0,0.0,0.0,50,3,0.8,0.01,largest,100.0,0.00
tune_5,Testing/cor_n100plai01.txt,1.0,0.0,0.0,50,3,0.8,0.01,largest,100.0,0.00
tune_6,Testing/cor_n100plai01.txt,1.0,0.0,0.0,50,3,0.8,0.01,largest,100.0,0.00
tune_7,Testing/cor_n100plai01.txt,1.0,0.0,0.0,50,3,0.8,0.01,largest,100.0,0.00
tune_8,Testing/cor_n100plai01.txt,1.0,0.0,0.0,50,3,0.8,0.01,largest,100.0,0.00
tune_9,Testing/cor_n100plai01.txt,1.0,0.0,0.0,50,3,0.8,0.01,largest,100.0,0.00
tune_10,Testing/cor_n100plai01.txt,1.0,0.0,0.0,50,3,0.8,0.01,largest,100.0,0.00
tune_1,Testing/cor_n150plai01.txt,1.0,0.0,0.0,50,3,0.8,0.01,largest,150.0,1.54
tune_2,Testing/cor_n150plai01.txt,1.0,0.0,0.0,50,3,0.8,0.01,largest,150.0,0.00
tune_3,Testing/cor_n150plai01.txt,1.0,0.0,0.0,50,3,0.8,0.01,largest,150.0,0.00
tune_4,Testing/cor_n150plai01.txt,1.0,0.0,0.0,50,3,0.8,0.01,largest,150.0,0.00
tune_5,Testing/cor_n150plai01.txt,1.0,0.0,0.0,50,3,0.8,0.01,largest,150.0,0.00
tune_6,Testing/cor_n150plai01.txt,1.0,0.0,0.0,50,3,0.8,0.01,largest,150.0,0.00
tune_7,Testing/cor_n150plai01.txt,1.0,0.0,0.0,50,3,0.8,0.01,largest,150.0,0.00
tune_8,Testing/cor_n150plai01.txt,1.0,0.0,0.0,50,3,0.8,0.01,largest,150.0,0.00
tune_9,Testing/cor_n150plai01.txt,1.0,0.0,0.0,50,3,0.8,0.01,largest,150.0,0.00
tune_10,Testing/cor_n150plai01.txt,1.0,0.0,0.0,50,3,0.8,0.01,largest,150.0,0.00
tune_1,Testing/cor_n200plai01.txt,1.0,0.0,0.0,50,3,0.8,0.01,largest,200.0,1.67
tune_2,Testing/cor_n200plai01.txt,1.0,0.0,0.0,50,3,0.8,0.01,largest,200.0,0.00
tune_3,Testing/cor_n200plai01.txt,1.0,0.0,0.0,50,3,0.8,0.01,largest,200.0,0.00
tune_4,Testing/cor_n200plai01.txt,1.0,0.0,0.0,50,3,0.8,0.01,largest,200.0,0.00
tune_5,Testing/cor_n200plai01.txt,1.0,0.0,0.0,50,3,0.8,0.01,largest,200.0,0.00
tune_6,Testing/cor_n200plai01.txt,1.0,0.0,0.0,50,3,0.8,0.01,largest,200.0,0.00
tune_7,Testing/cor_n200plai01.txt,1.0,0.0,0.0,50,3,0.8,0.01,largest,200.0,0.00
tune_8,Testing/cor_n200plai01.txt,1.0,0.0,0.0,50,3,0.8,0.01,largest,200.0,0.00
tune_9,Testing/cor_n200plai01.txt,1.0,0.0,0.0,50,3,0.8,0.01,largest,200.0,0.00
tune_10,Testing/cor_n200plai01.txt,1.0,0.0,0.0,50,3,0.8,0.01,largest,200.0,0.00
tune_1,Testing/cor_n250plai01.txt,1.0,0.0,0.0,50,3,0.8,0.01,largest,250.0,1.91
tune_2,Testing/cor_n250plai01.txt,1.0,0.0,0.0,50,3,0.8,0.01,largest,250.0,0.00
tune_3,Testing/cor_n250plai01.txt,1.0,0.0,0.0,50,3,0.8,0.01,largest,250.0,0.00
tune_4,Testing/cor_n250plai01.txt,1.0,0.0,0.0,50,3,0.8,0.01,largest,250.0,0.00
tune_5,Testing/cor_n250plai01.txt,1.0,0.0,0.0,50,3,0.8,0.01,largest,250.0,0.00
tune_6,Testing/cor_n250plai01.txt,1.0,0.0,0.0,50,3,0.8,0.01,largest,250.0,0.00
tune_7,Testing/cor_n250plai01.txt,1.0,0.0,0.0,50,3,0.8,0.01,largest,250.0,0.00
tune_8,Testing/cor_n250plai01.txt,1.0,0.0,0.0,50,3,0.8,0.01,largest,250.0,0.00
tune_9,Testing/cor_n250plai01.txt,1.0,0.0,0.0,50,3,0.8,0.01,largest,250.0,0.00
tune_10,Testing/cor_n250plai01.txt,1.0,0.0,0.0,50,3,0.8,0.01,largest,250.0,0.00
tune_1,Testing/cor_n300plai01.txt,1.0,0.0,0.0,50,3,0.8,0.01,largest,300.0,2.06
tune_2,Testing/cor_n300plai01.txt,1.0,0.0,0.0,50,3,0.8,0.01,largest,300.0,0.00
tune_3,Testing/cor_n300plai01.txt,1.0,0.0,0.0,50,3,0.8,0.01,largest,300.0,0.00
tune_4,Testing/cor_n300plai01.txt,1.0,0.0,0.0,50,3,0.8,0.01,largest,300.0,0.00
tune_5,Testing/cor_n300plai01.txt,1.0,0.0,0.0,50,3,0.8,0.01,largest,300.0,0.00
tune_6,Testing/cor_n300plai01.txt,1.0,0.0,0.0,50,3,0.8,0.01,largest,300.0,0.00
tune_7,Testing/cor_n300plai01.txt,1.0,0.0,0.0,50,3,0.8,0.01,largest,300.0,0.00
tune_8,Testing/cor_n300plai01.txt,1.0,0.0,0.0,50,3,0.8,0.01,largest,300.0,0.00
tune_9,Testing/cor_n300plai01.txt,1.0,0.0,0.0,50,3,0.8,0.01,largest,300.0,0.00
tune_10,Testing/cor_n300plai01.txt,1.0,0.0,0.0,50,3,0.8,0.01,largest,300.0,0.00
tune_1,Testing/cor_n350plai01.txt,1.0,0.0,0.0,50,3,0.8,0.01,largest,350.0,2.19
tune_2,Testing/cor_n350plai01.txt,1.0,0.0,0.0,50,3,0.8,0.01,largest,350.0,0.00
tune_3,Testing/cor_n350plai01.txt,1.0,0.0,0.0,50,3,0.8,0.01,largest,350.0,0.00
tune_4,Testing/cor_n350plai01.txt,1.0,0.0,0.0,50,3,0.8,0.01,largest,350.0,0.00
tune_5,Testing/cor_n350plai01.txt,1.0,0.0,0.0,50,3,0.8,0.01,largest,350.0,0.00
tune_6,Testing/cor_n350plai01.txt,1.0,0.0,0.0,50,3,0.8,0.01,largest,350.0,0.00
tune_7,Testing/cor_n350plai01.txt,1.0,0.0,0.0,50,3,0.8,0.01,largest,350.0,0.00
tune_8,Testing/cor_n350plai01.txt,1.0,0.0,0.0,50,3,0.8,0.01,largest,350.0,0.00
tune_9,Testing/cor_n350plai01.txt,1.0,0.0,0.0,50,3,0.8,0.01,largest,350.0,0.00
tune_10,Testing/cor_n350plai01.txt,1.0,0.0,0.0,50,3,0.8,0.01,largest,350.0,0.00
tune_1,Testing/cor_polbooks-w.txt,1.0,0.0,0.0,50,3,0.8,0.01,largest,105.0,1.49
tune_2,Testing/cor_polbooks-w.txt,1.0,0.0,0.0,50,3,0.8,0.01,largest,105.0,0.00
tune_3,Testing/cor_polbooks-w.txt,1.0,0.0,0.0,50,3,0.8,0.01,largest,105.0,0.00
tune_4,Testing/cor_polbooks-w.txt,1.0,0.0,0.0,50,3,0.8,0.01,largest,105.0,0.00
tune_5,Testing/cor_polbooks-w.txt,1.0,0.0,0.0,50,3,0.8,0.01,largest,105.0,0.00
tune_6,Testing/cor_polbooks-w.txt,1.0,0.0,0.0,50,3,0.8,0.01,largest,105.0,0.00
tune_7,Testing/cor_polbooks-w.txt,1.0,0.0,0.0,50,3,0.8,0.01,largest,105.0,0.00
tune_8,Testing/cor_polbooks-w.txt,1.0,0.0,0.0,50,3,0.8,0.01,largest,105.0,0.00
tune_9,Testing/cor_polbooks-w.txt,1.0,0.0,0.0,50,3,0.8,0.01,largest,105.0,0.00
tune_10,Testing/cor_polbooks-w.txt,1.0,0.0,0.0,50,3,0.8,0.01,largest,105.0,0.00
tune_1,Testing/hos_20_r1_1.txt,1.0,0.0,0.0,50,3,0.8,0.01,largest,20.0,1.13
tune_2,Testing/hos_20_r1_1.txt,1.0,0.0,0.0,50,3,0.8,0.01,largest,20.0,0.00
tune_3,Testing/hos_20_r1_1.txt,1.0,0.0,0.0,50,3,0.8,0.01,largest,20.0,0.00
tune_4,Testing/hos_20_r1_1.txt,1.0,0.0,0.0,50,3,0.8,0.01,largest,20.0,0.00
tune_5,Testing/hos_20_r1_1.txt,1.0,0.0,0.0,50,3,0.8,0.01,largest,20.0,0.00
tune_6,Testing/hos_20_r1_1.txt,1.0,0.0,0.0,50,3,0.8,0.01,largest,20.0,0.00
tune_7,Testing/hos_20_r1_1.txt,1.0,0.0,0.0,50,3,0.8,0.01,largest,20.0,0.00
tune_8,Testing/hos_20_r1_1.txt,1.0,0.0,0.0,50,3,0.8,0.01,largest,20.0,0.00
tune_9,Testing/hos_20_r1_1.txt,1.0,0.0,0.0,50,3,0.8,0.01,largest,20.0,0.00
tune_10,Testing/hos_20_r1_1.txt,1.0,0.0,0.0,50,3,0.8,0.01,largest,20.0,0.00
tune_1,Testing/hos_20_r2_1.txt,1.0,0.0,0.0,50,3,0.8,0.01,largest,20.0,1.16
tune_2,Testing/hos_20_r2_1.txt,1.0,0.0,0.0,50,3,0.8,0.01,largest,20.0,0.00
tune_3,Testing/hos_20_r2_1.txt,1.0,0.0,0.0,50,3,0.8,0.01,largest,20.0,0.00
tune_4,Testing/hos_20_r2_1.txt,1.0,0.0,0.0,50,3,0.8,0.01,largest,20.0,0.00
tune_5,Testing/hos_20_r2_1.txt,1.0,0.0,0.0,50,3,0.8,0.01,largest,20.0,0.00
tune_6,Testing/hos_20_r2_1.txt,1.0,0.0,0.0,50,3,0.8,0.01,largest,20.0,0.00
tune_7,Testing/hos_20_r2_1.txt,1.0,0.0,0.0,50,3,0.8,0.01,largest,20.0,0.00
tune_8,Testing/hos_20_r2_1.txt,1.0,0.0,0.0,50,3,0.8,0.01,largest,20.0,0.00
tune_9,Testing/hos_20_r2_1.txt,1.0,0.0,0.0,50,3,0.8,0.01,largest,20.0,0.00
tune_10,Testing/hos_20_r2_1.txt,1.0,0.0,0.0,50,3,0.8,0.01,largest,20.0,0.00
tune_1,Testing/hos_25_r1_1.txt,1.0,0.0,0.0,50,3,0.8,0.01,largest,25.0,1.15
tune_2,Testing/hos_25_r1_1.txt,1.0,0.0,0.0,50,3,0.8,0.01,largest,25.0,0.00
tune_3,Testing/hos_25_r1_1.txt,1.0,0.0,0.0,50,3,0.8,0.01,largest,25.0,0.00
tune_4,Testing/hos_25_r1_1.txt,1.0,0.0,0.0,50,3,0.8,0.01,largest,25.0,0.00
tune_5,Testing/hos_25_r1_1.txt,1.0,0.0,0.0,50,3,0.8,0.01,largest,25.0,0.00
tune_6,Testing/hos_25_r1_1.txt,1.0,0.0,0.0,50,3,0.8,0.01,largest,25.0,0.00
tune_7,Testing/hos_25_r1_1.txt,1.0,0.0,0.0,50,3,0.8,0.01,largest,25.0,0.00
tune_8,Testing/hos_25_r1_1.txt,1.0,0.0,0.0,50,3,0.8,0.01,largest,25.0,0.00
tune_9,Testing/hos_25_r1_1.txt,1.0,0.0,0.0,50,3,0.8,0.01,largest,25.0,0.00
tune_10,Testing/hos_25_r1_1.txt,1.0,0.0,0.0,50,3,0.8,0.01,largest,25.0,0.00
tune_1,Testing/hos_25_r2_1.txt,1.0,0.0,0.0,50,3,0.8,0.01,largest,25.0,1.15
tune_2,Testing/hos_25_r2_1.txt,1.0,0.0,0.0,50,3,0.8,0.01,largest,25.0,0.00
tune_3,Testing/hos_25_r2_1.txt,1.0,0.0,0.0,50,3,0.8,0.01,largest,25.0,0.00
tune_4,Testing/hos_25_r2_1.txt,1.0,0.0,0.0,50,3,0.8,0.01,largest,25.0,0.00
tune_5,Testing/hos_25_r2_1.txt,1.0,0.0,0.0,50,3,0.8,0.01,largest,25.0,0.00
tune_6,Testing/hos_25_r2_1.txt,1.0,0.0,0.0,50,3,0.8,0.01,largest,25.0,0.00
tune_7,Testing/hos_25_r2_1.txt,1.0,0.0,0.0,50,3,0.8,0.01,largest,25.0,0.00
tune_8,Testing/hos_25_r2_1.txt,1.0,0.0,0.0,50,3,0.8,0.01,largest,25.0,0.00
tune_9,Testing/hos_25_r2_1.txt,1.0,0.0,0.0,50,3,0.8,0.01,largest,25.0,0.00
tune_10,Testing/hos_25_r2_1.txt,1.0,0.0,0.0,50,3,0.8,0.01,largest,25.0,0.00
tune_1,Testing/hos_30_r1_1.txt,1.0,0.0,0.0,50,3,0.8,0.01,largest,30.0,1.21
tune_2,Testing/hos_30_r1_1.txt,1.0,0.0,0.0,50,3,0.8,0.01,largest,30.0,0.00
tune_3,Testing/hos_30_r1_1.txt,1.0,0.0,0.0,50,3,0.8,0.01,largest,30.0,0.00
tune_4,Testing/hos_30_r1_1.txt,1.0,0.0,0.0,50,3,0.8,0.01,largest,30.0,0.00
tune_5,Testing/hos_30_r1_1.txt,1.0,0.0,0.0,50,3,0.8,0.01,largest,30.0,0.00
tune_6,Testing/hos_30_r1_1.txt,1.0,0.0,0.0,50,3,0.8,0.01,largest,30.0,0.00
tune_7,Testing/hos_30_r1_1.txt,1.0,0.0,0.0,50,3,0.8,0.01,largest,30.0,0.00
tune_8,Testing/hos_30_r1_1.txt,1.0,0.0,0.0,50,3,0.8,0.01,largest,30.0,0.00
tune_9,Testing/hos_30_r1_1.txt,1.0,0.0,0.0,50,3,0.8,0.01,largest,30.0,0.00
tune_10,Testing/hos_30_r1_1.txt,1.0,0.0,0.0,50,3,0.8,0.01,largest,30.0,0.00
tune_1,Testing/hos_30_r2_1.txt,1.0,0.0,0.0,50,3,0.8,0.01,largest,30.0,1.19
tune_2,Testing/hos_30_r2_1.txt,1.0,0.0,0.0,50,3,0.8,0.01,largest,30.0,0.00
tune_3,Testing/hos_30_r2_1.txt,1.0,0.0,0.0,50,3,0.8,0.01,largest,30.0,0.00
tune_4,Testing/hos_30_r2_1.txt,1.0,0.0,0.0,50,3,0.8,0.01,largest,30.0,0.00
tune_5,Testing/hos_30_r2_1.txt,1.0,0.0,0.0,50,3,0.8,0.01,largest,30.0,0.00
tune_6,Testing/hos_30_r2_1.txt,1.0,0.0,0.0,50,3,0.8,0.01,largest,30.0,0.00
tune_7,Testing/hos_30_r2_1.txt,1.0,0.0,0.0,50,3,0.8,0.01,largest,30.0,0.00
tune_8,Testing/hos_30_r2_1.txt,1.0,0.0,0.0,50,3,0.8,0.01,largest,30.0,0.00
tune_9,Testing/hos_30_r2_1.txt,1.0,0.0,0.0,50,3,0.8,0.01,largest,30.0,0.00
tune_10,Testing/hos_30_r2_1.txt,1.0,0.0,0.0,50,3,0.8,0.01,largest,30.0,0.00
tune_1,Testing/hos_35_r1_1.txt,1.0,0.0,0.0,50,3,0.8,0.01,largest,35.0,1.22
tune_2,Testing/hos_35_r1_1.txt,1.0,0.0,0.0,50,3,0.8,0.01,largest,35.0,0.00
tune_3,Testing/hos_35_r1_1.txt,1.0,0.0,0.0,50,3,0.8,0.01,largest,35.0,0.00
tune_4,Testing/hos_35_r1_1.txt,1.0,0.0,0.0,50,3,0.8,0.01,largest,35.0,0.00
tune_5,Testing/hos_35_r1_1.txt,1.0,0.0,0.0,50,3,0.8,0.01,largest,35.0,0.00
tune_6,Testing/hos_35_r1_1.txt,1.0,0.0,0.0,50,3,0.8,0.01,largest,35.0,0.00
tune_7,Testing/hos_35_r1_1.txt,1.0,0.0,0.0,50,3,0.8,0.01,largest,35.0,0.00
tune_8,Testing/hos_35_r1_1.txt,1.0,0.0,0.0,50,3,0.8,0.01,largest,35.0,0.00
tune_9,Testing/hos_35_r1_1.txt,1.0,0.0,0.0,50,3,0.8,0.01,largest,35.0,0.00
tune_10,Testing/hos_35_r1_1.txt,1.0,0.0,0.0,50,3,0.8,0.01,largest,35.0,0.00
tune_1,Testing/hos_35_r2_1.txt,1.0,0.0,0.0,50,3,0.8,0.01,largest,35.0,1.22
tune_2,Testing/hos_35_r2_1.txt,1.0,0.0,0.0,50,3,0.8,0.01,largest,35.0,0.00
tune_3,Testing/hos_35_r2_1.txt,1.0,0.0,0.0,50,3,0.8,0.01,largest,35.0,0.00
tune_4,Testing/hos_35_r2_1.txt,1.0,0.0,0.0,50,3,0.8,0.01,largest,35.0,0.00
tune_5,Testing/hos_35_r2_1.txt,1.0,0.0,0.0,50,3,0.8,0.01,largest,35.0,0.00
tune_6,Testing/hos_35_r2_1.txt,1.0,0.0,0.0,50,3,0.8,0.01,largest,35.0,0.00
tune_7,Testing/hos_35_r2_1.txt,1.0,0.0,0.0,50,3,0.8,0.01,largest,35.0,0.00
tune_8,Testing/hos_35_r2_1.txt,1.0,0.0,0.0,50,3,0.8,0.01,largest,35.0,0.00
tune_9,Testing/hos_35_r2_1.txt,1.0,0.0,0.0,50,3,0.8,0.01,largest,35.0,0.00
tune_10,Testing/hos_35_r2_1.txt,1.0,0.0,0.0,50,3,0.8,0.01,largest,35.0,0.00
tune_1,Testing/hos_40_r1_1.txt,1.0,0.0,0.0,50,3,0.8,0.01,largest,40.0,1.16
tune_2,Testing/hos_40_r1_1.txt,1.0,0.0,0.0,50,3,0.8,0.01,largest,40.0,0.00
tune_3,Testing/hos_40_r1_1.txt,1.0,0.0,0.0,50,3,0.8,0.01,largest,40.0,0.00
tune_4,Testing/hos_40_r1_1.txt,1.0,0.0,0.0,50,3,0.8,0.01,largest,40.0,0.00
tune_5,Testing/hos_40_r1_1.txt,1.0,0.0,0.0,50,3,0.8,0.01,largest,40.0,0.00
tune_6,Testing/hos_40_r1_1.txt,1.0,0.0,0.0,50,3,0.8,0.01,largest,40.0,0.00
tune_7,Testing/hos_40_r1_1.txt,1.0,0.0,0.0,50,3,0.8,0.01,largest,40.0,0.00
tune_8,Testing/hos_40_r1_1.txt,1.0,0.0,0.0,50,3,0.8,0.01,largest,40.0,0.00
tune_9,Testing/hos_40_r1_1.txt,1.0,0.0,0.0,50,3,0.8,0.01,largest,40.0,0.00
tune_10,Testing/hos_40_r1_1.txt,1.0,0.0,0.0,50,3,0.8,0.01,largest,40.0,0.00
tune_1,Testing/hos_40_r2_1.txt,1.0,0.0,0.0,50,3,0.8,0.01,largest,40.0,1.24
tune_2,Testing/hos_40_r2_1.txt,1.0,0.0,0.0,50,3,0.8,0.01,largest,40.0,0.00
tune_3,Testing/hos_40_r2_1.txt,1.0,0.0,0.0,50,3,0.8,0.01,largest,40.0,0.00
tune_4,Testing/hos_40_r2_1.txt,1.0,0.0,0.0,50,3,0.8,0.01,largest,40.0,0.00
tune_5,Testing/hos_40_r2_1.txt,1.0,0.0,0.0,50,3,0.8,0.01,largest,40.0,0.00
tune_6,Testing/hos_40_r2_1.txt,1.0,0.0,0.0,50,3,0.8,0.01,largest,40.0,0.00
tune_7,Testing/hos_40_r2_1.txt,1.0,0.0,0.0,50,3,0.8,0.01,largest,40.0,0.00
tune_8,Testing/hos_40_r2_1.txt,1.0,0.0,0.0,50,3,0.8,0.01,largest,40.0,0.00
tune_9,Testing/hos_40_r2_1.txt,1.0,0.0,0.0,50,3,0.8,0.01,largest,40.0,0.00
tune_10,Testing/hos_40_r2_1.txt,1.0,0.0,0.0,50,3,0.8,0.01,largest,40.0,0.00
tune_1,Testing/hos_45_r1_1.txt,1.0,0.0,0.0,50,3,0.8,0.01,largest,45.0,1.33
tune_2,Testing/hos_45_r1_1.txt,1.0,0.0,0.0,50,3,0.8,0.01,largest,45.0,0.00
tune_3,Testing/hos_45_r1_1.txt,1.0,0.0,0.0,50,3,0.8,0.01,largest,45.0,0.00
tune_4,Testing/hos_45_r1_1.txt,1.0,0.0,0.0,50,3,0.8,0.01,largest,45.0,0.00
tune_5,Testing/hos_45_r1_1.txt,1.0,0.0,0.0,50,3,0.8,0.01,largest,45.0,0.00
tune_6,Testing/hos_45_r1_1.txt,1.0,0.0,0.0,50,3,0.8,0.01,largest,45.0,0.00
tune_7,Testing/hos_45_r1_1.txt,1.0,0.0,0.0,50,3,0.8,0.01,largest,45.0,0.00
tune_8,Testing/hos_45_r1_1.txt,1.0,0.0,0.0,50,3,0.8,0.01,largest,45.0,0.00
tune_9,Testing/hos_45_r1_1.txt,1.0,0.0,0.0,50,3,0.8,0.01,largest,45.0,0.00
tune_10,Testing/hos_45_r1_1.txt,1.0,0.0,0.0,50,3,0.8,0.01,largest,45.0,0.00
tune_1,Testing/hos_45_r2_1.txt,1.0,0.0,0.0,50,3,0.8,0.01,largest,45.0,1.31
tune_2,Testing/hos_45_r2_1.txt,1.0,0.0,0.0,50,3,0.8,0.01,largest,45.0,0.00
tune_3,Testing/hos_45_r2_1.txt,1.0,0.0,0.0,50,3,0.8,0.01,largest,45.0,0.00
tune_4,Testing/hos_45_r2_1.txt,1.0,0.0,0.0,50,3,0.8,0.01,largest,45.0,0.00
tune_5,Testing/hos_45_r2_1.txt,1.0,0.0,0.0,50,3,0.8,0.01,largest,45.0,0.00
tune_6,Testing/hos_45_r2_1.txt,1.0,0.0,0.0,50,3,0.8,0.01,largest,45.0,0.00
tune_7,Testing/hos_45_r2_1.txt,1.0,0.0,0.0,50,3,0.8,0.01,largest,45.0,0.00
tune_8,Testing/hos_45_r2_1.txt,1.0,0.0,0.0,50,3,0.8,0.01,largest,45.0,0.00
tune_9,Testing/hos_45_r2_1.txt,1.0,0.0,0.0,50,3,0.8,0.01,largest,45.0,0.00
tune_10,Testing/hos_45_r2_1.txt,1.0,0.0,0.0,50,3,0.8,0.01,largest,45.0,0.00
tune_1,Testing/hos_50_r1_1.txt,1.0,0.0,0.0,50,3,0.8,0.01,largest,50.0,1.22
tune_2,Testing/hos_50_r1_1.txt,1.0,0.0,0.0,50,3,0.8,0.01,largest,50.0,0.00
tune_3,Testing/hos_50_r1_1.txt,1.0,0.0,0.0,50,3,0.8,0.01,largest,50.0,0.00
tune_4,Testing/hos_50_r1_1.txt,1.0,0.0,0.0,50,3,0.8,0.01,largest,50.0,0.00
tune_5,Testing/hos_50_r1_1.txt,1.0,0.0,0.0,50,3,0.8,0.01,largest,50.0,0.00
tune_6,Testing/hos_50_r1_1.txt,1.0,0.0,0.0,50,3,0.8,0.01,largest,50.0,0.00
tune_7,Testing/hos_50_r1_1.txt,1.0,0.0,0.0,50,3,0.8,0.01,largest,50.0,0.00
tune_8,Testing/hos_50_r1_1.txt,1.0,0.0,0.0,50,3,0.8,0.01,largest,50.0,0.00
tune_9,Testing/hos_50_r1_1.txt,1.0,0.0,0.0,50,3,0.8,0.01,largest,50.0,0.00
tune_10,Testing/hos_50_r1_1.txt,1.0,0.0,0.0,50,3,0.8,0.01,largest,50.0,0.00
tune_1,Testing/hos_50_r2_1.txt,1.0,0.0,0.0,50,3,0.8,0.01,largest,50.0,1.29
tune_2,Testing/hos_50_r2_1.txt,1.0,0.0,0.0,50,3,0.8,0.01,largest,50.0,0.00
tune_3,Testing/hos_50_r2_1.txt,1.0,0.0,0.0,50,3,0.8,0.01,largest,50.0,0.00
tune_4,Testing/hos_50_r2_1.txt,1.0,0.0,0.0,50,3,0.8,0.01,largest,50.0,0.00
tune_5,Testing/hos_50_r2_1.txt,1.0,0.0,0.0,50,3,0.8,0.01,largest,50.0,0.00
tune_6,Testing/hos_50_r2_1.txt,1.0,0.0,0.0,50,3,0.8,0.01,largest,50.0,0.00
tune_7,Testing/hos_50_r2_1.txt,1.0,0.0,0.0,50,3,0.8,0.01,largest,50.0,0.00
tune_8,Testing/hos_50_r2_1.txt,1.0,0.0,0.0,50,3,0.8,0.01,largest,50.0,0.00
tune_9,Testing/hos_50_r2_1.txt,1.0,0.0,0.0,50,3,0.8,0.01,largest,50.0,0.00
tune_10,Testing/hos_50_r2_1.txt,1.0,0.0,0.0,50,3,0.8,0.01,largest,50.0,0.00
tune_1,Testing/mac_grafo10dens30.txt,1.0,0.0,0.0,50,3,0.8,0.01,largest,10.0,1.09
tune_2,Testing/mac_grafo10dens30.txt,1.0,0.0,0.0,50,3,0.8,0.01,largest,10.0,0.00
tune_3,Testing/mac_grafo10dens30.txt,1.0,0.0,0.0,50,3,0.8,0.01,largest,10.0,0.00
tune_4,Testing/mac_grafo10dens30.txt,1.0,0.0,0.0,50,3,0.8,0.01,largest,10.0,0.00
tune_5,Testing/mac_grafo10dens30.txt,1.0,0.0,0.0,50,3,0.8,0.01,largest,10.0,0.00
tune_6,Testing/mac_grafo10dens30.txt,1.0,0.0,0.0,50,3,0.8,0.01,largest,10.0,0.00
tune_7,Testing/mac_grafo10dens30.txt,1.0,0.0,0.0,50,3,0.8,0.01,largest,10.0,0.00
tune_8,Testing/mac_grafo10dens30.txt,1.0,0.0,0.0,50,3,0.8,0.01,largest,10.0,0.00
tune_9,Testing/mac_grafo10dens30.txt,1.0,0.0,0.0,50,3,0.8,0.01,largest,10.0,0.00
tune_10,Testing/mac_grafo10dens30.txt,1.0,0.0,0.0,50,3,0.8,0.01,largest,10.0,0.00
tune_1,Testing/mac_grafo11dens30.txt,1.0,0.0,0.0,50,3,0.8,0.01,largest,11.0,1.13
tune_2,Testing/mac_grafo11dens30.txt,1.0,0.0,0.0,50,3,0.8,0.01,largest,11.0,0.00
tune_3,Testing/mac_grafo11dens30.txt,1.0,0.0,0.0,50,3,0.8,0.01,largest,11.0,0.00
tune_4,Testing/mac_grafo11dens30.txt,1.0,0.0,0.0,50,3,0.8,0.01,largest,11.0,0.00
tune_5,Testing/mac_grafo11dens30.txt,1.0,0.0,0.0,50,3,0.8,0.01,largest,11.0,0.00
tune_6,Testing/mac_grafo11dens30.txt,1.0,0.0,0.0,50,3,0.8,0.01,largest,11.0,0.00
tune_7,Testing/mac_grafo11dens30.txt,1.0,0.0,0.0,50,3,0.8,0.01,largest,11.0,0.00
tune_8,Testing/mac_grafo11dens30.txt,1.0,0.0,0.0,50,3,0.8,0.01,largest,11.0,0.00
tune_9,Testing/mac_grafo11dens30.txt,1.0,0.0,0.0,50,3,0.8,0.01,largest,11.0,0.00
tune_10,Testing/mac_grafo11dens30.txt,1.0,0.0,0.0,50,3,0.8,0.01,largest,11.0,0.00
tune_1,Testing/mac_grafo12dens30.txt,1.0,0.0,0.0,50,3,0.8,0.01,largest,12.0,1.13
tune_2,Testing/mac_grafo12dens30.txt,1.0,0.0,0.0,50,3,0.8,0.01,largest,12.0,0.00
tune_3,Testing/mac_grafo12dens30.txt,1.0,0.0,0.0,50,3,0.8,0.01,largest,12.0,0.00
tune_4,Testing/mac_grafo12dens30.txt,1.0,0.0,0.0,50,3,0.8,0.01,largest,12.0,0.00
tune_5,Testing/mac_grafo12dens30.txt,1.0,0.0,0.0,50,3,0.8,0.01,largest,12.0,0.00
tune_6,Testing/mac_grafo12dens30.txt,1.0,0.0,0.0,50,3,0.8,0.01,largest,12.0,0.00
tune_7,Testing/mac_grafo12dens30.txt,1.0,0.0,0.0,50,3,0.8,0.01,largest,12.0,0.00
tune_8,Testing/mac_grafo12dens30.txt,1.0,0.0,0.0,50,3,0.8,0.01,largest,12.0,0.00
tune_9,Testing/mac_grafo12dens30.txt,1.0,0.0,0.0,50,3,0.8,0.01,largest,12.0,0.00
tune_10,Testing/mac_grafo12dens30.txt,1.0,0.0,0.0,50,3,0.8,0.01,largest,12.0,0.00
tune_1,Testing/mac_grafo13dens30.txt,1.0,0.0,0.0,50,3,0.8,0.01,largest,13.0,1.12
tune_2,Testing/mac_grafo13dens30.txt,1.0,0.0,0.0,50,3,0.8,0.01,largest,13.0,0.00
tune_3,Testing/mac_grafo13dens30.txt,1.0,0.0,0.0,50,3,0.8,0.01,largest,13.0,0.00
tune_4,Testing/mac_grafo13dens30.txt,1.0,0.0,0.0,50,3,0.8,0.01,largest,13.0,0.00
tune_5,Testing/mac_grafo13dens30.txt,1.0,0.0,0.0,50,3,0.8,0.01,largest,13.0,0.00
tune_6,Testing/mac_grafo13dens30.txt,1.0,0.0,0.0,50,3,0.8,0.01,largest,13.0,0.00
tune_7,Testing/mac_grafo13dens30.txt,1.0,0.0,0.0,50,3,0.8,0.01,largest,13.0,0.00
tune_8,Testing/mac_grafo13dens30.txt,1.0,0.0,0.0,50,3,0.8,0.01,largest,13.0,0.00
tune_9,Testing/mac_grafo13dens30.txt,1.0,0.0,0.0,50,3,0.8,0.01,largest,13.0,0.00
tune_10,Testing/mac_grafo13dens30.txt,1.0,0.0,0.0,50,3,0.8,0.01,largest,13.0,0.00
tune_1,Testing/mac_grafo14dens30.txt,1.0,0.0,0.0,50,3,0.8,0.01,largest,14.0,1.15
tune_2,Testing/mac_grafo14dens30.txt,1.0,0.0,0.0,50,3,0.8,0.01,largest,14.0,0.00
tune_3,Testing/mac_grafo14dens30.txt,1.0,0.0,0.0,50,3,0.8,0.01,largest,14.0,0.00
tune_4,Testing/mac_grafo14dens30.txt,1.0,0.0,0.0,50,3,0.8,0.01,largest,14.0,0.00
tune_5,Testing/mac_grafo14dens30.txt,1.0,0.0,0.0,50,3,0.8,0.01,largest,14.0,0.00
tune_6,Testing/mac_grafo14dens30.txt,1.0,0.0,0.0,50,3,0.8,0.01,largest,14.0,0.00
tune_7,Testing/mac_grafo14dens30.txt,1.0,0.0,0.0,50,3,0.8,0.01,largest,14.0,0.00
tune_8,Testing/mac_grafo14dens30.txt,1.0,0.0,0.0,50,3,0.8,0.01,largest,14.0,0.00
tune_9,Testing/mac_grafo14dens30.txt,1.0,0.0,0.0,50,3,0.8,0.01,largest,14.0,0.00
tune_10,Testing/mac_grafo14dens30.txt,1.0,0.0,0.0,50,3,0.8,0.01,largest,14.0,0.00
tune_1,Testing/mac_grafo15dens30.txt,1.0,0.0,0.0,50,3,0.8,0.01,largest,15.0,1.17
tune_2,Testing/mac_grafo15dens30.txt,1.0,0.0,0.0,50,3,0.8,0.01,largest,15.0,0.00
tune_3,Testing/mac_grafo15dens30.txt,1.0,0.0,0.0,50,3,0.8,0.01,largest,15.0,0.00
tune_4,Testing/mac_grafo15dens30.txt,1.0,0.0,0.0,50,3,0.8,0.01,largest,15.0,0.00
tune_5,Testing/mac_grafo15dens30.txt,1.0,0.0,0.0,50,3,0.8,0.01,largest,15.0,0.00
tune_6,Testing/mac_grafo15dens30.txt,1.0,0.0,0.0,50,3,0.8,0.01,largest,15.0,0.00
tune_7,Testing/mac_grafo15dens30.txt,1.0,0.0,0.0,50,3,0.8,0.01,largest,15.0,0.00
tune_8,Testing/mac_grafo15dens30.txt,1.0,0.0,0.0,50,3,0.8,0.01,largest,15.0,0.00
tune_9,Testing/mac_grafo15dens30.txt,1.0,0.0,0.0,50,3,0.8,0.01,largest,15.0,0.00
tune_10,Testing/mac_grafo15dens30.txt,1.0,0.0,0.0,50,3,0.8,0.01,largest,15.0,0.00
tune_1,Testing/mac_grafo16dens30.txt,1.0,0.0,0.0,50,3,0.8,0.01,largest,16.0,1.09
tune_2,Testing/mac_grafo16dens30.txt,1.0,0.0,0.0,50,3,0.8,0.01,largest,16.0,0.00
tune_3,Testing/mac_grafo16dens30.txt,1.0,0.0,0.0,50,3,0.8,0.01,largest,16.0,0.00
tune_4,Testing/mac_grafo16dens30.txt,1.0,0.0,0.0,50,3,0.8,0.01,largest,16.0,0.00
tune_5,Testing/mac_grafo16dens30.txt,1.0,0.0,0.0,50,3,0.8,0.01,largest,16.0,0.00
tune_6,Testing/mac_grafo16dens30.txt,1.0,0.0,0.0,50,3,0.8,0.01,largest,16.0,0.00
tune_7,Testing/mac_grafo16dens30.txt,1.0,0.0,0.0,50,3,0.8,0.01,largest,16.0,0.00
tune_8,Testing/mac_grafo16dens30.txt,1.0,0.0,0.0,50,3,0.8,0.01,largest,16.0,0.00
tune_9,Testing/mac_grafo16dens30.txt,1.0,0.0,0.0,50,3,0.8,0.01,largest,16.0,0.00
tune_10,Testing/mac_grafo16dens30.txt,1.0,0.0,0.0,50,3,0.8,0.01,largest,16.0,0.00
tune_1,Testing/mac_grafo17dens30.txt,1.0,0.0,0.0,50,3,0.8,0.01,largest,17.0,1.11
tune_2,Testing/mac_grafo17dens30.txt,1.0,0.0,0.0,50,3,0.8,0.01,largest,17.0,0.00
tune_3,Testing/mac_grafo17dens30.txt,1.0,0.0,0.0,50,3,0.8,0.01,largest,17.0,0.00
tune_4,Testing/mac_grafo17dens30.txt,1.0,0.0,0.0,50,3,0.8,0.01,largest,17.0,0.00
tune_5,Testing/mac_grafo17dens30.txt,1.0,0.0,0.0,50,3,0.8,0.01,largest,17.0,0.00
tune_6,Testing/mac_grafo17dens30.txt,1.0,0.0,0.0,50,3,0.8,0.01,largest,17.0,0.00
tune_7,Testing/mac_grafo17dens30.txt,1.0,0.0,0.0,50,3,0.8,0.01,largest,17.0,0.00
tune_8,Testing/mac_grafo17dens30.txt,1.0,0.0,0.0,50,3,0.8,0.01,largest,17.0,0.00
tune_9,Testing/mac_grafo17dens30.txt,1.0,0.0,0.0,50,3,0.8,0.01,largest,17.0,0.00
tune_10,Testing/mac_grafo17dens30.txt,1.0,0.0,0.0,50,3,0.8,0.01,largest,17.0,0.00
tune_1,Testing/mac_grafo18dens30.txt,1.0,0.0,0.0,50,3,0.8,0.01,largest,18.0,1.15
tune_2,Testing/mac_grafo18dens30.txt,1.0,0.0,0.0,50,3,0.8,0.01,largest,18.0,0.00
tune_3,Testing/mac_grafo18dens30.txt,1.0,0.0,0.0,50,3,0.8,0.01,largest,18.0,0.00
tune_4,Testing/mac_grafo18dens30.txt,1.0,0.0,0.0,50,3,0.8,0.01,largest,18.0,0.00
tune_5,Testing/mac_grafo18dens30.txt,1.0,0.0,0.0,50,3,0.8,0.01,largest,18.0,0.00
tune_6,Testing/mac_grafo18dens30.txt,1.0,0.0,0.0,50,3,0.8,0.01,largest,18.0,0.00
tune_7,Testing/mac_grafo18dens30.txt,1.0,0.0,0.0,50,3,0.8,0.01,largest,18.0,0.00
tune_8,Testing/mac_grafo18dens30.txt,1.0,0.0,0.0,50,3,0.8,0.01,largest,18.0,0.00
tune_9,Testing/mac_grafo18dens30.txt,1.0,0.0,0.0,50,3,0.8,0.01,largest,18.0,0.00
tune_10,Testing/mac_grafo18dens30.txt,1.0,0.0,0.0,50,3,0.8,0.01,largest,18.0,0.00
tune_1,Testing/mac_grafo19dens30.txt,1.0,0.0,0.0,50,3,0.8,0.01,largest,19.0,1.15
tune_2,Testing/mac_grafo19dens30.txt,1.0,0.0,0.0,50,3,0.8,0.01,largest,19.0,0.00
tune_3,Testing/mac_grafo19dens30.txt,1.0,0.0,0.0,50,3,0.8,0.01,largest,19.0,0.00
tune_4,Testing/mac_grafo19dens30.txt,1.0,0.0,0.0,50,3,0.8,0.01,largest,19.0,0.00
tune_5,Testing/mac_grafo19dens30.txt,1.0,0.0,0.0,50,3,0.8,0.01,largest,19.0,0.00
tune_6,Testing/mac_grafo19dens30.txt,1.0,0.0,0.0,50,3,0.8,0.01,largest,19.0,0.00
tune_7,Testing/mac_grafo19dens30.txt,1.0,0.0,0.0,50,3,0.8,0.01,largest,19.0,0.00
tune_8,Testing/mac_grafo19dens30.txt,1.0,0.0,0.0,50,3,0.8,0.01,largest,19.0,0.00
tune_9,Testing/mac_grafo19dens30.txt,1.0,0.0,0.0,50,3,0.8,0.01,largest,19.0,0.00
tune_10,Testing/mac_grafo19dens30.txt,1.0,0.0,0.0,50,3,0.8,0.01,largest,19.0,0.00
tune_1,Testing/mac_grafo20dens30.txt,1.0,0.0,0.0,50,3,0.8,0.01,largest,20.0,1.17
tune_2,Testing/mac_grafo20dens30.txt,1.0,0.0,0.0,50,3,0.8,0.01,largest,20.0,0.00
tune_3,Testing/mac_grafo20dens30.txt,1.0,0.0,0.0,50,3,0.8,0.01,largest,20.0,0.00
tune_4,Testing/mac_grafo20dens30.txt,1.0,0.0,0.0,50,3,0.8,0.01,largest,20.0,0.00
tune_5,Testing/mac_grafo20dens30.txt,1.0,0.0,0.0,50,3,0.8,0.01,largest,20.0,0.00
tune_6,Testing/mac_grafo20dens30.txt,1.0,0.0,0.0,50,3,0.8,0.01,largest,20.0,0.00
tune_7,Testing/mac_grafo20dens30.txt,1.0,0.0,0.0,50,3,0.8,0.01,largest,20.0,0.00
tune_8,Testing/mac_grafo20dens30.txt,1.0,0.0,0.0,50,3,0.8,0.01,largest,20.0,0.00
tune_9,Testing/mac_grafo20dens30.txt,1.0,0.0,0.0,50,3,0.8,0.01,largest,20.0,0.00
tune_10,Testing/mac_grafo20dens30.txt,1.0,0.0,0.0,50,3,0.8,0.01,largest,20.0,0.00
tune_1,Testing/mac_grafo21dens30.txt,1.0,0.0,0.0,50,3,0.8,0.01,largest,21.0,1.13
tune_2,Testing/mac_grafo21dens30.txt,1.0,0.0,0.0,50,3,0.8,0.01,largest,21.0,0.00
tune_3,Testing/mac_grafo21dens30.txt,1.0,0.0,0.0,50,3,0.8,0.01,largest,21.0,0.00
tune_4,Testing/mac_grafo21dens30.txt,1.0,0.0,0.0,50,3,0.8,0.01,largest,21.0,0.00
tune_5,Testing/mac_grafo21dens30.txt,1.0,0.0,0.0,50,3,0.8,0.01,largest,21.0,0.00
tune_6,Testing/mac_grafo21dens30.txt,1.0,0.0,0.0,50,3,0.8,0.01,largest,21.0,0.00
tune_7,Testing/mac_grafo21dens30.txt,1.0,0.0,0.0,50,3,0.8,0.01,largest,21.0,0.00
tune_8,Testing/mac_grafo21dens30.txt,1.0,0.0,0.0,50,3,0.8,0.01,largest,21.0,0.00
tune_9,Testing/mac_grafo21dens30.txt,1.0,0.0,0.0,50,3,0.8,0.01,largest,21.0,0.00
tune_10,Testing/mac_grafo21dens30.txt,1.0,0.0,0.0,50,3,0.8,0.01,largest,21.0,0.00
tune_1,Testing/mac_grafo22dens30.txt,1.0,0.0,0.0,50,3,0.8,0.01,largest,22.0,1.14
tune_2,Testing/mac_grafo22dens30.txt,1.0,0.0,0.0,50,3,0.8,0.01,largest,22.0,0.00
tune_3,Testing/mac_grafo22dens30.txt,1.0,0.0,0.0,50,3,0.8,0.01,largest,22.0,0.00
tune_4,Testing/mac_grafo22dens30.txt,1.0,0.0,0.0,50,3,0.8,0.01,largest,22.0,0.00
tune_5,Testing/mac_grafo22dens30.txt,1.0,0.0,0.0,50,3,0.8,0.01,largest,22.0,0.00
tune_6,Testing/mac_grafo22dens30.txt,1.0,0.0,0.0,50,3,0.8,0.01,largest,22.0,0.00
tune_7,Testing/mac_grafo22dens30.txt,1.0,0.0,0.0,50,3,0.8,0.01,largest,22.0,0.00
tune_8,Testing/mac_grafo22dens30.txt,1.0,0.0,0.0,50,3,0.8,0.01,largest,22.0,0.00
tune_9,Testing/mac_grafo22dens30.txt,1.0,0.0,0.0,50,3,0.8,0.01,largest,22.0,0.00
tune_10,Testing/mac_grafo22dens30.txt,1.0,0.0,0.0,50,3,0.8,0.01,largest,22.0,0.00
tune_1,Testing/mac_grafo23dens30.txt,1.0,0.0,0.0,50,3,0.8,0.01,largest,23.0,1.17
tune_2,Testing/mac_grafo23dens30.txt,1.0,0.0,0.0,50,3,0.8,0.01,largest,23.0,0.00
tune_3,Testing/mac_grafo23dens30.txt,1.0,0.0,0.0,50,3,0.8,0.01,largest,23.0,0.00
tune_4,Testing/mac_grafo23dens30.txt,1.0,0.0,0.0,50,3,0.8,0.01,largest,23.0,0.00
tune_5,Testing/mac_grafo23dens30.txt,1.0,0.0,0.0,50,3,0.8,0.01,largest,23.0,0.00
tune_6,Testing/mac_grafo23dens30.txt,1.0,0.0,0.0,50,3,0.8,0.01,largest,23.0,0.00
tune_7,Testing/mac_grafo23dens30.txt,1.0,0.0,0.0,50,3,0.8,0.01,largest,23.0,0.00
tune_8,Testing/mac_grafo23dens30.txt,1.0,0.0,0.0,50,3,0.8,0.01,largest,23.0,0.00
tune_9,Testing/mac_grafo23dens30.txt,1.0,0.0,0.0,50,3,0.8,0.01,largest,23.0,0.00
tune_10,Testing/mac_grafo23dens30.txt,1.0,0.0,0.0,50,3,0.8,0.01,largest,23.0,0.00
tune_1,Testing/mac_grafo24dens30.txt,1.0,0.0,0.0,50,3,0.8,0.01,largest,24.0,1.20
tune_2,Testing/mac_grafo24dens30.txt,1.0,0.0,0.0,50,3,0.8,0.01,largest,24.0,0.00
tune_3,Testing/mac_grafo24dens30.txt,1.0,0.0,0.0,50,3,0.8,0.01,largest,24.0,0.00
tune_4,Testing/mac_grafo24dens30.txt,1.0,0.0,0.0,50,3,0.8,0.01,largest,24.0,0.00
tune_5,Testing/mac_grafo24dens30.txt,1.0,0.0,0.0,50,3,0.8,0.01,largest,24.0,0.00
tune_6,Testing/mac_grafo24dens30.txt,1.0,0.0,0.0,50,3,0.8,0.01,largest,24.0,0.00
tune_7,Testing/mac_grafo24dens30.txt,1.0,0.0,0.0,50,3,0.8,0.01,largest,24.0,0.00
tune_8,Testing/mac_grafo24dens30.txt,1.0,0.0,0.0,50,3,0.8,0.01,largest,24.0,0.00
tune_9,Testing/mac_grafo24dens30.txt,1.0,0.0,0.0,50,3,0.8,0.01,largest,24.0,0.00
tune_10,Testing/mac_grafo24dens30.txt,1.0,0.0,0.0,50,3,0.8,0.01,largest,24.0,0.00
tune_1,Testing/mac_grafo25dens30.txt,1.0,0.0,0.0,50,3,0.8,0.01,largest,25.0,1.42
tune_2,Testing/mac_grafo25dens30.txt,1.0,0.0,0.0,50,3,0.8,0.01,largest,25.0,0.00
tune_3,Testing/mac_grafo25dens30.txt,1.0,0.0,0.0,50,3,0.8,0.01,largest,25.0,0.00
tune_4,Testing/mac_grafo25dens30.txt,1.0,0.0,0.0,50,3,0.8,0.01,largest,25.0,0.00
tune_5,Testing/mac_grafo25dens30.txt,1.0,0.0,0.0,50,3,0.8,0.01,largest,25.0,0.00
tune_6,Testing/mac_grafo25dens30.txt,1.0,0.0,0.0,50,3,0.8,0.01,largest,25.0,0.00
tune_7,Testing/mac_grafo25dens30.txt,1.0,0.0,0.0,50,3,0.8,0.01,largest,25.0,0.00
tune_8,Testing/mac_grafo25dens30.txt,1.0,0.0,0.0,50,3,0.8,0.01,largest,25.0,0.00
tune_9,Testing/mac_grafo25dens30.txt,1.0,0.0,0.0,50,3,0.8,0.01,largest,25.0,0.00
tune_10,Testing/mac_grafo25dens30.txt,1.0,0.0,0.0,50,3,0.8,0.01,largest,25.0,0.00
tune_1,Testing/mac_grafo26dens30.txt,1.0,0.0,0.0,50,3,0.8,0.01,largest,26.0,1.21
tune_2,Testing/mac_grafo26dens30.txt,1.0,0.0,0.0,50,3,0.8,0.01,largest,26.0,0.00
tune_3,Testing/mac_grafo26dens30.txt,1.0,0.0,0.0,50,3,0.8,0.01,largest,26.0,0.00
tune_4,Testing/mac_grafo26dens30.txt,1.0,0.0,0.0,50,3,0.8,0.01,largest,26.0,0.00
tune_5,Testing/mac_grafo26dens30.txt,1.0,0.0,0.0,50,3,0.8,0.01,largest,26.0,0.00
tune_6,Testing/mac_grafo26dens30.txt,1.0,0.0,0.0,50,3,0.8,0.01,largest,26.0,0.00
tune_7,Testing/mac_grafo26dens30.txt,1.0,0.0,0.0,50,3,0.8,0.01,largest,26.0,0.00
tune_8,Testing/mac_grafo26dens30.txt,1.0,0.0,0.0,50,3,0.8,0.01,largest,26.0,0.00
tune_9,Testing/mac_grafo26dens30.txt,1.0,0.0,0.0,50,3,0.8,0.01,largest,26.0,0.00
tune_10,Testing/mac_grafo26dens30.txt,1.0,0.0,0.0,50,3,0.8,0.01,largest,26.0,0.00
tune_1,Testing/mac_grafo27dens30.txt,1.0,0.0,0.0,50,3,0.8,0.01,largest,27.0,1.16
tune_2,Testing/mac_grafo27dens30.txt,1.0,0.0,0.0,50,3,0.8,0.01,largest,27.0,0.00
tune_3,Testing/mac_grafo27dens30.txt,1.0,0.0,0.0,50,3,0.8,0.01,largest,27.0,0.00
tune_4,Testing/mac_grafo27dens30.txt,1.0,0.0,0.0,50,3,0.8,0.01,largest,27.0,0.00
tune_5,Testing/mac_grafo27dens30.txt,1.0,0.0,0.0,50,3,0.8,0.01,largest,27.0,0.00
tune_6,Testing/mac_grafo27dens30.txt,1.0,0.0,0.0,50,3,0.8,0.01,largest,27.0,0.00
tune_7,Testing/mac_grafo27dens30.txt,1.0,0.0,0.0,50,3,0.8,0.01,largest,27.0,0.00
tune_8,Testing/mac_grafo27dens30.txt,1.0,0.0,0.0,50,3,0.8,0.01,largest,27.0,0.00
tune_9,Testing/mac_grafo27dens30.txt,1.0,0.0,0.0,50,3,0.8,0.01,largest,27.0,0.00
tune_10,Testing/mac_grafo27dens30.txt,1.0,0.0,0.0,50,3,0.8,0.01,largest,27.0,0.00
tune_1,Testing/mac_grafo28dens30.txt,1.0,0.0,0.0,50,3,0.8,0.01,largest,28.0,1.17
tune_2,Testing/mac_grafo28dens30.txt,1.0,0.0,0.0,50,3,0.8,0.01,largest,28.0,0.00
tune_3,Testing/mac_grafo28dens30.txt,1.0,0.0,0.0,50,3,0.8,0.01,largest,28.0,0.00
tune_4,Testing/mac_grafo28dens30.txt,1.0,0.0,0.0,50,3,0.8,0.01,largest,28.0,0.00
tune_5,Testing/mac_grafo28dens30.txt,1.0,0.0,0.0,50,3,0.8,0.01,largest,28.0,0.00
tune_6,Testing/mac_grafo28dens30.txt,1.0,0.0,0.0,50,3,0.8,0.01,largest,28.0,0.00
tune_7,Testing/mac_grafo28dens30.txt,1.0,0.0,0.0,50,3,0.8,0.01,largest,28.0,0.00
tune_8,Testing/mac_grafo28dens30.txt,1.0,0.0,0.0,50,3,0.8,0.01,largest,28.0,0.00
tune_9,Testing/mac_grafo28dens30.txt,1.0,0.0,0.0,50,3,0.8,0.01,largest,28.0,0.00
tune_10,Testing/mac_grafo28dens30.txt,1.0,0.0,0.0,50,3,0.8,0.01,largest,28.0,0.00
tune_1,Testing/mac_grafo29dens30.txt,1.0,0.0,0.0,50,3,0.8,0.01,largest,29.0,1.22
tune_2,Testing/mac_grafo29dens30.txt,1.0,0.0,0.0,50,3,0.8,0.01,largest,29.0,0.00
tune_3,Testing/mac_grafo29dens30.txt,1.0,0.0,0.0,50,3,0.8,0.01,largest,29.0,0.00
tune_4,Testing/mac_grafo29dens30.txt,1.0,0.0,0.0,50,3,0.8,0.01,largest,29.0,0.00
tune_5,Testing/mac_grafo29dens30.txt,1.0,0.0,0.0,50,3,0.8,0.01,largest,29.0,0.00
tune_6,Testing/mac_grafo29dens30.txt,1.0,0.0,0.0,50,3,0.8,0.01,largest,29.0,0.00
tune_7,Testing/mac_grafo29dens30.txt,1.0,0.0,0.0,50,3,0.8,0.01,largest,29.0,0.00
tune_8,Testing/mac_grafo29dens30.txt,1.0,0.0,0.0,50,3,0.8,0.01,largest,29.0,0.00
tune_9,Testing/mac_grafo29dens30.txt,1.0,0.0,0.0,50,3,0.8,0.01,largest,29.0,0.00
tune_10,Testing/mac_grafo29dens30.txt,1.0,0.0,0.0,50,3,0.8,0.01,largest,29.0,0.00
tune_1,Testing/mac_grafo30dens30.txt,1.0,0.0,0.0,50,3,0.8,0.01,largest,30.0,1.20
tune_2,Testing/mac_grafo30dens30.txt,1.0,0.0,0.0,50,3,0.8,0.01,largest,30.0,0.00
tune_3,Testing/mac_grafo30dens30.txt,1.0,0.0,0.0,50,3,0.8,0.01,largest,30.0,0.00
tune_4,Testing/mac_grafo30dens30.txt,1.0,0.0,0.0,50,3,0.8,0.01,largest,30.0,0.00
tune_5,Testing/mac_grafo30dens30.txt,1.0,0.0,0.0,50,3,0.8,0.01,largest,30.0,0.00
tune_6,Testing/mac_grafo30dens30.txt,1.0,0.0,0.0,50,3,0.8,0.01,largest,30.0,0.00
tune_7,Testing/mac_grafo30dens30.txt,1.0,0.0,0.0,50,3,0.8,0.01,largest,30.0,0.00
tune_8,Testing/mac_grafo30dens30.txt,1.0,0.0,0.0,50,3,0.8,0.01,largest,30.0,0.00
tune_9,Testing/mac_grafo30dens30.txt,1.0,0.0,0.0,50,3,0.8,0.01,largest,30.0,0.00
tune_10,Testing/mac_grafo30dens30.txt,1.0,0.0,0.0,50,3,0.8,0.01,largest,30.0,0.00
tune_1,Testing/cor_adjnoun-w.txt,1.0,0.0,0.0,50,3,0.8,0.01,pairwise,6216.0,1.51
tune_2,Testing/cor_adjnoun-w.txt,1.0,0.0,0.0,50,3,0.8,0.01,pairwise,6216.0,0.00
tune_3,Testing/cor_adjnoun-w.txt,1.0,0.0,0.0,50,3,0.8,0.01,pairwise,6216.0,0.00
tune_4,Testing/cor_adjnoun-w.txt,1.0,0.0,0.0,50,3,0.8,0.01,pairwise,6216.0,0.00
tune_5,Testing/cor_adjnoun-w.txt,1.0,0.0,0.0,50,3,0.8,0.01,pairwise,6216.0,0.00
tune_6,Testing/cor_adjnoun-w.txt,1.0,0.0,0.0,50,3,0.8,0.01,pairwise,6216.0,0.00
tune_7,Testing/cor_adjnoun-w.txt,1.0,0.0,0.0,50,3,0.8,0.01,pairwise,6216.0,0.00
tune_8,Testing/cor_adjnoun-w.txt,1.0,0.0,0.0,50,3,0.8,0.01,pairwise,6216.0,0.00
tune_9,Testing/cor_adjnoun-w.txt,1.0,0.0,0.0,50,3,0.8,0.01,pairwise,6216.0,0.00
tune_10,Testing/cor_adjnoun-w.txt,1.0,0.0,0.0,50,3,0.8,0.01,pairwise,6216.0,0.00
tune_1,Testing/cor_celegans_metabolic-w.txt,1.0,0.0,0.0,50,3,0.8,0.01,pairwise,102378.0,3.22
tune_2,Testing/cor_celegans_metabolic-w.txt,1.0,0.0,0.0,50,3,0.8,0.01,pairwise,102378.0,0.00
tune_3,Testing/cor_celegans_metabolic-w.txt,1.0,0.0,0.0,50,3,0.8,0.01,pairwise,102378.0,0.00
tune_4,Testing/cor_celegans_metabolic-w.txt,1.0,0.0,0.0,50,3,0.8,0.01,pairwise,102378.0,0.00
tune_5,Testing/cor_celegans_metabolic-w.txt,1.0,0.0,0.0,50,3,0.8,0.01,pairwise,102378.0,0.00
tune_6,Testing/cor_celegans_metabolic-w.txt,1.0,0.0,0.0,50,3,0.8,0.01,pairwise,102378.0,0.00
tune_7,Testing/cor_celegans_metabolic-w.txt,1.0,0.0,0.0,50,3,0.8,0.01,pairwise,102378.0,0.00
tune_8,Testing/cor_celegans_metabolic-w.txt,1.0,0.0,0.0,50,3,0.8,0.01,pairwise,102378.0,0.00
tune_9,Testing/cor_celegans_metabolic-w.txt,1.0,0.0,0.0,50,3,0.8,0.01,pairwise,102378.0,0.00
tune_10,Testing/cor_celegans_metabolic-w.txt,1.0,0.0,0.0,50,3,0.8,0.01,pairwise,102378.0,0.00
tune_1,Testing/cor_celegansneural-w.txt,1.0,0.0,0.0,50,3,0.8,0.01,pairwise,43956.0,3.19
tune_2,Testing/cor_celegansneural-w.txt,1.0,0.0,0.0,50,3,0.8,0.01,pairwise,43956.0,0.00
tune_3,Testing/cor_celegansneural-w.txt,1.0,0.0,0.0,50,3,0.8,0.01,pairwise,43956.0,0.00
tune_4,Testing/cor_celegansneural-w.txt,1.0,0.0,0.0,50,3,0.8,0.01,pairwise,43956.0,0.00
tune_5,Testing/cor_celegansneural-w.txt,1.0,0.0,0.0,50,3,0.8,0.01,pairwise,43956.0,0.00
tune_6,Testing/cor_celegansneural-w.txt,1.0,0.0,0.0,50,3,0.8,0.01,pairwise,43956.0,0.00
tune_7,Testing/cor_celegansneural-w.txt,1.0,0.0,0.0,50,3,0.8,0.01,pairwise,43956.0,0.00
tune_8,Testing/cor_celegansneural-w.txt,1.0,0.0,0.0,50,3,0.8,0.01,pairwise,43956.0,0.00
tune_9,Testing/cor_celegansneural-w.txt,1.0,0.0,0.0,50,3,0.8,0.01,pairwise,43956.0,0.00
tune_10,Testing/cor_celegansneural-w.txt,1.0,0.0,0.0,50,3,0.8,0.01,pairwise,43956.0,0.00
tune_1,Testing/cor_dolphins-w.txt,1.0,0.0,0.0,50,3,0.8,0.01,pairwise,1891.0,1.26
tune_2,Testing/cor_dolphins-w.txt,1.0,0.0,0.0,50,3,0.8,0.01,pairwise,1891.0,0.00
tune_3,Testing/cor_dolphins-w.txt,1.0,0.0,0.0,50,3,0.8,0.01,pairwise,1891.0,0.00
tune_4,Testing/cor_dolphins-w.txt,1.0,0.0,0.0,50,3,0.8,0.01,pairwise,1891.0,0.00
tune_5,Testing/cor_dolphins-w.txt,1.0,0.0,0.0,50,3,0.8,0.01,pairwise,1891.0,0.00
tune_6,Testing/cor_dolphins-w.txt,1.0,0.0,0.0,50,3,0.8,0.01,pairwise,1891.0,0.00
tune_7,Testing/cor_dolphins-w.txt,1.0,0.0,0.0,50,3,0.8,0.01,pairwise,1891.0,0.00
tune_8,Testing/cor_dolphins-w.txt,1.0,0.0,0.0,50,3,0.8,0.01,pairwise,1891.0,0.00
tune_9,Testing/cor_dolphins-w.txt,1.0,0.0,0.0,50,3,0.8,0.01,pairwise,1891.0,0.00
tune_10,Testing/cor_dolphins-w.txt,1.0,0.0,0.0,50,3,0.8,0.01,pairwise,1891.0,0.00
tune_1,Testing/cor_football-w.txt,1.0,0.0,0.0,50,3,0.8,0.01,pairwise,6555.0,1.69
tune_2,Testing/cor_football-w.txt,1.0,0.0,0.0,50,3,0.8,0.01,pairwise,6555.0,0.00
tune_3,Testing/cor_football-w.txt,1.0,0.0,0.0,50,3,0.8,0.01,pairwise,6555.0,0.00
tune_4,Testing/cor_football-w.txt,1.0,0.0,0.0,50,3,0.8,0.01,pairwise,6555.0,0.00
tune_5,Testing/cor_football-w.txt,1.0,0.0,0.0,50,3,0.8,0.01,pairwise,6555.0,0.00
tune_6,Testing/cor_football-w.txt,1.0,0.0,0.0,50,3,0.8,0.01,pairwise,6555.0,0.00
tune_7,Testing/cor_football-w.txt,1.0,0.0,0.0,50,3,0.8,0.01,pairwise,6555.0,0.00
tune_8,Testing/cor_football-w.txt,1.0,0.0,0.0,50,3,0.8,0.01,pairwise,6555.0,0.00
tune_9,Testing/cor_football-w.txt,1.0,0.0,0.0,50,3,0.8,0.01,pairwise,6555.0,0.00
tune_10,Testing/cor_football-w.txt,1.0,0.0,0.0,50,3,0.8,0.01,pairwise,6555.0,0.00
tune_1,Testing/cor_jazz-w.txt,1.0,0.0,0.0,50,3,0.8,0.01,pairwise,19503.0,3.67
tune_2,Testing/cor_jazz-w.txt,1.0,0.0,0.0,50,3,0.8,0.01,pairwise,19503.0,0.00
tune_3,Testing/cor_jazz-w.txt,1.0,0.0,0.0,50,3,0.8,0.01,pairwise,19503.0,0.00
tune_4,Testing/cor_jazz-w.txt,1.0,0.0,0.0,50,3,0.8,0.01,pairwise,19503.0,0.00
tune_5,Testing/cor_jazz-w.txt,1.0,0.0,0.0,50,3,0.8,0.01,pairwise,19503.0,0.00
tune_6,Testing/cor_jazz-w.txt,1.0,0.0,0.0,50,3,0.8,0.01,pairwise,19503.0,0.00
tune_7,Testing/cor_jazz-w.txt,1.0,0.0,0.0,50,3,0.8,0.01,pairwise,19503.0,0.00
tune_8,Testing/cor_jazz-w.txt,1.0,0.0,0.0,50,3,0.8,0.01,pairwise,19503.0,0.00
tune_9,Testing/cor_jazz-w.txt,1.0,0.0,0.0,50,3,0.8,0.01,pairwise,19503.0,0.00
tune_10,Testing/cor_jazz-w.txt,1.0,0.0,0.0,50,3,0.8,0.01,pairwise,19503.0,0.00
tune_1,Testing/cor_karate-w.txt,1.0,0.0,0.0,50,3,0.8,0.01,pairwise,561.0,1.16
tune_2,Testing/cor_karate-w.txt,1.0,0.0,0.0,50,3,0.8,0.01,pairwise,561.0,0.00
tune_3,Testing/cor_karate-w.txt,1.0,0.0,0.0,50,3,0.8,0.01,pairwise,561.0,0.00
tune_4,Testing/cor_karate-w.txt,1.0,0.0,0.0,50,3,0.8,0.01,pairwise,561.0,0.00
tune_5,Testing/cor_karate-w.txt,1.0,0.0,0.0,50,3,0.8,0.01,pairwise,561.0,0.00
tune_6,Testing/cor_karate-w.txt,1.0,0.0,0.0,50,3,0.8,0.01,pairwise,561.0,0.00
tune_7,Testing/cor_karate-w.txt,1.0,0.0,0.0,50,3,0.8,0.01,pairwise,561.0,0.00
tune_8,Testing/cor_karate-w.txt,1.0,0.0,0.0,50,3,0.8,0.01,pairwise,561.0,0.00
tune_9,Testing/cor_karate-w.txt,1.0,0.0,0.0,50,3,0.8,0.01,pairwise,561.0,0.00
tune_10,Testing/cor_karate-w.txt,1.0,0.0,0.0,50,3,0.8,0.01,pairwise,561.0,0.00
tune_1,Testing/cor_lesmis-w.txt,1.0,0.0,0.0,50,3,0.8,0.01,pairwise,2926.0,1.34
tune_2,Testing/cor_lesmis-w.txt,1.0,0.0,0.0,50,3,0.8,0.01,pairwise,2926.0,0.00
tune_3,Testing/cor_lesmis-w.txt,1.0,0.0,0.0,50,3,0.8,0.01,pairwise,2926.0,0.00
tune_4,Testing/cor_lesmis-w.txt,1.0,0.0,0.0,50,3,0.8,0.01,pairwise,2926.0,0.00
tune_5,Testing/cor_lesmis-w.txt,1.0,0.0,0.0,50,3,0.8,0.01,pairwise,2926.0,0.00
tune_6,Testing/cor_lesmis-w.txt,1.0,0.0,0.0,50,3,0.8,0.01,pairwise,2926.0,0.00
tune_7,Testing/cor_lesmis-w.txt,1.0,0.0,0.0,50,3,0.8,0.01,pairwise,2926.0,0.00
tune_8,Testing/cor_lesmis-w.txt,1.0,0.0,0.0,50,3,0.8,0.01,pairwise,2926.0,0.00
tune_9,Testing/cor_lesmis-w.txt,1.0,0.0,0.0,50,3,0.8,0.01,pairwise,2926.0,0.00
tune_10,Testing/cor_lesmis-w.txt,1.0,0.0,0.0,50,3,0.8,0.01,pairwise,2926.0,0.00
tune_1,Testing/cor_n050plai01.txt,1.0,0.0,0.0,50,3,0.8,0.01,pairwise,1225.0,1.23
tune_2,Testing/cor_n050plai01.txt,1.0,0.0,0.0,50,3,0.8,0.01,pairwise,1225.0,0.00
tune_3,Testing/cor_n050plai01.txt,1.0,0.0,0.0,50,3,0.8,0.01,pairwise,1225.0,0.00
tune_4,Testing/cor_n050plai01.txt,1.0,0.0,0.0,50,3,0.8,0.01,pairwise,1225.0,0.00
tune_5,Testing/cor_n050plai01.txt,1.0,0.0,0.0,50,3,0.8,0.01,pairwise,1225.0,0.00
tune_6,Testing/cor_n050plai01.txt,1.0,0.0,0.0,50,3,0.8,0.01,pairwise,1225.0,0.00
tune_7,Testing/cor_n050plai01.txt,1.0,0.0,0.0,50,3,0.8,0.01,pairwise,1225.0,0.00
tune_8,Testing/cor_n050plai01.txt,1.0,0.0,0.0,50,3,0.8,0.01,pairwise,1225.0,0.00
tune_9,Testing/cor_n050plai01.txt,1.0,0.0,0.0,50,3,0.8,0.01,pairwise,1225.0,0.00
tune_10,Testing/cor_n050plai01.txt,1.0,0.0,0.0,50,3,0.8,0.01,pairwise,1225.0,0.00
tune_1,Testing/cor_n100plai01.txt,1.0,0.0,0.0,50,3,0.8,0.01,pairwise,4950.0,1.39
tune_2,Testing/cor_n100plai01.txt,1.0,0.0,0.0,50,3,0.8,0.01,pairwise,4950.0,0.00
tune_3,Testing/cor_n100plai01.txt,1.0,0.0,0.0,50,3,0.8,0.01,pairwise,4950.0,0.00
tune_4,Testing/cor_n100plai01.txt,1.0,0.0,0.0,50,3,0.8,0.01,pairwise,4950.0,0.00
tune_5,Testing/cor_n100plai01.txt,1.0,0.0,0.0,50,3,0.8,0.01,pairwise,4950.0,0.00
tune_6,Testing/cor_n100plai01.txt,1.0,0.0,0.0,50,3,0.8,0.01,pairwise,4950.0,0.00
tune_7,Testing/cor_n100plai01.txt,1.0,0.0,0.0,50,3,0.8,0.01,pairwise,4950.0,0.00
tune_8,Testing/cor_n100plai01.txt,1.0,0.0,0.0,50,3,0.8,0.01,pairwise,4950.0,0.00
tune_9,Testing/cor_n100plai01.txt,1.0,0.0,0.0,50,3,0.8,0.01,pairwise,4950.0,0.00
tune_10,Testing/cor_n100plai01.txt,1.0,0.0,0.0,50,3,0.8,0.01,pairwise,4950.0,0.00
tune_1,Testing/cor_n150plai01.txt,1.0,0.0,0.0,50,3,0.8,0.01,pairwise,11175.0,1.56
tune_2,Testing/cor_n150plai01.txt,1.0,0.0,0.0,50,3,0.8,0.01,pairwise,11175.0,0.00
tune_3,Testing/cor_n150plai01.txt,1.0,0.0,0.0,50,3,0.8,0.01,pairwise,11175.0,0.00
tune_4,Testing/cor_n150plai01.txt,1.0,0.0,0.0,50,3,0.8,0.01,pairwise,11175.0,0.00
tune_5,Testing/cor_n150plai01.txt,1.0,0.0,0.0,50,3,0.8,0.01,pairwise,11175.0,0.00
tune_6,Testing/cor_n150plai01.txt,1.0,0.0,0.0,50,3,0.8,0.01,pairwise,11175.0,0.00
tune_7,Testing/cor_n150plai01.txt,1.0,0.0,0.0,50,3,0.8,0.01,pairwise,11175.0,0.00
tune_8,Testing/cor_n150plai01.txt,1.0,0.0,0.0,50,3,0.8,0.01,pairwise,11175.0,0.00
tune_9,Testing/cor_n150plai01.txt,1.0,0.0,0.0,50,3,0.8,0.01,pairwise,11175.0,0.00
tune_10,Testing/cor_n150plai01.txt,1.0,0.0,0.0,50,3,0.8,0.01,pairwise,11175.0,0.00
tune_1,Testing/cor_n200plai01.txt,1.0,0.0,0.0,50,3,0.8,0.01,pairwise,19900.0,1.70
tune_2,Testing/cor_n200plai01.txt,1.0,0.0,0.0,50,3,0.8,0.01,pairwise,19900.0,0.00
tune_3,Testing/cor_n200plai01.txt,1.0,0.0,0.0,50,3,0.8,0.01,pairwise,19900.0,0.00
tune_4,Testing/cor_n200plai01.txt,1.0,0.0,0.0,50,3,0.8,0.01,pairwise,19900.0,0.00
tune_5,Testing/cor_n200plai01.txt,1.0,0.0,0.0,50,3,0.8,0.01,pairwise,19900.0,0.00
tune_6,Testing/cor_n200plai01.txt,1.0,0.0,0.0,50,3,0.8,0.01,pairwise,19900.0,0.00
tune_7,Testing/cor_n200plai01.txt,1.0,0.0,0.0,50,3,0.8,0.01,pairwise,19900.0,0.00
tune_8,Testing/cor_n200plai01.txt,1.0,0.0,0.0,50,3,0.8,0.01,pairwise,19900.0,0.00
tune_9,Testing/cor_n200plai01.txt,1.0,0.0,0.0,50,3,0.8,0.01,pairwise,19900.0,0.00
tune_10,Testing/cor_n200plai01.txt,1.0,0.0,0.0,50,3,0.8,0.01,pairwise,19900.0,0.00
tune_1,Testing/cor_n250plai01.txt,1.0,0.0,0.0,50,3,0.8,0.01,pairwise,31125.0,1.95
tune_2,Testing/cor_n250plai01.txt,1.0,0.0,0.0,50,3,0.8,0.01,pairwise,31125.0,0.00
tune_3,Testing/cor_n250plai01.txt,1.0,0.0,0.0,50,3,0.8,0.01,pairwise,31125.0,0.00
tune_4,Testing/cor_n250plai01.txt,1.0,0.0,0.0,50,3,0.8,0.01,pairwise,31125.0,0.00
tune_5,Testing/cor_n250plai01.txt,1.0,0.0,0.0,50,3,0.8,0.01,pairwise,31125.0,0.00
tune_6,Testing/cor_n250plai01.txt,1.0,0.0,0.0,50,3,0.8,0.01,pairwise,31125.0,0.00
tune_7,Testing/cor_n250plai01.txt,1.0,0.0,0.0,50,3,0.8,0.01,pairwise,31125.0,0.00
tune_8,Testing/cor_n250plai01.txt,1.0,0.0,0.0,50,3,0.8,0.01,pairwise,31125.0,0.00
tune_9,Testing/cor_n250plai01.txt,1.0,0.0,0.0,50,3,0.8,0.01,pairwise,31125.0,0.00
tune_10,Testing/cor_n250plai01.txt,1.0,0.0,0.0,50,3,0.8,0.01,pairwise,31125.0,0.00
tune_1,Testing/cor_n300plai01.txt,1.0,0.0,0.0,50,3,0.8,0.01,pairwise,44850.0,2.08
tune_2,Testing/cor_n300plai01.txt,1.0,0.0,0.0,50,3,0.8,0.01,pairwise,44850.0,0.00
tune_3,Testing/cor_n300plai01.txt,1.0,0.0,0.0,50,3,0.8,0.01,pairwise,44850.0,0.00
tune_4,Testing/cor_n300plai01.txt,1.0,0.0,0.0,50,3,0.8,0.01,pairwise,44850.0,0.00
tune_5,Testing/cor_n300plai01.txt,1.0,0.0,0.0,50,3,0.8,0.01,pairwise,44850.0,0.00
tune_6,Testing/cor_n300plai01.txt,1.0,0.0,0.0,50,3,0.8,0.01,pairwise,44850.0,0.00
tune_7,Testing/cor_n300plai01.txt,1.0,0.0,0.0,50,3,0.8,0.01,pairwise,44850.0,0.00
tune_8,Testing/cor_n300plai01.txt,1.0,0.0,0.0,50,3,0.8,0.01,pairwise,44850.0,0.00
tune_9,Testing/cor_n300plai01.txt,1.0,0.0,0.0,50,3,0.8,0.01,pairwise,44850.0,0.00
tune_10,Testing/cor_n300plai01.txt,1.0,0.0,0.0,50,3,0.8,0.01,pairwise,44850.0,0.00
tune_1,Testing/cor_n350plai01.txt,1.0,0.0,0.0,50,3,0.8,0.01,pairwise,61075.0,2.29
tune_2,Testing/cor_n350plai01.txt,1.0,0.0,0.0,50,3,0.8,0.01,pairwise,61075.0,0.00
tune_3,Testing/cor_n350plai01.txt,1.0,0.0,0.0,50,3,0.8,0.01,pairwise,61075.0,0.00
tune_4,Testing/cor_n350plai01.txt,1.0,0.0,0.0,50,3,0.8,0.01,pairwise,61075.0,0.00
tune_5,Testing/cor_n350plai01.txt,1.0,0.0,0.0,50,3,0.8,0.01,pairwise,61075.0,0.00
tune_6,Testing/cor_n350plai01.txt,1.0,0.0,0.0,50,3,0.8,0.01,pairwise,61075.0,0.00
tune_7,Testing/cor_n350plai01.txt,1.0,0.0,0.0,50,3,0.8,0.01,pairwise,61075.0,0.00
tune_8,Testing/cor_n350plai01.txt,1.0,0.0,0.0,50,3,0.8,0.01,pairwise,61075.0,0.00
tune_9,Testing/cor_n350plai01.txt,1.0,0.0,0.0,50,3,0.8,0.01,pairwise,61075.0,0.00
tune_10,Testing/cor_n350plai01.txt,1.0,0.0,0.0,50,3,0.8,0.01,pairwise,61075.0,0.00
tune_1,Testing/cor_polbooks-w.txt,1.0,0.0,0.0,50,3,0.8,0.01,pairwise,5460.0,1.49
tune_2,Testing/cor_polbooks-w.txt,1.0,0.0,0.0,50,3,0.8,0.01,pairwise,5460.0,0.00
tune_3,Testing/cor_polbooks-w.txt,1.0,0.0,0.0,50,3,0.8,0.01,pairwise,5460.0,0.00
tune_4,Testing/cor_polbooks-w.txt,1.0,0.0,0.0,50,3,0.8,0.01,pairwise,5460.0,0.00
tune_5,Testing/cor_polbooks-w.txt,1.0,0.0,0.0,50,3,0.8,0.01,pairwise,5460.0,0.00
tune_6,Testing/cor_polbooks-w.txt,1.0,0.0,0.0,50,3,0.8,0.01,pairwise,5460.0,0.00
tune_7,Testing/cor_polbooks-w.txt,1.0,0.0,0.0,50,3,0.8,0.01,pairwise,5460.0,0.00
tune_8,Testing/cor_polbooks-w.txt,1.0,0.0,0.0,50,3,0.8,0.01,pairwise,5460.0,0.00
tune_9,Testing/cor_polbooks-w.txt,1.0,0.0,0.0,50,3,0.8,0.01,pairwise,5460.0,0.00
tune_10,Testing/cor_polbooks-w.txt,1.0,0.0,0.0,50,3,0.8,0.01,pairwise,5460.0,0.00
tune_1,Testing/hos_20_r1_1.txt,1.0,0.0,0.0,50,3,0.8,0.01,pairwise,190.0,1.09
tune_2,Testing/hos_20_r1_1.txt,1.0,0.0,0.0,50,3,0.8,0.01,pairwise,190.0,0.00
tune_3,Testing/hos_20_r1_1.txt,1.0,0.0,0.0,50,3,0.8,0.01,pairwise,190.0,0.00
tune_4,Testing/hos_20_r1_1.txt,1.0,0.0,0.0,50,3,0.8,0.01,pairwise,190.0,0.00
tune_5,Testing/hos_20_r1_1.txt,1.0,0.0,0.0,50,3,0.8,0.01,pairwise,190.0,0.00
tune_6,Testing/hos_20_r1_1.txt,1.0,0.0,0.0,50,3,0.8,0.01,pairwise,190.0,0.00
tune_7,Testing/hos_20_r1_1.txt,1.0,0.0,0.0,50,3,0.8,0.01,pairwise,190.0,0.00
tune_8,Testing/hos_20_r1_1.txt,1.0,0.0,0.0,50,3,0.8,0.01,pairwise,190.0,0.00
tune_9,Testing/hos_20_r1_1.txt,1.0,0.0,0.0,50,3,0.8,0.01,pairwise,190.0,0.00
tune_10,Testing/hos_20_r1_1.txt,1.0,0.0,0.0,50,3,0.8,0.01,pairwise,190.0,0.00
tune_1,Testing/hos_20_r2_1.txt,1.0,0.0,0.0,50,3,0.8,0.01,pairwise,190.0,1.11
tune_2,Testing/hos_20_r2_1.txt,1.0,0.0,0.0,50,3,0.8,0.01,pairwise,190.0,0.00
tune_3,Testing/hos_20_r2_1.txt,1.0,0.0,0.0,50,3,0.8,0.01,pairwise,190.0,0.00
tune_4,Testing/hos_20_r2_1.txt,1.0,0.0,0.0,50,3,0.8,0.01,pairwise,190.0,0.00
tune_5,Testing/hos_20_r2_1.txt,1.0,0.0,0.0,50,3,0.8,0.01,pairwise,190.0,0.00
tune_6,Testing/hos_20_r2_1.txt,1.0,0.0,0.0,50,3,0.8,0.01,pairwise,190.0,0.00
tune_7,Testing/hos_20_r2_1.txt,1.0,0.0,0.0,50,3,0.8,0.01,pairwise,190.0,0.00
tune_8,Testing/hos_20_r2_1.txt,1.0,0.0,0.0,50,3,0.8,0.01,pairwise,190.0,0.00
tune_9,Testing/hos_20_r2_1.txt,1.0,0.0,0.0,50,3,0.8,0.01,pairwise,190.0,0.00
tune_10,Testing/hos_20_r2_1.txt,1.0,0.0,0.0,50,3,0.8,0.01,pairwise,190.0,0.00
tune_1,Testing/hos_25_r1_1.txt,1.0,0.0,0.0,50,3,0.8,0.01,pairwise,300.0,1.11
tune_2,Testing/hos_25_r1_1.txt,1.0,0.0,0.0,50,3,0.8,0.01,pairwise,300.0,0.00
tune_3,Testing/hos_25_r1_1.txt,1.0,0.0,0.0,50,3,0.8,0.01,pairwise,300.0,0.00
tune_4,Testing/hos_25_r1_1.txt,1.0,0.0,0.0,50,3,0.8,0.01,pairwise,300.0,0.00
tune_5,Testing/hos_25_r1_1.txt,1.0,0.0,0.0,50,3,0.8,0.01,pairwise,300.0,0.00
tune_6,Testing/hos_25_r1_1.txt,1.0,0.0,0.0,50,3,0.8,0.01,pairwise,300.0,0.00
tune_7,Testing/hos_25_r1_1.txt,1.0,0.0,0.0,50,3,0.8,0.01,pairwise,300.0,0.00
tune_8,Testing/hos_25_r1_1.txt,1.0,0.0,0.0,50,3,0.8,0.01,pairwise,300.0,0.00
tune_9,Testing/hos_25_r1_1.txt,1.0,0.0,0.0,50,3,0.8,0.01,pairwise,300.0,0.00
tune_10,Testing/hos_25_r1_1.txt,1.0,0.0,0.0,50,3,0.8,0.01,pairwise,300.0,0.00
tune_1,Testing/hos_25_r2_1.txt,1.0,0.0,0.0,50,3,0.8,0.01,pairwise,300.0,1.16
tune_2,Testing/hos_25_r2_1.txt,1.0,0.0,0.0,50,3,0.8,0.01,pairwise,300.0,0.00
tune_3,Testing/hos_25_r2_1.txt,1.0,0.0,0.0,50,3,0.8,0.01,pairwise,300.0,0.00
tune_4,Testing/hos_25_r2_1.txt,1.0,0.0,0.0,50,3,0.8,0.01,pairwise,300.0,0.00
tune_5,Testing/hos_25_r2_1.txt,1.0,0.0,0.0,50,3,0.8,0.01,pairwise,300.0,0.00
tune_6,Testing/hos_25_r2_1.txt,1.0,0.0,0.0,50,3,0.8,0.01,pairwise,300.0,0.00
tune_7,Testing/hos_25_r2_1.txt,1.0,0.0,0.0,50,3,0.8,0.01,pairwise,300.0,0.00
tune_8,Testing/hos_25_r2_1.txt,1.0,0.0,0.0,50,3,0.8,0.01,pairwise,300.0,0.00
tune_9,Testing/hos_25_r2_1.txt,1.0,0.0,0.0,50,3,0.8,0.01,pairwise,300.0,0.00
tune_10,Testing/hos_25_r2_1.txt,1.0,0.0,0.0,50,3,0.8,0.01,pairwise,300.0,0.00
tune_1,Testing/hos_30_r1_1.txt,1.0,0.0,0.0,50,3,0.8,0.01,pairwise,435.0,1.13
tune_2,Testing/hos_30_r1_1.txt,1.0,0.0,0.0,50,3,0.8,0.01,pairwise,435.0,0.00
tune_3,Testing/hos_30_r1_1.txt,1.0,0.0,0.0,50,3,0.8,0.01,pairwise,435.0,0.00
tune_4,Testing/hos_30_r1_1.txt,1.0,0.0,0.0,50,3,0.8,0.01,pairwise,435.0,0.00
tune_5,Testing/hos_30_r1_1.txt,1.0,0.0,0.0,50,3,0.8,0.01,pairwise,435.0,0.00
tune_6,Testing/hos_30_r1_1.txt,1.0,0.0,0.0,50,3,0.8,0.01,pairwise,435.0,0.00
tune_7,Testing/hos_30_r1_1.txt,1.0,0.0,0.0,50,3,0.8,0.01,pairwise,435.0,0.00
tune_8,Testing/hos_30_r1_1.txt,1.0,0.0,0.0,50,3,0.8,0.01,pairwise,435.0,0.00
tune_9,Testing/hos_30_r1_1.txt,1.0,0.0,0.0,50,3,0.8,0.01,pairwise,435.0,0.00
tune_10,Testing/hos_30_r1_1.txt,1.0,0.0,0.0,50,3,0.8,0.01,pairwise,435.0,0.00
tune_1,Testing/hos_30_r2_1.txt,1.0,0.0,0.0,50,3,0.8,0.01,pairwise,435.0,1.12
tune_2,Testing/hos_30_r2_1.txt,1.0,0.0,0.0,50,3,0.8,0.01,pairwise,435.0,0.00
tune_3,Testing/hos_30_r2_1.txt,1.0,0.0,0.0,50,3,0.8,0.01,pairwise,435.0,0.00
tune_4,Testing/hos_30_r2_1.txt,1.0,0.0,0.0,50,3,0.8,0.01,pairwise,435.0,0.00
tune_5,Testing/hos_30_r2_1.txt,1.0,0.0,0.0,50,3,0.8,0.01,pairwise,435.0,0.00
tune_6,Testing/hos_30_r2_1.txt,1.0,0.0,0.0,50,3,0.8,0.01,pairwise,435.0,0.00
tune_7,Testing/hos_30_r2_1.txt,1.0,0.0,0.0,50,3,0.8,0.01,pairwise,435.0,0.00
tune_8,Testing/hos_30_r2_1.txt,1.0,0.0,0.0,50,3,0.8,0.01,pairwise,435.0,0.00
tune_9,Testing/hos_30_r2_1.txt,1.0,0.0,0.0,50,3,0.8,0.01,pairwise,435.0,0.00
tune_10,Testing/hos_30_r2_1.txt,1.0,0.0,0.0,50,3,0.8,0.01,pairwise,435.0,0.00
tune_1,Testing/hos_35_r1_1.txt,1.0,0.0,0.0,50,3,0.8,0.01,pairwise,595.0,1.17
tune_2,Testing/hos_35_r1_1.txt,1.0,0.0,0.0,50,3,0.8,0.01,pairwise,595.0,0.00
tune_3,Testing/hos_35_r1_1.txt,1.0,0.0,0.0,50,3,0.8,0.01,pairwise,595.0,0.00
tune_4,Testing/hos_35_r1_1.txt,1.0,0.0,0.0,50,3,0.8,0.01,pairwise,595.0,0.00
tune_5,Testing/hos_35_r1_1.txt,1.0,0.0,0.0,50,3,0.8,0.01,pairwise,595.0,0.00
tune_6,Testing/hos_35_r1_1.txt,1.0,0.0,0.0,50,3,0.8,0.01,pairwise,595.0,0.00
tune_7,Testing/hos_35_r1_1.txt,1.0,0.0,0.0,50,3,0.8,0.01,pairwise,595.0,0.00
tune_8,Testing/hos_35_r1_1.txt,1.0,0.0,0.0,50,3,0.8,0.01,pairwise,595.0,0.00
tune_9,Testing/hos_35_r1_1.txt,1.0,0.0,0.0,50,3,0.8,0.01,pairwise,595.0,0.00
tune_10,Testing/hos_35_r1_1.txt,1.0,0.0,0.0,50,3,0.8,0.01,pairwise,595.0,0.00
tune_1,Testing/hos_35_r2_1.txt,1.0,0.0,0.0,50,3,0.8,0.01,pairwise,595.0,1.26
tune_2,Testing/hos_35_r2_1.txt,1.0,0.0,0.0,50,3,0.8,0.01,pairwise,595.0,0.00
tune_3,Testing/hos_35_r2_1.txt,1.0,0.0,0.0,50,3,0.8,0.01,pairwise,595.0,0.00
tune_4,Testing/hos_35_r2_1.txt,1.0,0.0,0.0,50,3,0.8,0.01,pairwise,595.0,0.00
tune_5,Testing/hos_35_r2_1.txt,1.0,0.0,0.0,50,3,0.8,0.01,pairwise,595.0,0.00
tune_6,Testing/hos_35_r2_1.txt,1.0,0.0,0.0,50,3,0.8,0.01,pairwise,595.0,0.00
tune_7,Testing/hos_35_r2_1.txt,1.0,0.0,0.0,50,3,0.8,0.01,pairwise,595.0,0.00
tune_8,Testing/hos_35_r2_1.txt,1.0,0.0,0.0,50,3,0.8,0.01,pairwise,595.0,0.00
tune_9,Testing/hos_35_r2_1.txt,1.0,0.0,0.0,50,3,0.8,0.01,pairwise,595.0,0.00
tune_10,Testing/hos_35_r2_1.txt,1.0,0.0,0.0,50,3,0.8,0.01,pairwise,595.0,0.00
tune_1,Testing/hos_40_r1_1.txt,1.0,0.0,0.0,50,3,0.8,0.01,pairwise,780.0,1.24
tune_2,Testing/hos_40_r1_1.txt,1.0,0.0,0.0,50,3,0.8,0.01,pairwise,780.0,0.00
tune_3,Testing/hos_40_r1_1.txt,1.0,0.0,0.0,50,3,0.8,0.01,pairwise,780.0,0.00
tune_4,Testing/hos_40_r1_1.txt,1.0,0.0,0.0,50,3,0.8,0.01,pairwise,780.0,0.00
tune_5,Testing/hos_40_r1_1.txt,1.0,0.0,0.0,50,3,0.8,0.01,pairwise,780.0,0.00
tune_6,Testing/hos_40_r1_1.txt,1.0,0.0,0.0,50,3,0.8,0.01,pairwise,780.0,0.00
tune_7,Testing/hos_40_r1_1.txt,1.0,0.0,0.0,50,3,0.8,0.01,pairwise,780.0,0.00
tune_8,Testing/hos_40_r1_1.txt,1.0,0.0,0.0,50,3,0.8,0.01,pairwise,780.0,0.00
tune_9,Testing/hos_40_r1_1.txt,1.0,0.0,0.0,50,3,0.8,0.01,pairwise,780.0,0.00
tune_10,Testing/hos_40_r1_1.txt,1.0,0.0,0.0,50,3,0.8,0.01,pairwise,780.0,0.00
tune_1,Testing/hos_40_r2_1.txt,1.0,0.0,0.0,50,3,0.8,0.01,pairwise,780.0,1.24
tune_2,Testing/hos_40_r2_1.txt,1.0,0.0,0.0,50,3,0.8,0.01,pairwise,780.0,0.00
tune_3,Testing/hos_40_r2_1.txt,1.0,0.0,0.0,50,3,0.8,0.01,pairwise,780.0,0.00
tune_4,Testing/hos_40_r2_1.txt,1.0,0.0,0.0,50,3,0.8,0.01,pairwise,780.0,0.00
tune_5,Testing/hos_40_r2_1.txt,1.0,0.0,0.0,50,3,0.8,0.01,pairwise,780.0,0.00
tune_6,Testing/hos_40_r2_1.txt,1.0,0.0,0.0,50,3,0.8,0.01,pairwise,780.0,0.00
tune_7,Testing/hos_40_r2_1.txt,1.0,0.0,0.0,50,3,0.8,0.01,pairwise,780.0,0.00
tune_8,Testing/hos_40_r2_1.txt,1.0,0.0,0.0,50,3,0.8,0.01,pairwise,780.0,0.00
tune_9,Testing/hos_40_r2_1.txt,1.0,0.0,0.0,50,3,0.8,0.01,pairwise,780.0,0.00
tune_10,Testing/hos_40_r2_1.txt,1.0,0.0,0.0,50,3,0.8,0.01,pairwise,780.0,0.00
tune_1,Testing/hos_45_r1_1.txt,1.0,0.0,0.0,50,3,0.8,0.01,pairwise,990.0,1.17
tune_2,Testing/hos_45_r1_1.txt,1.0,0.0,0.0,50,3,0.8,0.01,pairwise,990.0,0.00
tune_3,Testing/hos_45_r1_1.txt,1.0,0.0,0.0,50,3,0.8,0.01,pairwise,990.0,0.00
tune_4,Testing/hos_45_r1_1.txt,1.0,0.0,0.0,50,3,0.8,0.01,pairwise,990.0,0.00
tune_5,Testing/hos_45_r1_1.txt,1.0,0.0,0.0,50,3,0.8,0.01,pairwise,990.0,0.00
tune_6,Testing/hos_45_r1_1.txt,1.0,0.0,0.0,50,3,0.8,0.01,pairwise,990.0,0.00
tune_7,Testing/hos_45_r1_1.txt,1.0,0.0,0.0,50,3,0.8,0.01,pairwise,990.0,0.00
tune_8,Testing/hos_45_r1_1.txt,1.0,0.0,0.0,50,3,0.8,0.01,pairwise,990.0,0.00
tune_9,Testing/hos_45_r1_1.txt,1.0,0.0,0.0,50,3,0.8,0.01,pairwise,990.0,0.00
tune_10,Testing/hos_45_r1_1.txt,1.0,0.0,0.0,50,3,0.8,0.01,pairwise,990.0,0.00
tune_1,Testing/hos_45_r2_1.txt,1.0,0.0,0.0,50,3,0.8,0.01,pairwise,990.0,1.25
tune_2,Testing/hos_45_r2_1.txt,1.0,0.0,0.0,50,3,0.8,0.01,pairwise,990.0,0.00
tune_3,Testing/hos_45_r2_1.txt,1.0,0.0,0.0,50,3,0.8,0.01,pairwise,990.0,0.00
tune_4,Testing/hos_45_r2_1.txt,1.0,0.0,0.0,50,3,0.8,0.01,pairwise,990.0,0.00
tune_5,Testing/hos_45_r2_1.txt,1.0,0.0,0.0,50,3,0.8,0.01,pairwise,990.0,0.00
tune_6,Testing/hos_45_r2_1.txt,1.0,0.0,0.0,50,3,0.8,0.01,pairwise,990.0,0.00
tune_7,Testing/hos_45_r2_1.txt,1.0,0.0,0.0,50,3,0.8,0.01,pairwise,990.0,0.00
tune_8,Testing/hos_45_r2_1.txt,1.0,0.0,0.0,50,3,0.8,0.01,pairwise,990.0,0.00
tune_9,Testing/hos_45_r2_1.txt,1.0,0.0,0.0,50,3,0.8,0.01,pairwise,990.0,0.00
tune_10,Testing/hos_45_r2_1.txt,1.0,0.0,0.0,50,3,0.8,0.01,pairwise,990.0,0.00
tune_1,Testing/hos_50_r1_1.txt,1.0,0.0,0.0,50,3,0.8,0.01,pairwise,1225.0,1.20
tune_2,Testing/hos_50_r1_1.txt,1.0,0.0,0.0,50,3,0.8,0.01,pairwise,1225.0,0.00
tune_3,Testing/hos_50_r1_1.txt,1.0,0.0,0.0,50,3,0.8,0.01,pairwise,1225.0,0.00
tune_4,Testing/hos_50_r1_1.txt,1.0,0.0,0.0,50,3,0.8,0.01,pairwise,1225.0,0.00
tune_5,Testing/hos_50_r1_1.txt,1.0,0.0,0.0,50,3,0.8,0.01,pairwise,1225.0,0.00
tune_6,Testing/hos_50_r1_1.txt,1.0,0.0,0.0,50,3,0.8,0.01,pairwise,1225.0,0.00
tune_7,Testing/hos_50_r1_1.txt,1.0,0.0,0.0,50,3,0.8,0.01,pairwise,1225.0,0.00
tune_8,Testing/hos_50_r1_1.txt,1.0,0.0,0.0,50,3,0.8,0.01,pairwise,1225.0,0.00
tune_9,Testing/hos_50_r1_1.txt,1.0,0.0,0.0,50,3,0.8,0.01,pairwise,1225.0,0.00
tune_10,Testing/hos_50_r1_1.txt,1.0,0.0,0.0,50,3,0.8,0.01,pairwise,1225.0,0.00
tune_1,Testing/hos_50_r2_1.txt,1.0,0.0,0.0,50,3,0.8,0.01,pairwise,1225.0,1.28
tune_2,Testing/hos_50_r2_1.txt,1.0,0.0,0.0,50,3,0.8,0.01,pairwise,1225.0,0.00
tune_3,Testing/hos_50_r2_1.txt,1.0,0.0,0.0,50,3,0.8,0.01,pairwise,1225.0,0.00
tune_4,Testing/hos_50_r2_1.txt,1.0,0.0,0.0,50,3,0.8,0.01,pairwise,1225.0,0.00
tune_5,Testing/hos_50_r2_1.txt,1.0,0.0,0.0,50,3,0.8,0.01,pairwise,1225.0,0.00
tune_6,Testing/hos_50_r2_1.txt,1.0,0.0,0.0,50,3,0.8,0.01,pairwise,1225.0,0.00
tune_7,Testing/hos_50_r2_1.txt,1.0,0.0,0.0,50,3,0.8,0.01,pairwise,1225.0,0.00
tune_8,Testing/hos_50_r2_1.txt,1.0,0.0,0.0,50,3,0.8,0.01,pairwise,1225.0,0.00
tune_9,Testing/hos_50_r2_1.txt,1.0,0.0,0.0,50,3,0.8,0.01,pairwise,1225.0,0.00
tune_10,Testing/hos_50_r2_1.txt,1.0,0.0,0.0,50,3,0.8,0.01,pairwise,1225.0,0.00
tune_1,Testing/mac_grafo10dens30.txt,1.0,0.0,0.0,50,3,0.8,0.01,pairwise,45.0,1.12
tune_2,Testing/mac_grafo10dens30.txt,1.0,0.0,0.0,50,3,0.8,0.01,pairwise,45.0,0.00
tune_3,Testing/mac_grafo10dens30.txt,1.0,0.0,0.0,50,3,0.8,0.01,pairwise,45.0,0.00
tune_4,Testing/mac_grafo10dens30.txt,1.0,0.0,0.0,50,3,0.8,0.01,pairwise,45.0,0.00
tune_5,Testing/mac_grafo10dens30.txt,1.0,0.0,0.0,50,3,0.8,0.01,pairwise,45.0,0.00
tune_6,Testing/mac_grafo10dens30.txt,1.0,0.0,0.0,50,3,0.8,0.01,pairwise,45.0,0.00
tune_7,Testing/mac_grafo10dens30.txt,1.0,0.0,0.0,50,3,0.8,0.01,pairwise,45.0,0.00
tune_8,Testing/mac_grafo10dens30.txt,1.0,0.0,0.0,50,3,0.8,0.01,pairwise,45.0,0.00
tune_9,Testing/mac_grafo10dens30.txt,1.0,0.0,0.0,50,3,0.8,0.01,pairwise,45.0,0.00
tune_10,Testing/mac_grafo10dens30.txt,1.0,0.0,0.0,50,3,0.8,0.01,pairwise,45.0,0.00
tune_1,Testing/mac_grafo11dens30.txt,1.0,0.0,0.0,50,3,0.8,0.01,pairwise,55.0,1.16
tune_2,Testing/mac_grafo11dens30.txt,1.0,0.0,0.0,50,3,0.8,0.01,pairwise,55.0,0.00
tune_3,Testing/mac_grafo11dens30.txt,1.0,0.0,0.0,50,3,0.8,0.01,pairwise,55.0,0.00
tune_4,Testing/mac_grafo11dens30.txt,1.0,0.0,0.0,50,3,0.8,0.01,pairwise,55.0,0.00
tune_5,Testing/mac_grafo11dens30.txt,1.0,0.0,0.0,50,3,0.8,0.01,pairwise,55.0,0.00
tune_6,Testing/mac_grafo11dens30.txt,1.0,0.0,0.0,50,3,0.8,0.01,pairwise,55.0,0.00
tune_7,Testing/mac_grafo11dens30.txt,1.0,0.0,0.0,50,3,0.8,0.01,pairwise,55.0,0.00
tune_8,Testing/mac_grafo11dens30.txt,1.0,0.0,0.0,50,3,0.8,0.01,pairwise,55.0,0.00
tune_9,Testing/mac_grafo11dens30.txt,1.0,0.0,0.0,50,3,0.8,0.01,pairwise,55.0,0.00
tune_10,Testing/mac_grafo11dens30.txt,1.0,0.0,0.0,50,3,0.8,0.01,pairwise,55.0,0.00
tune_1,Testing/mac_grafo12dens30.txt,1.0,0.0,0.0,50,3,0.8,0.01,pairwise,66.0,1.12
tune_2,Testing/mac_grafo12dens30.txt,1.0,0.0,0.0,50,3,0.8,0.01,pairwise,66.0,0.00
tune_3,Testing/mac_grafo12dens30.txt,1.0,0.0,0.0,50,3,0.8,0.01,pairwise,66.0,0.00
tune_4,Testing/mac_grafo12dens30.txt,1.0,0.0,0.0,50,3,0.8,0.01,pairwise,66.0,0.00
tune_5,Testing/mac_grafo12dens30.txt,1.0,0.0,0.0,50,3,0.8,0.01,pairwise,66.0,0.00
tune_6,Testing/mac_grafo12dens30.txt,1.0,0.0,0.0,50,3,0.8,0.01,pairwise,66.0,0.00
tune_7,Testing/mac_grafo12dens30.txt,1.0,0.0,0.0,50,3,0.8,0.01,pairwise,66.0,0.00
tune_8,Testing/mac_grafo12dens30.txt,1.0,0.0,0.0,50,3,0.8,0.01,pairwise,66.0,0.00
tune_9,Testing/mac_grafo12dens30.txt,1.0,0.0,0.0,50,3,0.8,0.01,pairwise,66.0,0.00
tune_10,Testing/mac_grafo12dens30.txt,1.0,0.0,0.0,50,3,0.8,0.01,pairwise,66.0,0.00
tune_1,Testing/mac_grafo13dens30.txt,1.0,0.0,0.0,50,3,0.8,0.01,pairwise,78.0,1.09
tune_2,Testing/mac_grafo13dens30.txt,1.0,0.0,0.0,50,3,0.8,0.01,pairwise,78.0,0.00
tune_3,Testing/mac_grafo13dens30.txt,1.0,0.0,0.0,50,3,0.8,0.01,pairwise,78.0,0.00
tune_4,Testing/mac_grafo13dens30.txt,1.0,0.0,0.0,50,3,0.8,0.01,pairwise,78.0,0.00
tune_5,Testing/mac_grafo13dens30.txt,1.0,0.0,0.0,50,3,0.8,0.01,pairwise,78.0,0.00
tune_6,Testing/mac_grafo13dens30.txt,1.0,0.0,0.0,50,3,0.8,0.01,pairwise,78.0,0.00
tune_7,Testing/mac_grafo13dens30.txt,1.0,0.0,0.0,50,3,0.8,0.01,pairwise,78.0,0.00
tune_8,Testing/mac_grafo13dens30.txt,1.0,0.0,0.0,50,3,0.8,0.01,pairwise,78.0,0.00
tune_9,Testing/mac_grafo13dens30.txt,1.0,0.0,0.0,50,3,0.8,0.01,pairwise,78.0,0.00
tune_10,Testing/mac_grafo13dens30.txt,1.0,0.0,0.0,50,3,0.8,0.01,pairwise,78.0,0.00
tune_1,Testing/mac_grafo14dens30.txt,1.0,0.0,0.0,50,3,0.8,0.01,pairwise,91.0,1.17
tune_2,Testing/mac_grafo14dens30.txt,1.0,0.0,0.0,50,3,0.8,0.01,pairwise,91.0,0.00
tune_3,Testing/mac_grafo14dens30.txt,1.0,0.0,0.0,50,3,0.8,0.01,pairwise,91.0,0.00
tune_4,Testing/mac_grafo14dens30.txt,1.0,0.0,0.0,50,3,0.8,0.01,pairwise,91.0,0.00
tune_5,Testing/mac_grafo14dens30.txt,1.0,0.0,0.0,50,3,0.8,0.01,pairwise,91.0,0.00
tune_6,Testing/mac_grafo14dens30.txt,1.0,0.0,0.0,50,3,0.8,0.01,pairwise,91.0,0.00
tune_7,Testing/mac_grafo14dens30.txt,1.0,0.0,0.0,50,3,0.8,0.01,pairwise,91.0,0.00
tune_8,Testing/mac_grafo14dens30.txt,1.0,0.0,0.0,50,3,0.8,0.01,pairwise,91.0,0.00
tune_9,Testing/mac_grafo14dens30.txt,1.0,0.0,0.0,50,3,0.8,0.01,pairwise,91.0,0.00
tune_10,Testing/mac_grafo14dens30.txt,1.0,0.0,0.0,50,3,0.8,0.01,pairwise,91.0,0.00
tune_1,Testing/mac_grafo15dens30.txt,1.0,0.0,0.0,50,3,0.8,0.01,pairwise,105.0,1.14
tune_2,Testing/mac_grafo15dens30.txt,1.0,0.0,0.0,50,3,0.8,0.01,pairwise,105.0,0.00
tune_3,Testing/mac_grafo15dens30.txt,1.0,0.0,0.0,50,3,0.8,0.01,pairwise,105.0,0.00
tune_4,Testing/mac_grafo15dens30.txt,1.0,0.0,0.0,50,3,0.8,0.01,pairwise,105.0,0.00
tune_5,Testing/mac_grafo15dens30.txt,1.0,0.0,0.0,50,3,0.8,0.01,pairwise,105.0,0.00
tune_6,Testing/mac_grafo15dens30.txt,1.0,0.0,0.0,50,3,0.8,0.01,pairwise,105.0,0.00
tune_7,Testing/mac_grafo15dens30.txt,1.0,0.0,0.0,50,3,0.8,0.01,pairwise,105.0,0.00
tune_8,Testing/mac_grafo15dens30.txt,1.0,0.0,0.0,50,3,0.8,0.01,pairwise,105.0,0.00
tune_9,Testing/mac_grafo15dens30.txt,1.0,0.0,0.0,50,3,0.8,0.01,pairwise,105.0,0.00
tune_10,Testing/mac_grafo15dens30.txt,1.0,0.0,0.0,50,3,0.8,0.01,pairwise,105.0,0.00
tune_1,Testing/mac_grafo16dens30.txt,1.0,0.0,0.0,50,3,0.8,0.01,pairwise,120.0,1.16
tune_2,Testing/mac_grafo16dens30.txt,1.0,0.0,0.0,50,3,0.8,0.01,pairwise,120.0,0.00
tune_3,Testing/mac_grafo16dens30.txt,1.0,0.0,0.0,50,3,0.8,0.01,pairwise,120.0,0.00
tune_4,Testing/mac_grafo16dens30.txt,1.0,0.0,0.0,50,3,0.8,0.01,pairwise,120.0,0.00
tune_5,Testing/mac_grafo16dens30.txt,1.0,0.0,0.0,50,3,0.8,0.01,pairwise,120.0,0.00
tune_6,Testing/mac_grafo16dens30.txt,1.0,0.0,0.0,50,3,0.8,0.01,pairwise,120.0,0.00
tune_7,Testing/mac_grafo16dens30.txt,1.0,0.0,0.0,50,3,0.8,0.01,pairwise,120.0,0.00
tune_8,Testing/mac_grafo16dens30.txt,1.0,0.0,0.0,50,3,0.8,0.01,pairwise,120.0,0.00
tune_9,Testing/mac_grafo16dens30.txt,1.0,0.0,0.0,50,3,0.8,0.01,pairwise,120.0,0.00
tune_10,Testing/mac_grafo16dens30.txt,1.0,0.0,0.0,50,3,0.8,0.01,pairwise,120.0,0.00
tune_1,Testing/mac_grafo17dens30.txt,1.0,0.0,0.0,50,3,0.8,0.01,pairwise,136.0,1.17
tune_2,Testing/mac_grafo17dens30.txt,1.0,0.0,0.0,50,3,0.8,0.01,pairwise,136.0,0.00
tune_3,Testing/mac_grafo17dens30.txt,1.0,0.0,0.0,50,3,0.8,0.01,pairwise,136.0,0.00
tune_4,Testing/mac_grafo17dens30.txt,1.0,0.0,0.0,50,3,0.8,0.01,pairwise,136.0,0.00
tune_5,Testing/mac_grafo17dens30.txt,1.0,0.0,0.0,50,3,0.8,0.01,pairwise,136.0,0.00
tune_6,Testing/mac_grafo17dens30.txt,1.0,0.0,0.0,50,3,0.8,0.01,pairwise,136.0,0.00
tune_7,Testing/mac_grafo17dens30.txt,1.0,0.0,0.0,50,3,0.8,0.01,pairwise,136.0,0.00
tune_8,Testing/mac_grafo17dens30.txt,1.0,0.0,0.0,50,3,0.8,0.01,pairwise,136.0,0.00
tune_9,Testing/mac_grafo17dens30.txt,1.0,0.0,0.0,50,3,0.8,0.01,pairwise,136.0,0.00
tune_10,Testing/mac_grafo17dens30.txt,1.0,0.0,0.0,50,3,0.8,0.01,pairwise,136.0,0.00
tune_1,Testing/mac_grafo18dens30.txt,1.0,0.0,0.0,50,3,0.8,0.01,pairwise,153.0,1.15
tune_2,Testing/mac_grafo18dens30.txt,1.0,0.0,0.0,50,3,0.8,0.01,pairwise,153.0,0.00
tune_3,Testing/mac_grafo18dens30.txt,1.0,0.0,0.0,50,3,0.8,0.01,pairwise,153.0,0.00
tune_4,Testing/mac_grafo18dens30.txt,1.0,0.0,0.0,50,3,0.8,0.01,pairwise,153.0,0.00
tune_5,Testing/mac_grafo18dens30.txt,1.0,0.0,0.0,50,3,0.8,0.01,pairwise,153.0,0.00
tune_6,Testing/mac_grafo18dens30.txt,1.0,0.0,0.0,50,3,0.8,0.01,pairwise,153.0,0.00
tune_7,Testing/mac_grafo18dens30.txt,1.0,0.0,0.0,50,3,0.8,0.01,pairwise,153.0,0.00
tune_8,Testing/mac_grafo18dens30.txt,1.0,0.0,0.0,50,3,0.8,0.01,pairwise,153.0,0.00
tune_9,Testing/mac_grafo18dens30.txt,1.0,0.0,0.0,50,3,0.8,0.01,pairwise,153.0,0.00
tune_10,Testing/mac_grafo18dens30.txt,1.0,0.0,0.0,50,3,0.8,0.01,pairwise,153.0,0.00
tune_1,Testing/mac_grafo19dens30.txt,1.0,0.0,0.0,50,3,0.8,0.01,pairwise,171.0,1.16
tune_2,Testing/mac_grafo19dens30.txt,1.0,0.0,0.0,50,3,0.8,0.01,pairwise,171.0,0.00
tune_3,Testing/mac_grafo19dens30.txt,1.0,0.0,0.0,50,3,0.8,0.01,pairwise,171.0,0.00
tune_4,Testing/mac_grafo19dens30.txt,1.0,0.0,0.0,50,3,0.8,0.01,pairwise,171.0,0.00
tune_5,Testing/mac_grafo19dens30.txt,1.0,0.0,0.0,50,3,0.8,0.01,pairwise,171.0,0.00
tune_6,Testing/mac_grafo19dens30.txt,1.0,0.0,0.0,50,3,0.8,0.01,pairwise,171.0,0.00
tune_7,Testing/mac_grafo19dens30.txt,1.0,0.0,0.0,50,3,0.8,0.01,pairwise,171.0,0.00
tune_8,Testing/mac_grafo19dens30.txt,1.0,0.0,0.0,50,3,0.8,0.01,pairwise,171.0,0.00
tune_9,Testing/mac_grafo19dens30.txt,1.0,0.0,0.0,50,3,0.8,0.01,pairwise,171.0,0.00
tune_10,Testing/mac_grafo19dens30.txt,1.0,0.0,0.0,50,3,0.8,0.01,pairwise,171.0,0.00
tune_1,Testing/mac_grafo20dens30.txt,1.0,0.0,0.0,50,3,0.8,0.01,pairwise,190.0,1.14
tune_2,Testing/mac_grafo20dens30.txt,1.0,0.0,0.0,50,3,0.8,0.01,pairwise,190.0,0.00
tune_3,Testing/mac_grafo20dens30.txt,1.0,0.0,0.0,50,3,0.8,0.01,pairwise,190.0,0.00
tune_4,Testing/mac_grafo20dens30.txt,1.0,0.0,0.0,50,3,0.8,0.01,pairwise,190.0,0.00
tune_5,Testing/mac_grafo20dens30.txt,1.0,0.0,0.0,50,3,0.8,0.01,pairwise,190.0,0.00
tune_6,Testing/mac_grafo20dens30.txt,1.0,0.0,0.0,50,3,0.8,0.01,pairwise,190.0,0.00
tune_7,Testing/mac_grafo20dens30.txt,1.0,0.0,0.0,50,3,0.8,0.01,pairwise,190.0,0.00
tune_8,Testing/mac_grafo20dens30.txt,1.0,0.0,0.0,50,3,0.8,0.01,pairwise,190.0,0.00
tune_9,Testing/mac_grafo20dens30.txt,1.0,0.0,0.0,50,3,0.8,0.01,pairwise,190.0,0.00
tune_10,Testing/mac_grafo20dens30.txt,1.0,0.0,0.0,50,3,0.8,0.01,pairwise,190.0,0.00
tune_1,Testing/mac_grafo21dens30.txt,1.0,0.0,0.0,50,3,0.8,0.01,pairwise,210.0,1.17
tune_2,Testing/mac_grafo21dens30.txt,1.0,0.0,0.0,50,3,0.8,0.01,pairwise,210.0,0.00
tune_3,Testing/mac_grafo21dens30.txt,1.0,0.0,0.0,50,3,0.8,0.01,pairwise,210.0,0.00
tune_4,Testing/mac_grafo21dens30.txt,1.0,0.0,0.0,50,3,0.8,0.01,pairwise,210.0,0.00
tune_5,Testing/mac_grafo21dens30.txt,1.0,0.0,0.0,50,3,0.8,0.01,pairwise,210.0,0.00
tune_6,Testing/mac_grafo21dens30.txt,1.0,0.0,0.0,50,3,0.8,0.01,pairwise,210.0,0.00
tune_7,Testing/mac_grafo21dens30.txt,1.0,0.0,0.0,50,3,0.8,0.01,pairwise,210.0,0.00
tune_8,Testing/mac_grafo21dens30.txt,1.0,0.0,0.0,50,3,0.8,0.01,pairwise,210.0,0.00
tune_9,Testing/mac_grafo21dens30.txt,1.0,0.0,0.0,50,3,0.8,0.01,pairwise,210.0,0.00
tune_10,Testing/mac_grafo21dens30.txt,1.0,0.0,0.0,50,3,0.8,0.01,pairwise,210.0,0.00
tune_1,Testing/mac_grafo22dens30.txt,1.0,0.0,0.0,50,3,0.8,0.01,pairwise,231.0,1.14
tune_2,Testing/mac_grafo22dens30.txt,1.0,0.0,0.0,50,3,0.8,0.01,pairwise,231.0,0.00
tune_3,Testing/mac_grafo22dens30.txt,1.0,0.0,0.0,50,3,0.8,0.01,pairwise,231.0,0.00
tune_4,Testing/mac_grafo22dens30.txt,1.0,0.0,0.0,50,3,0.8,0.01,pairwise,231.0,0.00
tune_5,Testing/mac_grafo22dens30.txt,1.0,0.0,0.0,50,3,0.8,0.01,pairwise,231.0,0.00
tune_6,Testing/mac_grafo22dens30.txt,1.0,0.0,0.0,50,3,0.8,0.01,pairwise,231.0,0.00
tune_7,Testing/mac_grafo22dens30.txt,1.0,0.0,0.0,50,3,0.8,0.01,pairwise,231.0,0.00
tune_8,Testing/mac_grafo22dens30.txt,1.0,0.0,0.0,50,3,0.8,0.01,pairwise,231.0,0.00
tune_9,Testing/mac_grafo22dens30.txt,1.0,0.0,0.0,50,3,0.8,0.01,pairwise,231.0,0.00
tune_10,Testing/mac_grafo22dens30.txt,1.0,0.0,0.0,50,3,0.8,0.01,pairwise,231.0,0.00
tune_1,Testing/mac_grafo23dens30.txt,1.0,0.0,0.0,50,3,0.8,0.01,pairwise,253.0,1.18
tune_2,Testing/mac_grafo23dens30.txt,1.0,0.0,0.0,50,3,0.8,0.01,pairwise,253.0,0.00
tune_3,Testing/mac_grafo23dens30.txt,1.0,0.0,0.0,50,3,0.8,0.01,pairwise,253.0,0.00
tune_4,Testing/mac_grafo23dens30.txt,1.0,0.0,0.0,50,3,0.8,0.01,pairwise,253.0,0.00
tune_5,Testing/mac_grafo23dens30.txt,1.0,0.0,0.0,50,3,0.8,0.01,pairwise,253.0,0.00
tune_6,Testing/mac_grafo23dens30.txt,1.0,0.0,0.0,50,3,0.8,0.01,pairwise,253.0,0.00
tune_7,Testing/mac_grafo23dens30.txt,1.0,0.0,0.0,50,3,0.8,0.01,pairwise,253.0,0.00
tune_8,Testing/mac_grafo23dens30.txt,1.0,0.0,0.0,50,3,0.8,0.01,pairwise,253.0,0.00
tune_9,Testing/mac_grafo23dens30.txt,1.0,0.0,0.0,50,3,0.8,0.01,pairwise,253.0,0.00
tune_10,Testing/mac_grafo23dens30.txt,1.0,0.0,0.0,50,3,0.8,0.01,pairwise,253.0,0.00
tune_1,Testing/mac_grafo24dens30.txt,1.0,0.0,0.0,50,3,0.8,0.01,pairwise,276.0,1.11
tune_2,Testing/mac_grafo24dens30.txt,1.0,0.0,0.0,50,3,0.8,0.01,pairwise,276.0,0.00
tune_3,Testing/mac_grafo24dens30.txt,1.0,0.0,0.0,50,3,0.8,0.01,pairwise,276.0,0.00
tune_4,Testing/mac_grafo24dens30.txt,1.0,0.0,0.0,50,3,0.8,0.01,pairwise,276.0,0.00
tune_5,Testing/mac_grafo24dens30.txt,1.0,0.0,0.0,50,3,0.8,0.01,pairwise,276.0,0.00
tune_6,Testing/mac_grafo24dens30.txt,1.0,0.0,0.0,50,3,0.8,0.01,pairwise,276.0,0.00
tune_7,Testing/mac_grafo24dens30.txt,1.0,0.0,0.0,50,3,0.8,0.01,pairwise,276.0,0.00
tune_8,Testing/mac_grafo24dens30.txt,1.0,0.0,0.0,50,3,0.8,0.01,pairwise,276.0,0.00
tune_9,Testing/mac_grafo24dens30.txt,1.0,0.0,0.0,50,3,0.8,0.01,pairwise,276.0,0.00
tune_10,Testing/mac_grafo24dens30.txt,1.0,0.0,0.0,50,3,0.8,0.01,pairwise,276.0,0.00
tune_1,Testing/mac_grafo25dens30.txt,1.0,0.0,0.0,50,3,0.8,0.01,pairwise,300.0,1.19
tune_2,Testing/mac_grafo25dens30.txt,1.0,0.0,0.0,50,3,0.8,0.01,pairwise,300.0,0.00
tune_3,Testing/mac_grafo25dens30.txt,1.0,0.0,0.0,50,3,0.8,0.01,pairwise,300.0,0.00
tune_4,Testing/mac_grafo25dens30.txt,1.0,0.0,0.0,50,3,0.8,0.01,pairwise,300.0,0.00
tune_5,Testing/mac_grafo25dens30.txt,1.0,0.0,0.0,50,3,0.8,0.01,pairwise,300.0,0.00
tune_6,Testing/mac_grafo25dens30.txt,1.0,0.0,0.0,50,3,0.8,0.01,pairwise,300.0,0.00
tune_7,Testing/mac_grafo25dens30.txt,1.0,0.0,0.0,50,3,0.8,0.01,pairwise,300.0,0.00
tune_8,Testing/mac_grafo25dens30.txt,1.0,0.0,0.0,50,3,0.8,0.01,pairwise,300.0,0.00
tune_9,Testing/mac_grafo25dens30.txt,1.0,0.0,0.0,50,3,0.8,0.01,pairwise,300.0,0.00
tune_10,Testing/mac_grafo25dens30.txt,1.0,0.0,0.0,50,3,0.8,0.01,pairwise,300.0,0.00
tune_1,Testing/mac_grafo26dens30.txt,1.0,0.0,0.0,50,3,0.8,0.01,pairwise,325.0,1.18
tune_2,Testing/mac_grafo26dens30.txt,1.0,0.0,0.0,50,3,0.8,0.01,pairwise,325.0,0.00
tune_3,Testing/mac_grafo26dens30.txt,1.0,0.0,0.0,50,3,0.8,0.01,pairwise,325.0,0.00
tune_4,Testing/mac_grafo26dens30.txt,1.0,0.0,0.0,50,3,0.8,0.01,pairwise,325.0,0.00
tune_5,Testing/mac_grafo26dens30.txt,1.0,0.0,0.0,50,3,0.8,0.01,pairwise,325.0,0.00
tune_6,Testing/mac_grafo26dens30.txt,1.0,0.0,0.0,50,3,0.8,0.01,pairwise,325.0,0.00
tune_7,Testing/mac_grafo26dens30.txt,1.0,0.0,0.0,50,3,0.8,0.01,pairwise,325.0,0.00
tune_8,Testing/mac_grafo26dens30.txt,1.0,0.0,0.0,50,3,0.8,0.01,pairwise,325.0,0.00
tune_9,Testing/mac_grafo26dens30.txt,1.0,0.0,0.0,50,3,0.8,0.01,pairwise,325.0,0.00
tune_10,Testing/mac_grafo26dens30.txt,1.0,0.0,0.0,50,3,0.8,0.01,pairwise,325.0,0.00
tune_1,Testing/mac_grafo27dens30.txt,1.0,0.0,0.0,50,3,0.8,0.01,pairwise,351.0,1.17
tune_2,Testing/mac_grafo27dens30.txt,1.0,0.0,0.0,50,3,0.8,0.01,pairwise,351.0,0.00
tune_3,Testing/mac_grafo27dens30.txt,1.0,0.0,0.0,50,3,0.8,0.01,pairwise,351.0,0.00
tune_4,Testing/mac_grafo27dens30.txt,1.0,0.0,0.0,50,3,0.8,0.01,pairwise,351.0,0.00
tune_5,Testing/mac_grafo27dens30.txt,1.0,0.0,0.0,50,3,0.8,0.01,pairwise,351.0,0.00
tune_6,Testing/mac_grafo27dens30.txt,1.0,0.0,0.0,50,3,0.8,0.01,pairwise,351.0,0.00
tune_7,Testing/mac_grafo27dens30.txt,1.0,0.0,0.0,50,3,0.8,0.01,pairwise,351.0,0.00
tune_8,Testing/mac_grafo27dens30.txt,1.0,0.0,0.0,50,3,0.8,0.01,pairwise,351.0,0.00
tune_9,Testing/mac_grafo27dens30.txt,1.0,0.0,0.0,50,3,0.8,0.01,pairwise,351.0,0.00
tune_10,Testing/mac_grafo27dens30.txt,1.0,0.0,0.0,50,3,0.8,0.01,pairwise,351.0,0.00
tune_1,Testing/mac_grafo28dens30.txt,1.0,0.0,0.0,50,3,0.8,0.01,pairwise,378.0,1.17
tune_2,Testing/mac_grafo28dens30.txt,1.0,0.0,0.0,50,3,0.8,0.01,pairwise,378.0,0.00
tune_3,Testing/mac_grafo28dens30.txt,1.0,0.0,0.0,50,3,0.8,0.01,pairwise,378.0,0.00
tune_4,Testing/mac_grafo28dens30.txt,1.0,0.0,0.0,50,3,0.8,0.01,pairwise,378.0,0.00
tune_5,Testing/mac_grafo28dens30.txt,1.0,0.0,0.0,50,3,0.8,0.01,pairwise,378.0,0.00
tune_6,Testing/mac_grafo28dens30.txt,1.0,0.0,0.0,50,3,0.8,0.01,pairwise,378.0,0.00
tune_7,Testing/mac_grafo28dens30.txt,1.0,0.0,0.0,50,3,0.8,0.01,pairwise,378.0,0.00
tune_8,Testing/mac_grafo28dens30.txt,1.0,0.0,0.0,50,3,0.8,0.01,pairwise,378.0,0.00
tune_9,Testing/mac_grafo28dens30.txt,1.0,0.0,0.0,50,3,0.8,0.01,pairwise,378.0,0.00
tune_10,Testing/mac_grafo28dens30.txt,1.0,0.0,0.0,50,3,0.8,0.01,pairwise,378.0,0.00
tune_1,Testing/mac_grafo29dens30.txt,1.0,0.0,0.0,50,3,0.8,0.01,pairwise,406.0,1.22
tune_2,Testing/mac_grafo29dens30.txt,1.0,0.0,0.0,50,3,0.8,0.01,pairwise,406.0,0.00
tune_3,Testing/mac_grafo29dens30.txt,1.0,0.0,0.0,50,3,0.8,0.01,pairwise,406.0,0.00
tune_4,Testing/mac_grafo29dens30.txt,1.0,0.0,0.0,50,3,0.8,0.01,pairwise,406.0,0.00
tune_5,Testing/mac_grafo29dens30.txt,1.0,0.0,0.0,50,3,0.8,0.01,pairwise,406.0,0.00
tune_6,Testing/mac_grafo29dens30.txt,1.0,0.0,0.0,50,3,0.8,0.01,pairwise,406.0,0.00
tune_7,Testing/mac_grafo29dens30.txt,1.0,0.0,0.0,50,3,0.8,0.01,pairwise,406.0,0.00
tune_8,Testing/mac_grafo29dens30.txt,1.0,0.0,0.0,50,3,0.8,0.01,pairwise,406.0,0.00
tune_9,Testing/mac_grafo29dens30.txt,1.0,0.0,0.0,50,3,0.8,0.01,pairwise,406.0,0.00
tune_10,Testing/mac_grafo29dens30.txt,1.0,0.0,0.0,50,3,0.8,0.01,pairwise,406.0,0.00
tune_1,Testing/mac_grafo30dens30.txt,1.0,0.0,0.0,50,3,0.8,0.01,pairwise,435.0,1.25
tune_2,Testing/mac_grafo30dens30.txt,1.0,0.0,0.0,50,3,0.8,0.01,pairwise,435.0,0.00
tune_3,Testing/mac_grafo30dens30.txt,1.0,0.0,0.0,50,3,0.8,0.01,pairwise,435.0,0.00
tune_4,Testing/mac_grafo30dens30.txt,1.0,0.0,0.0,50,3,0.8,0.01,pairwise,435.0,0.00
tune_5,Testing/mac_grafo30dens30.txt,1.0,0.0,0.0,50,3,0.8,0.01,pairwise,435.0,0.00
tune_6,Testing/mac_grafo30dens30.txt,1.0,0.0,0.0,50,3,0.8,0.01,pairwise,435.0,0.00
tune_7,Testing/mac_grafo30dens30.txt,1.0,0.0,0.0,50,3,0.8,0.01,pairwise,435.0,0.00
tune_8,Testing/mac_grafo30dens30.txt,1.0,0.0,0.0,50,3,0.8,0.01,pairwise,435.0,0.00
tune_9,Testing/mac_grafo30dens30.txt,1.0,0.0,0.0,50,3,0.8,0.01,pairwise,435.0,0.00
tune_10,Testing/mac_grafo30dens30.txt,1.0,0.0,0.0,50,3,0.8,0.01,pairwise,435.0,0.00
tune_1,Testing/cor_adjnoun-w.txt,1.0,0.0,0.0,50,3,0.8,0.01,components,1.0,1.48
tune_2,Testing/cor_adjnoun-w.txt,1.0,0.0,0.0,50,3,0.8,0.01,components,1.0,0.00
tune_3,Testing/cor_adjnoun-w.txt,1.0,0.0,0.0,50,3,0.8,0.01,components,1.0,0.00
tune_4,Testing/cor_adjnoun-w.txt,1.0,0.0,0.0,50,3,0.8,0.01,components,1.0,0.00
tune_5,Testing/cor_adjnoun-w.txt,1.0,0.0,0.0,50,3,0.8,0.01,components,1.0,0.00
tune_6,Testing/cor_adjnoun-w.txt,1.0,0.0,0.0,50,3,0.8,0.01,components,1.0,0.00
tune_7,Testing/cor_adjnoun-w.txt,1.0,0.0,0.0,50,3,0.8,0.01,components,1.0,0.00
tune_8,Testing/cor_adjnoun-w.txt,1.0,0.0,0.0,50,3,0.8,0.01,components,1.0,0.00
tune_9,Testing/cor_adjnoun-w.txt,1.0,0.0,0.0,50,3,0.8,0.01,components,1.0,0.00
tune_10,Testing/cor_adjnoun-w.txt,1.0,0.0,0.0,50,3,0.8,0.01,components,1.0,0.00
tune_1,Testing/cor_celegans_metabolic-w.txt,1.0,0.0,0.0,50,3,0.8,0.01,components,1.0,3.30
tune_2,Testing/cor_celegans_metabolic-w.txt,1.0,0.0,0.0,50,3,0.8,0.01,components,1.0,0.00
tune_3,Testing/cor_celegans_metabolic-w.txt,1.0,0.0,0.0,50,3,0.8,0.01,components,1.0,0.00
tune_4,Testing/cor_celegans_metabolic-w.txt,1.0,0.0,0.0,50,3,0.8,0.01,components,1.0,0.00
tune_5,Testing/cor_celegans_metabolic-w.txt,1.0,0.0,0.0,50,3,0.8,0.01,components,1.0,0.00
tune_6,Testing/cor_celegans_metabolic-w.txt,1.0,0.0,0.0,50,3,0.8,0.01,components,1.0,0.00
tune_7,Testing/cor_celegans_metabolic-w.txt,1.0,0.0,0.0,50,3,0.8,0.01,components,1.0,0.00
tune_8,Testing/cor_celegans_metabolic-w.txt,1.0,0.0,0.0,50,3,0.8,0.01,components,1.0,0.00
tune_9,Testing/cor_celegans_metabolic-w.txt,1.0,0.0,0.0,50,3,0.8,0.01,components,1.0,0.00
tune_10,Testing/cor_celegans_metabolic-w.txt,1.0,0.0,0.0,50,3,0.8,0.01,components,1.0,0.00
tune_1,Testing/cor_celegansneural-w.txt,1.0,0.0,0.0,50,3,0.8,0.01,components,1.0,3.13
tune_2,Testing/cor_celegansneural-w.txt,1.0,0.0,0.0,50,3,0.8,0.01,components,1.0,0.00
tune_3,Testing/cor_celegansneural-w.txt,1.0,0.0,0.0,50,3,0.8,0.01,components,1.0,0.00
tune_4,Testing/cor_celegansneural-w.txt,1.0,0.0,0.0,50,3,0.8,0.01,components,1.0,0.00
tune_5,Testing/cor_celegansneural-w.txt,1.0,0.0,0.0,50,3,0.8,0.01,components,1.0,0.00
tune_6,Testing/cor_celegansneural-w.txt,1.0,0.0,0.0,50,3,0.8,0.01,components,1.0,0.00
tune_7,Testing/cor_celegansneural-w.txt,1.0,0.0,0.0,50,3,0.8,0.01,components,1.0,0.00
tune_8,Testing/cor_celegansneural-w.txt,1.0,0.0,0.0,50,3,0.8,0.01,components,1.0,0.00
tune_9,Testing/cor_celegansneural-w.txt,1.0,0.0,0.0,50,3,0.8,0.01,components,1.0,0.00
tune_10,Testing/cor_celegansneural-w.txt,1.0,0.0,0.0,50,3,0.8,0.01,components,1.0,0.00
tune_1,Testing/cor_dolphins-w.txt,1.0,0.0,0.0,50,3,0.8,0.01,components,1.0,1.29
tune_2,Testing/cor_dolphins-w.txt,1.0,0.0,0.0,50,3,0.8,0.01,components,1.0,0.00
tune_3,Testing/cor_dolphins-w.txt,1.0,0.0,0.0,50,3,0.8,0.01,components,1.0,0.00
tune_4,Testing/cor_dolphins-w.txt,1.0,0.0,0.0,50,3,0.8,0.01,components,1.0,0.00
tune_5,Testing/cor_dolphins-w.txt,1.0,0.0,0.0,50,3,0.8,0.01,components,1.0,0.00
tune_6,Testing/cor_dolphins-w.txt,1.0,0.0,0.0,50,3,0.8,0.01,components,1.0,0.00
tune_7,Testing/cor_dolphins-w.txt,1.0,0.0,0.0,50,3,0.8,0.01,components,1.0,0.00
tune_8,Testing/cor_dolphins-w.txt,1.0,0.0,0.0,50,3,0.8,0.01,components,1.0,0.00
tune_9,Testing/cor_dolphins-w.txt,1.0,0.0,0.0,50,3,0.8,0.01,components,1.0,0.00
tune_10,Testing/cor_dolphins-w.txt,1.0,0.0,0.0,50,3,0.8,0.01,components,1.0,0.00
tune_1,Testing/cor_football-w.txt,1.0,0.0,0.0,50,3,0.8,0.01,components,1.0,1.61
tune_2,Testing/cor_football-w.txt,1.0,0.0,0.0,50,3,0.8,0.01,components,1.0,0.00
tune_3,Testing/cor_football-w.txt,1.0,0.0,0.0,50,3,0.8,0.01,components,1.0,0.00
tune_4,Testing/cor_football-w.txt,1.0,0.0,0.0,50,3,0.8,0.01,components,1.0,0.00
tune_5,Testing/cor_football-w.txt,1.0,0.0,0.0,50,3,0.8,0.01,components,1.0,0.00
tune_6,Testing/cor_football-w.txt,1.0,0.0,0.0,50,3,0.8,0.01,components,1.0,0.00
tune_7,Testing/cor_football-w.txt,1.0,0.0,0.0,50,3,0.8,0.01,components,1.0,0.00
tune_8,Testing/cor_football-w.txt,1.0,0.0,0.0,50,3,0.8,0.01,components,1.0,0.00
tune_9,Testing/cor_football-w.txt,1.0,0.0,0.0,50,3,0.8,0.01,components,1.0,0.00
tune_10,Testing/cor_football-w.txt,1.0,0.0,0.0,50,3,0.8,0.01,components,1.0,0.00
tune_1,Testing/cor_jazz-w.txt,1.0,0.0,0.0,50,3,0.8,0.01,components,1.0,3.67
tune_2,Testing/cor_jazz-w.txt,1.0,0.0,0.0,50,3,0.8,0.01,components,1.0,0.00
tune_3,Testing/cor_jazz-w.txt,1.0,0.0,0.0,50,3,0.8,0.01,components,1.0,0.00
tune_4,Testing/cor_jazz-w.txt,1.0,0.0,0.0,50,3,0.8,0.01,components,1.0,0.00
tune_5,Testing/cor_jazz-w.txt,1.0,0.0,0.0,50,3,0.8,0.01,components,1.0,0.00
tune_6,Testing/cor_jazz-w.txt,1.0,0.0,0.0,50,3,0.8,0.01,components,1.0,0.00
tune_7,Testing/cor_jazz-w.txt,1.0,0.0,0.0,50,3,0.8,0.01,components,1.0,0.00
tune_8,Testing/cor_jazz-w.txt,1.0,0.0,0.0,50,3,0.8,0.01,components,1.0,0.00
tune_9,Testing/cor_jazz-w.txt,1.0,0.0,0.0,50,3,0.8,0.01,components,1.0,0.00
tune_10,Testing/cor_jazz-w.txt,1.0,0.0,0.0,50,3,0.8,0.01,components,1.0,0.00
tune_1,Testing/cor_karate-w.txt,1.0,0.0,0.0,50,3,0.8,0.01,components,1.0,1.23
tune_2,Testing/cor_karate-w.txt,1.0,0.0,0.0,50,3,0.8,0.01,components,1.0,0.00
tune_3,Testing/cor_karate-w.txt,1.0,0.0,0.0,50,3,0.8,0.01,components,1.0,0.00
tune_4,Testing/cor_karate-w.txt,1.0,0.0,0.0,50,3,0.8,0.01,components,1.0,0.00
tune_5,Testing/cor_karate-w.txt,1.0,0.0,0.0,50,3,0.8,0.01,components,1.0,0.00
tune_6,Testing/cor_karate-w.txt,1.0,0.0,0.0,50,3,0.8,0.01,components,1.0,0.00
tune_7,Testing/cor_karate-w.txt,1.0,0.0,0.0,50,3,0.8,0.01,components,1.0,0.00
tune_8,Testing/cor_karate-w.txt,1.0,0.0,0.0,50,3,0.8,0.01,components,1.0,0.00
tune_9,Testing/cor_karate-w.txt,1.0,0.0,0.0,50,3,0.8,0.01,components,1.0,0.00
tune_10,Testing/cor_karate-w.txt,1.0,0.0,0.0,50,3,0.8,0.01,components,1.0,0.00
tune_1,Testing/cor_lesmis-w.txt,1.0,0.0,0.0,50,3,0.8,0.01,components,1.0,1.33
tune_2,Testing/cor_lesmis-w.txt,1.0,0.0,0.0,50,3,0.8,0.01,components,1.0,0.00
tune_3,Testing/cor_lesmis-w.txt,1.0,0.0,0.0,50,3,0.8,0.01,components,1.0,0.00
tune_4,Testing/cor_lesmis-w.txt,1.0,0.0,0.0,50,3,0.8,0.01,components,1.0,0.00
tune_5,Testing/cor_lesmis-w.txt,1.0,0.0,0.0,50,3,0.8,0.01,components,1.0,0.00
tune_6,Testing/cor_lesmis-w.txt,1.0,0.0,0.0,50,3,0.8,0.01,components,1.0,0.00
tune_7,Testing/cor_lesmis-w.txt,1.0,0.0,0.0,50,3,0.8,0.01,components,1.0,0.00
tune_8,Testing/cor_lesmis-w.txt,1.0,0.0,0.0,50,3,0.8,0.01,components,1.0,0.00
tune_9,Testing/cor_lesmis-w.txt,1.0,0.0,0.0,50,3,0.8,0.01,components,1.0,0.00
tune_10,Testing/cor_lesmis-w.txt,1.0,0.0,0.0,50,3,0.8,0.01,components,1.0,0.00
tune_1,Testing/cor_n050plai01.txt,1.0,0.0,0.0,50,3,0.8,0.01,components,1.0,1.22
tune_2,Testing/cor_n050plai01.txt,1.0,0.0,0.0,50,3,0.8,0.01,components,1.0,0.00
tune_3,Testing/cor_n050plai01.txt,1.0,0.0,0.0,50,3,0.8,0.01,components,1.0,0.00
tune_4,Testing/cor_n050plai01.txt,1.0,0.0,0.0,50,3,0.8,0.01,components,1.0,0.00
tune_5,Testing/cor_n050plai01.txt,1.0,0.0,0.0,50,3,0.8,0.01,components,1.0,0.00
tune_6,Testing/cor_n050plai01.txt,1.0,0.0,0.0,50,3,0.8,0.01,components,1.0,0.00
tune_7,Testing/cor_n050plai01.txt,1.0,0.0,0.0,50,3,0.8,0.01,components,1.0,0.00
tune_8,Testing/cor_n050plai01.txt,1.0,0.0,0.0,50,3,0.8,0.01,components,1.0,0.00
tune_9,Testing/cor_n050plai01.txt,1.0,0.0,0.0,50,3,0.8,0.01,components,1.0,0.00
tune_10,Testing/cor_n050plai01.txt,1.0,0.0,0.0,50,3,0.8,0.01,components,1.0,0.00
tune_1,Testing/cor_n100plai01.txt,1.0,0.0,0.0,50,3,0.8,0.01,components,1.0,1.35
tune_2,Testing/cor_n100plai01.txt,1.0,0.0,0.0,50,3,0.8,0.01,components,1.0,0.00
tune_3,Testing/cor_n100plai01.txt,1.0,0.0,0.0,50,3,0.8,0.01,components,1.0,0.00
tune_4,Testing/cor_n100plai01.txt,1.0,0.0,0.0,50,3,0.8,0.01,components,1.0,0.00
tune_5,Testing/cor_n100plai01.txt,1.0,0.0,0.0,50,3,0.8,0.01,components,1.0,0.00
tune_6,Testing/cor_n100plai01.txt,1.0,0.0,0.0,50,3,0.8,0.01,components,1.0,0.00
tune_7,Testing/cor_n100plai01.txt,1.0,0.0,0.0,50,3,0.8,0.01,components,1.0,0.00
tune_8,Testing/cor_n100plai01.txt,1.0,0.0,0.0,50,3,0.8,0.01,components,1.0,0.00
tune_9,Testing/cor_n100plai01.txt,1.0,0.0,0.0,50,3,0.8,0.01,components,1.0,0.00
tune_10,Testing/cor_n100plai01.txt,1.0,0.0,0.0,50,3,0.8,0.01,components,1.0,0.00
tune_1,Testing/cor_n150plai01.txt,1.0,0.0,0.0,50,3,0.8,0.01,components,1.0,1.58
tune_2,Testing/cor_n150plai01.txt,1.0,0.0,0.0,50,3,0.8,0.01,components,1.0,0.00
tune_3,Testing/cor_n150plai01.txt,1.0,0.0,0.0,50,3,0.8,0.01,components,1.0,0.00
tune_4,Testing/cor_n150plai01.txt,1.0,0.0,0.0,50,3,0.8,0.01,components,1.0,0.00
tune_5,Testing/cor_n150plai01.txt,1.0,0.0,0.0,50,3,0.8,0.01,components,1.0,0.00
tune_6,Testing/cor_n150plai01.txt,1.0,0.0,0.0,50,3,0.8,0.01,components,1.0,0.00
tune_7,Testing/cor_n150plai01.txt,1.0,0.0,0.0,50,3,0.8,0.01,components,1.0,0.00
tune_8,Testing/cor_n150plai01.txt,1.0,0.0,0.0,50,3,0.8,0.01,components,1.0,0.00
tune_9,Testing/cor_n150plai01.txt,1.0,0.0,0.0,50,3,0.8,0.01,components,1.0,0.00
tune_10,Testing/cor_n150plai01.txt,1.0,0.0,0.0,50,3,0.8,0.01,components,1.0,0.00
tune_1,Testing/cor_n200plai01.txt,1.0,0.0,0.0,50,3,0.8,0.01,components,1.0,1.71
tune_2,Testing/cor_n200plai01.txt,1.0,0.0,0.0,50,3,0.8,0.01,components,1.0,0.00
tune_3,Testing/cor_n200plai01.txt,1.0,0.0,0.0,50,3,0.8,0.01,components,1.0,0.00
tune_4,Testing/cor_n200plai01.txt,1.0,0.0,0.0,50,3,0.8,0.01,components,1.0,0.00
tune_5,Testing/cor_n200plai01.txt,1.0,0.0,0.0,50,3,0.8,0.01,components,1.0,0.00
tune_6,Testing/cor_n200plai01.txt,1.0,0.0,0.0,50,3,0.8,0.01,components,1.0,0.00
tune_7,Testing/cor_n200plai01.txt,1.0,0.0,0.0,50,3,0.8,0.01,components,1.0,0.00
tune_8,Testing/cor_n200plai01.txt,1.0,0.0,0.0,50,3,0.8,0.01,components,1.0,0.00
tune_9,Testing/cor_n200plai01.txt,1.0,0.0,0.0,50,3,0.8,0.01,components,1.0,0.00
tune_10,Testing/cor_n200plai01.txt,1.0,0.0,0.0,50,3,0.8,0.01,components,1.0,0.00
tune_1,Testing/cor_n250plai01.txt,1.0,0.0,0.0,50,3,0.8,0.01,components,1.0,1.97
tune_2,Testing/cor_n250plai01.txt,1.0,0.0,0.0,50,3,0.8,0.01,components,1.0,0.00
tune_3,Testing/cor_n250plai01.txt,1.0,0.0,0.0,50,3,0.8,0.01,components,1.0,0.00
tune_4,Testing/cor_n250plai01.txt,1.0,0.0,0.0,50,3,0.8,0.01,components,1.0,0.00
tune_5,Testing/cor_n250plai01.txt,1.0,0.0,0.0,50,3,0.8,0.01,components,1.0,0.00
tune_6,Testing/cor_n250plai01.txt,1.0,0.0,0.0,50,3,0.8,0.01,components,1.0,0.00
tune_7,Testing/cor_n250plai01.txt,1.0,0.0,0.0,50,3,0.8,0.01,components,1.0,0.00
tune_8,Testing/cor_n250plai01.txt,1.0,0.0,0.0,50,3,0.8,0.01,components,1.0,0.00
tune_9,Testing/cor_n250plai01.txt,1.0,0.0,0.0,50,3,0.8,0.01,components,1.0,0.00
tune_10,Testing/cor_n250plai01.txt,1.0,0.0,0.0,50,3,0.8,0.01,components,1.0,0.00
tune_1,Testing/cor_n300plai01.txt,1.0,0.0,0.0,50,3,0.8,0.01,components,1.0,2.08
tune_2,Testing/cor_n300plai01.txt,1.0,0.0,0.0,50,3,0.8,0.01,components,1.0,0.00
tune_3,Testing/cor_n300plai01.txt,1.0,0.0,0.0,50,3,0.8,0.01,components,1.0,0.00
tune_4,Testing/cor_n300plai01.txt,1.0,0.0,0.0,50,3,0.8,0.01,components,1.0,0.00
tune_5,Testing/cor_n300plai01.txt,1.0,0.0,0.0,50,3,0.8,0.01,components,1.0,0.00
tune_6,Testing/cor_n300plai01.txt,1.0,0.0,0.0,50,3,0.8,0.01,components,1.0,0.00
tune_7,Testing/cor_n300plai01.txt,1.0,0.0,0.0,50,3,0.8,0.01,components,1.0,0.00
tune_8,Testing/cor_n300plai01.txt,1.0,0.0,0.0,50,3,0.8,0.01,components,1.0,0.00
tune_9,Testing/cor_n300plai01.txt,1.0,0.0,0.0,50,3,0.8,0.01,components,1.0,0.00
tune_10,Testing/cor_n300plai01.txt,1.0,0.0,0.0,50,3,0.8,0.01,components,1.0,0.00
tune_1,Testing/cor_n350plai01.txt,1.0,0.0,0.0,50,3,0.8,0.01,components,1.0,2.27
tune_2,Testing/cor_n350plai01.txt,1.0,0.0,0.0,50,3,0.8,0.01,components,1.0,0.00
tune_3,Testing/cor_n350plai01.txt,1.0,0.0,0.0,50,3,0.8,0.01,components,1.0,0.00
tune_4,Testing/cor_n350plai01.txt,1.0,0.0,0.0,50,3,0.8,0.01,components,1.0,0.00
tune_5,Testing/cor_n350plai01.txt,1.0,0.0,0.0,50,3,0.8,0.01,components,1.0,0.00
tune_6,Testing/cor_n350plai01.txt,1.0,0.0,0.0,50,3,0.8,0.01,components,1.0,0.00
tune_7,Testing/cor_n350plai01.txt,1.0,0.0,0.0,50,3,0.8,0.01,components,1.0,0.00
tune_8,Testing/cor_n350plai01.txt,1.0,0.0,0.0,50,3,0.8,0.01,components,1.0,0.00
tune_9,Testing/cor_n350plai01.txt,1.0,0.0,0.0,50,3,0.8,0.01,components,1.0,0.00
tune_10,Testing/cor_n350plai01.txt,1.0,0.0,0.0,50,3,0.8,0.01,components,1.0,0.00
tune_1,Testing/cor_polbooks-w.txt,1.0,0.0,0.0,50,3,0.8,0.01,components,1.0,1.50
tune_2,Testing/cor_polbooks-w.txt,1.0,0.0,0.0,50,3,0.8,0.01,components,1.0,0.00
tune_3,Testing/cor_polbooks-w.txt,1.0,0.0,0.0,50,3,0.8,0.01,components,1.0,0.00
tune_4,Testing/cor_polbooks-w.txt,1.0,0.0,0.0,50,3,0.8,0.01,components,1.0,0.00
tune_5,Testing/cor_polbooks-w.txt,1.0,0.0,0.0,50,3,0.8,0.01,components,1.0,0.00
tune_6,Testing/cor_polbooks-w.txt,1.0,0.0,0.0,50,3,0.8,0.01,components,1.0,0.00
tune_7,Testing/cor_polbooks-w.txt,1.0,0.0,0.0,50,3,0.8,0.01,components,1.0,0.00
tune_8,Testing/cor_polbooks-w.txt,1.0,0.0,0.0,50,3,0.8,0.01,components,1.0,0.00
tune_9,Testing/cor_polbooks-w.txt,1.0,0.0,0.0,50,3,0.8,0.01,components,1.0,0.00
tune_10,Testing/cor_polbooks-w.txt,1.0,0.0,0.0,50,3,0.8,0.01,components,1.0,0.00
tune_1,Testing/hos_20_r1_1.txt,1.0,0.0,0.0,50,3,0.8,0.01,components,1.0,1.09
tune_2,Testing/hos_20_r1_1.txt,1.0,0.0,0.0,50,3,0.8,0.01,components,1.0,0.00
tune_3,Testing/hos_20_r1_1.txt,1.0,0.0,0.0,50,3,0.8,0.01,components,1.0,0.00
tune_4,Testing/hos_20_r1_1.txt,1.0,0.0,0.0,50,3,0.8,0.01,components,1.0,0.00
tune_5,Testing/hos_20_r1_1.txt,1.0,0.0,0.0,50,3,0.8,0.01,components,1.0,0.00
tune_6,Testing/hos_20_r1_1.txt,1.0,0.0,0.0,50,3,0.8,0.01,components,1.0,0.00
tune_7,Testing/hos_20_r1_1.txt,1.0,0.0,0.0,50,3,0.8,0.01,components,1.0,0.00
tune_8,Testing/hos_20_r1_1.txt,1.0,0.0,0.0,50,3,0.8,0.01,components,1.0,0.00
tune_9,Testing/hos_20_r1_1.txt,1.0,0.0,0.0,50,3,0.8,0.01,components,1.0,0.00
tune_10,Testing/hos_20_r1_1.txt,1.0,0.0,0.0,50,3,0.8,0.01,components,1.0,0.00
tune_1,Testing/hos_20_r2_1.txt,1.0,0.0,0.0,50,3,0.8,0.01,components,1.0,1.15
tune_2,Testing/hos_20_r2_1.txt,1.0,0.0,0.0,50,3,0.8,0.01,components,1.0,0.00
tune_3,Testing/hos_20_r2_1.txt,1.0,0.0,0.0,50,3,0.8,0.01,components,1.0,0.00
tune_4,Testing/hos_20_r2_1.txt,1.0,0.0,0.0,50,3,0.8,0.01,components,1.0,0.00
tune_5,Testing/hos_20_r2_1.txt,1.0,0.0,0.0,50,3,0.8,0.01,components,1.0,0.00
tune_6,Testing/hos_20_r2_1.txt,1.0,0.0,0.0,50,3,0.8,0.01,components,1.0,0.00
tune_7,Testing/hos_20_r2_1.txt,1.0,0.0,0.0,50,3,0.8,0.01,components,1.0,0.00
tune_8,Testing/hos_20_r2_1.txt,1.0,0.0,0.0,50,3,0.8,0.01,components,1.0,0.00
tune_9,Testing/hos_20_r2_1.txt,1.0,0.0,0.0,50,3,0.8,0.01,components,1.0,0.00
tune_10,Testing/hos_20_r2_1.txt,1.0,0.0,0.0,50,3,0.8,0.01,components,1.0,0.00
tune_1,Testing/hos_25_r1_1.txt,1.0,0.0,0.0,50,3,0.8,0.01,components,1.0,1.18
tune_2,Testing/hos_25_r1_1.txt,1.0,0.0,0.0,50,3,0.8,0.01,components,1.0,0.00
tune_3,Testing/hos_25_r1_1.txt,1.0,0.0,0.0,50,3,0.8,0.01,components,1.0,0.00
tune_4,Testing/hos_25_r1_1.txt,1.0,0.0,0.0,50,3,0.8,0.01,components,1.0,0.00
tune_5,Testing/hos_25_r1_1.txt,1.0,0.0,0.0,50,3,0.8,0.01,components,1.0,0.00
tune_6,Testing/hos_25_r1_1.txt,1.0,0.0,0.0,50,3,0.8,0.01,components,1.0,0.00
tune_7,Testing/hos_25_r1_1.txt,1.0,0.0,0.0,50,3,0.8,0.01,components,1.0,0.00
tune_8,Testing/hos_25_r1_1.txt,1.0,0.0,0.0,50,3,0.8,0.01,components,1.0,0.00
tune_9,Testing/hos_25_r1_1.txt,1.0,0.0,0.0,50,3,0.8,0.01,components,1.0,0.00
tune_10,Testing/hos_25_r1_1.txt,1.0,0.0,0.0,50,3,0.8,0.01,components,1.0,0.00
tune_1,Testing/hos_25_r2_1.txt,1.0,0.0,0.0,50,3,0.8,0.01,components,1.0,1.17
tune_2,Testing/hos_25_r2_1.txt,1.0,0.0,0.0,50,3,0.8,0.01,components,1.0,0.00
tune_3,Testing/hos_25_r2_1.txt,1.0,0.0,0.0,50,3,0.8,0.01,components,1.0,0.00
tune_4,Testing/hos_25_r2_1.txt,1.0,0.0,0.0,50,3,0.8,0.01,components,1.0,0.00
tune_5,Testing/hos_25_r2_1.txt,1.0,0.0,0.0,50,3,0.8,0.01,components,1.0,0.00
tune_6,Testing/hos_25_r2_1.txt,1.0,0.0,0.0,50,3,0.8,0.01,components,1.0,0.00
tune_7,Testing/hos_25_r2_1.txt,1.0,0.0,0.0,50,3,0.8,0.01,components,1.0,0.00
tune_8,Testing/hos_25_r2_1.txt,1.0,0.0,0.0,50,3,0.8,0.01,components,1.0,0.00
tune_9,Testing/hos_25_r2_1.txt,1.0,0.0,0.0,50,3,0.8,0.01,components,1.0,0.00
tune_10,Testing/hos_25_r2_1.txt,1.0,0.0,0.0,50,3,0.8,0.01,components,1.0,0.00
tune_1,Testing/hos_30_r1_1.txt,1.0,0.0,0.0,50,3,0.8,0.01,components,1.0,1.19
tune_2,Testing/hos_30_r1_1.txt,1.0,0.0,0.0,50,3,0.8,0.01,components,1.0,0.00
tune_3,Testing/hos_30_r1_1.txt,1.0,0.0,0.0,50,3,0.8,0.01,components,1.0,0.00
tune_4,Testing/hos_30_r1_1.txt,1.0,0.0,0.0,50,3,0.8,0.01,components,1.0,0.00
tune_5,Testing/hos_30_r1_1.txt,1.0,0.0,0.0,50,3,0.8,0.01,components,1.0,0.00
tune_6,Testing/hos_30_r1_1.txt,1.0,0.0,0.0,50,3,0.8,0.01,components,1.0,0.00
tune_7,Testing/hos_30_r1_1.txt,1.0,0.0,0.0,50,3,0.8,0.01,components,1.0,0.00
tune_8,Testing/hos_30_r1_1.txt,1.0,0.0,0.0,50,3,0.8,0.01,components,1.0,0.00
tune_9,Testing/hos_30_r1_1.txt,1.0,0.0,0.0,50,3,0.8,0.01,components,1.0,0.00
tune_10,Testing/hos_30_r1_1.txt,1.0,0.0,0.0,50,3,0.8,0.01,components,1.0,0.00
tune_1,Testing/hos_30_r2_1.txt,1.0,0.0,0.0,50,3,0.8,0.01,components,1.0,1.18
tune_2,Testing/hos_30_r2_1.txt,1.0,0.0,0.0,50,3,0.8,0.01,components,1.0,0.00
tune_3,Testing/hos_30_r2_1.txt,1.0,0.0,0.0,50,3,0.8,0.01,components,1.0,0.00
tune_4,Testing/hos_30_r2_1.txt,1.0,0.0,0.0,50,3,0.8,0.01,components,1.0,0.00
tune_5,Testing/hos_30_r2_1.txt,1.0,0.0,0.0,50,3,0.8,0.01,components,1.0,0.00
tune_6,Testing/hos_30_r2_1.txt,1.0,0.0,0.0,50,3,0.8,0.01,components,1.0,0.00
tune_7,Testing/hos_30_r2_1.txt,1.0,0.0,0.0,50,3,0.8,0.01,components,1.0,0.00
tune_8,Testing/hos_30_r2_1.txt,1.0,0.0,0.0,50,3,0.8,0.01,components,1.0,0.00
tune_9,Testing/hos_30_r2_1.txt,1.0,0.0,0.0,50,3,0.8,0.01,components,1.0,0.00
tune_10,Testing/hos_30_r2_1.txt,1.0,0.0,0.0,50,3,0.8,0.01,components,1.0,0.00
tune_1,Testing/hos_35_r1_1.txt,1.0,0.0,0.0,50,3,0.8,0.01,components,1.0,1.21
tune_2,Testing/hos_35_r1_1.txt,1.0,0.0,0.0,50,3,0.8,0.01,components,1.0,0.00
tune_3,Testing/hos_35_r1_1.txt,1.0,0.0,0.0,50,3,0.8,0.01,components,1.0,0.00
tune_4,Testing/hos_35_r1_1.txt,1.0,0.0,0.0,50,3,0.8,0.01,components,1.0,0.00
tune_5,Testing/hos_35_r1_1.txt,1.0,0.0,0.0,50,3,0.8,0.01,components,1.0,0.00
tune_6,Testing/hos_35_r1_1.txt,1.0,0.0,0.0,50,3,0.8,0.01,components,1.0,0.00
tune_7,Testing/hos_35_r1_1.txt,1.0,0.0,0.0,50,3,0.8,0.01,components,1.0,0.00
tune_8,Testing/hos_35_r1_1.txt,1.0,0.0,0.0,50,3,0.8,0.01,components,1.0,0.00
tune_9,Testing/hos_35_r1_1.txt,1.0,0.0,0.0,50,3,0.8,0.01,components,1.0,0.00
tune_10,Testing/hos_35_r1_1.txt,1.0,0.0,0.0,50,3,0.8,0.01,components,1.0,0.00
tune_1,Testing/hos_35_r2_1.txt,1.0,0.0,0.0,50,3,0.8,0.01,components,1.0,1.22
tune_2,Testing/hos_35_r2_1.txt,1.0,0.0,0.0,50,3,0.8,0.01,components,1.0,0.00
tune_3,Testing/hos_35_r2_1.txt,1.0,0.0,0.0,50,3,0.8,0.01,components,1.0,0.00
tune_4,Testing/hos_35_r2_1.txt,1.0,0.0,0.0,50,3,0.8,0.01,components,1.0,0.00
tune_5,Testing/hos_35_r2_1.txt,1.0,0.0,0.0,50,3,0.8,0.01,components,1.0,0.00
tune_6,Testing/hos_35_r2_1.txt,1.0,0.0,0.0,50,3,0.8,0.01,components,1.0,0.00
tune_7,Testing/hos_35_r2_1.txt,1.0,0.0,0.0,50,3,0.8,0.01,components,1.0,0.00
tune_8,Testing/hos_35_r2_1.txt,1.0,0.0,0.0,50,3,0.8,0.01,components,1.0,0.00
tune_9,Testing/hos_35_r2_1.txt,1.0,0.0,0.0,50,3,0.8,0.01,components,1.0,0.00
tune_10,Testing/hos_35_r2_1.txt,1.0,0.0,0.0,50,3,0.8,0.01,components,1.0,0.00
tune_1,Testing/hos_40_r1_1.txt,1.0,0.0,0.0,50,3,0.8,0.01,components,1.0,1.19
tune_2,Testing/hos_40_r1_1.txt,1.0,0.0,0.0,50,3,0.8,0.01,components,1.0,0.00
tune_3,Testing/hos_40_r1_1.txt,1.0,0.0,0.0,50,3,0.8,0.01,components,1.0,0.00
tune_4,Testing/hos_40_r1_1.txt,1.0,0.0,0.0,50,3,0.8,0.01,components,1.0,0.00
tune_5,Testing/hos_40_r1_1.txt,1.0,0.0,0.0,50,3,0.8,0.01,components,1.0,0.00
tune_6,Testing/hos_40_r1_1.txt,1.0,0.0,0.0,50,3,0.8,0.01,components,1.0,0.00
tune_7,Testing/hos_40_r1_1.txt,1.0,0.0,0.0,50,3,0.8,0.01,components,1.0,0.00
tune_8,Testing/hos_40_r1_1.txt,1.0,0.0,0.0,50,3,0.8,0.01,components,1.0,0.00
tune_9,Testing/hos_40_r1_1.txt,1.0,0.0,0.0,50,3,0.8,0.01,components,1.0,0.00
tune_10,Testing/hos_40_r1_1.txt,1.0,0.0,0.0,50,3,0.8,0.01,components,1.0,0.00
tune_1,Testing/hos_40_r2_1.txt,1.0,0.0,0.0,50,3,0.8,0.01,components,1.0,1.19
tune_2,Testing/hos_40_r2_1.txt,1.0,0.0,0.0,50,3,0.8,0.01,components,1.0,0.00
tune_3,Testing/hos_40_r2_1.txt,1.0,0.0,0.0,50,3,0.8,0.01,components,1.0,0.00
tune_4,Testing/hos_40_r2_1.txt,1.0,0.0,0.0,50,3,0.8,0.01,components,1.0,0.00
tune_5,Testing/hos_40_r2_1.txt,1.0,0.0,0.0,50,3,0.8,0.01,components,1.0,0.00
tune_6,Testing/hos_40_r2_1.txt,1.0,0.0,0.0,50,3,0.8,0.01,components,1.0,0.00
tune_7,Testing/hos_40_r2_1.txt,1.0,0.0,0.0,50,3,0.8,0.01,components,1.0,0.00
tune_8,Testing/hos_40_r2_1.txt,1.0,0.0,0.0,50,3,0.8,0.01,components,1.0,0.00
tune_9,Testing/hos_40_r2_1.txt,1.0,0.0,0.0,50,3,0.8,0.01,components,1.0,0.00
tune_10,Testing/hos_40_r2_1.txt,1.0,0.0,0.0,50,3,0.8,0.01,components,1.0,0.00
tune_1,Testing/hos_45_r1_1.txt,1.0,0.0,0.0,50,3,0.8,0.01,components,1.0,1.19
tune_2,Testing/hos_45_r1_1.txt,1.0,0.0,0.0,50,3,0.8,0.01,components,1.0,0.00
tune_3,Testing/hos_45_r1_1.txt,1.0,0.0,0.0,50,3,0.8,0.01,components,1.0,0.00
tune_4,Testing/hos_45_r1_1.txt,1.0,0.0,0.0,50,3,0.8,0.01,components,1.0,0.00
tune_5,Testing/hos_45_r1_1.txt,1.0,0.0,0.0,50,3,0.8,0.01,components,1.0,0.00
tune_6,Testing/hos_45_r1_1.txt,1.0,0.0,0.0,50,3,0.8,0.01,components,1.0,0.00
tune_7,Testing/hos_45_r1_1.txt,1.0,0.0,0.0,50,3,0.8,0.01,components,1.0,0.00
tune_8,Testing/hos_45_r1_1.txt,1.0,0.0,0.0,50,3,0.8,0.01,components,1.0,0.00
tune_9,Testing/hos_45_r1_1.txt,1.0,0.0,0.0,50,3,0.8,0.01,components,1.0,0.00
tune_10,Testing/hos_45_r1_1.txt,1.0,0.0,0.0,50,3,0.8,0.01,components,1.0,0.00
tune_1,Testing/hos_45_r2_1.txt,1.0,0.0,0.0,50,3,0.8,0.01,components,1.0,1.29
tune_2,Testing/hos_45_r2_1.txt,1.0,0.0,0.0,50,3,0.8,0.01,components,1.0,0.00
tune_3,Testing/hos_45_r2_1.txt,1.0,0.0,0.0,50,3,0.8,0.01,components,1.0,0.00
tune_4,Testing/hos_45_r2_1.txt,1.0,0.0,0.0,50,3,0.8,0.01,components,1.0,0.00
tune_5,Testing/hos_45_r2_1.txt,1.0,0.0,0.0,50,3,0.8,0.01,components,1.0,0.00
tune_6,Testing/hos_45_r2_1.txt,1.0,0.0,0.0,50,3,0.8,0.01,components,1.0,0.00
tune_7,Testing/hos_45_r2_1.txt,1.0,0.0,0.0,50,3,0.8,0.01,components,1.0,0.00
tune_8,Testing/hos_45_r2_1.txt,1.0,0.0,0.0,50,3,0.8,0.01,components,1.0,0.00
tune_9,Testing/hos_45_r2_1.txt,1.0,0.0,0.0,50,3,0.8,0.01,components,1.0,0.00
tune_10,Testing/hos_45_r2_1.txt,1.0,0.0,0.0,50,3,0.8,0.01,components,1.0,0.00
tune_1,Testing/hos_50_r1_1.txt,1.0,0.0,0.0,50,3,0.8,0.01,components,1.0,1.23
tune_2,Testing/hos_50_r1_1.txt,1.0,0.0,0.0,50,3,0.8,0.01,components,1.0,0.00
tune_3,Testing/hos_50_r1_1.txt,1.0,0.0,0.0,50,3,0.8,0.01,components,1.0,0.00
tune_4,Testing/hos_50_r1_1.txt,1.0,0.0,0.0,50,3,0.8,0.01,components,1.0,0.00
tune_5,Testing/hos_50_r1_1.txt,1.0,0.0,0.0,50,3,0.8,0.01,components,1.0,0.00
tune_6,Testing/hos_50_r1_1.txt,1.0,0.0,0.0,50,3,0.8,0.01,components,1.0,0.00
tune_7,Testing/hos_50_r1_1.txt,1.0,0.0,0.0,50,3,0.8,0.01,components,1.0,0.00
tune_8,Testing/hos_50_r1_1.txt,1.0,0.0,0.0,50,3,0.8,0.01,components,1.0,0.00
tune_9,Testing/hos_50_r1_1.txt,1.0,0.0,0.0,50,3,0.8,0.01,components,1.0,0.00
tune_10,Testing/hos_50_r1_1.txt,1.0,0.0,0.0,50,3,0.8,0.01,components,1.0,0.00
tune_1,Testing/hos_50_r2_1.txt,1.0,0.0,0.0,50,3,0.8,0.01,components,1.0,1.36
tune_2,Testing/hos_50_r2_1.txt,1.0,0.0,0.0,50,3,0.8,0.01,components,1.0,0.00
tune_3,Testing/hos_50_r2_1.txt,1.0,0.0,0.0,50,3,0.8,0.01,components,1.0,0.00
tune_4,Testing/hos_50_r2_1.txt,1.0,0.0,0.0,50,3,0.8,0.01,components,1.0,0.00
tune_5,Testing/hos_50_r2_1.txt,1.0,0.0,0.0,50,3,0.8,0.01,components,1.0,0.00
tune_6,Testing/hos_50_r2_1.txt,1.0,0.0,0.0,50,3,0.8,0.01,components,1.0,0.00
tune_7,Testing/hos_50_r2_1.txt,1.0,0.0,0.0,50,3,0.8,0.01,components,1.0,0.00
tune_8,Testing/hos_50_r2_1.txt,1.0,0.0,0.0,50,3,0.8,0.01,components,1.0,0.00
tune_9,Testing/hos_50_r2_1.txt,1.0,0.0,0.0,50,3,0.8,0.01,components,1.0,0.00
tune_10,Testing/hos_50_r2_1.txt,1.0,0.0,0.0,50,3,0.8,0.01,components,1.0,0.00
tune_1,Testing/mac_grafo10dens30.txt,1.0,0.0,0.0,50,3,0.8,0.01,components,1.0,1.10
tune_2,Testing/mac_grafo10dens30.txt,1.0,0.0,0.0,50,3,0.8,0.01,components,1.0,0.00
tune_3,Testing/mac_grafo10dens30.txt,1.0,0.0,0.0,50,3,0.8,0.01,components,1.0,0.00
tune_4,Testing/mac_grafo10dens30.txt,1.0,0.0,0.0,50,3,0.8,0.01,components,1.0,0.00
tune_5,Testing/mac_grafo10dens30.txt,1.0,0.0,0.0,50,3,0.8,0.01,components,1.0,0.00
tune_6,Testing/mac_grafo10dens30.txt,1.0,0.0,0.0,50,3,0.8,0.01,components,1.0,0.00
tune_7,Testing/mac_grafo10dens30.txt,1.0,0.0,0.0,50,3,0.8,0.01,components,1.0,0.00
tune_8,Testing/mac_grafo10dens30.txt,1.0,0.0,0.0,50,3,0.8,0.01,components,1.0,0.00
tune_9,Testing/mac_grafo10dens30.txt,1.0,0.0,0.0,50,3,0.8,0.01,components,1.0,0.00
tune_10,Testing/mac_grafo10dens30.txt,1.0,0.0,0.0,50,3,0.8,0.01,components,1.0,0.00
tune_1,Testing/mac_grafo11dens30.txt,1.0,0.0,0.0,50,3,0.8,0.01,components,1.0,1.11
tune_2,Testing/mac_grafo11dens30.txt,1.0,0.0,0.0,50,3,0.8,0.01,components,1.0,0.00
tune_3,Testing/mac_grafo11dens30.txt,1.0,0.0,0.0,50,3,0.8,0.01,components,1.0,0.00
tune_4,Testing/mac_grafo11dens30.txt,1.0,0.0,0.0,50,3,0.8,0.01,components,1.0,0.00
tune_5,Testing/mac_grafo11dens30.txt,1.0,0.0,0.0,50,3,0.8,0.01,components,1.0,0.00
tune_6,Testing/mac_grafo11dens30.txt,1.0,0.0,0.0,50,3,0.8,0.01,components,1.0,0.00
tune_7,Testing/mac_grafo11dens30.txt,1.0,0.0,0.0,50,3,0.8,0.01,components,1.0,0.00
tune_8,Testing/mac_grafo11dens30.txt,1.0,0.0,0.0,50,3,0.8,0.01,components,1.0,0.00
tune_9,Testing/mac_grafo11dens30.txt,1.0,0.0,0.0,50,3,0.8,0.01,components,1.0,0.00
tune_10,Testing/mac_grafo11dens30.txt,1.0,0.0,0.0,50,3,0.8,0.01,components,1.0,0.00
tune_1,Testing/mac_grafo12dens30.txt,1.0,0.0,0.0,50,3,0.8,0.01,components,1.0,1.10
tune_2,Testing/mac_grafo12dens30.txt,1.0,0.0,0.0,50,3,0.8,0.01,components,1.0,0.00
tune_3,Testing/mac_grafo12dens30.txt,1.0,0.0,0.0,50,3,0.8,0.01,components,1.0,0.00
tune_4,Testing/mac_grafo12dens30.txt,1.0,0.0,0.0,50,3,0.8,0.01,components,1.0,0.00
tune_5,Testing/mac_grafo12dens30.txt,1.0,0.0,0.0,50,3,0.8,0.01,components,1.0,0.00
tune_6,Testing/mac_grafo12dens30.txt,1.0,0.0,0.0,50,3,0.8,0.01,components,1.0,0.00
tune_7,Testing/mac_grafo12dens30.txt,1.0,0.0,0.0,50,3,0.8,0.01,components,1.0,0.00
tune_8,Testing/mac_grafo12dens30.txt,1.0,0.0,0.0,50,3,0.8,0.01,components,1.0,0.00
tune_9,Testing/mac_grafo12dens30.txt,1.0,0.0,0.0,50,3,0.8,0.01,components,1.0,0.00
tune_10,Testing/mac_grafo12dens30.txt,1.0,0.0,0.0,50,3,0.8,0.01,components,1.0,0.00
tune_1,Testing/mac_grafo13dens30.txt,1.0,0.0,0.0,50,3,0.8,0.01,components,1.0,1.10
tune_2,Testing/mac_grafo13dens30.txt,1.0,0.0,0.0,50,3,0.8,0.01,components,1.0,0.00
tune_3,Testing/mac_grafo13dens30.txt,1.0,0.0,0.0,50,3,0.8,0.01,components,1.0,0.00
tune_4,Testing/mac_grafo13dens30.txt,1.0,0.0,0.0,50,3,0.8,0.01,components,1.0,0.00
tune_5,Testing/mac_grafo13dens30.txt,1.0,0.0,0.0,50,3,0.8,0.01,components,1.0,0.00
tune_6,Testing/mac_grafo13dens30.txt,1.0,0.0,0.0,50,3,0.8,0.01,components,1.0,0.00
tune_7,Testing/mac_grafo13dens30.txt,1.0,0.0,0.0,50,3,0.8,0.01,components,1.0,0.00
tune_8,Testing/mac_grafo13dens30.txt,1.0,0.0,0.0,50,3,0.8,0.01,components,1.0,0.00
tune_9,Testing/mac_grafo13dens30.txt,1.0,0.0,0.0,50,3,0.8,0.01,components,1.0,0.00
tune_10,Testing/mac_grafo13dens30.txt,1.0,0.0,0.0,50,3,0.8,0.01,components,1.0,0.00
tune_1,Testing/mac_grafo14dens30.txt,1.0,0.0,0.0,50,3,0.8,0.01,components,1.0,1.09
tune_2,Testing/mac_grafo14dens30.txt,1.0,0.0,0.0,50,3,0.8,0.01,components,1.0,0.00
tune_3,Testing/mac_grafo14dens30.txt,1.0,0.0,0.0,50,3,0.8,0.01,components,1.0,0.00
tune_4,Testing/mac_grafo14dens30.txt,1.0,0.0,0.0,50,3,0.8,0.01,components,1.0,0.00
tune_5,Testing/mac_grafo14dens30.txt,1.0,0.0,0.0,50,3,0.8,0.01,components,1.0,0.00
tune_6,Testing/mac_grafo14dens30.txt,1.0,0.0,0.0,50,3,0.8,0.01,components,1.0,0.00
tune_7,Testing/mac_grafo14dens30.txt,1.0,0.0,0.0,50,3,0.8,0.01,components,1.0,0.00
tune_8,Testing/mac_grafo14dens30.txt,1.0,0.0,0.0,50,3,0.8,0.01,components,1.0,0.00
tune_9,Testing/mac_grafo14dens30.txt,1.0,0.0,0.0,50,3,0.8,0.01,components,1.0,0.00
tune_10,Testing/mac_grafo14dens30.txt,1.0,0.0,0.0,50,3,0.8,0.01,components,1.0,0.00
tune_1,Testing/mac_grafo15dens30.txt,1.0,0.0,0.0,50,3,0.8,0.01,components,1.0,1.17
tune_2,Testing/mac_grafo15dens30.txt,1.0,0.0,0.0,50,3,0.8,0.01,components,1.0,0.00
tune_3,Testing/mac_grafo15dens30.txt,1.0,0.0,0.0,50,3,0.8,0.01,components,1.0,0.00
tune_4,Testing/mac_grafo15dens30.txt,1.0,0.0,0.0,50,3,0.8,0.01,components,1.0,0.00
tune_5,Testing/mac_grafo15dens30.txt,1.0,0.0,0.0,50,3,0.8,0.01,components,1.0,0.00
tune_6,Testing/mac_grafo15dens30.txt,1.0,0.0,0.0,50,3,0.8,0.01,components,1.0,0.00
tune_7,Testing/mac_grafo15dens30.txt,1.0,0.0,0.0,50,3,0.8,0.01,components,1.0,0.00
tune_8,Testing/mac_grafo15dens30.txt,1.0,0.0,0.0,50,3,0.8,0.01,components,1.0,0.00
tune_9,Testing/mac_grafo15dens30.txt,1.0,0.0,0.0,50,3,0.8,0.01,components,1.0,0.00
tune_10,Testing/mac_grafo15dens30.txt,1.0,0.0,0.0,50,3,0.8,0.01,components,1.0,0.00
tune_1,Testing/mac_grafo16dens30.txt,1.0,0.0,0.0,50,3,0.8,0.01,components,1.0,1.15
tune_2,Testing/mac_grafo16dens30.txt,1.0,0.0,0.0,50,3,0.8,0.01,components,1.0,0.00
tune_3,Testing/mac_grafo16dens30.txt,1.0,0.0,0.0,50,3,0.8,0.01,components,1.0,0.00
tune_4,Testing/mac_grafo16dens30.txt,1.0,0.0,0.0,50,3,0.8,0.01,components,1.0,0.00
tune_5,Testing/mac_grafo16dens30.txt,1.0,0.0,0.0,50,3,0.8,0.01,components,1.0,0.00
tune_6,Testing/mac_grafo16dens30.txt,1.0,0.0,0.0,50,3,0.8,0.01,components,1.0,0.00
tune_7,Testing/mac_grafo16dens30.txt,1.0,0.0,0.0,50,3,0.8,0.01,components,1.0,0.00
tune_8,Testing/mac_grafo16dens30.txt,1.0,0.0,0.0,50,3,0.8,0.01,components,1.0,0.00
tune_9,Testing/mac_grafo16dens30.txt,1.0,0.0,0.0,50,3,0.8,0.01,components,1.0,0.00
tune_10,Testing/mac_grafo16dens30.txt,1.0,0.0,0.0,50,3,0.8,0.01,components,1.0,0.00
tune_1,Testing/mac_grafo17dens30.txt,1.0,0.0,0.0,50,3,0.8,0.01,components,1.0,1.15
tune_2,Testing/mac_grafo17dens30.txt,1.0,0.0,0.0,50,3,0.8,0.01,components,1.0,0.00
tune_3,Testing/mac_grafo17dens30.txt,1.0,0.0,0.0,50,3,0.8,0.01,components,1.0,0.00
tune_4,Testing/mac_grafo17dens30.txt,1.0,0.0,0.0,50,3,0.8,0.01,components,1.0,0.00
tune_5,Testing/mac_grafo17dens30.txt,1.0,0.0,0.0,50,3,0.8,0.01,components,1.0,0.00
tune_6,Testing/mac_grafo17dens30.txt,1.0,0.0,0.0,50,3,0.8,0.01,components,1.0,0.00
tune_7,Testing/mac_grafo17dens30.txt,1.0,0.0,0.0,50,3,0.8,0.01,components,1.0,0.00
tune_8,Testing/mac_grafo17dens30.txt,1.0,0.0,0.0,50,3,0.8,0.01,components,1.0,0.00
tune_9,Testing/mac_grafo17dens30.txt,1.0,0.0,0.0,50,3,0.8,0.01,components,1.0,0.00
tune_10,Testing/mac_grafo17dens30.txt,1.0,0.0,0.0,50,3,0.8,0.01,components,1.0,0.00
tune_1,Testing/mac_grafo18dens30.txt,1.0,0.0,0.0,50,3,0.8,0.01,components,1.0,1.14
tune_2,Testing/mac_grafo18dens30.txt,1.0,0.0,0.0,50,3,0.8,0.01,components,1.0,0.00
tune_3,Testing/mac_grafo18dens30.txt,1.0,0.0,0.0,50,3,0.8,0.01,components,1.0,0.00
tune_4,Testing/mac_grafo18dens30.txt,1.0,0.0,0.0,50,3,0.8,0.01,components,1.0,0.00
tune_5,Testing/mac_grafo18dens30.txt,1.0,0.0,0.0,50,3,0.8,0.01,components,1.0,0.00
tune_6,Testing/mac_grafo18dens30.txt,1.0,0.0,0.0,50,3,0.8,0.01,components,1.0,0.00
tune_7,Testing/mac_grafo18dens30.txt,1.0,0.0,0.0,50,3,0.8,0.01,components,1.0,0.00
tune_8,Testing/mac_grafo18dens30.txt,1.0,0.0,0.0,50,3,0.8,0.01,components,1.0,0.00
tune_9,Testing/mac_grafo18dens30.txt,1.0,0.0,0.0,50,3,0.8,0.01,components,1.0,0.00
tune_10,Testing/mac_grafo18dens30.txt,1.0,0.0,0.0,50,3,0.8,0.01,components,1.0,0.00
tune_1,Testing/mac_grafo19dens30.txt,1.0,0.0,0.0,50,3,0.8,0.01,components,1.0,1.15
tune_2,Testing/mac_grafo19dens30.txt,1.0,0.0,0.0,50,3,0.8,0.01,components,1.0,0.00
tune_3,Testing/mac_grafo19dens30.txt,1.0,0.0,0.0,50,3,0.8,0.01,components,1.0,0.00
tune_4,Testing/mac_grafo19dens30.txt,1.0,0.0,0.0,50,3,0.8,0.01,components,1.0,0.00
tune_5,Testing/mac_grafo19dens30.txt,1.0,0.0,0.0,50,3,0.8,0.01,components,1.0,0.00
tune_6,Testing/mac_grafo19dens30.txt,1.0,0.0,0.0,50,3,0.8,0.01,components,1.0,0.00
tune_7,Testing/mac_grafo19dens30.txt,1.0,0.0,0.0,50,3,0.8,0.01,components,1.0,0.00
tune_8,Testing/mac_grafo19dens30.txt,1.0,0.0,0.0,50,3,0.8,0.01,components,1.0,0.00
tune_9,Testing/mac_grafo19dens30.txt,1.0,0.0,0.0,50,3,0.8,0.01,components,1.0,0.00
tune_10,Testing/mac_grafo19dens30.txt,1.0,0.0,0.0,50,3,0.8,0.01,components,1.0,0.00
tune_1,Testing/mac_grafo20dens30.txt,1.0,0.0,0.0,50,3,0.8,0.01,components,1.0,1.17
tune_2,Testing/mac_grafo20dens30.txt,1.0,0.0,0.0,50,3,0.8,0.01,components,1.0,0.00
tune_3,Testing/mac_grafo20dens30.txt,1.0,0.0,0.0,50,3,0.8,0.01,components,1.0,0.00
tune_4,Testing/mac_grafo20dens30.txt,1.0,0.0,0.0,50,3,0.8,0.01,components,1.0,0.00
tune_5,Testing/mac_grafo20dens30.txt,1.0,0.0,0.0,50,3,0.8,0.01,components,1.0,0.00
tune_6,Testing/mac_grafo20dens30.txt,1.0,0.0,0.0,50,3,0.8,0.01,components,1.0,0.00
tune_7,Testing/mac_grafo20dens30.txt,1.0,0.0,0.0,50,3,0.8,0.01,components,1.0,0.00
tune_8,Testing/mac_grafo20dens30.txt,1.0,0.0,0.0,50,3,0.8,0.01,components,1.0,0.00
tune_9,Testing/mac_grafo20dens30.txt,1.0,0.0,0.0,50,3,0.8,0.01,components,1.0,0.00
tune_10,Testing/mac_grafo20dens30.txt,1.0,0.0,0.0,50,3,0.8,0.01,components,1.0,0.00
tune_1,Testing/mac_grafo21dens30.txt,1.0,0.0,0.0,50,3,0.8,0.01,components,1.0,1.18
tune_2,Testing/mac_grafo21dens30.txt,1.0,0.0,0.0,50,3,0.8,0.01,components,1.0,0.00
tune_3,Testing/mac_grafo21dens30.txt,1.0,0.0,0.0,50,3,0.8,0.01,components,1.0,0.00
tune_4,Testing/mac_grafo21dens30.txt,1.0,0.0,0.0,50,3,0.8,0.01,components,1.0,0.00
tune_5,Testing/mac_grafo21dens30.txt,1.0,0.0,0.0,50,3,0.8,0.01,components,1.0,0.00
tune_6,Testing/mac_grafo21dens30.txt,1.0,0.0,0.0,50,3,0.8,0.01,components,1.0,0.00
tune_7,Testing/mac_grafo21dens30.txt,1.0,0.0,0.0,50,3,0.8,0.01,components,1.0,0.00
tune_8,Testing/mac_grafo21dens30.txt,1.0,0.0,0.0,50,3,0.8,0.01,components,1.0,0.00
tune_9,Testing/mac_grafo21dens30.txt,1.0,0.0,0.0,50,3,0.8,0.01,components,1.0,0.00
tune_10,Testing/mac_grafo21dens30.txt,1.0,0.0,0.0,50,3,0.8,0.01,components,1.0,0.00
tune_1,Testing/mac_grafo22dens30.txt,1.0,0.0,0.0,50,3,0.8,0.01,components,1.0,1.16
tune_2,Testing/mac_grafo22dens30.txt,1.0,0.0,0.0,50,3,0.8,0.01,components,1.0,0.00
tune_3,Testing/mac_grafo22dens30.txt,1.0,0.0,0.0,50,3,0.8,0.01,components,1.0,0.00
tune_4,Testing/mac_grafo22dens30.txt,1.0,0.0,0.0,50,3,0.8,0.01,components,1.0,0.00
tune_5,Testing/mac_grafo22dens30.txt,1.0,0.0,0.0,50,3,0.8,0.01,components,1.0,0.00
tune_6,Testing/mac_grafo22dens30.txt,1.0,0.0,0.0,50,3,0.8,0.01,components,1.0,0.00
tune_7,Testing/mac_grafo22dens30.txt,1.0,0.0,0.0,50,3,0.8,0.01,components,1.0,0.00
tune_8,Testing/mac_grafo22dens30.txt,1.0,0.0,0.0,50,3,0.8,0.01,components,1.0,0.00
tune_9,Testing/mac_grafo22dens30.txt,1.0,0.0,0.0,50,3,0.8,0.01,components,1.0,0.00
tune_10,Testing/mac_grafo22dens30.txt,1.0,0.0,0.0,50,3,0.8,0.01,components,1.0,0.00
tune_1,Testing/mac_grafo23dens30.txt,1.0,0.0,0.0,50,3,0.8,0.01,components,1.0,1.17
tune_2,Testing/mac_grafo23dens30.txt,1.0,0.0,0.0,50,3,0.8,0.01,components,1.0,0.00
tune_3,Testing/mac_grafo23dens30.txt,1.0,0.0,0.0,50,3,0.8,0.01,components,1.0,0.00
tune_4,Testing/mac_grafo23dens30.txt,1.0,0.0,0.0,50,3,0.8,0.01,components,1.0,0.00
tune_5,Testing/mac_grafo23dens30.txt,1.0,0.0,0.0,50,3,0.8,0.01,components,1.0,0.00
tune_6,Testing/mac_grafo23dens30.txt,1.0,0.0,0.0,50,3,0.8,0.01,components,1.0,0.00
tune_7,Testing/mac_grafo23dens30.txt,1.0,0.0,0.0,50,3,0.8,0.01,components,1.0,0.00
tune_8,Testing/mac_grafo23dens30.txt,1.0,0.0,0.0,50,3,0.8,0.01,components,1.0,0.00
tune_9,Testing/mac_grafo23dens30.txt,1.0,0.0,0.0,50,3,0.8,0.01,components,1.0,0.00
tune_10,Testing/mac_grafo23dens30.txt,1.0,0.0,0.0,50,3,0.8,0.01,components,1.0,0.00
tune_1,Testing/mac_grafo24dens30.txt,1.0,0.0,0.0,50,3,0.8,0.01,components,1.0,1.16
tune_2,Testing/mac_grafo24dens30.txt,1.0,0.0,0.0,50,3,0.8,0.01,components,1.0,0.00
tune_3,Testing/mac_grafo24dens30.txt,1.0,0.0,0.0,50,3,0.8,0.01,components,1.0,0.00
tune_4,Testing/mac_grafo24dens30.txt,1.0,0.0,0.0,50,3,0.8,0.01,components,1.0,0.00
tune_5,Testing/mac_grafo24dens30.txt,1.0,0.0,0.0,50,3,0.8,0.01,components,1.0,0.00
tune_6,Testing/mac_grafo24dens30.txt,1.0,0.0,0.0,50,3,0.8,0.01,components,1.0,0.00
tune_7,Testing/mac_grafo24dens30.txt,1.0,0.0,0.0,50,3,0.8,0.01,components,1.0,0.00
tune_8,Testing/mac_grafo24dens30.txt,1.0,0.0,0.0,50,3,0.8,0.01,components,1.0,0.00
tune_9,Testing/mac_grafo24dens30.txt,1.0,0.0,0.0,50,3,0.8,0.01,components,1.0,0.00
tune_10,Testing/mac_grafo24dens30.txt,1.0,0.0,0.0,50,3,0.8,0.01,components,1.0,0.00
tune_1,Testing/mac_grafo25dens30.txt,1.0,0.0,0.0,50,3,0.8,0.01,components,1.0,1.21
tune_2,Testing/mac_grafo25dens30.txt,1.0,0.0,0.0,50,3,0.8,0.01,components,1.0,0.00
tune_3,Testing/mac_grafo25dens30.txt,1.0,0.0,0.0,50,3,0.8,0.01,components,1.0,0.00
tune_4,Testing/mac_grafo25dens30.txt,1.0,0.0,0.0,50,3,0.8,0.01,components,1.0,0.00
tune_5,Testing/mac_grafo25dens30.txt,1.0,0.0,0.0,50,3,0.8,0.01,components,1.0,0.00
tune_6,Testing/mac_grafo25dens30.txt,1.0,0.0,0.0,50,3,0.8,0.01,components,1.0,0.00
tune_7,Testing/mac_grafo25dens30.txt,1.0,0.0,0.0,50,3,0.8,0.01,components,1.0,0.00
tune_8,Testing/mac_grafo25dens30.txt,1.0,0.0,0.0,50,3,0.8,0.01,components,1.0,0.00
tune_9,Testing/mac_grafo25dens30.txt,1.0,0.0,0.0,50,3,0.8,0.01,components,1.0,0.00
tune_10,Testing/mac_grafo25dens30.txt,1.0,0.0,0.0,50,3,0.8,0.01,components,1.0,0.00
tune_1,Testing/mac_grafo26dens30.txt,1.0,0.0,0.0,50,3,0.8,0.01,components,1.0,1.15
tune_2,Testing/mac_grafo26dens30.txt,1.0,0.0,0.0,50,3,0.8,0.01,components,1.0,0.00
tune_3,Testing/mac_grafo26dens30.txt,1.0,0.0,0.0,50,3,0.8,0.01,components,1.0,0.00
tune_4,Testing/mac_grafo26dens30.txt,1.0,0.0,0.0,50,3,0.8,0.01,components,1.0,0.00
tune_5,Testing/mac_grafo26dens30.txt,1.0,0.0,0.0,50,3,0.8,0.01,components,1.0,0.00
tune_6,Testing/mac_grafo26dens30.txt,1.0,0.0,0.0,50,3,0.8,0.01,components,1.0,0.00
tune_7,Testing/mac_grafo26dens30.txt,1.0,0.0,0.0,50,3,0.8,0.01,components,1.0,0.00
tune_8,Testing/mac_grafo26dens30.txt,1.0,0.0,0.0,50,3,0.8,0.01,components,1.0,0.00
tune_9,Testing/mac_grafo26dens30.txt,1.0,0.0,0.0,50,3,0.8,0.01,components,1.0,0.00
tune_10,Testing/mac_grafo26dens30.txt,1.0,0.0,0.0,50,3,0.8,0.01,components,1.0,0.00
tune_1,Testing/mac_grafo27dens30.txt,1.0,0.0,0.0,50,3,0.8,0.01,components,1.0,1.17
tune_2,Testing/mac_grafo27dens30.txt,1.0,0.0,0.0,50,3,0.8,0.01,components,1.0,0.00
tune_3,Testing/mac_grafo27dens30.txt,1.0,0.0,0.0,50,3,0.8,0.01,components,1.0,0.00
tune_4,Testing/mac_grafo27dens30.txt,1.0,0.0,0.0,50,3,0.8,0.01,components,1.0,0.00
tune_5,Testing/mac_grafo27dens30.txt,1.0,0.0,0.0,50,3,0.8,0.01,components,1.0,0.00
tune_6,Testing/mac_grafo27dens30.txt,1.0,0.0,0.0,50,3,0.8,0.01,components,1.0,0.00
tune_7,Testing/mac_grafo27dens30.txt,1.0,0.0,0.0,50,3,0.8,0.01,components,1.0,0.00
tune_8,Testing/mac_grafo27dens30.txt,1.0,0.0,0.0,50,3,0.8,0.01,components,1.0,0.00
tune_9,Testing/mac_grafo27dens30.txt,1.0,0.0,0.0,50,3,0.8,0.01,components,1.0,0.00
tune_10,Testing/mac_grafo27dens30.txt,1.0,0.0,0.0,50,3,0.8,0.01,components,1.0,0.00
tune_1,Testing/mac_grafo28dens30.txt,1.0,0.0,0.0,50,3,0.8,0.01,components,1.0,1.23
tune_2,Testing/mac_grafo28dens30.txt,1.0,0.0,0.0,50,3,0.8,0.01,components,1.0,0.00
tune_3,Testing/mac_grafo28dens30.txt,1.0,0.0,0.0,50,3,0.8,0.01,components,1.0,0.00
tune_4,Testing/mac_grafo28dens30.txt,1.0,0.0,0.0,50,3,0.8,0.01,components,1.0,0.00
tune_5,Testing/mac_grafo28dens30.txt,1.0,0.0,0.0,50,3,0.8,0.01,components,1.0,0.00
tune_6,Testing/mac_grafo28dens30.txt,1.0,0.0,0.0,50,3,0.8,0.01,components,1.0,0.00
tune_7,Testing/mac_grafo28dens30.txt,1.0,0.0,0.0,50,3,0.8,0.01,components,1.0,0.00
tune_8,Testing/mac_grafo28dens30.txt,1.0,0.0,0.0,50,3,0.8,0.01,components,1.0,0.00
tune_9,Testing/mac_grafo28dens30.txt,1.0,0.0,0.0,50,3,0.8,0.01,components,1.0,0.00
tune_10,Testing/mac_grafo28dens30.txt,1.0,0.0,0.0,50,3,0.8,0.01,components,1.0,0.00
tune_1,Testing/mac_grafo29dens30.txt,1.0,0.0,0.0,50,3,0.8,0.01,components,1.0,1.24
tune_2,Testing/mac_grafo29dens30.txt,1.0,0.0,0.0,50,3,0.8,0.01,components,1.0,0.00
tune_3,Testing/mac_grafo29dens30.txt,1.0,0.0,0.0,50,3,0.8,0.01,components,1.0,0.00
tune_4,Testing/mac_grafo29dens30.txt,1.0,0.0,0.0,50,3,0.8,0.01,components,1.0,0.00
tune_5,Testing/mac_grafo29dens30.txt,1.0,0.0,0.0,50,3,0.8,0.01,components,1.0,0.00
tune_6,Testing/mac_grafo29dens30.txt,1.0,0.0,0.0,50,3,0.8,0.01,components,1.0,0.00
tune_7,Testing/mac_grafo29dens30.txt,1.0,0.0,0.0,50,3,0.8,0.01,components,1.0,0.00
tune_8,Testing/mac_grafo29dens30.txt,1.0,0.0,0.0,50,3,0.8,0.01,components,1.0,0.00
tune_9,Testing/mac_grafo29dens30.txt,1.0,0.0,0.0,50,3,0.8,0.01,components,1.0,0.00
tune_10,Testing/mac_grafo29dens30.txt,1.0,0.0,0.0,50,3,0.8,0.01,components,1.0,0.00
tune_1,Testing/mac_grafo30dens30.txt,1.0,0.0,0.0,50,3,0.8,0.01,components,1.0,1.19
tune_2,Testing/mac_grafo30dens30.txt,1.0,0.0,0.0,50,3,0.8,0.01,components,1.0,0.00
tune_3,Testing/mac_grafo30dens30.txt,1.0,0.0,0.0,50,3,0.8,0.01,components,1.0,0.00
tune_4,Testing/mac_grafo30dens30.txt,1.0,0.0,0.0,50,3,0.8,0.01,components,1.0,0.00
tune_5,Testing/mac_grafo30dens30.txt,1.0,0.0,0.0,50,3,0.8,0.01,components,1.0,0.00
tune_6,Testing/mac_grafo30dens30.txt,1.0,0.0,0.0,50,3,0.8,0.01,components,1.0,0.00
tune_7,Testing/mac_grafo30dens30.txt,1.0,0.0,0.0,50,3,0.8,0.01,components,1.0,0.00
tune_8,Testing/mac_grafo30dens30.txt,1.0,0.0,0.0,50,3,0.8,0.01,components,1.0,0.00
tune_9,Testing/mac_grafo30dens30.txt,1.0,0.0,0.0,50,3,0.8,0.01,components,1.0,0.00
tune_10,Testing/mac_grafo30dens30.txt,1.0,0.0,0.0,50,3,0.8,0.01,components,1.0,0.00
