run_id,input_file,budget,node_fraction,edge_fraction,population_size,tournament_size,p_crossover,p_mutation,payoff_function,best_fitness,runtime_seconds
tune_1,Tuning/bog_150_p0.1_2.txt,0.03,0.05,0.03,50,3,0.8,0.01,components,1.0,8.01
tune_2,Tuning/bog_150_p0.1_2.txt,0.03,0.05,0.03,50,3,0.8,0.01,components,1.0,8.32
tune_3,Tuning/bog_150_p0.1_2.txt,0.03,0.05,0.03,50,3,0.8,0.01,components,1.0,8.16
tune_4,Tuning/bog_150_p0.1_2.txt,0.03,0.05,0.03,50,3,0.8,0.01,components,1.0,8.16
tune_5,Tuning/bog_150_p0.1_2.txt,0.03,0.05,0.03,50,3,0.8,0.01,components,1.0,8.09
tune_6,Tuning/bog_150_p0.1_2.txt,0.03,0.05,0.03,50,3,0.8,0.01,components,1.0,8.12
tune_7,Tuning/bog_150_p0.1_2.txt,0.03,0.05,0.03,50,3,0.8,0.01,components,1.0,8.10
tune_8,Tuning/bog_150_p0.1_2.txt,0.03,0.05,0.03,50,3,0.8,0.01,components,1.0,8.00
tune_9,Tuning/bog_150_p0.1_2.txt,0.03,0.05,0.03,50,3,0.8,0.01,components,1.0,8.10
tune_10,Tuning/bog_150_p0.1_2.txt,0.03,0.05,0.03,50,3,0.8,0.01,components,1.0,8.50
tune_1,Tuning/cor_dolphins-w.txt,0.03,0.05,0.03,50,3,0.8,0.01,components,8.0,3.12
tune_2,Tuning/cor_dolphins-w.txt,0.03,0.05,0.03,50,3,0.8,0.01,components,8.0,2.86
tune_3,Tuning/cor_dolphins-w.txt,0.03,0.05,0.03,50,3,0.8,0.01,components,7.0,2.84
tune_4,Tuning/cor_dolphins-w.txt,0.03,0.05,0.03,50,3,0.8,0.01,components,8.0,2.76
tune_5,Tuning/cor_dolphins-w.txt,0.03,0.05,0.03,50,3,0.8,0.01,components,7.0,2.76
tune_6,Tuning/cor_dolphins-w.txt,0.03,0.05,0.03,50,3,0.8,0.01,components,9.0,2.76
tune_7,Tuning/cor_dolphins-w.txt,0.03,0.05,0.03,50,3,0.8,0.01,components,8.0,2.75
tune_8,Tuning/cor_dolphins-w.txt,0.03,0.05,0.03,50,3,0.8,0.01,components,8.0,2.77
tune_9,Tuning/cor_dolphins-w.txt,0.03,0.05,0.03,50,3,0.8,0.01,components,9.0,2.78
tune_10,Tuning/cor_dolphins-w.txt,0.03,0.05,0.03,50,3,0.8,0.01,components,7.0,2.78
tune_1,Tuning/hos_35_r1_1.txt,0.03,0.05,0.03,50,3,0.8,0.01,components,3.0,2.17
tune_2,Tuning/hos_35_r1_1.txt,0.03,0.05,0.03,50,3,0.8,0.01,components,3.0,2.19
tune_3,Tuning/hos_35_r1_1.txt,0.03,0.05,0.03,50,3,0.8,0.01,components,2.0,2.15
tune_4,Tuning/hos_35_r1_1.txt,0.03,0.05,0.03,50,3,0.8,0.01,components,2.0,2.16
tune_5,Tuning/hos_35_r1_1.txt,0.03,0.05,0.03,50,3,0.8,0.01,components,2.0,2.17
tune_6,Tuning/hos_35_r1_1.txt,0.03,0.05,0.03,50,3,0.8,0.01,components,3.0,2.23
tune_7,Tuning/hos_35_r1_1.txt,0.03,0.05,0.03,50,3,0.8,0.01,components,3.0,2.35
tune_8,Tuning/hos_35_r1_1.txt,0.03,0.05,0.03,50,3,0.8,0.01,components,3.0,2.26
tune_9,Tuning/hos_35_r1_1.txt,0.03,0.05,0.03,50,3,0.8,0.01,components,3.0,2.12
tune_10,Tuning/hos_35_r1_1.txt,0.03,0.05,0.03,50,3,0.8,0.01,components,3.0,2.18
tune_1,Tuning/mac_grafo20dens30.txt,0.03,0.05,0.03,50,3,0.8,0.01,components,1.0,2.18
tune_2,Tuning/mac_grafo20dens30.txt,0.03,0.05,0.03,50,3,0.8,0.01,components,1.0,2.20
tune_3,Tuning/mac_grafo20dens30.txt,0.03,0.05,0.03,50,3,0.8,0.01,components,1.0,2.09
tune_4,Tuning/mac_grafo20dens30.txt,0.03,0.05,0.03,50,3,0.8,0.01,components,1.0,2.16
tune_5,Tuning/mac_grafo20dens30.txt,0.03,0.05,0.03,50,3,0.8,0.01,components,1.0,2.09
tune_6,Tuning/mac_grafo20dens30.txt,0.03,0.05,0.03,50,3,0.8,0.01,components,1.0,2.11
tune_7,Tuning/mac_grafo20dens30.txt,0.03,0.05,0.03,50,3,0.8,0.01,components,1.0,2.16
tune_8,Tuning/mac_grafo20dens30.txt,0.03,0.05,0.03,50,3,0.8,0.01,components,1.0,2.13
tune_9,Tuning/mac_grafo20dens30.txt,0.03,0.05,0.03,50,3,0.8,0.01,components,1.0,2.15
tune_10,Tuning/mac_grafo20dens30.txt,0.03,0.05,0.03,50,3,0.8,0.01,components,1.0,2.20
tune_1,Tuning/bog_150_p0.1_2.txt,0.03,0.05,0.03,50,3,0.8,0.02,components,1.0,8.31
tune_2,Tuning/bog_150_p0.1_2.txt,0.03,0.05,0.03,50,3,0.8,0.02,components,1.0,8.15
tune_3,Tuning/bog_150_p0.1_2.txt,0.03,0.05,0.03,50,3,0.8,0.02,components,1.0,8.08
tune_4,Tuning/bog_150_p0.1_2.txt,0.03,0.05,0.03,50,3,0.8,0.02,components,1.0,8.07
tune_5,Tuning/bog_150_p0.1_2.txt,0.03,0.05,0.03,50,3,0.8,0.02,components,1.0,8.05
tune_6,Tuning/bog_150_p0.1_2.txt,0.03,0.05,0.03,50,3,0.8,0.02,components,1.0,7.97
tune_7,Tuning/bog_150_p0.1_2.txt,0.03,0.05,0.03,50,3,0.8,0.02,components,1.0,7.93
tune_8,Tuning/bog_150_p0.1_2.txt,0.03,0.05,0.03,50,3,0.8,0.02,components,1.0,7.96
tune_9,Tuning/bog_150_p0.1_2.txt,0.03,0.05,0.03,50,3,0.8,0.02,components,1.0,8.17
tune_10,Tuning/bog_150_p0.1_2.txt,0.03,0.05,0.03,50,3,0.8,0.02,components,1.0,7.99
tune_1,Tuning/cor_dolphins-w.txt,0.03,0.05,0.03,50,3,0.8,0.02,components,7.0,2.78
tune_2,Tuning/cor_dolphins-w.txt,0.03,0.05,0.03,50,3,0.8,0.02,components,9.0,2.71
tune_3,Tuning/cor_dolphins-w.txt,0.03,0.05,0.03,50,3,0.8,0.02,components,8.0,2.68
tune_4,Tuning/cor_dolphins-w.txt,0.03,0.05,0.03,50,3,0.8,0.02,components,9.0,2.72
tune_5,Tuning/cor_dolphins-w.txt,0.03,0.05,0.03,50,3,0.8,0.02,components,7.0,2.67
tune_6,Tuning/cor_dolphins-w.txt,0.03,0.05,0.03,50,3,0.8,0.02,components,9.0,2.69
tune_7,Tuning/cor_dolphins-w.txt,0.03,0.05,0.03,50,3,0.8,0.02,components,9.0,2.65
tune_8,Tuning/cor_dolphins-w.txt,0.03,0.05,0.03,50,3,0.8,0.02,components,8.0,2.71
tune_9,Tuning/cor_dolphins-w.txt,0.03,0.05,0.03,50,3,0.8,0.02,components,9.0,2.73
tune_10,Tuning/cor_dolphins-w.txt,0.03,0.05,0.03,50,3,0.8,0.02,components,7.0,2.82
tune_1,Tuning/hos_35_r1_1.txt,0.03,0.05,0.03,50,3,0.8,0.02,components,3.0,2.12
tune_2,Tuning/hos_35_r1_1.txt,0.03,0.05,0.03,50,3,0.8,0.02,components,3.0,2.06
tune_3,Tuning/hos_35_r1_1.txt,0.03,0.05,0.03,50,3,0.8,0.02,components,3.0,2.08
tune_4,Tuning/hos_35_r1_1.txt,0.03,0.05,0.03,50,3,0.8,0.02,components,2.0,2.10
tune_5,Tuning/hos_35_r1_1.txt,0.03,0.05,0.03,50,3,0.8,0.02,components,3.0,2.07
tune_6,Tuning/hos_35_r1_1.txt,0.03,0.05,0.03,50,3,0.8,0.02,components,3.0,2.11
tune_7,Tuning/hos_35_r1_1.txt,0.03,0.05,0.03,50,3,0.8,0.02,components,2.0,2.10
tune_8,Tuning/hos_35_r1_1.txt,0.03,0.05,0.03,50,3,0.8,0.02,components,3.0,2.11
tune_9,Tuning/hos_35_r1_1.txt,0.03,0.05,0.03,50,3,0.8,0.02,components,3.0,2.11
tune_10,Tuning/hos_35_r1_1.txt,0.03,0.05,0.03,50,3,0.8,0.02,components,3.0,2.06
tune_1,Tuning/mac_grafo20dens30.txt,0.03,0.05,0.03,50,3,0.8,0.02,components,1.0,2.11
tune_2,Tuning/mac_grafo20dens30.txt,0.03,0.05,0.03,50,3,0.8,0.02,components,1.0,2.04
tune_3,Tuning/mac_grafo20dens30.txt,0.03,0.05,0.03,50,3,0.8,0.02,components,1.0,2.06
tune_4,Tuning/mac_grafo20dens30.txt,0.03,0.05,0.03,50,3,0.8,0.02,components,1.0,2.10
tune_5,Tuning/mac_grafo20dens30.txt,0.03,0.05,0.03,50,3,0.8,0.02,components,1.0,2.02
tune_6,Tuning/mac_grafo20dens30.txt,0.03,0.05,0.03,50,3,0.8,0.02,components,1.0,2.06
tune_7,Tuning/mac_grafo20dens30.txt,0.03,0.05,0.03,50,3,0.8,0.02,components,1.0,2.09
tune_8,Tuning/mac_grafo20dens30.txt,0.03,0.05,0.03,50,3,0.8,0.02,components,1.0,2.02
tune_9,Tuning/mac_grafo20dens30.txt,0.03,0.05,0.03,50,3,0.8,0.02,components,1.0,2.04
tune_10,Tuning/mac_grafo20dens30.txt,0.03,0.05,0.03,50,3,0.8,0.02,components,1.0,2.08
tune_1,Tuning/bog_150_p0.1_2.txt,0.03,0.05,0.03,50,3,0.9,0.01,components,1.0,8.47
tune_2,Tuning/bog_150_p0.1_2.txt,0.03,0.05,0.03,50,3,0.9,0.01,components,1.0,8.52
tune_3,Tuning/bog_150_p0.1_2.txt,0.03,0.05,0.03,50,3,0.9,0.01,components,1.0,8.56
tune_4,Tuning/bog_150_p0.1_2.txt,0.03,0.05,0.03,50,3,0.9,0.01,components,1.0,8.57
tune_5,Tuning/bog_150_p0.1_2.txt,0.03,0.05,0.03,50,3,0.9,0.01,components,1.0,8.68
tune_6,Tuning/bog_150_p0.1_2.txt,0.03,0.05,0.03,50,3,0.9,0.01,components,1.0,8.58
tune_7,Tuning/bog_150_p0.1_2.txt,0.03,0.05,0.03,50,3,0.9,0.01,components,1.0,8.58
tune_8,Tuning/bog_150_p0.1_2.txt,0.03,0.05,0.03,50,3,0.9,0.01,components,1.0,8.47
tune_9,Tuning/bog_150_p0.1_2.txt,0.03,0.05,0.03,50,3,0.9,0.01,components,1.0,8.51
tune_10,Tuning/bog_150_p0.1_2.txt,0.03,0.05,0.03,50,3,0.9,0.01,components,1.0,8.47
tune_1,Tuning/cor_dolphins-w.txt,0.03,0.05,0.03,50,3,0.9,0.01,components,8.0,2.80
tune_2,Tuning/cor_dolphins-w.txt,0.03,0.05,0.03,50,3,0.9,0.01,components,7.0,2.76
tune_3,Tuning/cor_dolphins-w.txt,0.03,0.05,0.03,50,3,0.9,0.01,components,8.0,2.83
tune_4,Tuning/cor_dolphins-w.txt,0.03,0.05,0.03,50,3,0.9,0.01,components,8.0,2.85
tune_5,Tuning/cor_dolphins-w.txt,0.03,0.05,0.03,50,3,0.9,0.01,components,8.0,2.84
tune_6,Tuning/cor_dolphins-w.txt,0.03,0.05,0.03,50,3,0.9,0.01,components,8.0,2.85
tune_7,Tuning/cor_dolphins-w.txt,0.03,0.05,0.03,50,3,0.9,0.01,components,9.0,2.77
tune_8,Tuning/cor_dolphins-w.txt,0.03,0.05,0.03,50,3,0.9,0.01,components,8.0,2.85
tune_9,Tuning/cor_dolphins-w.txt,0.03,0.05,0.03,50,3,0.9,0.01,components,9.0,2.76
tune_10,Tuning/cor_dolphins-w.txt,0.03,0.05,0.03,50,3,0.9,0.01,components,7.0,2.78
tune_1,Tuning/hos_35_r1_1.txt,0.03,0.05,0.03,50,3,0.9,0.01,components,3.0,2.21
tune_2,Tuning/hos_35_r1_1.txt,0.03,0.05,0.03,50,3,0.9,0.01,components,3.0,2.16
tune_3,Tuning/hos_35_r1_1.txt,0.03,0.05,0.03,50,3,0.9,0.01,components,3.0,2.14
tune_4,Tuning/hos_35_r1_1.txt,0.03,0.05,0.03,50,3,0.9,0.01,components,3.0,2.11
tune_5,Tuning/hos_35_r1_1.txt,0.03,0.05,0.03,50,3,0.9,0.01,components,3.0,2.18
tune_6,Tuning/hos_35_r1_1.txt,0.03,0.05,0.03,50,3,0.9,0.01,components,3.0,2.11
tune_7,Tuning/hos_35_r1_1.txt,0.03,0.05,0.03,50,3,0.9,0.01,components,3.0,2.19
tune_8,Tuning/hos_35_r1_1.txt,0.03,0.05,0.03,50,3,0.9,0.01,components,2.0,2.15
tune_9,Tuning/hos_35_r1_1.txt,0.03,0.05,0.03,50,3,0.9,0.01,components,3.0,2.16
tune_10,Tuning/hos_35_r1_1.txt,0.03,0.05,0.03,50,3,0.9,0.01,components,3.0,2.16
tune_1,Tuning/mac_grafo20dens30.txt,0.03,0.05,0.03,50,3,0.9,0.01,components,1.0,2.17
tune_2,Tuning/mac_grafo20dens30.txt,0.03,0.05,0.03,50,3,0.9,0.01,components,1.0,2.49
tune_3,Tuning/mac_grafo20dens30.txt,0.03,0.05,0.03,50,3,0.9,0.01,components,1.0,2.08
tune_4,Tuning/mac_grafo20dens30.txt,0.03,0.05,0.03,50,3,0.9,0.01,components,1.0,2.12
tune_5,Tuning/mac_grafo20dens30.txt,0.03,0.05,0.03,50,3,0.9,0.01,components,1.0,2.10
tune_6,Tuning/mac_grafo20dens30.txt,0.03,0.05,0.03,50,3,0.9,0.01,components,1.0,2.11
tune_7,Tuning/mac_grafo20dens30.txt,0.03,0.05,0.03,50,3,0.9,0.01,components,1.0,2.17
tune_8,Tuning/mac_grafo20dens30.txt,0.03,0.05,0.03,50,3,0.9,0.01,components,1.0,2.17
tune_9,Tuning/mac_grafo20dens30.txt,0.03,0.05,0.03,50,3,0.9,0.01,components,1.0,2.14
tune_10,Tuning/mac_grafo20dens30.txt,0.03,0.05,0.03,50,3,0.9,0.01,components,1.0,2.18
tune_1,Tuning/bog_150_p0.1_2.txt,0.03,0.05,0.03,50,3,0.9,0.02,components,1.0,8.57
tune_2,Tuning/bog_150_p0.1_2.txt,0.03,0.05,0.03,50,3,0.9,0.02,components,1.0,8.51
tune_3,Tuning/bog_150_p0.1_2.txt,0.03,0.05,0.03,50,3,0.9,0.02,components,1.0,8.75
tune_4,Tuning/bog_150_p0.1_2.txt,0.03,0.05,0.03,50,3,0.9,0.02,components,1.0,9.02
tune_5,Tuning/bog_150_p0.1_2.txt,0.03,0.05,0.03,50,3,0.9,0.02,components,1.0,9.25
tune_6,Tuning/bog_150_p0.1_2.txt,0.03,0.05,0.03,50,3,0.9,0.02,components,1.0,9.49
tune_7,Tuning/bog_150_p0.1_2.txt,0.03,0.05,0.03,50,3,0.9,0.02,components,1.0,9.34
tune_8,Tuning/bog_150_p0.1_2.txt,0.03,0.05,0.03,50,3,0.9,0.02,components,1.0,8.91
tune_9,Tuning/bog_150_p0.1_2.txt,0.03,0.05,0.03,50,3,0.9,0.02,components,1.0,8.50
tune_10,Tuning/bog_150_p0.1_2.txt,0.03,0.05,0.03,50,3,0.9,0.02,components,1.0,8.62
tune_1,Tuning/cor_dolphins-w.txt,0.03,0.05,0.03,50,3,0.9,0.02,components,8.0,2.80
tune_2,Tuning/cor_dolphins-w.txt,0.03,0.05,0.03,50,3,0.9,0.02,components,9.0,2.89
tune_3,Tuning/cor_dolphins-w.txt,0.03,0.05,0.03,50,3,0.9,0.02,components,7.0,2.87
tune_4,Tuning/cor_dolphins-w.txt,0.03,0.05,0.03,50,3,0.9,0.02,components,8.0,2.85
tune_5,Tuning/cor_dolphins-w.txt,0.03,0.05,0.03,50,3,0.9,0.02,components,7.0,2.83
tune_6,Tuning/cor_dolphins-w.txt,0.03,0.05,0.03,50,3,0.9,0.02,components,7.0,2.87
tune_7,Tuning/cor_dolphins-w.txt,0.03,0.05,0.03,50,3,0.9,0.02,components,9.0,2.84
tune_8,Tuning/cor_dolphins-w.txt,0.03,0.05,0.03,50,3,0.9,0.02,components,9.0,2.82
tune_9,Tuning/cor_dolphins-w.txt,0.03,0.05,0.03,50,3,0.9,0.02,components,8.0,2.81
tune_10,Tuning/cor_dolphins-w.txt,0.03,0.05,0.03,50,3,0.9,0.02,components,7.0,2.78
tune_1,Tuning/hos_35_r1_1.txt,0.03,0.05,0.03,50,3,0.9,0.02,components,3.0,2.19
tune_2,Tuning/hos_35_r1_1.txt,0.03,0.05,0.03,50,3,0.9,0.02,components,3.0,2.19
tune_3,Tuning/hos_35_r1_1.txt,0.03,0.05,0.03,50,3,0.9,0.02,components,3.0,2.26
tune_4,Tuning/hos_35_r1_1.txt,0.03,0.05,0.03,50,3,0.9,0.02,components,3.0,2.16
tune_5,Tuning/hos_35_r1_1.txt,0.03,0.05,0.03,50,3,0.9,0.02,components,2.0,2.22
tune_6,Tuning/hos_35_r1_1.txt,0.03,0.05,0.03,50,3,0.9,0.02,components,3.0,2.17
tune_7,Tuning/hos_35_r1_1.txt,0.03,0.05,0.03,50,3,0.9,0.02,components,3.0,2.15
tune_8,Tuning/hos_35_r1_1.txt,0.03,0.05,0.03,50,3,0.9,0.02,components,3.0,2.21
tune_9,Tuning/hos_35_r1_1.txt,0.03,0.05,0.03,50,3,0.9,0.02,components,3.0,2.17
tune_10,Tuning/hos_35_r1_1.txt,0.03,0.05,0.03,50,3,0.9,0.02,components,3.0,2.14
tune_1,Tuning/mac_grafo20dens30.txt,0.03,0.05,0.03,50,3,0.9,0.02,components,1.0,2.17
tune_2,Tuning/mac_grafo20dens30.txt,0.03,0.05,0.03,50,3,0.9,0.02,components,1.0,2.17
tune_3,Tuning/mac_grafo20dens30.txt,0.03,0.05,0.03,50,3,0.9,0.02,components,1.0,2.10
tune_4,Tuning/mac_grafo20dens30.txt,0.03,0.05,0.03,50,3,0.9,0.02,components,1.0,2.20
tune_5,Tuning/mac_grafo20dens30.txt,0.03,0.05,0.03,50,3,0.9,0.02,components,1.0,2.09
tune_6,Tuning/mac_grafo20dens30.txt,0.03,0.05,0.03,50,3,0.9,0.02,components,1.0,2.20
tune_7,Tuning/mac_grafo20dens30.txt,0.03,0.05,0.03,50,3,0.9,0.02,components,1.0,2.14
tune_8,Tuning/mac_grafo20dens30.txt,0.03,0.05,0.03,50,3,0.9,0.02,components,1.0,2.22
tune_9,Tuning/mac_grafo20dens30.txt,0.03,0.05,0.03,50,3,0.9,0.02,components,1.0,2.10
tune_10,Tuning/mac_grafo20dens30.txt,0.03,0.05,0.03,50,3,0.9,0.02,components,1.0,2.23
tune_1,Tuning/bog_150_p0.1_2.txt,0.03,0.05,0.03,50,5,0.8,0.01,components,1.0,7.90
tune_2,Tuning/bog_150_p0.1_2.txt,0.03,0.05,0.03,50,5,0.8,0.01,components,1.0,7.93
tune_3,Tuning/bog_150_p0.1_2.txt,0.03,0.05,0.03,50,5,0.8,0.01,components,1.0,7.98
tune_4,Tuning/bog_150_p0.1_2.txt,0.03,0.05,0.03,50,5,0.8,0.01,components,1.0,7.91
tune_5,Tuning/bog_150_p0.1_2.txt,0.03,0.05,0.03,50,5,0.8,0.01,components,1.0,8.04
tune_6,Tuning/bog_150_p0.1_2.txt,0.03,0.05,0.03,50,5,0.8,0.01,components,1.0,7.92
tune_7,Tuning/bog_150_p0.1_2.txt,0.03,0.05,0.03,50,5,0.8,0.01,components,1.0,7.86
tune_8,Tuning/bog_150_p0.1_2.txt,0.03,0.05,0.03,50,5,0.8,0.01,components,1.0,7.93
tune_9,Tuning/bog_150_p0.1_2.txt,0.03,0.05,0.03,50,5,0.8,0.01,components,1.0,7.87
tune_10,Tuning/bog_150_p0.1_2.txt,0.03,0.05,0.03,50,5,0.8,0.01,components,1.0,7.86
tune_1,Tuning/cor_dolphins-w.txt,0.03,0.05,0.03,50,5,0.8,0.01,components,9.0,2.66
tune_2,Tuning/cor_dolphins-w.txt,0.03,0.05,0.03,50,5,0.8,0.01,components,8.0,2.70
tune_3,Tuning/cor_dolphins-w.txt,0.03,0.05,0.03,50,5,0.8,0.01,components,6.0,2.71
tune_4,Tuning/cor_dolphins-w.txt,0.03,0.05,0.03,50,5,0.8,0.01,components,9.0,2.69
tune_5,Tuning/cor_dolphins-w.txt,0.03,0.05,0.03,50,5,0.8,0.01,components,7.0,2.77
tune_6,Tuning/cor_dolphins-w.txt,0.03,0.05,0.03,50,5,0.8,0.01,components,7.0,2.71
tune_7,Tuning/cor_dolphins-w.txt,0.03,0.05,0.03,50,5,0.8,0.01,components,7.0,2.69
tune_8,Tuning/cor_dolphins-w.txt,0.03,0.05,0.03,50,5,0.8,0.01,components,9.0,2.67
tune_9,Tuning/cor_dolphins-w.txt,0.03,0.05,0.03,50,5,0.8,0.01,components,8.0,2.68
tune_10,Tuning/cor_dolphins-w.txt,0.03,0.05,0.03,50,5,0.8,0.01,components,8.0,2.71
tune_1,Tuning/hos_35_r1_1.txt,0.03,0.05,0.03,50,5,0.8,0.01,components,3.0,2.13
tune_2,Tuning/hos_35_r1_1.txt,0.03,0.05,0.03,50,5,0.8,0.01,components,2.0,2.08
tune_3,Tuning/hos_35_r1_1.txt,0.03,0.05,0.03,50,5,0.8,0.01,components,3.0,2.16
tune_4,Tuning/hos_35_r1_1.txt,0.03,0.05,0.03,50,5,0.8,0.01,components,3.0,2.06
tune_5,Tuning/hos_35_r1_1.txt,0.03,0.05,0.03,50,5,0.8,0.01,components,3.0,2.07
tune_6,Tuning/hos_35_r1_1.txt,0.03,0.05,0.03,50,5,0.8,0.01,components,3.0,2.06
tune_7,Tuning/hos_35_r1_1.txt,0.03,0.05,0.03,50,5,0.8,0.01,components,3.0,2.16
tune_8,Tuning/hos_35_r1_1.txt,0.03,0.05,0.03,50,5,0.8,0.01,components,2.0,2.08
tune_9,Tuning/hos_35_r1_1.txt,0.03,0.05,0.03,50,5,0.8,0.01,components,3.0,2.05
tune_10,Tuning/hos_35_r1_1.txt,0.03,0.05,0.03,50,5,0.8,0.01,components,3.0,2.02
tune_1,Tuning/mac_grafo20dens30.txt,0.03,0.05,0.03,50,5,0.8,0.01,components,1.0,2.11
tune_2,Tuning/mac_grafo20dens30.txt,0.03,0.05,0.03,50,5,0.8,0.01,components,1.0,2.03
tune_3,Tuning/mac_grafo20dens30.txt,0.03,0.05,0.03,50,5,0.8,0.01,components,1.0,2.09
tune_4,Tuning/mac_grafo20dens30.txt,0.03,0.05,0.03,50,5,0.8,0.01,components,1.0,2.03
tune_5,Tuning/mac_grafo20dens30.txt,0.03,0.05,0.03,50,5,0.8,0.01,components,1.0,2.03
tune_6,Tuning/mac_grafo20dens30.txt,0.03,0.05,0.03,50,5,0.8,0.01,components,1.0,2.05
tune_7,Tuning/mac_grafo20dens30.txt,0.03,0.05,0.03,50,5,0.8,0.01,components,1.0,2.07
tune_8,Tuning/mac_grafo20dens30.txt,0.03,0.05,0.03,50,5,0.8,0.01,components,1.0,2.10
tune_9,Tuning/mac_grafo20dens30.txt,0.03,0.05,0.03,50,5,0.8,0.01,components,1.0,2.03
tune_10,Tuning/mac_grafo20dens30.txt,0.03,0.05,0.03,50,5,0.8,0.01,components,1.0,2.02
tune_1,Tuning/bog_150_p0.1_2.txt,0.03,0.05,0.03,50,5,0.8,0.02,components,1.0,7.90
tune_2,Tuning/bog_150_p0.1_2.txt,0.03,0.05,0.03,50,5,0.8,0.02,components,1.0,7.91
tune_3,Tuning/bog_150_p0.1_2.txt,0.03,0.05,0.03,50,5,0.8,0.02,components,1.0,7.88
tune_4,Tuning/bog_150_p0.1_2.txt,0.03,0.05,0.03,50,5,0.8,0.02,components,1.0,7.98
tune_5,Tuning/bog_150_p0.1_2.txt,0.03,0.05,0.03,50,5,0.8,0.02,components,1.0,7.90
tune_6,Tuning/bog_150_p0.1_2.txt,0.03,0.05,0.03,50,5,0.8,0.02,components,1.0,7.90
tune_7,Tuning/bog_150_p0.1_2.txt,0.03,0.05,0.03,50,5,0.8,0.02,components,1.0,7.80
tune_8,Tuning/bog_150_p0.1_2.txt,0.03,0.05,0.03,50,5,0.8,0.02,components,1.0,7.84
tune_9,Tuning/bog_150_p0.1_2.txt,0.03,0.05,0.03,50,5,0.8,0.02,components,1.0,7.83
tune_10,Tuning/bog_150_p0.1_2.txt,0.03,0.05,0.03,50,5,0.8,0.02,components,1.0,7.93
tune_1,Tuning/cor_dolphins-w.txt,0.03,0.05,0.03,50,5,0.8,0.02,components,8.0,2.75
tune_2,Tuning/cor_dolphins-w.txt,0.03,0.05,0.03,50,5,0.8,0.02,components,8.0,2.77
tune_3,Tuning/cor_dolphins-w.txt,0.03,0.05,0.03,50,5,0.8,0.02,components,8.0,2.72
tune_4,Tuning/cor_dolphins-w.txt,0.03,0.05,0.03,50,5,0.8,0.02,components,7.0,2.77
tune_5,Tuning/cor_dolphins-w.txt,0.03,0.05,0.03,50,5,0.8,0.02,components,6.0,2.65
tune_6,Tuning/cor_dolphins-w.txt,0.03,0.05,0.03,50,5,0.8,0.02,components,9.0,2.72
tune_7,Tuning/cor_dolphins-w.txt,0.03,0.05,0.03,50,5,0.8,0.02,components,9.0,2.68
tune_8,Tuning/cor_dolphins-w.txt,0.03,0.05,0.03,50,5,0.8,0.02,components,8.0,2.70
tune_9,Tuning/cor_dolphins-w.txt,0.03,0.05,0.03,50,5,0.8,0.02,components,9.0,2.68
tune_10,Tuning/cor_dolphins-w.txt,0.03,0.05,0.03,50,5,0.8,0.02,components,8.0,2.71
tune_1,Tuning/hos_35_r1_1.txt,0.03,0.05,0.03,50,5,0.8,0.02,components,3.0,2.07
tune_2,Tuning/hos_35_r1_1.txt,0.03,0.05,0.03,50,5,0.8,0.02,components,3.0,2.06
tune_3,Tuning/hos_35_r1_1.txt,0.03,0.05,0.03,50,5,0.8,0.02,components,3.0,2.07
tune_4,Tuning/hos_35_r1_1.txt,0.03,0.05,0.03,50,5,0.8,0.02,components,3.0,2.11
tune_5,Tuning/hos_35_r1_1.txt,0.03,0.05,0.03,50,5,0.8,0.02,components,3.0,2.03
tune_6,Tuning/hos_35_r1_1.txt,0.03,0.05,0.03,50,5,0.8,0.02,components,2.0,2.11
tune_7,Tuning/hos_35_r1_1.txt,0.03,0.05,0.03,50,5,0.8,0.02,components,2.0,2.03
tune_8,Tuning/hos_35_r1_1.txt,0.03,0.05,0.03,50,5,0.8,0.02,components,3.0,2.08
tune_9,Tuning/hos_35_r1_1.txt,0.03,0.05,0.03,50,5,0.8,0.02,components,3.0,2.07
tune_10,Tuning/hos_35_r1_1.txt,0.03,0.05,0.03,50,5,0.8,0.02,components,3.0,2.09
tune_1,Tuning/mac_grafo20dens30.txt,0.03,0.05,0.03,50,5,0.8,0.02,components,1.0,2.11
tune_2,Tuning/mac_grafo20dens30.txt,0.03,0.05,0.03,50,5,0.8,0.02,components,1.0,2.01
tune_3,Tuning/mac_grafo20dens30.txt,0.03,0.05,0.03,50,5,0.8,0.02,components,1.0,2.05
tune_4,Tuning/mac_grafo20dens30.txt,0.03,0.05,0.03,50,5,0.8,0.02,components,1.0,2.06
tune_5,Tuning/mac_grafo20dens30.txt,0.03,0.05,0.03,50,5,0.8,0.02,components,1.0,2.09
tune_6,Tuning/mac_grafo20dens30.txt,0.03,0.05,0.03,50,5,0.8,0.02,components,1.0,2.04
tune_7,Tuning/mac_grafo20dens30.txt,0.03,0.05,0.03,50,5,0.8,0.02,components,1.0,2.05
tune_8,Tuning/mac_grafo20dens30.txt,0.03,0.05,0.03,50,5,0.8,0.02,components,1.0,2.09
tune_9,Tuning/mac_grafo20dens30.txt,0.03,0.05,0.03,50,5,0.8,0.02,components,1.0,2.14
tune_10,Tuning/mac_grafo20dens30.txt,0.03,0.05,0.03,50,5,0.8,0.02,components,1.0,2.12
tune_1,Tuning/bog_150_p0.1_2.txt,0.03,0.05,0.03,50,5,0.9,0.01,components,1.0,8.54
tune_2,Tuning/bog_150_p0.1_2.txt,0.03,0.05,0.03,50,5,0.9,0.01,components,1.0,8.65
tune_3,Tuning/bog_150_p0.1_2.txt,0.03,0.05,0.03,50,5,0.9,0.01,components,1.0,8.67
tune_4,Tuning/bog_150_p0.1_2.txt,0.03,0.05,0.03,50,5,0.9,0.01,components,1.0,8.56
tune_5,Tuning/bog_150_p0.1_2.txt,0.03,0.05,0.03,50,5,0.9,0.01,components,1.0,8.57
tune_6,Tuning/bog_150_p0.1_2.txt,0.03,0.05,0.03,50,5,0.9,0.01,components,1.0,8.64
tune_7,Tuning/bog_150_p0.1_2.txt,0.03,0.05,0.03,50,5,0.9,0.01,components,1.0,8.44
tune_8,Tuning/bog_150_p0.1_2.txt,0.03,0.05,0.03,50,5,0.9,0.01,components,1.0,8.64
tune_9,Tuning/bog_150_p0.1_2.txt,0.03,0.05,0.03,50,5,0.9,0.01,components,1.0,8.62
tune_10,Tuning/bog_150_p0.1_2.txt,0.03,0.05,0.03,50,5,0.9,0.01,components,1.0,9.01
tune_1,Tuning/cor_dolphins-w.txt,0.03,0.05,0.03,50,5,0.9,0.01,components,8.0,2.83
tune_2,Tuning/cor_dolphins-w.txt,0.03,0.05,0.03,50,5,0.9,0.01,components,8.0,2.83
tune_3,Tuning/cor_dolphins-w.txt,0.03,0.05,0.03,50,5,0.9,0.01,components,8.0,2.89
tune_4,Tuning/cor_dolphins-w.txt,0.03,0.05,0.03,50,5,0.9,0.01,components,8.0,2.88
tune_5,Tuning/cor_dolphins-w.txt,0.03,0.05,0.03,50,5,0.9,0.01,components,9.0,2.86
tune_6,Tuning/cor_dolphins-w.txt,0.03,0.05,0.03,50,5,0.9,0.01,components,9.0,2.93
tune_7,Tuning/cor_dolphins-w.txt,0.03,0.05,0.03,50,5,0.9,0.01,components,7.0,2.77
tune_8,Tuning/cor_dolphins-w.txt,0.03,0.05,0.03,50,5,0.9,0.01,components,8.0,2.84
tune_9,Tuning/cor_dolphins-w.txt,0.03,0.05,0.03,50,5,0.9,0.01,components,9.0,2.87
tune_10,Tuning/cor_dolphins-w.txt,0.03,0.05,0.03,50,5,0.9,0.01,components,8.0,2.83
tune_1,Tuning/hos_35_r1_1.txt,0.03,0.05,0.03,50,5,0.9,0.01,components,3.0,2.26
tune_2,Tuning/hos_35_r1_1.txt,0.03,0.05,0.03,50,5,0.9,0.01,components,3.0,2.13
tune_3,Tuning/hos_35_r1_1.txt,0.03,0.05,0.03,50,5,0.9,0.01,components,3.0,2.17
tune_4,Tuning/hos_35_r1_1.txt,0.03,0.05,0.03,50,5,0.9,0.01,components,3.0,2.27
tune_5,Tuning/hos_35_r1_1.txt,0.03,0.05,0.03,50,5,0.9,0.01,components,3.0,2.14
tune_6,Tuning/hos_35_r1_1.txt,0.03,0.05,0.03,50,5,0.9,0.01,components,3.0,2.18
tune_7,Tuning/hos_35_r1_1.txt,0.03,0.05,0.03,50,5,0.9,0.01,components,2.0,2.22
tune_8,Tuning/hos_35_r1_1.txt,0.03,0.05,0.03,50,5,0.9,0.01,components,3.0,2.21
tune_9,Tuning/hos_35_r1_1.txt,0.03,0.05,0.03,50,5,0.9,0.01,components,3.0,2.18
tune_10,Tuning/hos_35_r1_1.txt,0.03,0.05,0.03,50,5,0.9,0.01,components,3.0,2.22
tune_1,Tuning/mac_grafo20dens30.txt,0.03,0.05,0.03,50,5,0.9,0.01,components,1.0,2.39
tune_2,Tuning/mac_grafo20dens30.txt,0.03,0.05,0.03,50,5,0.9,0.01,components,1.0,2.17
tune_3,Tuning/mac_grafo20dens30.txt,0.03,0.05,0.03,50,5,0.9,0.01,components,1.0,2.20
tune_4,Tuning/mac_grafo20dens30.txt,0.03,0.05,0.03,50,5,0.9,0.01,components,1.0,2.20
tune_5,Tuning/mac_grafo20dens30.txt,0.03,0.05,0.03,50,5,0.9,0.01,components,1.0,2.23
tune_6,Tuning/mac_grafo20dens30.txt,0.03,0.05,0.03,50,5,0.9,0.01,components,1.0,2.14
tune_7,Tuning/mac_grafo20dens30.txt,0.03,0.05,0.03,50,5,0.9,0.01,components,1.0,2.21
tune_8,Tuning/mac_grafo20dens30.txt,0.03,0.05,0.03,50,5,0.9,0.01,components,1.0,2.22
tune_9,Tuning/mac_grafo20dens30.txt,0.03,0.05,0.03,50,5,0.9,0.01,components,1.0,2.12
tune_10,Tuning/mac_grafo20dens30.txt,0.03,0.05,0.03,50,5,0.9,0.01,components,1.0,2.12
tune_1,Tuning/bog_150_p0.1_2.txt,0.03,0.05,0.03,50,5,0.9,0.02,components,1.0,9.73
tune_2,Tuning/bog_150_p0.1_2.txt,0.03,0.05,0.03,50,5,0.9,0.02,components,1.0,9.62
tune_3,Tuning/bog_150_p0.1_2.txt,0.03,0.05,0.03,50,5,0.9,0.02,components,1.0,9.73
tune_4,Tuning/bog_150_p0.1_2.txt,0.03,0.05,0.03,50,5,0.9,0.02,components,1.0,9.63
tune_5,Tuning/bog_150_p0.1_2.txt,0.03,0.05,0.03,50,5,0.9,0.02,components,1.0,9.77
tune_6,Tuning/bog_150_p0.1_2.txt,0.03,0.05,0.03,50,5,0.9,0.02,components,1.0,9.84
tune_7,Tuning/bog_150_p0.1_2.txt,0.03,0.05,0.03,50,5,0.9,0.02,components,1.0,9.81
tune_8,Tuning/bog_150_p0.1_2.txt,0.03,0.05,0.03,50,5,0.9,0.02,components,1.0,9.69
tune_9,Tuning/bog_150_p0.1_2.txt,0.03,0.05,0.03,50,5,0.9,0.02,components,1.0,9.70
tune_10,Tuning/bog_150_p0.1_2.txt,0.03,0.05,0.03,50,5,0.9,0.02,components,1.0,9.77
tune_1,Tuning/cor_dolphins-w.txt,0.03,0.05,0.03,50,5,0.9,0.02,components,9.0,2.82
tune_2,Tuning/cor_dolphins-w.txt,0.03,0.05,0.03,50,5,0.9,0.02,components,8.0,2.86
tune_3,Tuning/cor_dolphins-w.txt,0.03,0.05,0.03,50,5,0.9,0.02,components,7.0,2.81
tune_4,Tuning/cor_dolphins-w.txt,0.03,0.05,0.03,50,5,0.9,0.02,components,9.0,2.83
tune_5,Tuning/cor_dolphins-w.txt,0.03,0.05,0.03,50,5,0.9,0.02,components,8.0,2.80
tune_6,Tuning/cor_dolphins-w.txt,0.03,0.05,0.03,50,5,0.9,0.02,components,8.0,2.84
tune_7,Tuning/cor_dolphins-w.txt,0.03,0.05,0.03,50,5,0.9,0.02,components,6.0,2.91
tune_8,Tuning/cor_dolphins-w.txt,0.03,0.05,0.03,50,5,0.9,0.02,components,7.0,2.86
tune_9,Tuning/cor_dolphins-w.txt,0.03,0.05,0.03,50,5,0.9,0.02,components,9.0,2.96
tune_10,Tuning/cor_dolphins-w.txt,0.03,0.05,0.03,50,5,0.9,0.02,components,8.0,2.85
tune_1,Tuning/hos_35_r1_1.txt,0.03,0.05,0.03,50,5,0.9,0.02,components,3.0,2.26
tune_2,Tuning/hos_35_r1_1.txt,0.03,0.05,0.03,50,5,0.9,0.02,components,3.0,2.27
tune_3,Tuning/hos_35_r1_1.txt,0.03,0.05,0.03,50,5,0.9,0.02,components,3.0,2.23
tune_4,Tuning/hos_35_r1_1.txt,0.03,0.05,0.03,50,5,0.9,0.02,components,2.0,2.25
tune_5,Tuning/hos_35_r1_1.txt,0.03,0.05,0.03,50,5,0.9,0.02,components,3.0,2.21
tune_6,Tuning/hos_35_r1_1.txt,0.03,0.05,0.03,50,5,0.9,0.02,components,3.0,2.15
tune_7,Tuning/hos_35_r1_1.txt,0.03,0.05,0.03,50,5,0.9,0.02,components,3.0,2.17
tune_8,Tuning/hos_35_r1_1.txt,0.03,0.05,0.03,50,5,0.9,0.02,components,3.0,2.22
tune_9,Tuning/hos_35_r1_1.txt,0.03,0.05,0.03,50,5,0.9,0.02,components,3.0,2.25
tune_10,Tuning/hos_35_r1_1.txt,0.03,0.05,0.03,50,5,0.9,0.02,components,3.0,2.14
tune_1,Tuning/mac_grafo20dens30.txt,0.03,0.05,0.03,50,5,0.9,0.02,components,1.0,2.20
tune_2,Tuning/mac_grafo20dens30.txt,0.03,0.05,0.03,50,5,0.9,0.02,components,1.0,2.17
tune_3,Tuning/mac_grafo20dens30.txt,0.03,0.05,0.03,50,5,0.9,0.02,components,1.0,2.15
tune_4,Tuning/mac_grafo20dens30.txt,0.03,0.05,0.03,50,5,0.9,0.02,components,1.0,2.18
tune_5,Tuning/mac_grafo20dens30.txt,0.03,0.05,0.03,50,5,0.9,0.02,components,1.0,2.22
tune_6,Tuning/mac_grafo20dens30.txt,0.03,0.05,0.03,50,5,0.9,0.02,components,1.0,2.15
tune_7,Tuning/mac_grafo20dens30.txt,0.03,0.05,0.03,50,5,0.9,0.02,components,1.0,2.21
tune_8,Tuning/mac_grafo20dens30.txt,0.03,0.05,0.03,50,5,0.9,0.02,components,1.0,2.17
tune_9,Tuning/mac_grafo20dens30.txt,0.03,0.05,0.03,50,5,0.9,0.02,components,1.0,2.16
tune_10,Tuning/mac_grafo20dens30.txt,0.03,0.05,0.03,50,5,0.9,0.02,components,1.0,2.17
tune_1,Tuning/bog_150_p0.1_2.txt,0.03,0.05,0.03,100,3,0.8,0.01,components,1.0,12.69
tune_2,Tuning/bog_150_p0.1_2.txt,0.03,0.05,0.03,100,3,0.8,0.01,components,1.0,12.63
tune_3,Tuning/bog_150_p0.1_2.txt,0.03,0.05,0.03,100,3,0.8,0.01,components,1.0,12.57
tune_4,Tuning/bog_150_p0.1_2.txt,0.03,0.05,0.03,100,3,0.8,0.01,components,1.0,12.53
tune_5,Tuning/bog_150_p0.1_2.txt,0.03,0.05,0.03,100,3,0.8,0.01,components,1.0,12.45
tune_6,Tuning/bog_150_p0.1_2.txt,0.03,0.05,0.03,100,3,0.8,0.01,components,1.0,12.53
tune_7,Tuning/bog_150_p0.1_2.txt,0.03,0.05,0.03,100,3,0.8,0.01,components,1.0,12.51
tune_8,Tuning/bog_150_p0.1_2.txt,0.03,0.05,0.03,100,3,0.8,0.01,components,1.0,12.73
tune_9,Tuning/bog_150_p0.1_2.txt,0.03,0.05,0.03,100,3,0.8,0.01,components,1.0,12.49
tune_10,Tuning/bog_150_p0.1_2.txt,0.03,0.05,0.03,100,3,0.8,0.01,components,1.0,12.45
tune_1,Tuning/cor_dolphins-w.txt,0.03,0.05,0.03,100,3,0.8,0.01,components,9.0,3.35
tune_2,Tuning/cor_dolphins-w.txt,0.03,0.05,0.03,100,3,0.8,0.01,components,9.0,3.37
tune_3,Tuning/cor_dolphins-w.txt,0.03,0.05,0.03,100,3,0.8,0.01,components,9.0,3.28
tune_4,Tuning/cor_dolphins-w.txt,0.03,0.05,0.03,100,3,0.8,0.01,components,9.0,3.47
tune_5,Tuning/cor_dolphins-w.txt,0.03,0.05,0.03,100,3,0.8,0.01,components,8.0,3.49
tune_6,Tuning/cor_dolphins-w.txt,0.03,0.05,0.03,100,3,0.8,0.01,components,9.0,3.36
tune_7,Tuning/cor_dolphins-w.txt,0.03,0.05,0.03,100,3,0.8,0.01,components,9.0,3.26
tune_8,Tuning/cor_dolphins-w.txt,0.03,0.05,0.03,100,3,0.8,0.01,components,9.0,3.51
tune_9,Tuning/cor_dolphins-w.txt,0.03,0.05,0.03,100,3,0.8,0.01,components,9.0,3.42
tune_10,Tuning/cor_dolphins-w.txt,0.03,0.05,0.03,100,3,0.8,0.01,components,9.0,3.72
tune_1,Tuning/hos_35_r1_1.txt,0.03,0.05,0.03,100,3,0.8,0.01,components,3.0,2.78
tune_2,Tuning/hos_35_r1_1.txt,0.03,0.05,0.03,100,3,0.8,0.01,components,3.0,2.85
tune_3,Tuning/hos_35_r1_1.txt,0.03,0.05,0.03,100,3,0.8,0.01,components,3.0,2.47
tune_4,Tuning/hos_35_r1_1.txt,0.03,0.05,0.03,100,3,0.8,0.01,components,3.0,2.68
tune_5,Tuning/hos_35_r1_1.txt,0.03,0.05,0.03,100,3,0.8,0.01,components,3.0,2.54
tune_6,Tuning/hos_35_r1_1.txt,0.03,0.05,0.03,100,3,0.8,0.01,components,3.0,2.59
tune_7,Tuning/hos_35_r1_1.txt,0.03,0.05,0.03,100,3,0.8,0.01,components,3.0,2.46
tune_8,Tuning/hos_35_r1_1.txt,0.03,0.05,0.03,100,3,0.8,0.01,components,3.0,2.58
tune_9,Tuning/hos_35_r1_1.txt,0.03,0.05,0.03,100,3,0.8,0.01,components,3.0,2.41
tune_10,Tuning/hos_35_r1_1.txt,0.03,0.05,0.03,100,3,0.8,0.01,components,3.0,2.48
tune_1,Tuning/mac_grafo20dens30.txt,0.03,0.05,0.03,100,3,0.8,0.01,components,1.0,2.43
tune_2,Tuning/mac_grafo20dens30.txt,0.03,0.05,0.03,100,3,0.8,0.01,components,1.0,2.30
tune_3,Tuning/mac_grafo20dens30.txt,0.03,0.05,0.03,100,3,0.8,0.01,components,1.0,2.38
tune_4,Tuning/mac_grafo20dens30.txt,0.03,0.05,0.03,100,3,0.8,0.01,components,1.0,2.52
tune_5,Tuning/mac_grafo20dens30.txt,0.03,0.05,0.03,100,3,0.8,0.01,components,1.0,2.48
tune_6,Tuning/mac_grafo20dens30.txt,0.03,0.05,0.03,100,3,0.8,0.01,components,1.0,2.35
tune_7,Tuning/mac_grafo20dens30.txt,0.03,0.05,0.03,100,3,0.8,0.01,components,1.0,2.35
tune_8,Tuning/mac_grafo20dens30.txt,0.03,0.05,0.03,100,3,0.8,0.01,components,1.0,2.36
tune_9,Tuning/mac_grafo20dens30.txt,0.03,0.05,0.03,100,3,0.8,0.01,components,1.0,2.44
tune_10,Tuning/mac_grafo20dens30.txt,0.03,0.05,0.03,100,3,0.8,0.01,components,1.0,2.71
tune_1,Tuning/bog_150_p0.1_2.txt,0.03,0.05,0.03,100,3,0.8,0.02,components,1.0,13.46
tune_2,Tuning/bog_150_p0.1_2.txt,0.03,0.05,0.03,100,3,0.8,0.02,components,1.0,13.42
tune_3,Tuning/bog_150_p0.1_2.txt,0.03,0.05,0.03,100,3,0.8,0.02,components,1.0,14.54
tune_4,Tuning/bog_150_p0.1_2.txt,0.03,0.05,0.03,100,3,0.8,0.02,components,1.0,12.95
tune_5,Tuning/bog_150_p0.1_2.txt,0.03,0.05,0.03,100,3,0.8,0.02,components,1.0,13.15
tune_6,Tuning/bog_150_p0.1_2.txt,0.03,0.05,0.03,100,3,0.8,0.02,components,1.0,13.19
tune_7,Tuning/bog_150_p0.1_2.txt,0.03,0.05,0.03,100,3,0.8,0.02,components,1.0,13.10
tune_8,Tuning/bog_150_p0.1_2.txt,0.03,0.05,0.03,100,3,0.8,0.02,components,1.0,14.18
tune_9,Tuning/bog_150_p0.1_2.txt,0.03,0.05,0.03,100,3,0.8,0.02,components,1.0,13.76
tune_10,Tuning/bog_150_p0.1_2.txt,0.03,0.05,0.03,100,3,0.8,0.02,components,1.0,13.33
tune_1,Tuning/cor_dolphins-w.txt,0.03,0.05,0.03,100,3,0.8,0.02,components,9.0,3.51
tune_2,Tuning/cor_dolphins-w.txt,0.03,0.05,0.03,100,3,0.8,0.02,components,9.0,3.65
tune_3,Tuning/cor_dolphins-w.txt,0.03,0.05,0.03,100,3,0.8,0.02,components,9.0,3.48
tune_4,Tuning/cor_dolphins-w.txt,0.03,0.05,0.03,100,3,0.8,0.02,components,9.0,3.49
tune_5,Tuning/cor_dolphins-w.txt,0.03,0.05,0.03,100,3,0.8,0.02,components,8.0,3.52
tune_6,Tuning/cor_dolphins-w.txt,0.03,0.05,0.03,100,3,0.8,0.02,components,9.0,3.47
tune_7,Tuning/cor_dolphins-w.txt,0.03,0.05,0.03,100,3,0.8,0.02,components,9.0,3.48
tune_8,Tuning/cor_dolphins-w.txt,0.03,0.05,0.03,100,3,0.8,0.02,components,8.0,3.42
tune_9,Tuning/cor_dolphins-w.txt,0.03,0.05,0.03,100,3,0.8,0.02,components,8.0,3.46
tune_10,Tuning/cor_dolphins-w.txt,0.03,0.05,0.03,100,3,0.8,0.02,components,9.0,3.57
tune_1,Tuning/hos_35_r1_1.txt,0.03,0.05,0.03,100,3,0.8,0.02,components,3.0,2.51
tune_2,Tuning/hos_35_r1_1.txt,0.03,0.05,0.03,100,3,0.8,0.02,components,3.0,2.48
tune_3,Tuning/hos_35_r1_1.txt,0.03,0.05,0.03,100,3,0.8,0.02,components,3.0,2.42
tune_4,Tuning/hos_35_r1_1.txt,0.03,0.05,0.03,100,3,0.8,0.02,components,2.0,2.60
tune_5,Tuning/hos_35_r1_1.txt,0.03,0.05,0.03,100,3,0.8,0.02,components,3.0,2.42
tune_6,Tuning/hos_35_r1_1.txt,0.03,0.05,0.03,100,3,0.8,0.02,components,3.0,2.52
tune_7,Tuning/hos_35_r1_1.txt,0.03,0.05,0.03,100,3,0.8,0.02,components,3.0,2.45
tune_8,Tuning/hos_35_r1_1.txt,0.03,0.05,0.03,100,3,0.8,0.02,components,3.0,2.40
tune_9,Tuning/hos_35_r1_1.txt,0.03,0.05,0.03,100,3,0.8,0.02,components,3.0,2.43
tune_10,Tuning/hos_35_r1_1.txt,0.03,0.05,0.03,100,3,0.8,0.02,components,3.0,2.41
tune_1,Tuning/mac_grafo20dens30.txt,0.03,0.05,0.03,100,3,0.8,0.02,components,1.0,2.39
tune_2,Tuning/mac_grafo20dens30.txt,0.03,0.05,0.03,100,3,0.8,0.02,components,1.0,2.38
tune_3,Tuning/mac_grafo20dens30.txt,0.03,0.05,0.03,100,3,0.8,0.02,components,1.0,2.38
tune_4,Tuning/mac_grafo20dens30.txt,0.03,0.05,0.03,100,3,0.8,0.02,components,1.0,2.37
tune_5,Tuning/mac_grafo20dens30.txt,0.03,0.05,0.03,100,3,0.8,0.02,components,1.0,2.38
tune_6,Tuning/mac_grafo20dens30.txt,0.03,0.05,0.03,100,3,0.8,0.02,components,1.0,2.35
tune_7,Tuning/mac_grafo20dens30.txt,0.03,0.05,0.03,100,3,0.8,0.02,components,1.0,2.34
tune_8,Tuning/mac_grafo20dens30.txt,0.03,0.05,0.03,100,3,0.8,0.02,components,1.0,2.34
tune_9,Tuning/mac_grafo20dens30.txt,0.03,0.05,0.03,100,3,0.8,0.02,components,1.0,2.36
tune_10,Tuning/mac_grafo20dens30.txt,0.03,0.05,0.03,100,3,0.8,0.02,components,1.0,2.49
tune_1,Tuning/bog_150_p0.1_2.txt,0.03,0.05,0.03,100,3,0.9,0.01,components,1.0,14.93
tune_2,Tuning/bog_150_p0.1_2.txt,0.03,0.05,0.03,100,3,0.9,0.01,components,1.0,14.54
tune_3,Tuning/bog_150_p0.1_2.txt,0.03,0.05,0.03,100,3,0.9,0.01,components,1.0,14.47
tune_4,Tuning/bog_150_p0.1_2.txt,0.03,0.05,0.03,100,3,0.9,0.01,components,1.0,14.56
tune_5,Tuning/bog_150_p0.1_2.txt,0.03,0.05,0.03,100,3,0.9,0.01,components,1.0,14.69
tune_6,Tuning/bog_150_p0.1_2.txt,0.03,0.05,0.03,100,3,0.9,0.01,components,1.0,14.00
tune_7,Tuning/bog_150_p0.1_2.txt,0.03,0.05,0.03,100,3,0.9,0.01,components,1.0,13.94
tune_8,Tuning/bog_150_p0.1_2.txt,0.03,0.05,0.03,100,3,0.9,0.01,components,1.0,13.96
tune_9,Tuning/bog_150_p0.1_2.txt,0.03,0.05,0.03,100,3,0.9,0.01,components,1.0,15.07
tune_10,Tuning/bog_150_p0.1_2.txt,0.03,0.05,0.03,100,3,0.9,0.01,components,1.0,18.28
tune_1,Tuning/cor_dolphins-w.txt,0.03,0.05,0.03,100,3,0.9,0.01,components,8.0,3.85
tune_2,Tuning/cor_dolphins-w.txt,0.03,0.05,0.03,100,3,0.9,0.01,components,9.0,3.85
tune_3,Tuning/cor_dolphins-w.txt,0.03,0.05,0.03,100,3,0.9,0.01,components,8.0,3.89
tune_4,Tuning/cor_dolphins-w.txt,0.03,0.05,0.03,100,3,0.9,0.01,components,9.0,3.82
tune_5,Tuning/cor_dolphins-w.txt,0.03,0.05,0.03,100,3,0.9,0.01,components,9.0,3.91
tune_6,Tuning/cor_dolphins-w.txt,0.03,0.05,0.03,100,3,0.9,0.01,components,9.0,3.68
tune_7,Tuning/cor_dolphins-w.txt,0.03,0.05,0.03,100,3,0.9,0.01,components,9.0,3.71
tune_8,Tuning/cor_dolphins-w.txt,0.03,0.05,0.03,100,3,0.9,0.01,components,9.0,3.71
tune_9,Tuning/cor_dolphins-w.txt,0.03,0.05,0.03,100,3,0.9,0.01,components,9.0,3.97
tune_10,Tuning/cor_dolphins-w.txt,0.03,0.05,0.03,100,3,0.9,0.01,components,9.0,3.69
tune_1,Tuning/hos_35_r1_1.txt,0.03,0.05,0.03,100,3,0.9,0.01,components,3.0,2.70
tune_2,Tuning/hos_35_r1_1.txt,0.03,0.05,0.03,100,3,0.9,0.01,components,3.0,2.55
tune_3,Tuning/hos_35_r1_1.txt,0.03,0.05,0.03,100,3,0.9,0.01,components,3.0,2.55
tune_4,Tuning/hos_35_r1_1.txt,0.03,0.05,0.03,100,3,0.9,0.01,components,3.0,2.56
tune_5,Tuning/hos_35_r1_1.txt,0.03,0.05,0.03,100,3,0.9,0.01,components,3.0,2.51
tune_6,Tuning/hos_35_r1_1.txt,0.03,0.05,0.03,100,3,0.9,0.01,components,3.0,2.60
tune_7,Tuning/hos_35_r1_1.txt,0.03,0.05,0.03,100,3,0.9,0.01,components,3.0,2.50
tune_8,Tuning/hos_35_r1_1.txt,0.03,0.05,0.03,100,3,0.9,0.01,components,3.0,2.58
tune_9,Tuning/hos_35_r1_1.txt,0.03,0.05,0.03,100,3,0.9,0.01,components,3.0,2.54
tune_10,Tuning/hos_35_r1_1.txt,0.03,0.05,0.03,100,3,0.9,0.01,components,3.0,2.56
tune_1,Tuning/mac_grafo20dens30.txt,0.03,0.05,0.03,100,3,0.9,0.01,components,1.0,2.59
tune_2,Tuning/mac_grafo20dens30.txt,0.03,0.05,0.03,100,3,0.9,0.01,components,1.0,3.82
tune_3,Tuning/mac_grafo20dens30.txt,0.03,0.05,0.03,100,3,0.9,0.01,components,1.0,2.61
tune_4,Tuning/mac_grafo20dens30.txt,0.03,0.05,0.03,100,3,0.9,0.01,components,1.0,2.48
tune_5,Tuning/mac_grafo20dens30.txt,0.03,0.05,0.03,100,3,0.9,0.01,components,1.0,2.56
tune_6,Tuning/mac_grafo20dens30.txt,0.03,0.05,0.03,100,3,0.9,0.01,components,1.0,2.52
tune_7,Tuning/mac_grafo20dens30.txt,0.03,0.05,0.03,100,3,0.9,0.01,components,1.0,2.54
tune_8,Tuning/mac_grafo20dens30.txt,0.03,0.05,0.03,100,3,0.9,0.01,components,1.0,2.64
tune_9,Tuning/mac_grafo20dens30.txt,0.03,0.05,0.03,100,3,0.9,0.01,components,1.0,2.54
tune_10,Tuning/mac_grafo20dens30.txt,0.03,0.05,0.03,100,3,0.9,0.01,components,1.0,2.57
tune_1,Tuning/bog_150_p0.1_2.txt,0.03,0.05,0.03,100,3,0.9,0.02,components,1.0,14.06
tune_2,Tuning/bog_150_p0.1_2.txt,0.03,0.05,0.03,100,3,0.9,0.02,components,1.0,14.04
tune_3,Tuning/bog_150_p0.1_2.txt,0.03,0.05,0.03,100,3,0.9,0.02,components,1.0,14.15
tune_4,Tuning/bog_150_p0.1_2.txt,0.03,0.05,0.03,100,3,0.9,0.02,components,1.0,14.28
tune_5,Tuning/bog_150_p0.1_2.txt,0.03,0.05,0.03,100,3,0.9,0.02,components,1.0,13.92
tune_6,Tuning/bog_150_p0.1_2.txt,0.03,0.05,0.03,100,3,0.9,0.02,components,1.0,13.94
tune_7,Tuning/bog_150_p0.1_2.txt,0.03,0.05,0.03,100,3,0.9,0.02,components,1.0,13.77
tune_8,Tuning/bog_150_p0.1_2.txt,0.03,0.05,0.03,100,3,0.9,0.02,components,1.0,14.11
tune_9,Tuning/bog_150_p0.1_2.txt,0.03,0.05,0.03,100,3,0.9,0.02,components,1.0,13.71
tune_10,Tuning/bog_150_p0.1_2.txt,0.03,0.05,0.03,100,3,0.9,0.02,components,1.0,13.76
tune_1,Tuning/cor_dolphins-w.txt,0.03,0.05,0.03,100,3,0.9,0.02,components,9.0,3.67
tune_2,Tuning/cor_dolphins-w.txt,0.03,0.05,0.03,100,3,0.9,0.02,components,9.0,3.68
tune_3,Tuning/cor_dolphins-w.txt,0.03,0.05,0.03,100,3,0.9,0.02,components,9.0,3.73
tune_4,Tuning/cor_dolphins-w.txt,0.03,0.05,0.03,100,3,0.9,0.02,components,9.0,3.62
tune_5,Tuning/cor_dolphins-w.txt,0.03,0.05,0.03,100,3,0.9,0.02,components,9.0,3.55
tune_6,Tuning/cor_dolphins-w.txt,0.03,0.05,0.03,100,3,0.9,0.02,components,9.0,3.53
tune_7,Tuning/cor_dolphins-w.txt,0.03,0.05,0.03,100,3,0.9,0.02,components,9.0,3.67
tune_8,Tuning/cor_dolphins-w.txt,0.03,0.05,0.03,100,3,0.9,0.02,components,9.0,3.77
tune_9,Tuning/cor_dolphins-w.txt,0.03,0.05,0.03,100,3,0.9,0.02,components,9.0,3.57
tune_10,Tuning/cor_dolphins-w.txt,0.03,0.05,0.03,100,3,0.9,0.02,components,9.0,3.72
tune_1,Tuning/hos_35_r1_1.txt,0.03,0.05,0.03,100,3,0.9,0.02,components,3.0,2.54
tune_2,Tuning/hos_35_r1_1.txt,0.03,0.05,0.03,100,3,0.9,0.02,components,3.0,2.54
tune_3,Tuning/hos_35_r1_1.txt,0.03,0.05,0.03,100,3,0.9,0.02,components,3.0,2.65
tune_4,Tuning/hos_35_r1_1.txt,0.03,0.05,0.03,100,3,0.9,0.02,components,3.0,2.64
tune_5,Tuning/hos_35_r1_1.txt,0.03,0.05,0.03,100,3,0.9,0.02,components,3.0,2.49
tune_6,Tuning/hos_35_r1_1.txt,0.03,0.05,0.03,100,3,0.9,0.02,components,3.0,2.54
tune_7,Tuning/hos_35_r1_1.txt,0.03,0.05,0.03,100,3,0.9,0.02,components,3.0,2.50
tune_8,Tuning/hos_35_r1_1.txt,0.03,0.05,0.03,100,3,0.9,0.02,components,3.0,2.48
tune_9,Tuning/hos_35_r1_1.txt,0.03,0.05,0.03,100,3,0.9,0.02,components,3.0,2.48
tune_10,Tuning/hos_35_r1_1.txt,0.03,0.05,0.03,100,3,0.9,0.02,components,3.0,2.49
tune_1,Tuning/mac_grafo20dens30.txt,0.03,0.05,0.03,100,3,0.9,0.02,components,1.0,2.44
tune_2,Tuning/mac_grafo20dens30.txt,0.03,0.05,0.03,100,3,0.9,0.02,components,1.0,2.46
tune_3,Tuning/mac_grafo20dens30.txt,0.03,0.05,0.03,100,3,0.9,0.02,components,1.0,2.42
tune_4,Tuning/mac_grafo20dens30.txt,0.03,0.05,0.03,100,3,0.9,0.02,components,1.0,2.43
tune_5,Tuning/mac_grafo20dens30.txt,0.03,0.05,0.03,100,3,0.9,0.02,components,1.0,2.42
tune_6,Tuning/mac_grafo20dens30.txt,0.03,0.05,0.03,100,3,0.9,0.02,components,1.0,2.47
tune_7,Tuning/mac_grafo20dens30.txt,0.03,0.05,0.03,100,3,0.9,0.02,components,1.0,2.45
tune_8,Tuning/mac_grafo20dens30.txt,0.03,0.05,0.03,100,3,0.9,0.02,components,1.0,2.46
tune_9,Tuning/mac_grafo20dens30.txt,0.03,0.05,0.03,100,3,0.9,0.02,components,1.0,2.54
tune_10,Tuning/mac_grafo20dens30.txt,0.03,0.05,0.03,100,3,0.9,0.02,components,1.0,2.49
tune_1,Tuning/bog_150_p0.1_2.txt,0.03,0.05,0.03,100,5,0.8,0.01,components,1.0,12.62
tune_2,Tuning/bog_150_p0.1_2.txt,0.03,0.05,0.03,100,5,0.8,0.01,components,1.0,12.43
tune_3,Tuning/bog_150_p0.1_2.txt,0.03,0.05,0.03,100,5,0.8,0.01,components,1.0,12.55
tune_4,Tuning/bog_150_p0.1_2.txt,0.03,0.05,0.03,100,5,0.8,0.01,components,1.0,12.79
tune_5,Tuning/bog_150_p0.1_2.txt,0.03,0.05,0.03,100,5,0.8,0.01,components,1.0,12.70
tune_6,Tuning/bog_150_p0.1_2.txt,0.03,0.05,0.03,100,5,0.8,0.01,components,1.0,12.50
tune_7,Tuning/bog_150_p0.1_2.txt,0.03,0.05,0.03,100,5,0.8,0.01,components,1.0,12.71
tune_8,Tuning/bog_150_p0.1_2.txt,0.03,0.05,0.03,100,5,0.8,0.01,components,1.0,12.45
tune_9,Tuning/bog_150_p0.1_2.txt,0.03,0.05,0.03,100,5,0.8,0.01,components,1.0,12.56
tune_10,Tuning/bog_150_p0.1_2.txt,0.03,0.05,0.03,100,5,0.8,0.01,components,1.0,12.42
tune_1,Tuning/cor_dolphins-w.txt,0.03,0.05,0.03,100,5,0.8,0.01,components,8.0,3.29
tune_2,Tuning/cor_dolphins-w.txt,0.03,0.05,0.03,100,5,0.8,0.01,components,9.0,3.36
tune_3,Tuning/cor_dolphins-w.txt,0.03,0.05,0.03,100,5,0.8,0.01,components,9.0,3.29
tune_4,Tuning/cor_dolphins-w.txt,0.03,0.05,0.03,100,5,0.8,0.01,components,9.0,3.25
tune_5,Tuning/cor_dolphins-w.txt,0.03,0.05,0.03,100,5,0.8,0.01,components,9.0,3.33
tune_6,Tuning/cor_dolphins-w.txt,0.03,0.05,0.03,100,5,0.8,0.01,components,9.0,3.38
tune_7,Tuning/cor_dolphins-w.txt,0.03,0.05,0.03,100,5,0.8,0.01,components,9.0,3.27
tune_8,Tuning/cor_dolphins-w.txt,0.03,0.05,0.03,100,5,0.8,0.01,components,9.0,3.40
tune_9,Tuning/cor_dolphins-w.txt,0.03,0.05,0.03,100,5,0.8,0.01,components,9.0,3.37
tune_10,Tuning/cor_dolphins-w.txt,0.03,0.05,0.03,100,5,0.8,0.01,components,9.0,3.40
tune_1,Tuning/hos_35_r1_1.txt,0.03,0.05,0.03,100,5,0.8,0.01,components,3.0,2.47
tune_2,Tuning/hos_35_r1_1.txt,0.03,0.05,0.03,100,5,0.8,0.01,components,3.0,2.38
tune_3,Tuning/hos_35_r1_1.txt,0.03,0.05,0.03,100,5,0.8,0.01,components,3.0,2.38
tune_4,Tuning/hos_35_r1_1.txt,0.03,0.05,0.03,100,5,0.8,0.01,components,3.0,2.44
tune_5,Tuning/hos_35_r1_1.txt,0.03,0.05,0.03,100,5,0.8,0.01,components,3.0,2.38
tune_6,Tuning/hos_35_r1_1.txt,0.03,0.05,0.03,100,5,0.8,0.01,components,3.0,2.41
tune_7,Tuning/hos_35_r1_1.txt,0.03,0.05,0.03,100,5,0.8,0.01,components,3.0,2.35
tune_8,Tuning/hos_35_r1_1.txt,0.03,0.05,0.03,100,5,0.8,0.01,components,2.0,2.43
tune_9,Tuning/hos_35_r1_1.txt,0.03,0.05,0.03,100,5,0.8,0.01,components,3.0,2.36
tune_10,Tuning/hos_35_r1_1.txt,0.03,0.05,0.03,100,5,0.8,0.01,components,3.0,2.37
tune_1,Tuning/mac_grafo20dens30.txt,0.03,0.05,0.03,100,5,0.8,0.01,components,1.0,2.39
tune_2,Tuning/mac_grafo20dens30.txt,0.03,0.05,0.03,100,5,0.8,0.01,components,1.0,2.38
tune_3,Tuning/mac_grafo20dens30.txt,0.03,0.05,0.03,100,5,0.8,0.01,components,1.0,2.40
tune_4,Tuning/mac_grafo20dens30.txt,0.03,0.05,0.03,100,5,0.8,0.01,components,1.0,2.35
tune_5,Tuning/mac_grafo20dens30.txt,0.03,0.05,0.03,100,5,0.8,0.01,components,1.0,2.29
tune_6,Tuning/mac_grafo20dens30.txt,0.03,0.05,0.03,100,5,0.8,0.01,components,1.0,2.38
tune_7,Tuning/mac_grafo20dens30.txt,0.03,0.05,0.03,100,5,0.8,0.01,components,1.0,2.35
tune_8,Tuning/mac_grafo20dens30.txt,0.03,0.05,0.03,100,5,0.8,0.01,components,1.0,2.53
tune_9,Tuning/mac_grafo20dens30.txt,0.03,0.05,0.03,100,5,0.8,0.01,components,1.0,2.31
tune_10,Tuning/mac_grafo20dens30.txt,0.03,0.05,0.03,100,5,0.8,0.01,components,1.0,2.31
tune_1,Tuning/bog_150_p0.1_2.txt,0.03,0.05,0.03,100,5,0.8,0.02,components,1.0,12.55
tune_2,Tuning/bog_150_p0.1_2.txt,0.03,0.05,0.03,100,5,0.8,0.02,components,1.0,12.61
tune_3,Tuning/bog_150_p0.1_2.txt,0.03,0.05,0.03,100,5,0.8,0.02,components,1.0,12.70
tune_4,Tuning/bog_150_p0.1_2.txt,0.03,0.05,0.03,100,5,0.8,0.02,components,1.0,12.83
tune_5,Tuning/bog_150_p0.1_2.txt,0.03,0.05,0.03,100,5,0.8,0.02,components,1.0,12.61
tune_6,Tuning/bog_150_p0.1_2.txt,0.03,0.05,0.03,100,5,0.8,0.02,components,1.0,12.66
tune_7,Tuning/bog_150_p0.1_2.txt,0.03,0.05,0.03,100,5,0.8,0.02,components,1.0,12.78
tune_8,Tuning/bog_150_p0.1_2.txt,0.03,0.05,0.03,100,5,0.8,0.02,components,1.0,12.60
tune_9,Tuning/bog_150_p0.1_2.txt,0.03,0.05,0.03,100,5,0.8,0.02,components,1.0,12.92
tune_10,Tuning/bog_150_p0.1_2.txt,0.03,0.05,0.03,100,5,0.8,0.02,components,1.0,12.64
tune_1,Tuning/cor_dolphins-w.txt,0.03,0.05,0.03,100,5,0.8,0.02,components,9.0,3.45
tune_2,Tuning/cor_dolphins-w.txt,0.03,0.05,0.03,100,5,0.8,0.02,components,8.0,3.66
tune_3,Tuning/cor_dolphins-w.txt,0.03,0.05,0.03,100,5,0.8,0.02,components,9.0,3.41
tune_4,Tuning/cor_dolphins-w.txt,0.03,0.05,0.03,100,5,0.8,0.02,components,8.0,3.32
tune_5,Tuning/cor_dolphins-w.txt,0.03,0.05,0.03,100,5,0.8,0.02,components,8.0,3.32
tune_6,Tuning/cor_dolphins-w.txt,0.03,0.05,0.03,100,5,0.8,0.02,components,8.0,3.40
tune_7,Tuning/cor_dolphins-w.txt,0.03,0.05,0.03,100,5,0.8,0.02,components,9.0,3.34
tune_8,Tuning/cor_dolphins-w.txt,0.03,0.05,0.03,100,5,0.8,0.02,components,8.0,3.34
tune_9,Tuning/cor_dolphins-w.txt,0.03,0.05,0.03,100,5,0.8,0.02,components,8.0,3.38
tune_10,Tuning/cor_dolphins-w.txt,0.03,0.05,0.03,100,5,0.8,0.02,components,9.0,3.38
tune_1,Tuning/hos_35_r1_1.txt,0.03,0.05,0.03,100,5,0.8,0.02,components,3.0,2.45
tune_2,Tuning/hos_35_r1_1.txt,0.03,0.05,0.03,100,5,0.8,0.02,components,3.0,2.40
tune_3,Tuning/hos_35_r1_1.txt,0.03,0.05,0.03,100,5,0.8,0.02,components,3.0,2.35
tune_4,Tuning/hos_35_r1_1.txt,0.03,0.05,0.03,100,5,0.8,0.02,components,3.0,2.33
tune_5,Tuning/hos_35_r1_1.txt,0.03,0.05,0.03,100,5,0.8,0.02,components,3.0,2.36
tune_6,Tuning/hos_35_r1_1.txt,0.03,0.05,0.03,100,5,0.8,0.02,components,3.0,2.41
tune_7,Tuning/hos_35_r1_1.txt,0.03,0.05,0.03,100,5,0.8,0.02,components,3.0,2.36
tune_8,Tuning/hos_35_r1_1.txt,0.03,0.05,0.03,100,5,0.8,0.02,components,3.0,2.36
tune_9,Tuning/hos_35_r1_1.txt,0.03,0.05,0.03,100,5,0.8,0.02,components,3.0,2.39
tune_10,Tuning/hos_35_r1_1.txt,0.03,0.05,0.03,100,5,0.8,0.02,components,3.0,2.37
tune_1,Tuning/mac_grafo20dens30.txt,0.03,0.05,0.03,100,5,0.8,0.02,components,1.0,2.38
tune_2,Tuning/mac_grafo20dens30.txt,0.03,0.05,0.03,100,5,0.8,0.02,components,1.0,2.37
tune_3,Tuning/mac_grafo20dens30.txt,0.03,0.05,0.03,100,5,0.8,0.02,components,1.0,2.29
tune_4,Tuning/mac_grafo20dens30.txt,0.03,0.05,0.03,100,5,0.8,0.02,components,1.0,2.32
tune_5,Tuning/mac_grafo20dens30.txt,0.03,0.05,0.03,100,5,0.8,0.02,components,1.0,2.31
tune_6,Tuning/mac_grafo20dens30.txt,0.03,0.05,0.03,100,5,0.8,0.02,components,1.0,2.35
tune_7,Tuning/mac_grafo20dens30.txt,0.03,0.05,0.03,100,5,0.8,0.02,components,1.0,2.30
tune_8,Tuning/mac_grafo20dens30.txt,0.03,0.05,0.03,100,5,0.8,0.02,components,1.0,2.36
tune_9,Tuning/mac_grafo20dens30.txt,0.03,0.05,0.03,100,5,0.8,0.02,components,1.0,2.32
tune_10,Tuning/mac_grafo20dens30.txt,0.03,0.05,0.03,100,5,0.8,0.02,components,1.0,2.35
tune_1,Tuning/bog_150_p0.1_2.txt,0.03,0.05,0.03,100,5,0.9,0.01,components,1.0,13.83
tune_2,Tuning/bog_150_p0.1_2.txt,0.03,0.05,0.03,100,5,0.9,0.01,components,1.0,13.88
tune_3,Tuning/bog_150_p0.1_2.txt,0.03,0.05,0.03,100,5,0.9,0.01,components,1.0,13.86
tune_4,Tuning/bog_150_p0.1_2.txt,0.03,0.05,0.03,100,5,0.9,0.01,components,1.0,13.92
tune_5,Tuning/bog_150_p0.1_2.txt,0.03,0.05,0.03,100,5,0.9,0.01,components,1.0,13.77
tune_6,Tuning/bog_150_p0.1_2.txt,0.03,0.05,0.03,100,5,0.9,0.01,components,1.0,13.83
tune_7,Tuning/bog_150_p0.1_2.txt,0.03,0.05,0.03,100,5,0.9,0.01,components,1.0,13.91
tune_8,Tuning/bog_150_p0.1_2.txt,0.03,0.05,0.03,100,5,0.9,0.01,components,1.0,13.76
tune_9,Tuning/bog_150_p0.1_2.txt,0.03,0.05,0.03,100,5,0.9,0.01,components,1.0,13.85
tune_10,Tuning/bog_150_p0.1_2.txt,0.03,0.05,0.03,100,5,0.9,0.01,components,1.0,14.03
tune_1,Tuning/cor_dolphins-w.txt,0.03,0.05,0.03,100,5,0.9,0.01,components,9.0,3.68
tune_2,Tuning/cor_dolphins-w.txt,0.03,0.05,0.03,100,5,0.9,0.01,components,8.0,3.64
tune_3,Tuning/cor_dolphins-w.txt,0.03,0.05,0.03,100,5,0.9,0.01,components,9.0,3.73
tune_4,Tuning/cor_dolphins-w.txt,0.03,0.05,0.03,100,5,0.9,0.01,components,9.0,3.73
tune_5,Tuning/cor_dolphins-w.txt,0.03,0.05,0.03,100,5,0.9,0.01,components,8.0,3.74
tune_6,Tuning/cor_dolphins-w.txt,0.03,0.05,0.03,100,5,0.9,0.01,components,9.0,3.62
tune_7,Tuning/cor_dolphins-w.txt,0.03,0.05,0.03,100,5,0.9,0.01,components,9.0,3.71
tune_8,Tuning/cor_dolphins-w.txt,0.03,0.05,0.03,100,5,0.9,0.01,components,9.0,3.68
tune_9,Tuning/cor_dolphins-w.txt,0.03,0.05,0.03,100,5,0.9,0.01,components,9.0,3.58
tune_10,Tuning/cor_dolphins-w.txt,0.03,0.05,0.03,100,5,0.9,0.01,components,9.0,3.54
tune_1,Tuning/hos_35_r1_1.txt,0.03,0.05,0.03,100,5,0.9,0.01,components,3.0,2.52
tune_2,Tuning/hos_35_r1_1.txt,0.03,0.05,0.03,100,5,0.9,0.01,components,3.0,2.55
tune_3,Tuning/hos_35_r1_1.txt,0.03,0.05,0.03,100,5,0.9,0.01,components,3.0,2.56
tune_4,Tuning/hos_35_r1_1.txt,0.03,0.05,0.03,100,5,0.9,0.01,components,3.0,2.53
tune_5,Tuning/hos_35_r1_1.txt,0.03,0.05,0.03,100,5,0.9,0.01,components,3.0,2.47
tune_6,Tuning/hos_35_r1_1.txt,0.03,0.05,0.03,100,5,0.9,0.01,components,3.0,2.55
tune_7,Tuning/hos_35_r1_1.txt,0.03,0.05,0.03,100,5,0.9,0.01,components,3.0,2.53
tune_8,Tuning/hos_35_r1_1.txt,0.03,0.05,0.03,100,5,0.9,0.01,components,3.0,2.57
tune_9,Tuning/hos_35_r1_1.txt,0.03,0.05,0.03,100,5,0.9,0.01,components,3.0,2.47
tune_10,Tuning/hos_35_r1_1.txt,0.03,0.05,0.03,100,5,0.9,0.01,components,3.0,2.61
tune_1,Tuning/mac_grafo20dens30.txt,0.03,0.05,0.03,100,5,0.9,0.01,components,1.0,2.52
tune_2,Tuning/mac_grafo20dens30.txt,0.03,0.05,0.03,100,5,0.9,0.01,components,1.0,2.52
tune_3,Tuning/mac_grafo20dens30.txt,0.03,0.05,0.03,100,5,0.9,0.01,components,1.0,2.47
tune_4,Tuning/mac_grafo20dens30.txt,0.03,0.05,0.03,100,5,0.9,0.01,components,1.0,2.47
tune_5,Tuning/mac_grafo20dens30.txt,0.03,0.05,0.03,100,5,0.9,0.01,components,1.0,2.46
tune_6,Tuning/mac_grafo20dens30.txt,0.03,0.05,0.03,100,5,0.9,0.01,components,1.0,2.47
tune_7,Tuning/mac_grafo20dens30.txt,0.03,0.05,0.03,100,5,0.9,0.01,components,1.0,2.45
tune_8,Tuning/mac_grafo20dens30.txt,0.03,0.05,0.03,100,5,0.9,0.01,components,1.0,2.47
tune_9,Tuning/mac_grafo20dens30.txt,0.03,0.05,0.03,100,5,0.9,0.01,components,1.0,2.55
tune_10,Tuning/mac_grafo20dens30.txt,0.03,0.05,0.03,100,5,0.9,0.01,components,1.0,2.43
tune_1,Tuning/bog_150_p0.1_2.txt,0.03,0.05,0.03,100,5,0.9,0.02,components,1.0,13.92
tune_2,Tuning/bog_150_p0.1_2.txt,0.03,0.05,0.03,100,5,0.9,0.02,components,1.0,13.80
tune_3,Tuning/bog_150_p0.1_2.txt,0.03,0.05,0.03,100,5,0.9,0.02,components,1.0,14.05
tune_4,Tuning/bog_150_p0.1_2.txt,0.03,0.05,0.03,100,5,0.9,0.02,components,1.0,14.00
tune_5,Tuning/bog_150_p0.1_2.txt,0.03,0.05,0.03,100,5,0.9,0.02,components,1.0,13.82
tune_6,Tuning/bog_150_p0.1_2.txt,0.03,0.05,0.03,100,5,0.9,0.02,components,1.0,12.73
tune_7,Tuning/bog_150_p0.1_2.txt,0.03,0.05,0.03,100,5,0.9,0.02,components,1.0,12.89
tune_8,Tuning/bog_150_p0.1_2.txt,0.03,0.05,0.03,100,5,0.9,0.02,components,1.0,12.61
tune_9,Tuning/bog_150_p0.1_2.txt,0.03,0.05,0.03,100,5,0.9,0.02,components,1.0,12.67
tune_10,Tuning/bog_150_p0.1_2.txt,0.03,0.05,0.03,100,5,0.9,0.02,components,1.0,12.69
tune_1,Tuning/cor_dolphins-w.txt,0.03,0.05,0.03,100,5,0.9,0.02,components,9.0,3.65
tune_2,Tuning/cor_dolphins-w.txt,0.03,0.05,0.03,100,5,0.9,0.02,components,9.0,3.58
tune_3,Tuning/cor_dolphins-w.txt,0.03,0.05,0.03,100,5,0.9,0.02,components,9.0,3.60
tune_4,Tuning/cor_dolphins-w.txt,0.03,0.05,0.03,100,5,0.9,0.02,components,8.0,3.54
tune_5,Tuning/cor_dolphins-w.txt,0.03,0.05,0.03,100,5,0.9,0.02,components,9.0,3.60
tune_6,Tuning/cor_dolphins-w.txt,0.03,0.05,0.03,100,5,0.9,0.02,components,9.0,3.53
tune_7,Tuning/cor_dolphins-w.txt,0.03,0.05,0.03,100,5,0.9,0.02,components,9.0,3.55
tune_8,Tuning/cor_dolphins-w.txt,0.03,0.05,0.03,100,5,0.9,0.02,components,9.0,3.57
tune_9,Tuning/cor_dolphins-w.txt,0.03,0.05,0.03,100,5,0.9,0.02,components,9.0,3.58
tune_10,Tuning/cor_dolphins-w.txt,0.03,0.05,0.03,100,5,0.9,0.02,components,9.0,3.55
tune_1,Tuning/hos_35_r1_1.txt,0.03,0.05,0.03,100,5,0.9,0.02,components,3.0,2.55
tune_2,Tuning/hos_35_r1_1.txt,0.03,0.05,0.03,100,5,0.9,0.02,components,3.0,2.49
tune_3,Tuning/hos_35_r1_1.txt,0.03,0.05,0.03,100,5,0.9,0.02,components,3.0,2.48
tune_4,Tuning/hos_35_r1_1.txt,0.03,0.05,0.03,100,5,0.9,0.02,components,3.0,2.53
tune_5,Tuning/hos_35_r1_1.txt,0.03,0.05,0.03,100,5,0.9,0.02,components,3.0,2.52
tune_6,Tuning/hos_35_r1_1.txt,0.03,0.05,0.03,100,5,0.9,0.02,components,3.0,2.53
tune_7,Tuning/hos_35_r1_1.txt,0.03,0.05,0.03,100,5,0.9,0.02,components,3.0,2.48
tune_8,Tuning/hos_35_r1_1.txt,0.03,0.05,0.03,100,5,0.9,0.02,components,3.0,2.47
tune_9,Tuning/hos_35_r1_1.txt,0.03,0.05,0.03,100,5,0.9,0.02,components,3.0,2.45
tune_10,Tuning/hos_35_r1_1.txt,0.03,0.05,0.03,100,5,0.9,0.02,components,3.0,2.55
tune_1,Tuning/mac_grafo20dens30.txt,0.03,0.05,0.03,100,5,0.9,0.02,components,1.0,2.43
tune_2,Tuning/mac_grafo20dens30.txt,0.03,0.05,0.03,100,5,0.9,0.02,components,1.0,2.45
tune_3,Tuning/mac_grafo20dens30.txt,0.03,0.05,0.03,100,5,0.9,0.02,components,1.0,2.47
tune_4,Tuning/mac_grafo20dens30.txt,0.03,0.05,0.03,100,5,0.9,0.02,components,1.0,2.48
tune_5,Tuning/mac_grafo20dens30.txt,0.03,0.05,0.03,100,5,0.9,0.02,components,1.0,2.43
tune_6,Tuning/mac_grafo20dens30.txt,0.03,0.05,0.03,100,5,0.9,0.02,components,1.0,2.43
tune_7,Tuning/mac_grafo20dens30.txt,0.03,0.05,0.03,100,5,0.9,0.02,components,1.0,2.45
tune_8,Tuning/mac_grafo20dens30.txt,0.03,0.05,0.03,100,5,0.9,0.02,components,1.0,2.44
tune_9,Tuning/mac_grafo20dens30.txt,0.03,0.05,0.03,100,5,0.9,0.02,components,1.0,2.48
tune_10,Tuning/mac_grafo20dens30.txt,0.03,0.05,0.03,100,5,0.9,0.02,components,1.0,2.41
tune_1,Tuning/bog_150_p0.1_2.txt,0.05,0.05,0.03,50,3,0.8,0.01,components,1.0,7.99
tune_2,Tuning/bog_150_p0.1_2.txt,0.05,0.05,0.03,50,3,0.8,0.01,components,1.0,7.92
tune_3,Tuning/bog_150_p0.1_2.txt,0.05,0.05,0.03,50,3,0.8,0.01,components,1.0,8.10
tune_4,Tuning/bog_150_p0.1_2.txt,0.05,0.05,0.03,50,3,0.8,0.01,components,1.0,7.92
tune_5,Tuning/bog_150_p0.1_2.txt,0.05,0.05,0.03,50,3,0.8,0.01,components,1.0,7.87
tune_6,Tuning/bog_150_p0.1_2.txt,0.05,0.05,0.03,50,3,0.8,0.01,components,1.0,7.82
tune_7,Tuning/bog_150_p0.1_2.txt,0.05,0.05,0.03,50,3,0.8,0.01,components,1.0,7.89
tune_8,Tuning/bog_150_p0.1_2.txt,0.05,0.05,0.03,50,3,0.8,0.01,components,1.0,7.82
tune_9,Tuning/bog_150_p0.1_2.txt,0.05,0.05,0.03,50,3,0.8,0.01,components,1.0,9.15
tune_10,Tuning/bog_150_p0.1_2.txt,0.05,0.05,0.03,50,3,0.8,0.01,components,1.0,8.33
tune_1,Tuning/cor_dolphins-w.txt,0.05,0.05,0.03,50,3,0.8,0.01,components,9.0,2.77
tune_2,Tuning/cor_dolphins-w.txt,0.05,0.05,0.03,50,3,0.8,0.01,components,9.0,2.75
tune_3,Tuning/cor_dolphins-w.txt,0.05,0.05,0.03,50,3,0.8,0.01,components,9.0,2.67
tune_4,Tuning/cor_dolphins-w.txt,0.05,0.05,0.03,50,3,0.8,0.01,components,9.0,2.68
tune_5,Tuning/cor_dolphins-w.txt,0.05,0.05,0.03,50,3,0.8,0.01,components,8.0,2.69
tune_6,Tuning/cor_dolphins-w.txt,0.05,0.05,0.03,50,3,0.8,0.01,components,10.0,2.70
tune_7,Tuning/cor_dolphins-w.txt,0.05,0.05,0.03,50,3,0.8,0.01,components,9.0,2.80
tune_8,Tuning/cor_dolphins-w.txt,0.05,0.05,0.03,50,3,0.8,0.01,components,8.0,2.71
tune_9,Tuning/cor_dolphins-w.txt,0.05,0.05,0.03,50,3,0.8,0.01,components,9.0,2.73
tune_10,Tuning/cor_dolphins-w.txt,0.05,0.05,0.03,50,3,0.8,0.01,components,9.0,2.76
tune_1,Tuning/hos_35_r1_1.txt,0.05,0.05,0.03,50,3,0.8,0.01,components,3.0,2.21
tune_2,Tuning/hos_35_r1_1.txt,0.05,0.05,0.03,50,3,0.8,0.01,components,3.0,2.09
tune_3,Tuning/hos_35_r1_1.txt,0.05,0.05,0.03,50,3,0.8,0.01,components,3.0,2.21
tune_4,Tuning/hos_35_r1_1.txt,0.05,0.05,0.03,50,3,0.8,0.01,components,3.0,2.12
tune_5,Tuning/hos_35_r1_1.txt,0.05,0.05,0.03,50,3,0.8,0.01,components,3.0,2.36
tune_6,Tuning/hos_35_r1_1.txt,0.05,0.05,0.03,50,3,0.8,0.01,components,2.0,2.11
tune_7,Tuning/hos_35_r1_1.txt,0.05,0.05,0.03,50,3,0.8,0.01,components,3.0,2.17
tune_8,Tuning/hos_35_r1_1.txt,0.05,0.05,0.03,50,3,0.8,0.01,components,3.0,2.15
tune_9,Tuning/hos_35_r1_1.txt,0.05,0.05,0.03,50,3,0.8,0.01,components,3.0,2.24
tune_10,Tuning/hos_35_r1_1.txt,0.05,0.05,0.03,50,3,0.8,0.01,components,3.0,2.19
tune_1,Tuning/mac_grafo20dens30.txt,0.05,0.05,0.03,50,3,0.8,0.01,components,1.0,2.16
tune_2,Tuning/mac_grafo20dens30.txt,0.05,0.05,0.03,50,3,0.8,0.01,components,1.0,2.07
tune_3,Tuning/mac_grafo20dens30.txt,0.05,0.05,0.03,50,3,0.8,0.01,components,1.0,2.13
tune_4,Tuning/mac_grafo20dens30.txt,0.05,0.05,0.03,50,3,0.8,0.01,components,1.0,2.08
tune_5,Tuning/mac_grafo20dens30.txt,0.05,0.05,0.03,50,3,0.8,0.01,components,1.0,2.05
tune_6,Tuning/mac_grafo20dens30.txt,0.05,0.05,0.03,50,3,0.8,0.01,components,1.0,2.06
tune_7,Tuning/mac_grafo20dens30.txt,0.05,0.05,0.03,50,3,0.8,0.01,components,1.0,2.05
tune_8,Tuning/mac_grafo20dens30.txt,0.05,0.05,0.03,50,3,0.8,0.01,components,1.0,2.05
tune_9,Tuning/mac_grafo20dens30.txt,0.05,0.05,0.03,50,3,0.8,0.01,components,1.0,2.13
tune_10,Tuning/mac_grafo20dens30.txt,0.05,0.05,0.03,50,3,0.8,0.01,components,1.0,2.43
tune_1,Tuning/bog_150_p0.1_2.txt,0.05,0.05,0.03,50,3,0.8,0.02,components,1.0,9.12
tune_2,Tuning/bog_150_p0.1_2.txt,0.05,0.05,0.03,50,3,0.8,0.02,components,1.0,9.10
tune_3,Tuning/bog_150_p0.1_2.txt,0.05,0.05,0.03,50,3,0.8,0.02,components,1.0,9.14
tune_4,Tuning/bog_150_p0.1_2.txt,0.05,0.05,0.03,50,3,0.8,0.02,components,1.0,9.14
tune_5,Tuning/bog_150_p0.1_2.txt,0.05,0.05,0.03,50,3,0.8,0.02,components,1.0,9.10
tune_6,Tuning/bog_150_p0.1_2.txt,0.05,0.05,0.03,50,3,0.8,0.02,components,1.0,9.07
tune_7,Tuning/bog_150_p0.1_2.txt,0.05,0.05,0.03,50,3,0.8,0.02,components,1.0,9.05
tune_8,Tuning/bog_150_p0.1_2.txt,0.05,0.05,0.03,50,3,0.8,0.02,components,1.0,9.05
tune_9,Tuning/bog_150_p0.1_2.txt,0.05,0.05,0.03,50,3,0.8,0.02,components,1.0,9.01
tune_10,Tuning/bog_150_p0.1_2.txt,0.05,0.05,0.03,50,3,0.8,0.02,components,1.0,8.99
tune_1,Tuning/cor_dolphins-w.txt,0.05,0.05,0.03,50,3,0.8,0.02,components,8.0,2.79
tune_2,Tuning/cor_dolphins-w.txt,0.05,0.05,0.03,50,3,0.8,0.02,components,8.0,2.87
tune_3,Tuning/cor_dolphins-w.txt,0.05,0.05,0.03,50,3,0.8,0.02,components,9.0,2.83
tune_4,Tuning/cor_dolphins-w.txt,0.05,0.05,0.03,50,3,0.8,0.02,components,7.0,2.70
tune_5,Tuning/cor_dolphins-w.txt,0.05,0.05,0.03,50,3,0.8,0.02,components,7.0,2.77
tune_6,Tuning/cor_dolphins-w.txt,0.05,0.05,0.03,50,3,0.8,0.02,components,10.0,2.66
tune_7,Tuning/cor_dolphins-w.txt,0.05,0.05,0.03,50,3,0.8,0.02,components,8.0,2.75
tune_8,Tuning/cor_dolphins-w.txt,0.05,0.05,0.03,50,3,0.8,0.02,components,9.0,2.84
tune_9,Tuning/cor_dolphins-w.txt,0.05,0.05,0.03,50,3,0.8,0.02,components,9.0,2.68
tune_10,Tuning/cor_dolphins-w.txt,0.05,0.05,0.03,50,3,0.8,0.02,components,8.0,2.74
tune_1,Tuning/hos_35_r1_1.txt,0.05,0.05,0.03,50,3,0.8,0.02,components,3.0,2.26
tune_2,Tuning/hos_35_r1_1.txt,0.05,0.05,0.03,50,3,0.8,0.02,components,3.0,2.24
tune_3,Tuning/hos_35_r1_1.txt,0.05,0.05,0.03,50,3,0.8,0.02,components,3.0,2.14
tune_4,Tuning/hos_35_r1_1.txt,0.05,0.05,0.03,50,3,0.8,0.02,components,2.0,2.25
tune_5,Tuning/hos_35_r1_1.txt,0.05,0.05,0.03,50,3,0.8,0.02,components,3.0,2.14
tune_6,Tuning/hos_35_r1_1.txt,0.05,0.05,0.03,50,3,0.8,0.02,components,3.0,2.13
tune_7,Tuning/hos_35_r1_1.txt,0.05,0.05,0.03,50,3,0.8,0.02,components,2.0,2.10
tune_8,Tuning/hos_35_r1_1.txt,0.05,0.05,0.03,50,3,0.8,0.02,components,3.0,2.14
tune_9,Tuning/hos_35_r1_1.txt,0.05,0.05,0.03,50,3,0.8,0.02,components,3.0,2.13
tune_10,Tuning/hos_35_r1_1.txt,0.05,0.05,0.03,50,3,0.8,0.02,components,3.0,2.18
tune_1,Tuning/mac_grafo20dens30.txt,0.05,0.05,0.03,50,3,0.8,0.02,components,1.0,2.16
tune_2,Tuning/mac_grafo20dens30.txt,0.05,0.05,0.03,50,3,0.8,0.02,components,1.0,2.08
tune_3,Tuning/mac_grafo20dens30.txt,0.05,0.05,0.03,50,3,0.8,0.02,components,1.0,2.09
tune_4,Tuning/mac_grafo20dens30.txt,0.05,0.05,0.03,50,3,0.8,0.02,components,1.0,2.04
tune_5,Tuning/mac_grafo20dens30.txt,0.05,0.05,0.03,50,3,0.8,0.02,components,1.0,2.11
tune_6,Tuning/mac_grafo20dens30.txt,0.05,0.05,0.03,50,3,0.8,0.02,components,1.0,2.08
tune_7,Tuning/mac_grafo20dens30.txt,0.05,0.05,0.03,50,3,0.8,0.02,components,1.0,2.09
tune_8,Tuning/mac_grafo20dens30.txt,0.05,0.05,0.03,50,3,0.8,0.02,components,1.0,2.07
tune_9,Tuning/mac_grafo20dens30.txt,0.05,0.05,0.03,50,3,0.8,0.02,components,1.0,2.24
tune_10,Tuning/mac_grafo20dens30.txt,0.05,0.05,0.03,50,3,0.8,0.02,components,1.0,2.24
tune_1,Tuning/bog_150_p0.1_2.txt,0.05,0.05,0.03,50,3,0.9,0.01,components,1.0,9.85
tune_2,Tuning/bog_150_p0.1_2.txt,0.05,0.05,0.03,50,3,0.9,0.01,components,1.0,9.66
tune_3,Tuning/bog_150_p0.1_2.txt,0.05,0.05,0.03,50,3,0.9,0.01,components,1.0,9.62
tune_4,Tuning/bog_150_p0.1_2.txt,0.05,0.05,0.03,50,3,0.9,0.01,components,1.0,9.84
tune_5,Tuning/bog_150_p0.1_2.txt,0.05,0.05,0.03,50,3,0.9,0.01,components,1.0,9.84
tune_6,Tuning/bog_150_p0.1_2.txt,0.05,0.05,0.03,50,3,0.9,0.01,components,1.0,9.68
tune_7,Tuning/bog_150_p0.1_2.txt,0.05,0.05,0.03,50,3,0.9,0.01,components,1.0,9.82
tune_8,Tuning/bog_150_p0.1_2.txt,0.05,0.05,0.03,50,3,0.9,0.01,components,1.0,9.79
tune_9,Tuning/bog_150_p0.1_2.txt,0.05,0.05,0.03,50,3,0.9,0.01,components,1.0,9.87
tune_10,Tuning/bog_150_p0.1_2.txt,0.05,0.05,0.03,50,3,0.9,0.01,components,1.0,9.71
tune_1,Tuning/cor_dolphins-w.txt,0.05,0.05,0.03,50,3,0.9,0.01,components,9.0,2.81
tune_2,Tuning/cor_dolphins-w.txt,0.05,0.05,0.03,50,3,0.9,0.01,components,8.0,2.83
tune_3,Tuning/cor_dolphins-w.txt,0.05,0.05,0.03,50,3,0.9,0.01,components,7.0,2.83
tune_4,Tuning/cor_dolphins-w.txt,0.05,0.05,0.03,50,3,0.9,0.01,components,9.0,2.81
tune_5,Tuning/cor_dolphins-w.txt,0.05,0.05,0.03,50,3,0.9,0.01,components,9.0,2.78
tune_6,Tuning/cor_dolphins-w.txt,0.05,0.05,0.03,50,3,0.9,0.01,components,9.0,2.80
tune_7,Tuning/cor_dolphins-w.txt,0.05,0.05,0.03,50,3,0.9,0.01,components,8.0,2.79
tune_8,Tuning/cor_dolphins-w.txt,0.05,0.05,0.03,50,3,0.9,0.01,components,9.0,2.85
tune_9,Tuning/cor_dolphins-w.txt,0.05,0.05,0.03,50,3,0.9,0.01,components,9.0,2.86
tune_10,Tuning/cor_dolphins-w.txt,0.05,0.05,0.03,50,3,0.9,0.01,components,8.0,2.83
tune_1,Tuning/hos_35_r1_1.txt,0.05,0.05,0.03,50,3,0.9,0.01,components,3.0,2.17
tune_2,Tuning/hos_35_r1_1.txt,0.05,0.05,0.03,50,3,0.9,0.01,components,2.0,2.17
tune_3,Tuning/hos_35_r1_1.txt,0.05,0.05,0.03,50,3,0.9,0.01,components,3.0,2.16
tune_4,Tuning/hos_35_r1_1.txt,0.05,0.05,0.03,50,3,0.9,0.01,components,3.0,2.20
tune_5,Tuning/hos_35_r1_1.txt,0.05,0.05,0.03,50,3,0.9,0.01,components,3.0,2.17
tune_6,Tuning/hos_35_r1_1.txt,0.05,0.05,0.03,50,3,0.9,0.01,components,2.0,2.13
tune_7,Tuning/hos_35_r1_1.txt,0.05,0.05,0.03,50,3,0.9,0.01,components,3.0,2.14
tune_8,Tuning/hos_35_r1_1.txt,0.05,0.05,0.03,50,3,0.9,0.01,components,3.0,2.21
tune_9,Tuning/hos_35_r1_1.txt,0.05,0.05,0.03,50,3,0.9,0.01,components,3.0,2.51
tune_10,Tuning/hos_35_r1_1.txt,0.05,0.05,0.03,50,3,0.9,0.01,components,3.0,2.29
tune_1,Tuning/mac_grafo20dens30.txt,0.05,0.05,0.03,50,3,0.9,0.01,components,1.0,2.35
tune_2,Tuning/mac_grafo20dens30.txt,0.05,0.05,0.03,50,3,0.9,0.01,components,1.0,2.20
tune_3,Tuning/mac_grafo20dens30.txt,0.05,0.05,0.03,50,3,0.9,0.01,components,1.0,2.23
tune_4,Tuning/mac_grafo20dens30.txt,0.05,0.05,0.03,50,3,0.9,0.01,components,1.0,2.18
tune_5,Tuning/mac_grafo20dens30.txt,0.05,0.05,0.03,50,3,0.9,0.01,components,1.0,2.20
tune_6,Tuning/mac_grafo20dens30.txt,0.05,0.05,0.03,50,3,0.9,0.01,components,1.0,2.17
tune_7,Tuning/mac_grafo20dens30.txt,0.05,0.05,0.03,50,3,0.9,0.01,components,1.0,2.21
tune_8,Tuning/mac_grafo20dens30.txt,0.05,0.05,0.03,50,3,0.9,0.01,components,1.0,2.09
tune_9,Tuning/mac_grafo20dens30.txt,0.05,0.05,0.03,50,3,0.9,0.01,components,1.0,2.15
tune_10,Tuning/mac_grafo20dens30.txt,0.05,0.05,0.03,50,3,0.9,0.01,components,1.0,2.12
tune_1,Tuning/bog_150_p0.1_2.txt,0.05,0.05,0.03,50,3,0.9,0.02,components,1.0,8.48
tune_2,Tuning/bog_150_p0.1_2.txt,0.05,0.05,0.03,50,3,0.9,0.02,components,1.0,8.46
tune_3,Tuning/bog_150_p0.1_2.txt,0.05,0.05,0.03,50,3,0.9,0.02,components,1.0,8.50
tune_4,Tuning/bog_150_p0.1_2.txt,0.05,0.05,0.03,50,3,0.9,0.02,components,1.0,8.49
tune_5,Tuning/bog_150_p0.1_2.txt,0.05,0.05,0.03,50,3,0.9,0.02,components,1.0,8.58
tune_6,Tuning/bog_150_p0.1_2.txt,0.05,0.05,0.03,50,3,0.9,0.02,components,1.0,8.44
tune_7,Tuning/bog_150_p0.1_2.txt,0.05,0.05,0.03,50,3,0.9,0.02,components,1.0,8.63
tune_8,Tuning/bog_150_p0.1_2.txt,0.05,0.05,0.03,50,3,0.9,0.02,components,1.0,8.61
tune_9,Tuning/bog_150_p0.1_2.txt,0.05,0.05,0.03,50,3,0.9,0.02,components,1.0,8.51
tune_10,Tuning/bog_150_p0.1_2.txt,0.05,0.05,0.03,50,3,0.9,0.02,components,1.0,9.69
tune_1,Tuning/cor_dolphins-w.txt,0.05,0.05,0.03,50,3,0.9,0.02,components,7.0,2.87
tune_2,Tuning/cor_dolphins-w.txt,0.05,0.05,0.03,50,3,0.9,0.02,components,8.0,2.89
tune_3,Tuning/cor_dolphins-w.txt,0.05,0.05,0.03,50,3,0.9,0.02,components,9.0,2.86
tune_4,Tuning/cor_dolphins-w.txt,0.05,0.05,0.03,50,3,0.9,0.02,components,9.0,3.39
tune_5,Tuning/cor_dolphins-w.txt,0.05,0.05,0.03,50,3,0.9,0.02,components,10.0,2.84
tune_6,Tuning/cor_dolphins-w.txt,0.05,0.05,0.03,50,3,0.9,0.02,components,9.0,3.18
tune_7,Tuning/cor_dolphins-w.txt,0.05,0.05,0.03,50,3,0.9,0.02,components,8.0,3.06
tune_8,Tuning/cor_dolphins-w.txt,0.05,0.05,0.03,50,3,0.9,0.02,components,8.0,2.95
tune_9,Tuning/cor_dolphins-w.txt,0.05,0.05,0.03,50,3,0.9,0.02,components,7.0,2.93
tune_10,Tuning/cor_dolphins-w.txt,0.05,0.05,0.03,50,3,0.9,0.02,components,9.0,2.93
tune_1,Tuning/hos_35_r1_1.txt,0.05,0.05,0.03,50,3,0.9,0.02,components,2.0,2.22
tune_2,Tuning/hos_35_r1_1.txt,0.05,0.05,0.03,50,3,0.9,0.02,components,3.0,2.23
tune_3,Tuning/hos_35_r1_1.txt,0.05,0.05,0.03,50,3,0.9,0.02,components,3.0,2.36
tune_4,Tuning/hos_35_r1_1.txt,0.05,0.05,0.03,50,3,0.9,0.02,components,3.0,2.29
tune_5,Tuning/hos_35_r1_1.txt,0.05,0.05,0.03,50,3,0.9,0.02,components,3.0,2.31
tune_6,Tuning/hos_35_r1_1.txt,0.05,0.05,0.03,50,3,0.9,0.02,components,3.0,2.22
tune_7,Tuning/hos_35_r1_1.txt,0.05,0.05,0.03,50,3,0.9,0.02,components,3.0,2.26
tune_8,Tuning/hos_35_r1_1.txt,0.05,0.05,0.03,50,3,0.9,0.02,components,2.0,2.23
tune_9,Tuning/hos_35_r1_1.txt,0.05,0.05,0.03,50,3,0.9,0.02,components,3.0,2.26
tune_10,Tuning/hos_35_r1_1.txt,0.05,0.05,0.03,50,3,0.9,0.02,components,3.0,2.20
tune_1,Tuning/mac_grafo20dens30.txt,0.05,0.05,0.03,50,3,0.9,0.02,components,1.0,2.29
tune_2,Tuning/mac_grafo20dens30.txt,0.05,0.05,0.03,50,3,0.9,0.02,components,1.0,2.18
tune_3,Tuning/mac_grafo20dens30.txt,0.05,0.05,0.03,50,3,0.9,0.02,components,1.0,2.20
tune_4,Tuning/mac_grafo20dens30.txt,0.05,0.05,0.03,50,3,0.9,0.02,components,1.0,2.15
tune_5,Tuning/mac_grafo20dens30.txt,0.05,0.05,0.03,50,3,0.9,0.02,components,1.0,2.19
tune_6,Tuning/mac_grafo20dens30.txt,0.05,0.05,0.03,50,3,0.9,0.02,components,1.0,2.18
tune_7,Tuning/mac_grafo20dens30.txt,0.05,0.05,0.03,50,3,0.9,0.02,components,1.0,2.24
tune_8,Tuning/mac_grafo20dens30.txt,0.05,0.05,0.03,50,3,0.9,0.02,components,1.0,2.25
tune_9,Tuning/mac_grafo20dens30.txt,0.05,0.05,0.03,50,3,0.9,0.02,components,1.0,2.26
tune_10,Tuning/mac_grafo20dens30.txt,0.05,0.05,0.03,50,3,0.9,0.02,components,1.0,2.17
tune_1,Tuning/bog_150_p0.1_2.txt,0.05,0.05,0.03,50,5,0.8,0.01,components,1.0,9.00
tune_2,Tuning/bog_150_p0.1_2.txt,0.05,0.05,0.03,50,5,0.8,0.01,components,1.0,9.06
tune_3,Tuning/bog_150_p0.1_2.txt,0.05,0.05,0.03,50,5,0.8,0.01,components,1.0,9.06
tune_4,Tuning/bog_150_p0.1_2.txt,0.05,0.05,0.03,50,5,0.8,0.01,components,1.0,9.14
tune_5,Tuning/bog_150_p0.1_2.txt,0.05,0.05,0.03,50,5,0.8,0.01,components,1.0,9.11
tune_6,Tuning/bog_150_p0.1_2.txt,0.05,0.05,0.03,50,5,0.8,0.01,components,1.0,9.05
tune_7,Tuning/bog_150_p0.1_2.txt,0.05,0.05,0.03,50,5,0.8,0.01,components,1.0,8.99
tune_8,Tuning/bog_150_p0.1_2.txt,0.05,0.05,0.03,50,5,0.8,0.01,components,1.0,9.07
tune_9,Tuning/bog_150_p0.1_2.txt,0.05,0.05,0.03,50,5,0.8,0.01,components,1.0,8.99
tune_10,Tuning/bog_150_p0.1_2.txt,0.05,0.05,0.03,50,5,0.8,0.01,components,1.0,9.03
tune_1,Tuning/cor_dolphins-w.txt,0.05,0.05,0.03,50,5,0.8,0.01,components,9.0,2.75
tune_2,Tuning/cor_dolphins-w.txt,0.05,0.05,0.03,50,5,0.8,0.01,components,9.0,2.79
tune_3,Tuning/cor_dolphins-w.txt,0.05,0.05,0.03,50,5,0.8,0.01,components,7.0,2.70
tune_4,Tuning/cor_dolphins-w.txt,0.05,0.05,0.03,50,5,0.8,0.01,components,9.0,2.66
tune_5,Tuning/cor_dolphins-w.txt,0.05,0.05,0.03,50,5,0.8,0.01,components,8.0,2.72
tune_6,Tuning/cor_dolphins-w.txt,0.05,0.05,0.03,50,5,0.8,0.01,components,9.0,2.68
tune_7,Tuning/cor_dolphins-w.txt,0.05,0.05,0.03,50,5,0.8,0.01,components,9.0,2.76
tune_8,Tuning/cor_dolphins-w.txt,0.05,0.05,0.03,50,5,0.8,0.01,components,10.0,2.67
tune_9,Tuning/cor_dolphins-w.txt,0.05,0.05,0.03,50,5,0.8,0.01,components,8.0,2.73
tune_10,Tuning/cor_dolphins-w.txt,0.05,0.05,0.03,50,5,0.8,0.01,components,8.0,2.79
tune_1,Tuning/hos_35_r1_1.txt,0.05,0.05,0.03,50,5,0.8,0.01,components,3.0,2.14
tune_2,Tuning/hos_35_r1_1.txt,0.05,0.05,0.03,50,5,0.8,0.01,components,3.0,2.09
tune_3,Tuning/hos_35_r1_1.txt,0.05,0.05,0.03,50,5,0.8,0.01,components,3.0,2.11
tune_4,Tuning/hos_35_r1_1.txt,0.05,0.05,0.03,50,5,0.8,0.01,components,3.0,2.09
tune_5,Tuning/hos_35_r1_1.txt,0.05,0.05,0.03,50,5,0.8,0.01,components,2.0,2.14
tune_6,Tuning/hos_35_r1_1.txt,0.05,0.05,0.03,50,5,0.8,0.01,components,3.0,2.10
tune_7,Tuning/hos_35_r1_1.txt,0.05,0.05,0.03,50,5,0.8,0.01,components,3.0,2.17
tune_8,Tuning/hos_35_r1_1.txt,0.05,0.05,0.03,50,5,0.8,0.01,components,3.0,2.14
tune_9,Tuning/hos_35_r1_1.txt,0.05,0.05,0.03,50,5,0.8,0.01,components,3.0,2.17
tune_10,Tuning/hos_35_r1_1.txt,0.05,0.05,0.03,50,5,0.8,0.01,components,3.0,2.11
tune_1,Tuning/mac_grafo20dens30.txt,0.05,0.05,0.03,50,5,0.8,0.01,components,1.0,2.17
tune_2,Tuning/mac_grafo20dens30.txt,0.05,0.05,0.03,50,5,0.8,0.01,components,1.0,2.17
tune_3,Tuning/mac_grafo20dens30.txt,0.05,0.05,0.03,50,5,0.8,0.01,components,1.0,2.10
tune_4,Tuning/mac_grafo20dens30.txt,0.05,0.05,0.03,50,5,0.8,0.01,components,1.0,2.13
tune_5,Tuning/mac_grafo20dens30.txt,0.05,0.05,0.03,50,5,0.8,0.01,components,1.0,2.18
tune_6,Tuning/mac_grafo20dens30.txt,0.05,0.05,0.03,50,5,0.8,0.01,components,1.0,2.09
tune_7,Tuning/mac_grafo20dens30.txt,0.05,0.05,0.03,50,5,0.8,0.01,components,1.0,2.10
tune_8,Tuning/mac_grafo20dens30.txt,0.05,0.05,0.03,50,5,0.8,0.01,components,1.0,2.09
tune_9,Tuning/mac_grafo20dens30.txt,0.05,0.05,0.03,50,5,0.8,0.01,components,1.0,2.12
tune_10,Tuning/mac_grafo20dens30.txt,0.05,0.05,0.03,50,5,0.8,0.01,components,1.0,2.14
tune_1,Tuning/bog_150_p0.1_2.txt,0.05,0.05,0.03,50,5,0.8,0.02,components,1.0,8.98
tune_2,Tuning/bog_150_p0.1_2.txt,0.05,0.05,0.03,50,5,0.8,0.02,components,1.0,9.11
tune_3,Tuning/bog_150_p0.1_2.txt,0.05,0.05,0.03,50,5,0.8,0.02,components,1.0,9.07
tune_4,Tuning/bog_150_p0.1_2.txt,0.05,0.05,0.03,50,5,0.8,0.02,components,1.0,8.68
tune_5,Tuning/bog_150_p0.1_2.txt,0.05,0.05,0.03,50,5,0.8,0.02,components,1.0,8.03
tune_6,Tuning/bog_150_p0.1_2.txt,0.05,0.05,0.03,50,5,0.8,0.02,components,1.0,7.90
tune_7,Tuning/bog_150_p0.1_2.txt,0.05,0.05,0.03,50,5,0.8,0.02,components,1.0,7.93
tune_8,Tuning/bog_150_p0.1_2.txt,0.05,0.05,0.03,50,5,0.8,0.02,components,1.0,8.11
tune_9,Tuning/bog_150_p0.1_2.txt,0.05,0.05,0.03,50,5,0.8,0.02,components,1.0,8.04
tune_10,Tuning/bog_150_p0.1_2.txt,0.05,0.05,0.03,50,5,0.8,0.02,components,1.0,8.95
tune_1,Tuning/cor_dolphins-w.txt,0.05,0.05,0.03,50,5,0.8,0.02,components,8.0,2.74
tune_2,Tuning/cor_dolphins-w.txt,0.05,0.05,0.03,50,5,0.8,0.02,components,8.0,2.85
tune_3,Tuning/cor_dolphins-w.txt,0.05,0.05,0.03,50,5,0.8,0.02,components,9.0,2.71
tune_4,Tuning/cor_dolphins-w.txt,0.05,0.05,0.03,50,5,0.8,0.02,components,9.0,2.65
tune_5,Tuning/cor_dolphins-w.txt,0.05,0.05,0.03,50,5,0.8,0.02,components,9.0,2.72
tune_6,Tuning/cor_dolphins-w.txt,0.05,0.05,0.03,50,5,0.8,0.02,components,9.0,2.79
tune_7,Tuning/cor_dolphins-w.txt,0.05,0.05,0.03,50,5,0.8,0.02,components,7.0,2.90
tune_8,Tuning/cor_dolphins-w.txt,0.05,0.05,0.03,50,5,0.8,0.02,components,8.0,2.82
tune_9,Tuning/cor_dolphins-w.txt,0.05,0.05,0.03,50,5,0.8,0.02,components,8.0,2.79
tune_10,Tuning/cor_dolphins-w.txt,0.05,0.05,0.03,50,5,0.8,0.02,components,8.0,2.81
tune_1,Tuning/hos_35_r1_1.txt,0.05,0.05,0.03,50,5,0.8,0.02,components,3.0,2.52
tune_2,Tuning/hos_35_r1_1.txt,0.05,0.05,0.03,50,5,0.8,0.02,components,3.0,2.85
tune_3,Tuning/hos_35_r1_1.txt,0.05,0.05,0.03,50,5,0.8,0.02,components,3.0,2.34
tune_4,Tuning/hos_35_r1_1.txt,0.05,0.05,0.03,50,5,0.8,0.02,components,3.0,2.22
tune_5,Tuning/hos_35_r1_1.txt,0.05,0.05,0.03,50,5,0.8,0.02,components,3.0,2.35
tune_6,Tuning/hos_35_r1_1.txt,0.05,0.05,0.03,50,5,0.8,0.02,components,3.0,2.32
tune_7,Tuning/hos_35_r1_1.txt,0.05,0.05,0.03,50,5,0.8,0.02,components,3.0,2.16
tune_8,Tuning/hos_35_r1_1.txt,0.05,0.05,0.03,50,5,0.8,0.02,components,3.0,2.12
tune_9,Tuning/hos_35_r1_1.txt,0.05,0.05,0.03,50,5,0.8,0.02,components,3.0,2.12
tune_10,Tuning/hos_35_r1_1.txt,0.05,0.05,0.03,50,5,0.8,0.02,components,3.0,2.11
tune_1,Tuning/mac_grafo20dens30.txt,0.05,0.05,0.03,50,5,0.8,0.02,components,1.0,2.10
tune_2,Tuning/mac_grafo20dens30.txt,0.05,0.05,0.03,50,5,0.8,0.02,components,1.0,2.14
tune_3,Tuning/mac_grafo20dens30.txt,0.05,0.05,0.03,50,5,0.8,0.02,components,1.0,2.14
tune_4,Tuning/mac_grafo20dens30.txt,0.05,0.05,0.03,50,5,0.8,0.02,components,1.0,2.10
tune_5,Tuning/mac_grafo20dens30.txt,0.05,0.05,0.03,50,5,0.8,0.02,components,1.0,2.20
tune_6,Tuning/mac_grafo20dens30.txt,0.05,0.05,0.03,50,5,0.8,0.02,components,1.0,2.08
tune_7,Tuning/mac_grafo20dens30.txt,0.05,0.05,0.03,50,5,0.8,0.02,components,1.0,2.16
tune_8,Tuning/mac_grafo20dens30.txt,0.05,0.05,0.03,50,5,0.8,0.02,components,1.0,2.14
tune_9,Tuning/mac_grafo20dens30.txt,0.05,0.05,0.03,50,5,0.8,0.02,components,1.0,2.13
tune_10,Tuning/mac_grafo20dens30.txt,0.05,0.05,0.03,50,5,0.8,0.02,components,1.0,2.11
tune_1,Tuning/bog_150_p0.1_2.txt,0.05,0.05,0.03,50,5,0.9,0.01,components,1.0,8.72
tune_2,Tuning/bog_150_p0.1_2.txt,0.05,0.05,0.03,50,5,0.9,0.01,components,1.0,8.71
tune_3,Tuning/bog_150_p0.1_2.txt,0.05,0.05,0.03,50,5,0.9,0.01,components,1.0,8.70
tune_4,Tuning/bog_150_p0.1_2.txt,0.05,0.05,0.03,50,5,0.9,0.01,components,1.0,8.68
tune_5,Tuning/bog_150_p0.1_2.txt,0.05,0.05,0.03,50,5,0.9,0.01,components,1.0,8.63
tune_6,Tuning/bog_150_p0.1_2.txt,0.05,0.05,0.03,50,5,0.9,0.01,components,1.0,8.74
tune_7,Tuning/bog_150_p0.1_2.txt,0.05,0.05,0.03,50,5,0.9,0.01,components,1.0,8.80
tune_8,Tuning/bog_150_p0.1_2.txt,0.05,0.05,0.03,50,5,0.9,0.01,components,1.0,8.65
tune_9,Tuning/bog_150_p0.1_2.txt,0.05,0.05,0.03,50,5,0.9,0.01,components,1.0,8.72
tune_10,Tuning/bog_150_p0.1_2.txt,0.05,0.05,0.03,50,5,0.9,0.01,components,1.0,8.74
tune_1,Tuning/cor_dolphins-w.txt,0.05,0.05,0.03,50,5,0.9,0.01,components,9.0,2.85
tune_2,Tuning/cor_dolphins-w.txt,0.05,0.05,0.03,50,5,0.9,0.01,components,7.0,2.90
tune_3,Tuning/cor_dolphins-w.txt,0.05,0.05,0.03,50,5,0.9,0.01,components,8.0,2.97
tune_4,Tuning/cor_dolphins-w.txt,0.05,0.05,0.03,50,5,0.9,0.01,components,7.0,2.97
tune_5,Tuning/cor_dolphins-w.txt,0.05,0.05,0.03,50,5,0.9,0.01,components,8.0,2.99
tune_6,Tuning/cor_dolphins-w.txt,0.05,0.05,0.03,50,5,0.9,0.01,components,9.0,2.92
tune_7,Tuning/cor_dolphins-w.txt,0.05,0.05,0.03,50,5,0.9,0.01,components,9.0,2.95
tune_8,Tuning/cor_dolphins-w.txt,0.05,0.05,0.03,50,5,0.9,0.01,components,9.0,2.91
tune_9,Tuning/cor_dolphins-w.txt,0.05,0.05,0.03,50,5,0.9,0.01,components,9.0,2.90
tune_10,Tuning/cor_dolphins-w.txt,0.05,0.05,0.03,50,5,0.9,0.01,components,7.0,2.94
tune_1,Tuning/hos_35_r1_1.txt,0.05,0.05,0.03,50,5,0.9,0.01,components,3.0,2.25
tune_2,Tuning/hos_35_r1_1.txt,0.05,0.05,0.03,50,5,0.9,0.01,components,3.0,2.23
tune_3,Tuning/hos_35_r1_1.txt,0.05,0.05,0.03,50,5,0.9,0.01,components,3.0,2.27
tune_4,Tuning/hos_35_r1_1.txt,0.05,0.05,0.03,50,5,0.9,0.01,components,3.0,2.24
tune_5,Tuning/hos_35_r1_1.txt,0.05,0.05,0.03,50,5,0.9,0.01,components,3.0,2.29
tune_6,Tuning/hos_35_r1_1.txt,0.05,0.05,0.03,50,5,0.9,0.01,components,3.0,2.27
tune_7,Tuning/hos_35_r1_1.txt,0.05,0.05,0.03,50,5,0.9,0.01,components,3.0,2.28
tune_8,Tuning/hos_35_r1_1.txt,0.05,0.05,0.03,50,5,0.9,0.01,components,3.0,2.35
tune_9,Tuning/hos_35_r1_1.txt,0.05,0.05,0.03,50,5,0.9,0.01,components,3.0,2.30
tune_10,Tuning/hos_35_r1_1.txt,0.05,0.05,0.03,50,5,0.9,0.01,components,3.0,2.22
tune_1,Tuning/mac_grafo20dens30.txt,0.05,0.05,0.03,50,5,0.9,0.01,components,1.0,2.45
tune_2,Tuning/mac_grafo20dens30.txt,0.05,0.05,0.03,50,5,0.9,0.01,components,1.0,2.23
tune_3,Tuning/mac_grafo20dens30.txt,0.05,0.05,0.03,50,5,0.9,0.01,components,1.0,2.28
tune_4,Tuning/mac_grafo20dens30.txt,0.05,0.05,0.03,50,5,0.9,0.01,components,1.0,2.35
tune_5,Tuning/mac_grafo20dens30.txt,0.05,0.05,0.03,50,5,0.9,0.01,components,1.0,2.22
tune_6,Tuning/mac_grafo20dens30.txt,0.05,0.05,0.03,50,5,0.9,0.01,components,1.0,2.18
tune_7,Tuning/mac_grafo20dens30.txt,0.05,0.05,0.03,50,5,0.9,0.01,components,1.0,2.29
tune_8,Tuning/mac_grafo20dens30.txt,0.05,0.05,0.03,50,5,0.9,0.01,components,1.0,2.16
tune_9,Tuning/mac_grafo20dens30.txt,0.05,0.05,0.03,50,5,0.9,0.01,components,1.0,2.28
tune_10,Tuning/mac_grafo20dens30.txt,0.05,0.05,0.03,50,5,0.9,0.01,components,1.0,2.24
tune_1,Tuning/bog_150_p0.1_2.txt,0.05,0.05,0.03,50,5,0.9,0.02,components,1.0,9.07
tune_2,Tuning/bog_150_p0.1_2.txt,0.05,0.05,0.03,50,5,0.9,0.02,components,1.0,8.97
tune_3,Tuning/bog_150_p0.1_2.txt,0.05,0.05,0.03,50,5,0.9,0.02,components,1.0,8.90
tune_4,Tuning/bog_150_p0.1_2.txt,0.05,0.05,0.03,50,5,0.9,0.02,components,1.0,8.85
tune_5,Tuning/bog_150_p0.1_2.txt,0.05,0.05,0.03,50,5,0.9,0.02,components,1.0,8.92
tune_6,Tuning/bog_150_p0.1_2.txt,0.05,0.05,0.03,50,5,0.9,0.02,components,1.0,8.56
tune_7,Tuning/bog_150_p0.1_2.txt,0.05,0.05,0.03,50,5,0.9,0.02,components,1.0,8.53
tune_8,Tuning/bog_150_p0.1_2.txt,0.05,0.05,0.03,50,5,0.9,0.02,components,1.0,8.55
tune_9,Tuning/bog_150_p0.1_2.txt,0.05,0.05,0.03,50,5,0.9,0.02,components,1.0,8.53
tune_10,Tuning/bog_150_p0.1_2.txt,0.05,0.05,0.03,50,5,0.9,0.02,components,1.0,8.64
tune_1,Tuning/cor_dolphins-w.txt,0.05,0.05,0.03,50,5,0.9,0.02,components,8.0,2.86
tune_2,Tuning/cor_dolphins-w.txt,0.05,0.05,0.03,50,5,0.9,0.02,components,9.0,2.91
tune_3,Tuning/cor_dolphins-w.txt,0.05,0.05,0.03,50,5,0.9,0.02,components,8.0,2.80
tune_4,Tuning/cor_dolphins-w.txt,0.05,0.05,0.03,50,5,0.9,0.02,components,9.0,2.78
tune_5,Tuning/cor_dolphins-w.txt,0.05,0.05,0.03,50,5,0.9,0.02,components,8.0,2.83
tune_6,Tuning/cor_dolphins-w.txt,0.05,0.05,0.03,50,5,0.9,0.02,components,8.0,2.82
tune_7,Tuning/cor_dolphins-w.txt,0.05,0.05,0.03,50,5,0.9,0.02,components,9.0,2.89
tune_8,Tuning/cor_dolphins-w.txt,0.05,0.05,0.03,50,5,0.9,0.02,components,10.0,2.79
tune_9,Tuning/cor_dolphins-w.txt,0.05,0.05,0.03,50,5,0.9,0.02,components,7.0,2.80
tune_10,Tuning/cor_dolphins-w.txt,0.05,0.05,0.03,50,5,0.9,0.02,components,9.0,2.83
tune_1,Tuning/hos_35_r1_1.txt,0.05,0.05,0.03,50,5,0.9,0.02,components,3.0,2.17
tune_2,Tuning/hos_35_r1_1.txt,0.05,0.05,0.03,50,5,0.9,0.02,components,3.0,2.18
tune_3,Tuning/hos_35_r1_1.txt,0.05,0.05,0.03,50,5,0.9,0.02,components,3.0,2.15
tune_4,Tuning/hos_35_r1_1.txt,0.05,0.05,0.03,50,5,0.9,0.02,components,3.0,2.21
tune_5,Tuning/hos_35_r1_1.txt,0.05,0.05,0.03,50,5,0.9,0.02,components,2.0,2.21
tune_6,Tuning/hos_35_r1_1.txt,0.05,0.05,0.03,50,5,0.9,0.02,components,2.0,2.18
tune_7,Tuning/hos_35_r1_1.txt,0.05,0.05,0.03,50,5,0.9,0.02,components,3.0,2.19
tune_8,Tuning/hos_35_r1_1.txt,0.05,0.05,0.03,50,5,0.9,0.02,components,3.0,2.15
tune_9,Tuning/hos_35_r1_1.txt,0.05,0.05,0.03,50,5,0.9,0.02,components,3.0,2.17
tune_10,Tuning/hos_35_r1_1.txt,0.05,0.05,0.03,50,5,0.9,0.02,components,3.0,2.21
tune_1,Tuning/mac_grafo20dens30.txt,0.05,0.05,0.03,50,5,0.9,0.02,components,1.0,2.19
tune_2,Tuning/mac_grafo20dens30.txt,0.05,0.05,0.03,50,5,0.9,0.02,components,1.0,2.13
tune_3,Tuning/mac_grafo20dens30.txt,0.05,0.05,0.03,50,5,0.9,0.02,components,1.0,2.12
tune_4,Tuning/mac_grafo20dens30.txt,0.05,0.05,0.03,50,5,0.9,0.02,components,1.0,2.15
tune_5,Tuning/mac_grafo20dens30.txt,0.05,0.05,0.03,50,5,0.9,0.02,components,1.0,2.12
tune_6,Tuning/mac_grafo20dens30.txt,0.05,0.05,0.03,50,5,0.9,0.02,components,1.0,2.10
tune_7,Tuning/mac_grafo20dens30.txt,0.05,0.05,0.03,50,5,0.9,0.02,components,1.0,2.16
tune_8,Tuning/mac_grafo20dens30.txt,0.05,0.05,0.03,50,5,0.9,0.02,components,1.0,2.16
tune_9,Tuning/mac_grafo20dens30.txt,0.05,0.05,0.03,50,5,0.9,0.02,components,1.0,2.16
tune_10,Tuning/mac_grafo20dens30.txt,0.05,0.05,0.03,50,5,0.9,0.02,components,1.0,2.17
tune_1,Tuning/bog_150_p0.1_2.txt,0.05,0.05,0.03,100,3,0.8,0.01,components,1.0,11.47
tune_2,Tuning/bog_150_p0.1_2.txt,0.05,0.05,0.03,100,3,0.8,0.01,components,1.0,11.44
tune_3,Tuning/bog_150_p0.1_2.txt,0.05,0.05,0.03,100,3,0.8,0.01,components,1.0,11.53
tune_4,Tuning/bog_150_p0.1_2.txt,0.05,0.05,0.03,100,3,0.8,0.01,components,1.0,11.50
tune_5,Tuning/bog_150_p0.1_2.txt,0.05,0.05,0.03,100,3,0.8,0.01,components,1.0,11.50
tune_6,Tuning/bog_150_p0.1_2.txt,0.05,0.05,0.03,100,3,0.8,0.01,components,1.0,11.47
tune_7,Tuning/bog_150_p0.1_2.txt,0.05,0.05,0.03,100,3,0.8,0.01,components,1.0,11.44
tune_8,Tuning/bog_150_p0.1_2.txt,0.05,0.05,0.03,100,3,0.8,0.01,components,1.0,11.48
tune_9,Tuning/bog_150_p0.1_2.txt,0.05,0.05,0.03,100,3,0.8,0.01,components,1.0,11.60
tune_10,Tuning/bog_150_p0.1_2.txt,0.05,0.05,0.03,100,3,0.8,0.01,components,1.0,11.57
tune_1,Tuning/cor_dolphins-w.txt,0.05,0.05,0.03,100,3,0.8,0.01,components,10.0,3.32
tune_2,Tuning/cor_dolphins-w.txt,0.05,0.05,0.03,100,3,0.8,0.01,components,10.0,3.32
tune_3,Tuning/cor_dolphins-w.txt,0.05,0.05,0.03,100,3,0.8,0.01,components,10.0,3.32
tune_4,Tuning/cor_dolphins-w.txt,0.05,0.05,0.03,100,3,0.8,0.01,components,10.0,3.41
tune_5,Tuning/cor_dolphins-w.txt,0.05,0.05,0.03,100,3,0.8,0.01,components,10.0,3.49
tune_6,Tuning/cor_dolphins-w.txt,0.05,0.05,0.03,100,3,0.8,0.01,components,9.0,3.35
tune_7,Tuning/cor_dolphins-w.txt,0.05,0.05,0.03,100,3,0.8,0.01,components,10.0,3.39
tune_8,Tuning/cor_dolphins-w.txt,0.05,0.05,0.03,100,3,0.8,0.01,components,10.0,3.36
tune_9,Tuning/cor_dolphins-w.txt,0.05,0.05,0.03,100,3,0.8,0.01,components,10.0,3.41
tune_10,Tuning/cor_dolphins-w.txt,0.05,0.05,0.03,100,3,0.8,0.01,components,10.0,3.36
tune_1,Tuning/hos_35_r1_1.txt,0.05,0.05,0.03,100,3,0.8,0.01,components,3.0,2.40
tune_2,Tuning/hos_35_r1_1.txt,0.05,0.05,0.03,100,3,0.8,0.01,components,3.0,2.40
tune_3,Tuning/hos_35_r1_1.txt,0.05,0.05,0.03,100,3,0.8,0.01,components,3.0,2.42
tune_4,Tuning/hos_35_r1_1.txt,0.05,0.05,0.03,100,3,0.8,0.01,components,3.0,2.37
tune_5,Tuning/hos_35_r1_1.txt,0.05,0.05,0.03,100,3,0.8,0.01,components,3.0,2.38
tune_6,Tuning/hos_35_r1_1.txt,0.05,0.05,0.03,100,3,0.8,0.01,components,3.0,2.37
tune_7,Tuning/hos_35_r1_1.txt,0.05,0.05,0.03,100,3,0.8,0.01,components,3.0,2.36
tune_8,Tuning/hos_35_r1_1.txt,0.05,0.05,0.03,100,3,0.8,0.01,components,3.0,2.34
tune_9,Tuning/hos_35_r1_1.txt,0.05,0.05,0.03,100,3,0.8,0.01,components,3.0,2.42
tune_10,Tuning/hos_35_r1_1.txt,0.05,0.05,0.03,100,3,0.8,0.01,components,3.0,2.36
tune_1,Tuning/mac_grafo20dens30.txt,0.05,0.05,0.03,100,3,0.8,0.01,components,1.0,2.33
tune_2,Tuning/mac_grafo20dens30.txt,0.05,0.05,0.03,100,3,0.8,0.01,components,1.0,2.33
tune_3,Tuning/mac_grafo20dens30.txt,0.05,0.05,0.03,100,3,0.8,0.01,components,1.0,2.37
tune_4,Tuning/mac_grafo20dens30.txt,0.05,0.05,0.03,100,3,0.8,0.01,components,1.0,2.30
tune_5,Tuning/mac_grafo20dens30.txt,0.05,0.05,0.03,100,3,0.8,0.01,components,1.0,2.27
tune_6,Tuning/mac_grafo20dens30.txt,0.05,0.05,0.03,100,3,0.8,0.01,components,1.0,2.36
tune_7,Tuning/mac_grafo20dens30.txt,0.05,0.05,0.03,100,3,0.8,0.01,components,1.0,2.34
tune_8,Tuning/mac_grafo20dens30.txt,0.05,0.05,0.03,100,3,0.8,0.01,components,1.0,2.36
tune_9,Tuning/mac_grafo20dens30.txt,0.05,0.05,0.03,100,3,0.8,0.01,components,1.0,2.32
tune_10,Tuning/mac_grafo20dens30.txt,0.05,0.05,0.03,100,3,0.8,0.01,components,1.0,2.34
tune_1,Tuning/bog_150_p0.1_2.txt,0.05,0.05,0.03,100,3,0.8,0.02,components,1.0,11.51
tune_2,Tuning/bog_150_p0.1_2.txt,0.05,0.05,0.03,100,3,0.8,0.02,components,1.0,12.37
tune_3,Tuning/bog_150_p0.1_2.txt,0.05,0.05,0.03,100,3,0.8,0.02,components,1.0,11.48
tune_4,Tuning/bog_150_p0.1_2.txt,0.05,0.05,0.03,100,3,0.8,0.02,components,1.0,11.58
tune_5,Tuning/bog_150_p0.1_2.txt,0.05,0.05,0.03,100,3,0.8,0.02,components,1.0,11.51
tune_6,Tuning/bog_150_p0.1_2.txt,0.05,0.05,0.03,100,3,0.8,0.02,components,1.0,11.55
tune_7,Tuning/bog_150_p0.1_2.txt,0.05,0.05,0.03,100,3,0.8,0.02,components,1.0,11.48
tune_8,Tuning/bog_150_p0.1_2.txt,0.05,0.05,0.03,100,3,0.8,0.02,components,1.0,11.46
tune_9,Tuning/bog_150_p0.1_2.txt,0.05,0.05,0.03,100,3,0.8,0.02,components,1.0,11.52
tune_10,Tuning/bog_150_p0.1_2.txt,0.05,0.05,0.03,100,3,0.8,0.02,components,1.0,11.55
tune_1,Tuning/cor_dolphins-w.txt,0.05,0.05,0.03,100,3,0.8,0.02,components,9.0,3.43
tune_2,Tuning/cor_dolphins-w.txt,0.05,0.05,0.03,100,3,0.8,0.02,components,9.0,3.33
tune_3,Tuning/cor_dolphins-w.txt,0.05,0.05,0.03,100,3,0.8,0.02,components,9.0,3.29
tune_4,Tuning/cor_dolphins-w.txt,0.05,0.05,0.03,100,3,0.8,0.02,components,10.0,3.33
tune_5,Tuning/cor_dolphins-w.txt,0.05,0.05,0.03,100,3,0.8,0.02,components,10.0,3.30
tune_6,Tuning/cor_dolphins-w.txt,0.05,0.05,0.03,100,3,0.8,0.02,components,9.0,3.29
tune_7,Tuning/cor_dolphins-w.txt,0.05,0.05,0.03,100,3,0.8,0.02,components,10.0,3.26
tune_8,Tuning/cor_dolphins-w.txt,0.05,0.05,0.03,100,3,0.8,0.02,components,10.0,3.35
tune_9,Tuning/cor_dolphins-w.txt,0.05,0.05,0.03,100,3,0.8,0.02,components,10.0,3.28
tune_10,Tuning/cor_dolphins-w.txt,0.05,0.05,0.03,100,3,0.8,0.02,components,9.0,3.34
tune_1,Tuning/hos_35_r1_1.txt,0.05,0.05,0.03,100,3,0.8,0.02,components,3.0,2.42
tune_2,Tuning/hos_35_r1_1.txt,0.05,0.05,0.03,100,3,0.8,0.02,components,3.0,2.37
tune_3,Tuning/hos_35_r1_1.txt,0.05,0.05,0.03,100,3,0.8,0.02,components,3.0,2.34
tune_4,Tuning/hos_35_r1_1.txt,0.05,0.05,0.03,100,3,0.8,0.02,components,3.0,2.46
tune_5,Tuning/hos_35_r1_1.txt,0.05,0.05,0.03,100,3,0.8,0.02,components,3.0,2.60
tune_6,Tuning/hos_35_r1_1.txt,0.05,0.05,0.03,100,3,0.8,0.02,components,3.0,2.57
tune_7,Tuning/hos_35_r1_1.txt,0.05,0.05,0.03,100,3,0.8,0.02,components,3.0,2.55
tune_8,Tuning/hos_35_r1_1.txt,0.05,0.05,0.03,100,3,0.8,0.02,components,3.0,2.47
tune_9,Tuning/hos_35_r1_1.txt,0.05,0.05,0.03,100,3,0.8,0.02,components,3.0,2.52
tune_10,Tuning/hos_35_r1_1.txt,0.05,0.05,0.03,100,3,0.8,0.02,components,3.0,2.38
tune_1,Tuning/mac_grafo20dens30.txt,0.05,0.05,0.03,100,3,0.8,0.02,components,1.0,2.41
tune_2,Tuning/mac_grafo20dens30.txt,0.05,0.05,0.03,100,3,0.8,0.02,components,1.0,2.31
tune_3,Tuning/mac_grafo20dens30.txt,0.05,0.05,0.03,100,3,0.8,0.02,components,1.0,2.37
tune_4,Tuning/mac_grafo20dens30.txt,0.05,0.05,0.03,100,3,0.8,0.02,components,1.0,2.33
tune_5,Tuning/mac_grafo20dens30.txt,0.05,0.05,0.03,100,3,0.8,0.02,components,1.0,2.38
tune_6,Tuning/mac_grafo20dens30.txt,0.05,0.05,0.03,100,3,0.8,0.02,components,1.0,2.46
tune_7,Tuning/mac_grafo20dens30.txt,0.05,0.05,0.03,100,3,0.8,0.02,components,1.0,2.37
tune_8,Tuning/mac_grafo20dens30.txt,0.05,0.05,0.03,100,3,0.8,0.02,components,1.0,2.38
tune_9,Tuning/mac_grafo20dens30.txt,0.05,0.05,0.03,100,3,0.8,0.02,components,1.0,2.40
tune_10,Tuning/mac_grafo20dens30.txt,0.05,0.05,0.03,100,3,0.8,0.02,components,1.0,2.37
tune_1,Tuning/bog_150_p0.1_2.txt,0.05,0.05,0.03,100,3,0.9,0.01,components,1.0,13.73
tune_2,Tuning/bog_150_p0.1_2.txt,0.05,0.05,0.03,100,3,0.9,0.01,components,1.0,14.24
tune_3,Tuning/bog_150_p0.1_2.txt,0.05,0.05,0.03,100,3,0.9,0.01,components,1.0,13.85
tune_4,Tuning/bog_150_p0.1_2.txt,0.05,0.05,0.03,100,3,0.9,0.01,components,1.0,13.97
tune_5,Tuning/bog_150_p0.1_2.txt,0.05,0.05,0.03,100,3,0.9,0.01,components,1.0,13.77
tune_6,Tuning/bog_150_p0.1_2.txt,0.05,0.05,0.03,100,3,0.9,0.01,components,1.0,13.81
tune_7,Tuning/bog_150_p0.1_2.txt,0.05,0.05,0.03,100,3,0.9,0.01,components,1.0,13.99
tune_8,Tuning/bog_150_p0.1_2.txt,0.05,0.05,0.03,100,3,0.9,0.01,components,1.0,13.74
tune_9,Tuning/bog_150_p0.1_2.txt,0.05,0.05,0.03,100,3,0.9,0.01,components,1.0,13.78
tune_10,Tuning/bog_150_p0.1_2.txt,0.05,0.05,0.03,100,3,0.9,0.01,components,1.0,13.84
tune_1,Tuning/cor_dolphins-w.txt,0.05,0.05,0.03,100,3,0.9,0.01,components,10.0,3.64
tune_2,Tuning/cor_dolphins-w.txt,0.05,0.05,0.03,100,3,0.9,0.01,components,9.0,3.70
tune_3,Tuning/cor_dolphins-w.txt,0.05,0.05,0.03,100,3,0.9,0.01,components,10.0,3.67
tune_4,Tuning/cor_dolphins-w.txt,0.05,0.05,0.03,100,3,0.9,0.01,components,10.0,3.61
tune_5,Tuning/cor_dolphins-w.txt,0.05,0.05,0.03,100,3,0.9,0.01,components,9.0,4.62
tune_6,Tuning/cor_dolphins-w.txt,0.05,0.05,0.03,100,3,0.9,0.01,components,10.0,3.66
tune_7,Tuning/cor_dolphins-w.txt,0.05,0.05,0.03,100,3,0.9,0.01,components,10.0,3.74
tune_8,Tuning/cor_dolphins-w.txt,0.05,0.05,0.03,100,3,0.9,0.01,components,10.0,3.89
tune_9,Tuning/cor_dolphins-w.txt,0.05,0.05,0.03,100,3,0.9,0.01,components,10.0,3.85
tune_10,Tuning/cor_dolphins-w.txt,0.05,0.05,0.03,100,3,0.9,0.01,components,10.0,3.98
tune_1,Tuning/hos_35_r1_1.txt,0.05,0.05,0.03,100,3,0.9,0.01,components,3.0,2.57
tune_2,Tuning/hos_35_r1_1.txt,0.05,0.05,0.03,100,3,0.9,0.01,components,3.0,2.61
tune_3,Tuning/hos_35_r1_1.txt,0.05,0.05,0.03,100,3,0.9,0.01,components,3.0,2.69
tune_4,Tuning/hos_35_r1_1.txt,0.05,0.05,0.03,100,3,0.9,0.01,components,3.0,2.79
tune_5,Tuning/hos_35_r1_1.txt,0.05,0.05,0.03,100,3,0.9,0.01,components,3.0,2.51
tune_6,Tuning/hos_35_r1_1.txt,0.05,0.05,0.03,100,3,0.9,0.01,components,3.0,2.50
tune_7,Tuning/hos_35_r1_1.txt,0.05,0.05,0.03,100,3,0.9,0.01,components,3.0,2.48
tune_8,Tuning/hos_35_r1_1.txt,0.05,0.05,0.03,100,3,0.9,0.01,components,3.0,2.54
tune_9,Tuning/hos_35_r1_1.txt,0.05,0.05,0.03,100,3,0.9,0.01,components,3.0,2.61
tune_10,Tuning/hos_35_r1_1.txt,0.05,0.05,0.03,100,3,0.9,0.01,components,3.0,2.57
tune_1,Tuning/mac_grafo20dens30.txt,0.05,0.05,0.03,100,3,0.9,0.01,components,1.0,2.62
tune_2,Tuning/mac_grafo20dens30.txt,0.05,0.05,0.03,100,3,0.9,0.01,components,1.0,2.43
tune_3,Tuning/mac_grafo20dens30.txt,0.05,0.05,0.03,100,3,0.9,0.01,components,1.0,2.47
tune_4,Tuning/mac_grafo20dens30.txt,0.05,0.05,0.03,100,3,0.9,0.01,components,1.0,2.46
tune_5,Tuning/mac_grafo20dens30.txt,0.05,0.05,0.03,100,3,0.9,0.01,components,1.0,2.43
tune_6,Tuning/mac_grafo20dens30.txt,0.05,0.05,0.03,100,3,0.9,0.01,components,1.0,2.53
tune_7,Tuning/mac_grafo20dens30.txt,0.05,0.05,0.03,100,3,0.9,0.01,components,1.0,2.52
tune_8,Tuning/mac_grafo20dens30.txt,0.05,0.05,0.03,100,3,0.9,0.01,components,1.0,2.43
tune_9,Tuning/mac_grafo20dens30.txt,0.05,0.05,0.03,100,3,0.9,0.01,components,1.0,2.53
tune_10,Tuning/mac_grafo20dens30.txt,0.05,0.05,0.03,100,3,0.9,0.01,components,1.0,2.48
tune_1,Tuning/bog_150_p0.1_2.txt,0.05,0.05,0.03,100,3,0.9,0.02,components,1.0,13.92
tune_2,Tuning/bog_150_p0.1_2.txt,0.05,0.05,0.03,100,3,0.9,0.02,components,1.0,13.88
tune_3,Tuning/bog_150_p0.1_2.txt,0.05,0.05,0.03,100,3,0.9,0.02,components,1.0,14.15
tune_4,Tuning/bog_150_p0.1_2.txt,0.05,0.05,0.03,100,3,0.9,0.02,components,1.0,13.85
tune_5,Tuning/bog_150_p0.1_2.txt,0.05,0.05,0.03,100,3,0.9,0.02,components,1.0,13.86
tune_6,Tuning/bog_150_p0.1_2.txt,0.05,0.05,0.03,100,3,0.9,0.02,components,1.0,13.77
tune_7,Tuning/bog_150_p0.1_2.txt,0.05,0.05,0.03,100,3,0.9,0.02,components,1.0,14.11
tune_8,Tuning/bog_150_p0.1_2.txt,0.05,0.05,0.03,100,3,0.9,0.02,components,1.0,12.70
tune_9,Tuning/bog_150_p0.1_2.txt,0.05,0.05,0.03,100,3,0.9,0.02,components,1.0,12.62
tune_10,Tuning/bog_150_p0.1_2.txt,0.05,0.05,0.03,100,3,0.9,0.02,components,1.0,12.60
tune_1,Tuning/cor_dolphins-w.txt,0.05,0.05,0.03,100,3,0.9,0.02,components,10.0,3.55
tune_2,Tuning/cor_dolphins-w.txt,0.05,0.05,0.03,100,3,0.9,0.02,components,9.0,3.59
tune_3,Tuning/cor_dolphins-w.txt,0.05,0.05,0.03,100,3,0.9,0.02,components,10.0,3.71
tune_4,Tuning/cor_dolphins-w.txt,0.05,0.05,0.03,100,3,0.9,0.02,components,10.0,3.74
tune_5,Tuning/cor_dolphins-w.txt,0.05,0.05,0.03,100,3,0.9,0.02,components,10.0,3.63
tune_6,Tuning/cor_dolphins-w.txt,0.05,0.05,0.03,100,3,0.9,0.02,components,10.0,3.65
tune_7,Tuning/cor_dolphins-w.txt,0.05,0.05,0.03,100,3,0.9,0.02,components,10.0,3.59
tune_8,Tuning/cor_dolphins-w.txt,0.05,0.05,0.03,100,3,0.9,0.02,components,10.0,3.57
tune_9,Tuning/cor_dolphins-w.txt,0.05,0.05,0.03,100,3,0.9,0.02,components,10.0,3.58
tune_10,Tuning/cor_dolphins-w.txt,0.05,0.05,0.03,100,3,0.9,0.02,components,10.0,3.60
tune_1,Tuning/hos_35_r1_1.txt,0.05,0.05,0.03,100,3,0.9,0.02,components,3.0,2.48
tune_2,Tuning/hos_35_r1_1.txt,0.05,0.05,0.03,100,3,0.9,0.02,components,3.0,2.51
tune_3,Tuning/hos_35_r1_1.txt,0.05,0.05,0.03,100,3,0.9,0.02,components,3.0,2.58
tune_4,Tuning/hos_35_r1_1.txt,0.05,0.05,0.03,100,3,0.9,0.02,components,3.0,2.51
tune_5,Tuning/hos_35_r1_1.txt,0.05,0.05,0.03,100,3,0.9,0.02,components,3.0,2.55
tune_6,Tuning/hos_35_r1_1.txt,0.05,0.05,0.03,100,3,0.9,0.02,components,3.0,2.46
tune_7,Tuning/hos_35_r1_1.txt,0.05,0.05,0.03,100,3,0.9,0.02,components,3.0,2.47
tune_8,Tuning/hos_35_r1_1.txt,0.05,0.05,0.03,100,3,0.9,0.02,components,3.0,2.51
tune_9,Tuning/hos_35_r1_1.txt,0.05,0.05,0.03,100,3,0.9,0.02,components,3.0,2.49
tune_10,Tuning/hos_35_r1_1.txt,0.05,0.05,0.03,100,3,0.9,0.02,components,3.0,2.51
tune_1,Tuning/mac_grafo20dens30.txt,0.05,0.05,0.03,100,3,0.9,0.02,components,1.0,2.57
tune_2,Tuning/mac_grafo20dens30.txt,0.05,0.05,0.03,100,3,0.9,0.02,components,1.0,2.50
tune_3,Tuning/mac_grafo20dens30.txt,0.05,0.05,0.03,100,3,0.9,0.02,components,1.0,2.56
tune_4,Tuning/mac_grafo20dens30.txt,0.05,0.05,0.03,100,3,0.9,0.02,components,1.0,2.51
tune_5,Tuning/mac_grafo20dens30.txt,0.05,0.05,0.03,100,3,0.9,0.02,components,1.0,2.49
tune_6,Tuning/mac_grafo20dens30.txt,0.05,0.05,0.03,100,3,0.9,0.02,components,1.0,2.47
tune_7,Tuning/mac_grafo20dens30.txt,0.05,0.05,0.03,100,3,0.9,0.02,components,1.0,2.50
tune_8,Tuning/mac_grafo20dens30.txt,0.05,0.05,0.03,100,3,0.9,0.02,components,1.0,2.44
tune_9,Tuning/mac_grafo20dens30.txt,0.05,0.05,0.03,100,3,0.9,0.02,components,1.0,2.47
tune_10,Tuning/mac_grafo20dens30.txt,0.05,0.05,0.03,100,3,0.9,0.02,components,1.0,2.45
tune_1,Tuning/bog_150_p0.1_2.txt,0.05,0.05,0.03,100,5,0.8,0.01,components,1.0,12.42
tune_2,Tuning/bog_150_p0.1_2.txt,0.05,0.05,0.03,100,5,0.8,0.01,components,1.0,12.57
tune_3,Tuning/bog_150_p0.1_2.txt,0.05,0.05,0.03,100,5,0.8,0.01,components,1.0,12.75
tune_4,Tuning/bog_150_p0.1_2.txt,0.05,0.05,0.03,100,5,0.8,0.01,components,1.0,12.50
tune_5,Tuning/bog_150_p0.1_2.txt,0.05,0.05,0.03,100,5,0.8,0.01,components,1.0,12.64
tune_6,Tuning/bog_150_p0.1_2.txt,0.05,0.05,0.03,100,5,0.8,0.01,components,1.0,12.69
tune_7,Tuning/bog_150_p0.1_2.txt,0.05,0.05,0.03,100,5,0.8,0.01,components,1.0,12.04
tune_8,Tuning/bog_150_p0.1_2.txt,0.05,0.05,0.03,100,5,0.8,0.01,components,1.0,11.54
tune_9,Tuning/bog_150_p0.1_2.txt,0.05,0.05,0.03,100,5,0.8,0.01,components,1.0,13.40
tune_10,Tuning/bog_150_p0.1_2.txt,0.05,0.05,0.03,100,5,0.8,0.01,components,1.0,13.04
tune_1,Tuning/cor_dolphins-w.txt,0.05,0.05,0.03,100,5,0.8,0.01,components,10.0,3.33
tune_2,Tuning/cor_dolphins-w.txt,0.05,0.05,0.03,100,5,0.8,0.01,components,10.0,3.30
tune_3,Tuning/cor_dolphins-w.txt,0.05,0.05,0.03,100,5,0.8,0.01,components,9.0,3.68
tune_4,Tuning/cor_dolphins-w.txt,0.05,0.05,0.03,100,5,0.8,0.01,components,9.0,3.34
tune_5,Tuning/cor_dolphins-w.txt,0.05,0.05,0.03,100,5,0.8,0.01,components,9.0,3.34
tune_6,Tuning/cor_dolphins-w.txt,0.05,0.05,0.03,100,5,0.8,0.01,components,9.0,3.40
tune_7,Tuning/cor_dolphins-w.txt,0.05,0.05,0.03,100,5,0.8,0.01,components,10.0,3.36
tune_8,Tuning/cor_dolphins-w.txt,0.05,0.05,0.03,100,5,0.8,0.01,components,9.0,3.47
tune_9,Tuning/cor_dolphins-w.txt,0.05,0.05,0.03,100,5,0.8,0.01,components,10.0,3.35
tune_10,Tuning/cor_dolphins-w.txt,0.05,0.05,0.03,100,5,0.8,0.01,components,9.0,3.31
tune_1,Tuning/hos_35_r1_1.txt,0.05,0.05,0.03,100,5,0.8,0.01,components,3.0,2.58
tune_2,Tuning/hos_35_r1_1.txt,0.05,0.05,0.03,100,5,0.8,0.01,components,3.0,2.43
tune_3,Tuning/hos_35_r1_1.txt,0.05,0.05,0.03,100,5,0.8,0.01,components,3.0,2.39
tune_4,Tuning/hos_35_r1_1.txt,0.05,0.05,0.03,100,5,0.8,0.01,components,3.0,2.39
tune_5,Tuning/hos_35_r1_1.txt,0.05,0.05,0.03,100,5,0.8,0.01,components,3.0,2.40
tune_6,Tuning/hos_35_r1_1.txt,0.05,0.05,0.03,100,5,0.8,0.01,components,3.0,2.48
tune_7,Tuning/hos_35_r1_1.txt,0.05,0.05,0.03,100,5,0.8,0.01,components,3.0,2.38
tune_8,Tuning/hos_35_r1_1.txt,0.05,0.05,0.03,100,5,0.8,0.01,components,3.0,2.42
tune_9,Tuning/hos_35_r1_1.txt,0.05,0.05,0.03,100,5,0.8,0.01,components,3.0,2.39
tune_10,Tuning/hos_35_r1_1.txt,0.05,0.05,0.03,100,5,0.8,0.01,components,3.0,2.40
tune_1,Tuning/mac_grafo20dens30.txt,0.05,0.05,0.03,100,5,0.8,0.01,components,1.0,2.36
tune_2,Tuning/mac_grafo20dens30.txt,0.05,0.05,0.03,100,5,0.8,0.01,components,1.0,2.40
tune_3,Tuning/mac_grafo20dens30.txt,0.05,0.05,0.03,100,5,0.8,0.01,components,1.0,2.35
tune_4,Tuning/mac_grafo20dens30.txt,0.05,0.05,0.03,100,5,0.8,0.01,components,1.0,2.33
tune_5,Tuning/mac_grafo20dens30.txt,0.05,0.05,0.03,100,5,0.8,0.01,components,1.0,2.35
tune_6,Tuning/mac_grafo20dens30.txt,0.05,0.05,0.03,100,5,0.8,0.01,components,1.0,2.42
tune_7,Tuning/mac_grafo20dens30.txt,0.05,0.05,0.03,100,5,0.8,0.01,components,1.0,2.38
tune_8,Tuning/mac_grafo20dens30.txt,0.05,0.05,0.03,100,5,0.8,0.01,components,1.0,2.35
tune_9,Tuning/mac_grafo20dens30.txt,0.05,0.05,0.03,100,5,0.8,0.01,components,1.0,2.44
tune_10,Tuning/mac_grafo20dens30.txt,0.05,0.05,0.03,100,5,0.8,0.01,components,1.0,2.37
tune_1,Tuning/bog_150_p0.1_2.txt,0.05,0.05,0.03,100,5,0.8,0.02,components,1.0,13.00
tune_2,Tuning/bog_150_p0.1_2.txt,0.05,0.05,0.03,100,5,0.8,0.02,components,1.0,13.18
tune_3,Tuning/bog_150_p0.1_2.txt,0.05,0.05,0.03,100,5,0.8,0.02,components,1.0,13.04
tune_4,Tuning/bog_150_p0.1_2.txt,0.05,0.05,0.03,100,5,0.8,0.02,components,1.0,13.12
tune_5,Tuning/bog_150_p0.1_2.txt,0.05,0.05,0.03,100,5,0.8,0.02,components,1.0,13.34
tune_6,Tuning/bog_150_p0.1_2.txt,0.05,0.05,0.03,100,5,0.8,0.02,components,1.0,13.39
tune_7,Tuning/bog_150_p0.1_2.txt,0.05,0.05,0.03,100,5,0.8,0.02,components,1.0,14.82
tune_8,Tuning/bog_150_p0.1_2.txt,0.05,0.05,0.03,100,5,0.8,0.02,components,1.0,11.74
tune_9,Tuning/bog_150_p0.1_2.txt,0.05,0.05,0.03,100,5,0.8,0.02,components,1.0,11.68
tune_10,Tuning/bog_150_p0.1_2.txt,0.05,0.05,0.03,100,5,0.8,0.02,components,1.0,13.13
tune_1,Tuning/cor_dolphins-w.txt,0.05,0.05,0.03,100,5,0.8,0.02,components,9.0,3.35
tune_2,Tuning/cor_dolphins-w.txt,0.05,0.05,0.03,100,5,0.8,0.02,components,8.0,3.45
tune_3,Tuning/cor_dolphins-w.txt,0.05,0.05,0.03,100,5,0.8,0.02,components,10.0,3.35
tune_4,Tuning/cor_dolphins-w.txt,0.05,0.05,0.03,100,5,0.8,0.02,components,9.0,3.46
tune_5,Tuning/cor_dolphins-w.txt,0.05,0.05,0.03,100,5,0.8,0.02,components,10.0,3.55
tune_6,Tuning/cor_dolphins-w.txt,0.05,0.05,0.03,100,5,0.8,0.02,components,10.0,3.28
tune_7,Tuning/cor_dolphins-w.txt,0.05,0.05,0.03,100,5,0.8,0.02,components,9.0,3.29
tune_8,Tuning/cor_dolphins-w.txt,0.05,0.05,0.03,100,5,0.8,0.02,components,10.0,3.40
tune_9,Tuning/cor_dolphins-w.txt,0.05,0.05,0.03,100,5,0.8,0.02,components,10.0,3.33
tune_10,Tuning/cor_dolphins-w.txt,0.05,0.05,0.03,100,5,0.8,0.02,components,10.0,3.39
tune_1,Tuning/hos_35_r1_1.txt,0.05,0.05,0.03,100,5,0.8,0.02,components,3.0,2.47
tune_2,Tuning/hos_35_r1_1.txt,0.05,0.05,0.03,100,5,0.8,0.02,components,3.0,2.44
tune_3,Tuning/hos_35_r1_1.txt,0.05,0.05,0.03,100,5,0.8,0.02,components,3.0,2.71
tune_4,Tuning/hos_35_r1_1.txt,0.05,0.05,0.03,100,5,0.8,0.02,components,3.0,2.43
tune_5,Tuning/hos_35_r1_1.txt,0.05,0.05,0.03,100,5,0.8,0.02,components,3.0,2.36
tune_6,Tuning/hos_35_r1_1.txt,0.05,0.05,0.03,100,5,0.8,0.02,components,3.0,2.43
tune_7,Tuning/hos_35_r1_1.txt,0.05,0.05,0.03,100,5,0.8,0.02,components,3.0,2.41
tune_8,Tuning/hos_35_r1_1.txt,0.05,0.05,0.03,100,5,0.8,0.02,components,3.0,2.39
tune_9,Tuning/hos_35_r1_1.txt,0.05,0.05,0.03,100,5,0.8,0.02,components,3.0,2.51
tune_10,Tuning/hos_35_r1_1.txt,0.05,0.05,0.03,100,5,0.8,0.02,components,3.0,2.41
tune_1,Tuning/mac_grafo20dens30.txt,0.05,0.05,0.03,100,5,0.8,0.02,components,1.0,2.37
tune_2,Tuning/mac_grafo20dens30.txt,0.05,0.05,0.03,100,5,0.8,0.02,components,1.0,2.35
tune_3,Tuning/mac_grafo20dens30.txt,0.05,0.05,0.03,100,5,0.8,0.02,components,1.0,2.28
tune_4,Tuning/mac_grafo20dens30.txt,0.05,0.05,0.03,100,5,0.8,0.02,components,1.0,2.41
tune_5,Tuning/mac_grafo20dens30.txt,0.05,0.05,0.03,100,5,0.8,0.02,components,1.0,2.48
tune_6,Tuning/mac_grafo20dens30.txt,0.05,0.05,0.03,100,5,0.8,0.02,components,1.0,2.38
tune_7,Tuning/mac_grafo20dens30.txt,0.05,0.05,0.03,100,5,0.8,0.02,components,1.0,2.35
tune_8,Tuning/mac_grafo20dens30.txt,0.05,0.05,0.03,100,5,0.8,0.02,components,1.0,2.41
tune_9,Tuning/mac_grafo20dens30.txt,0.05,0.05,0.03,100,5,0.8,0.02,components,1.0,2.32
tune_10,Tuning/mac_grafo20dens30.txt,0.05,0.05,0.03,100,5,0.8,0.02,components,1.0,2.44
tune_1,Tuning/bog_150_p0.1_2.txt,0.05,0.05,0.03,100,5,0.9,0.01,components,1.0,14.84
tune_2,Tuning/bog_150_p0.1_2.txt,0.05,0.05,0.03,100,5,0.9,0.01,components,1.0,14.54
tune_3,Tuning/bog_150_p0.1_2.txt,0.05,0.05,0.03,100,5,0.9,0.01,components,1.0,15.16
tune_4,Tuning/bog_150_p0.1_2.txt,0.05,0.05,0.03,100,5,0.9,0.01,components,1.0,14.72
tune_5,Tuning/bog_150_p0.1_2.txt,0.05,0.05,0.03,100,5,0.9,0.01,components,1.0,14.84
tune_6,Tuning/bog_150_p0.1_2.txt,0.05,0.05,0.03,100,5,0.9,0.01,components,1.0,14.70
tune_7,Tuning/bog_150_p0.1_2.txt,0.05,0.05,0.03,100,5,0.9,0.01,components,1.0,15.10
tune_8,Tuning/bog_150_p0.1_2.txt,0.05,0.05,0.03,100,5,0.9,0.01,components,1.0,14.82
tune_9,Tuning/bog_150_p0.1_2.txt,0.05,0.05,0.03,100,5,0.9,0.01,components,1.0,15.07
tune_10,Tuning/bog_150_p0.1_2.txt,0.05,0.05,0.03,100,5,0.9,0.01,components,1.0,14.91
tune_1,Tuning/cor_dolphins-w.txt,0.05,0.05,0.03,100,5,0.9,0.01,components,8.0,3.58
tune_2,Tuning/cor_dolphins-w.txt,0.05,0.05,0.03,100,5,0.9,0.01,components,9.0,3.53
tune_3,Tuning/cor_dolphins-w.txt,0.05,0.05,0.03,100,5,0.9,0.01,components,9.0,3.59
tune_4,Tuning/cor_dolphins-w.txt,0.05,0.05,0.03,100,5,0.9,0.01,components,9.0,3.54
tune_5,Tuning/cor_dolphins-w.txt,0.05,0.05,0.03,100,5,0.9,0.01,components,9.0,3.58
tune_6,Tuning/cor_dolphins-w.txt,0.05,0.05,0.03,100,5,0.9,0.01,components,10.0,3.67
tune_7,Tuning/cor_dolphins-w.txt,0.05,0.05,0.03,100,5,0.9,0.01,components,10.0,3.53
tune_8,Tuning/cor_dolphins-w.txt,0.05,0.05,0.03,100,5,0.9,0.01,components,9.0,3.54
tune_9,Tuning/cor_dolphins-w.txt,0.05,0.05,0.03,100,5,0.9,0.01,components,10.0,3.59
tune_10,Tuning/cor_dolphins-w.txt,0.05,0.05,0.03,100,5,0.9,0.01,components,8.0,3.65
tune_1,Tuning/hos_35_r1_1.txt,0.05,0.05,0.03,100,5,0.9,0.01,components,3.0,2.84
tune_2,Tuning/hos_35_r1_1.txt,0.05,0.05,0.03,100,5,0.9,0.01,components,3.0,2.60
tune_3,Tuning/hos_35_r1_1.txt,0.05,0.05,0.03,100,5,0.9,0.01,components,3.0,2.58
tune_4,Tuning/hos_35_r1_1.txt,0.05,0.05,0.03,100,5,0.9,0.01,components,3.0,2.59
tune_5,Tuning/hos_35_r1_1.txt,0.05,0.05,0.03,100,5,0.9,0.01,components,3.0,2.52
tune_6,Tuning/hos_35_r1_1.txt,0.05,0.05,0.03,100,5,0.9,0.01,components,3.0,2.49
tune_7,Tuning/hos_35_r1_1.txt,0.05,0.05,0.03,100,5,0.9,0.01,components,3.0,2.56
tune_8,Tuning/hos_35_r1_1.txt,0.05,0.05,0.03,100,5,0.9,0.01,components,3.0,2.49
tune_9,Tuning/hos_35_r1_1.txt,0.05,0.05,0.03,100,5,0.9,0.01,components,3.0,2.51
tune_10,Tuning/hos_35_r1_1.txt,0.05,0.05,0.03,100,5,0.9,0.01,components,3.0,2.49
tune_1,Tuning/mac_grafo20dens30.txt,0.05,0.05,0.03,100,5,0.9,0.01,components,1.0,2.60
tune_2,Tuning/mac_grafo20dens30.txt,0.05,0.05,0.03,100,5,0.9,0.01,components,1.0,2.56
tune_3,Tuning/mac_grafo20dens30.txt,0.05,0.05,0.03,100,5,0.9,0.01,components,1.0,2.51
tune_4,Tuning/mac_grafo20dens30.txt,0.05,0.05,0.03,100,5,0.9,0.01,components,1.0,2.51
tune_5,Tuning/mac_grafo20dens30.txt,0.05,0.05,0.03,100,5,0.9,0.01,components,1.0,2.45
tune_6,Tuning/mac_grafo20dens30.txt,0.05,0.05,0.03,100,5,0.9,0.01,components,1.0,2.43
tune_7,Tuning/mac_grafo20dens30.txt,0.05,0.05,0.03,100,5,0.9,0.01,components,1.0,2.41
tune_8,Tuning/mac_grafo20dens30.txt,0.05,0.05,0.03,100,5,0.9,0.01,components,1.0,2.52
tune_9,Tuning/mac_grafo20dens30.txt,0.05,0.05,0.03,100,5,0.9,0.01,components,1.0,2.46
tune_10,Tuning/mac_grafo20dens30.txt,0.05,0.05,0.03,100,5,0.9,0.01,components,1.0,2.53
tune_1,Tuning/bog_150_p0.1_2.txt,0.05,0.05,0.03,100,5,0.9,0.02,components,1.0,14.91
tune_2,Tuning/bog_150_p0.1_2.txt,0.05,0.05,0.03,100,5,0.9,0.02,components,1.0,12.81
tune_3,Tuning/bog_150_p0.1_2.txt,0.05,0.05,0.03,100,5,0.9,0.02,components,1.0,12.87
tune_4,Tuning/bog_150_p0.1_2.txt,0.05,0.05,0.03,100,5,0.9,0.02,components,1.0,14.74
tune_5,Tuning/bog_150_p0.1_2.txt,0.05,0.05,0.03,100,5,0.9,0.02,components,1.0,12.88
tune_6,Tuning/bog_150_p0.1_2.txt,0.05,0.05,0.03,100,5,0.9,0.02,components,1.0,13.87
tune_7,Tuning/bog_150_p0.1_2.txt,0.05,0.05,0.03,100,5,0.9,0.02,components,1.0,13.09
tune_8,Tuning/bog_150_p0.1_2.txt,0.05,0.05,0.03,100,5,0.9,0.02,components,1.0,12.72
tune_9,Tuning/bog_150_p0.1_2.txt,0.05,0.05,0.03,100,5,0.9,0.02,components,1.0,13.94
tune_10,Tuning/bog_150_p0.1_2.txt,0.05,0.05,0.03,100,5,0.9,0.02,components,1.0,14.10
tune_1,Tuning/cor_dolphins-w.txt,0.05,0.05,0.03,100,5,0.9,0.02,components,8.0,3.65
tune_2,Tuning/cor_dolphins-w.txt,0.05,0.05,0.03,100,5,0.9,0.02,components,9.0,3.72
tune_3,Tuning/cor_dolphins-w.txt,0.05,0.05,0.03,100,5,0.9,0.02,components,9.0,4.08
tune_4,Tuning/cor_dolphins-w.txt,0.05,0.05,0.03,100,5,0.9,0.02,components,9.0,3.87
tune_5,Tuning/cor_dolphins-w.txt,0.05,0.05,0.03,100,5,0.9,0.02,components,9.0,3.91
tune_6,Tuning/cor_dolphins-w.txt,0.05,0.05,0.03,100,5,0.9,0.02,components,9.0,3.89
tune_7,Tuning/cor_dolphins-w.txt,0.05,0.05,0.03,100,5,0.9,0.02,components,9.0,3.97
tune_8,Tuning/cor_dolphins-w.txt,0.05,0.05,0.03,100,5,0.9,0.02,components,9.0,3.76
tune_9,Tuning/cor_dolphins-w.txt,0.05,0.05,0.03,100,5,0.9,0.02,components,10.0,3.81
tune_10,Tuning/cor_dolphins-w.txt,0.05,0.05,0.03,100,5,0.9,0.02,components,9.0,3.85
tune_1,Tuning/hos_35_r1_1.txt,0.05,0.05,0.03,100,5,0.9,0.02,components,3.0,2.68
tune_2,Tuning/hos_35_r1_1.txt,0.05,0.05,0.03,100,5,0.9,0.02,components,3.0,2.60
tune_3,Tuning/hos_35_r1_1.txt,0.05,0.05,0.03,100,5,0.9,0.02,components,3.0,2.56
tune_4,Tuning/hos_35_r1_1.txt,0.05,0.05,0.03,100,5,0.9,0.02,components,3.0,2.58
tune_5,Tuning/hos_35_r1_1.txt,0.05,0.05,0.03,100,5,0.9,0.02,components,3.0,2.61
tune_6,Tuning/hos_35_r1_1.txt,0.05,0.05,0.03,100,5,0.9,0.02,components,3.0,2.66
tune_7,Tuning/hos_35_r1_1.txt,0.05,0.05,0.03,100,5,0.9,0.02,components,3.0,2.62
tune_8,Tuning/hos_35_r1_1.txt,0.05,0.05,0.03,100,5,0.9,0.02,components,3.0,2.58
tune_9,Tuning/hos_35_r1_1.txt,0.05,0.05,0.03,100,5,0.9,0.02,components,3.0,2.57
tune_10,Tuning/hos_35_r1_1.txt,0.05,0.05,0.03,100,5,0.9,0.02,components,3.0,2.56
tune_1,Tuning/mac_grafo20dens30.txt,0.05,0.05,0.03,100,5,0.9,0.02,components,1.0,2.54
tune_2,Tuning/mac_grafo20dens30.txt,0.05,0.05,0.03,100,5,0.9,0.02,components,1.0,2.51
tune_3,Tuning/mac_grafo20dens30.txt,0.05,0.05,0.03,100,5,0.9,0.02,components,1.0,2.50
tune_4,Tuning/mac_grafo20dens30.txt,0.05,0.05,0.03,100,5,0.9,0.02,components,1.0,2.52
tune_5,Tuning/mac_grafo20dens30.txt,0.05,0.05,0.03,100,5,0.9,0.02,components,1.0,2.52
tune_6,Tuning/mac_grafo20dens30.txt,0.05,0.05,0.03,100,5,0.9,0.02,components,1.0,2.52
tune_7,Tuning/mac_grafo20dens30.txt,0.05,0.05,0.03,100,5,0.9,0.02,components,1.0,2.53
tune_8,Tuning/mac_grafo20dens30.txt,0.05,0.05,0.03,100,5,0.9,0.02,components,1.0,2.58
tune_9,Tuning/mac_grafo20dens30.txt,0.05,0.05,0.03,100,5,0.9,0.02,components,1.0,2.61
tune_10,Tuning/mac_grafo20dens30.txt,0.05,0.05,0.03,100,5,0.9,0.02,components,1.0,2.56
tune_1,Tuning/bog_150_p0.1_2.txt,0.08,0.05,0.03,50,3,0.8,0.01,components,1.0,8.99
tune_2,Tuning/bog_150_p0.1_2.txt,0.08,0.05,0.03,50,3,0.8,0.01,components,1.0,9.06
tune_3,Tuning/bog_150_p0.1_2.txt,0.08,0.05,0.03,50,3,0.8,0.01,components,1.0,8.96
tune_4,Tuning/bog_150_p0.1_2.txt,0.08,0.05,0.03,50,3,0.8,0.01,components,1.0,9.02
tune_5,Tuning/bog_150_p0.1_2.txt,0.08,0.05,0.03,50,3,0.8,0.01,components,1.0,8.90
tune_6,Tuning/bog_150_p0.1_2.txt,0.08,0.05,0.03,50,3,0.8,0.01,components,1.0,8.98
tune_7,Tuning/bog_150_p0.1_2.txt,0.08,0.05,0.03,50,3,0.8,0.01,components,1.0,9.25
tune_8,Tuning/bog_150_p0.1_2.txt,0.08,0.05,0.03,50,3,0.8,0.01,components,1.0,9.37
tune_9,Tuning/bog_150_p0.1_2.txt,0.08,0.05,0.03,50,3,0.8,0.01,components,1.0,9.46
tune_10,Tuning/bog_150_p0.1_2.txt,0.08,0.05,0.03,50,3,0.8,0.01,components,1.0,8.99
tune_1,Tuning/cor_dolphins-w.txt,0.08,0.05,0.03,50,3,0.8,0.01,components,9.0,2.73
tune_2,Tuning/cor_dolphins-w.txt,0.08,0.05,0.03,50,3,0.8,0.01,components,9.0,2.66
tune_3,Tuning/cor_dolphins-w.txt,0.08,0.05,0.03,50,3,0.8,0.01,components,7.0,2.65
tune_4,Tuning/cor_dolphins-w.txt,0.08,0.05,0.03,50,3,0.8,0.01,components,10.0,2.69
tune_5,Tuning/cor_dolphins-w.txt,0.08,0.05,0.03,50,3,0.8,0.01,components,8.0,2.64
tune_6,Tuning/cor_dolphins-w.txt,0.08,0.05,0.03,50,3,0.8,0.01,components,7.0,2.63
tune_7,Tuning/cor_dolphins-w.txt,0.08,0.05,0.03,50,3,0.8,0.01,components,8.0,2.78
tune_8,Tuning/cor_dolphins-w.txt,0.08,0.05,0.03,50,3,0.8,0.01,components,8.0,2.71
tune_9,Tuning/cor_dolphins-w.txt,0.08,0.05,0.03,50,3,0.8,0.01,components,9.0,2.77
tune_10,Tuning/cor_dolphins-w.txt,0.08,0.05,0.03,50,3,0.8,0.01,components,8.0,2.83
tune_1,Tuning/hos_35_r1_1.txt,0.08,0.05,0.03,50,3,0.8,0.01,components,3.0,2.15
tune_2,Tuning/hos_35_r1_1.txt,0.08,0.05,0.03,50,3,0.8,0.01,components,2.0,2.10
tune_3,Tuning/hos_35_r1_1.txt,0.08,0.05,0.03,50,3,0.8,0.01,components,3.0,2.09
tune_4,Tuning/hos_35_r1_1.txt,0.08,0.05,0.03,50,3,0.8,0.01,components,3.0,2.15
tune_5,Tuning/hos_35_r1_1.txt,0.08,0.05,0.03,50,3,0.8,0.01,components,2.0,2.13
tune_6,Tuning/hos_35_r1_1.txt,0.08,0.05,0.03,50,3,0.8,0.01,components,2.0,2.10
tune_7,Tuning/hos_35_r1_1.txt,0.08,0.05,0.03,50,3,0.8,0.01,components,3.0,2.06
tune_8,Tuning/hos_35_r1_1.txt,0.08,0.05,0.03,50,3,0.8,0.01,components,3.0,2.08
tune_9,Tuning/hos_35_r1_1.txt,0.08,0.05,0.03,50,3,0.8,0.01,components,3.0,2.03
tune_10,Tuning/hos_35_r1_1.txt,0.08,0.05,0.03,50,3,0.8,0.01,components,3.0,2.05
tune_1,Tuning/mac_grafo20dens30.txt,0.08,0.05,0.03,50,3,0.8,0.01,components,1.0,2.13
tune_2,Tuning/mac_grafo20dens30.txt,0.08,0.05,0.03,50,3,0.8,0.01,components,1.0,2.08
tune_3,Tuning/mac_grafo20dens30.txt,0.08,0.05,0.03,50,3,0.8,0.01,components,1.0,2.05
tune_4,Tuning/mac_grafo20dens30.txt,0.08,0.05,0.03,50,3,0.8,0.01,components,1.0,2.15
tune_5,Tuning/mac_grafo20dens30.txt,0.08,0.05,0.03,50,3,0.8,0.01,components,1.0,2.04
tune_6,Tuning/mac_grafo20dens30.txt,0.08,0.05,0.03,50,3,0.8,0.01,components,1.0,2.03
tune_7,Tuning/mac_grafo20dens30.txt,0.08,0.05,0.03,50,3,0.8,0.01,components,1.0,2.05
tune_8,Tuning/mac_grafo20dens30.txt,0.08,0.05,0.03,50,3,0.8,0.01,components,1.0,2.06
tune_9,Tuning/mac_grafo20dens30.txt,0.08,0.05,0.03,50,3,0.8,0.01,components,1.0,2.06
tune_10,Tuning/mac_grafo20dens30.txt,0.08,0.05,0.03,50,3,0.8,0.01,components,1.0,2.05
tune_1,Tuning/bog_150_p0.1_2.txt,0.08,0.05,0.03,50,3,0.8,0.02,components,1.0,8.94
tune_2,Tuning/bog_150_p0.1_2.txt,0.08,0.05,0.03,50,3,0.8,0.02,components,1.0,8.87
tune_3,Tuning/bog_150_p0.1_2.txt,0.08,0.05,0.03,50,3,0.8,0.02,components,1.0,9.03
tune_4,Tuning/bog_150_p0.1_2.txt,0.08,0.05,0.03,50,3,0.8,0.02,components,1.0,8.44
tune_5,Tuning/bog_150_p0.1_2.txt,0.08,0.05,0.03,50,3,0.8,0.02,components,1.0,8.00
tune_6,Tuning/bog_150_p0.1_2.txt,0.08,0.05,0.03,50,3,0.8,0.02,components,1.0,8.04
tune_7,Tuning/bog_150_p0.1_2.txt,0.08,0.05,0.03,50,3,0.8,0.02,components,1.0,7.87
tune_8,Tuning/bog_150_p0.1_2.txt,0.08,0.05,0.03,50,3,0.8,0.02,components,1.0,7.92
tune_9,Tuning/bog_150_p0.1_2.txt,0.08,0.05,0.03,50,3,0.8,0.02,components,1.0,8.00
tune_10,Tuning/bog_150_p0.1_2.txt,0.08,0.05,0.03,50,3,0.8,0.02,components,1.0,7.93
tune_1,Tuning/cor_dolphins-w.txt,0.08,0.05,0.03,50,3,0.8,0.02,components,10.0,2.67
tune_2,Tuning/cor_dolphins-w.txt,0.08,0.05,0.03,50,3,0.8,0.02,components,10.0,2.66
tune_3,Tuning/cor_dolphins-w.txt,0.08,0.05,0.03,50,3,0.8,0.02,components,7.0,2.69
tune_4,Tuning/cor_dolphins-w.txt,0.08,0.05,0.03,50,3,0.8,0.02,components,8.0,2.67
tune_5,Tuning/cor_dolphins-w.txt,0.08,0.05,0.03,50,3,0.8,0.02,components,10.0,2.79
tune_6,Tuning/cor_dolphins-w.txt,0.08,0.05,0.03,50,3,0.8,0.02,components,7.0,2.75
tune_7,Tuning/cor_dolphins-w.txt,0.08,0.05,0.03,50,3,0.8,0.02,components,9.0,2.71
tune_8,Tuning/cor_dolphins-w.txt,0.08,0.05,0.03,50,3,0.8,0.02,components,9.0,2.68
tune_9,Tuning/cor_dolphins-w.txt,0.08,0.05,0.03,50,3,0.8,0.02,components,9.0,2.92
tune_10,Tuning/cor_dolphins-w.txt,0.08,0.05,0.03,50,3,0.8,0.02,components,8.0,2.95
tune_1,Tuning/hos_35_r1_1.txt,0.08,0.05,0.03,50,3,0.8,0.02,components,3.0,2.64
tune_2,Tuning/hos_35_r1_1.txt,0.08,0.05,0.03,50,3,0.8,0.02,components,3.0,2.27
tune_3,Tuning/hos_35_r1_1.txt,0.08,0.05,0.03,50,3,0.8,0.02,components,3.0,2.29
tune_4,Tuning/hos_35_r1_1.txt,0.08,0.05,0.03,50,3,0.8,0.02,components,3.0,2.13
tune_5,Tuning/hos_35_r1_1.txt,0.08,0.05,0.03,50,3,0.8,0.02,components,3.0,2.16
tune_6,Tuning/hos_35_r1_1.txt,0.08,0.05,0.03,50,3,0.8,0.02,components,3.0,2.13
tune_7,Tuning/hos_35_r1_1.txt,0.08,0.05,0.03,50,3,0.8,0.02,components,3.0,2.13
tune_8,Tuning/hos_35_r1_1.txt,0.08,0.05,0.03,50,3,0.8,0.02,components,3.0,2.10
tune_9,Tuning/hos_35_r1_1.txt,0.08,0.05,0.03,50,3,0.8,0.02,components,2.0,2.10
tune_10,Tuning/hos_35_r1_1.txt,0.08,0.05,0.03,50,3,0.8,0.02,components,3.0,2.05
tune_1,Tuning/mac_grafo20dens30.txt,0.08,0.05,0.03,50,3,0.8,0.02,components,1.0,2.09
tune_2,Tuning/mac_grafo20dens30.txt,0.08,0.05,0.03,50,3,0.8,0.02,components,1.0,2.13
tune_3,Tuning/mac_grafo20dens30.txt,0.08,0.05,0.03,50,3,0.8,0.02,components,1.0,2.12
tune_4,Tuning/mac_grafo20dens30.txt,0.08,0.05,0.03,50,3,0.8,0.02,components,1.0,2.09
tune_5,Tuning/mac_grafo20dens30.txt,0.08,0.05,0.03,50,3,0.8,0.02,components,1.0,2.10
tune_6,Tuning/mac_grafo20dens30.txt,0.08,0.05,0.03,50,3,0.8,0.02,components,1.0,2.05
tune_7,Tuning/mac_grafo20dens30.txt,0.08,0.05,0.03,50,3,0.8,0.02,components,1.0,2.12
tune_8,Tuning/mac_grafo20dens30.txt,0.08,0.05,0.03,50,3,0.8,0.02,components,1.0,2.12
tune_9,Tuning/mac_grafo20dens30.txt,0.08,0.05,0.03,50,3,0.8,0.02,components,1.0,2.10
tune_10,Tuning/mac_grafo20dens30.txt,0.08,0.05,0.03,50,3,0.8,0.02,components,1.0,2.09
tune_1,Tuning/bog_150_p0.1_2.txt,0.08,0.05,0.03,50,3,0.9,0.01,components,1.0,8.53
tune_2,Tuning/bog_150_p0.1_2.txt,0.08,0.05,0.03,50,3,0.9,0.01,components,1.0,8.60
tune_3,Tuning/bog_150_p0.1_2.txt,0.08,0.05,0.03,50,3,0.9,0.01,components,1.0,8.62
tune_4,Tuning/bog_150_p0.1_2.txt,0.08,0.05,0.03,50,3,0.9,0.01,components,1.0,8.56
tune_5,Tuning/bog_150_p0.1_2.txt,0.08,0.05,0.03,50,3,0.9,0.01,components,1.0,8.60
tune_6,Tuning/bog_150_p0.1_2.txt,0.08,0.05,0.03,50,3,0.9,0.01,components,1.0,8.61
tune_7,Tuning/bog_150_p0.1_2.txt,0.08,0.05,0.03,50,3,0.9,0.01,components,1.0,8.59
tune_8,Tuning/bog_150_p0.1_2.txt,0.08,0.05,0.03,50,3,0.9,0.01,components,1.0,9.12
tune_9,Tuning/bog_150_p0.1_2.txt,0.08,0.05,0.03,50,3,0.9,0.01,components,1.0,8.55
tune_10,Tuning/bog_150_p0.1_2.txt,0.08,0.05,0.03,50,3,0.9,0.01,components,1.0,8.57
tune_1,Tuning/cor_dolphins-w.txt,0.08,0.05,0.03,50,3,0.9,0.01,components,9.0,2.84
tune_2,Tuning/cor_dolphins-w.txt,0.08,0.05,0.03,50,3,0.9,0.01,components,8.0,2.82
tune_3,Tuning/cor_dolphins-w.txt,0.08,0.05,0.03,50,3,0.9,0.01,components,8.0,2.80
tune_4,Tuning/cor_dolphins-w.txt,0.08,0.05,0.03,50,3,0.9,0.01,components,8.0,2.81
tune_5,Tuning/cor_dolphins-w.txt,0.08,0.05,0.03,50,3,0.9,0.01,components,10.0,2.76
tune_6,Tuning/cor_dolphins-w.txt,0.08,0.05,0.03,50,3,0.9,0.01,components,8.0,2.83
tune_7,Tuning/cor_dolphins-w.txt,0.08,0.05,0.03,50,3,0.9,0.01,components,7.0,2.82
tune_8,Tuning/cor_dolphins-w.txt,0.08,0.05,0.03,50,3,0.9,0.01,components,7.0,2.82
tune_9,Tuning/cor_dolphins-w.txt,0.08,0.05,0.03,50,3,0.9,0.01,components,8.0,2.90
tune_10,Tuning/cor_dolphins-w.txt,0.08,0.05,0.03,50,3,0.9,0.01,components,9.0,2.85
tune_1,Tuning/hos_35_r1_1.txt,0.08,0.05,0.03,50,3,0.9,0.01,components,2.0,2.20
tune_2,Tuning/hos_35_r1_1.txt,0.08,0.05,0.03,50,3,0.9,0.01,components,3.0,2.12
tune_3,Tuning/hos_35_r1_1.txt,0.08,0.05,0.03,50,3,0.9,0.01,components,3.0,2.30
tune_4,Tuning/hos_35_r1_1.txt,0.08,0.05,0.03,50,3,0.9,0.01,components,2.0,2.20
tune_5,Tuning/hos_35_r1_1.txt,0.08,0.05,0.03,50,3,0.9,0.01,components,3.0,2.16
tune_6,Tuning/hos_35_r1_1.txt,0.08,0.05,0.03,50,3,0.9,0.01,components,3.0,2.15
tune_7,Tuning/hos_35_r1_1.txt,0.08,0.05,0.03,50,3,0.9,0.01,components,3.0,2.37
tune_8,Tuning/hos_35_r1_1.txt,0.08,0.05,0.03,50,3,0.9,0.01,components,3.0,2.30
tune_9,Tuning/hos_35_r1_1.txt,0.08,0.05,0.03,50,3,0.9,0.01,components,3.0,2.35
tune_10,Tuning/hos_35_r1_1.txt,0.08,0.05,0.03,50,3,0.9,0.01,components,2.0,2.24
tune_1,Tuning/mac_grafo20dens30.txt,0.08,0.05,0.03,50,3,0.9,0.01,components,1.0,2.35
tune_2,Tuning/mac_grafo20dens30.txt,0.08,0.05,0.03,50,3,0.9,0.01,components,1.0,2.22
tune_3,Tuning/mac_grafo20dens30.txt,0.08,0.05,0.03,50,3,0.9,0.01,components,1.0,2.33
tune_4,Tuning/mac_grafo20dens30.txt,0.08,0.05,0.03,50,3,0.9,0.01,components,1.0,2.14
tune_5,Tuning/mac_grafo20dens30.txt,0.08,0.05,0.03,50,3,0.9,0.01,components,1.0,2.11
tune_6,Tuning/mac_grafo20dens30.txt,0.08,0.05,0.03,50,3,0.9,0.01,components,1.0,2.10
tune_7,Tuning/mac_grafo20dens30.txt,0.08,0.05,0.03,50,3,0.9,0.01,components,1.0,2.09
tune_8,Tuning/mac_grafo20dens30.txt,0.08,0.05,0.03,50,3,0.9,0.01,components,1.0,2.15
tune_9,Tuning/mac_grafo20dens30.txt,0.08,0.05,0.03,50,3,0.9,0.01,components,1.0,2.13
tune_10,Tuning/mac_grafo20dens30.txt,0.08,0.05,0.03,50,3,0.9,0.01,components,1.0,2.16
tune_1,Tuning/bog_150_p0.1_2.txt,0.08,0.05,0.03,50,3,0.9,0.02,components,1.0,9.67
tune_2,Tuning/bog_150_p0.1_2.txt,0.08,0.05,0.03,50,3,0.9,0.02,components,1.0,9.65
tune_3,Tuning/bog_150_p0.1_2.txt,0.08,0.05,0.03,50,3,0.9,0.02,components,1.0,8.49
tune_4,Tuning/bog_150_p0.1_2.txt,0.08,0.05,0.03,50,3,0.9,0.02,components,1.0,8.53
tune_5,Tuning/bog_150_p0.1_2.txt,0.08,0.05,0.03,50,3,0.9,0.02,components,1.0,9.32
tune_6,Tuning/bog_150_p0.1_2.txt,0.08,0.05,0.03,50,3,0.9,0.02,components,1.0,9.69
tune_7,Tuning/bog_150_p0.1_2.txt,0.08,0.05,0.03,50,3,0.9,0.02,components,1.0,9.66
tune_8,Tuning/bog_150_p0.1_2.txt,0.08,0.05,0.03,50,3,0.9,0.02,components,1.0,9.91
tune_9,Tuning/bog_150_p0.1_2.txt,0.08,0.05,0.03,50,3,0.9,0.02,components,1.0,9.75
tune_10,Tuning/bog_150_p0.1_2.txt,0.08,0.05,0.03,50,3,0.9,0.02,components,1.0,9.81
tune_1,Tuning/cor_dolphins-w.txt,0.08,0.05,0.03,50,3,0.9,0.02,components,9.0,2.87
tune_2,Tuning/cor_dolphins-w.txt,0.08,0.05,0.03,50,3,0.9,0.02,components,9.0,2.80
tune_3,Tuning/cor_dolphins-w.txt,0.08,0.05,0.03,50,3,0.9,0.02,components,9.0,2.93
tune_4,Tuning/cor_dolphins-w.txt,0.08,0.05,0.03,50,3,0.9,0.02,components,9.0,2.82
tune_5,Tuning/cor_dolphins-w.txt,0.08,0.05,0.03,50,3,0.9,0.02,components,8.0,2.86
tune_6,Tuning/cor_dolphins-w.txt,0.08,0.05,0.03,50,3,0.9,0.02,components,10.0,2.83
tune_7,Tuning/cor_dolphins-w.txt,0.08,0.05,0.03,50,3,0.9,0.02,components,9.0,2.91
tune_8,Tuning/cor_dolphins-w.txt,0.08,0.05,0.03,50,3,0.9,0.02,components,8.0,2.88
tune_9,Tuning/cor_dolphins-w.txt,0.08,0.05,0.03,50,3,0.9,0.02,components,9.0,2.88
tune_10,Tuning/cor_dolphins-w.txt,0.08,0.05,0.03,50,3,0.9,0.02,components,9.0,2.79
tune_1,Tuning/hos_35_r1_1.txt,0.08,0.05,0.03,50,3,0.9,0.02,components,3.0,2.28
tune_2,Tuning/hos_35_r1_1.txt,0.08,0.05,0.03,50,3,0.9,0.02,components,3.0,2.25
tune_3,Tuning/hos_35_r1_1.txt,0.08,0.05,0.03,50,3,0.9,0.02,components,3.0,2.22
tune_4,Tuning/hos_35_r1_1.txt,0.08,0.05,0.03,50,3,0.9,0.02,components,3.0,2.12
tune_5,Tuning/hos_35_r1_1.txt,0.08,0.05,0.03,50,3,0.9,0.02,components,3.0,2.15
tune_6,Tuning/hos_35_r1_1.txt,0.08,0.05,0.03,50,3,0.9,0.02,components,2.0,2.21
tune_7,Tuning/hos_35_r1_1.txt,0.08,0.05,0.03,50,3,0.9,0.02,components,3.0,2.26
tune_8,Tuning/hos_35_r1_1.txt,0.08,0.05,0.03,50,3,0.9,0.02,components,3.0,2.28
tune_9,Tuning/hos_35_r1_1.txt,0.08,0.05,0.03,50,3,0.9,0.02,components,2.0,2.27
tune_10,Tuning/hos_35_r1_1.txt,0.08,0.05,0.03,50,3,0.9,0.02,components,3.0,2.21
tune_1,Tuning/mac_grafo20dens30.txt,0.08,0.05,0.03,50,3,0.9,0.02,components,1.0,2.15
tune_2,Tuning/mac_grafo20dens30.txt,0.08,0.05,0.03,50,3,0.9,0.02,components,1.0,2.17
tune_3,Tuning/mac_grafo20dens30.txt,0.08,0.05,0.03,50,3,0.9,0.02,components,1.0,2.16
tune_4,Tuning/mac_grafo20dens30.txt,0.08,0.05,0.03,50,3,0.9,0.02,components,1.0,2.12
tune_5,Tuning/mac_grafo20dens30.txt,0.08,0.05,0.03,50,3,0.9,0.02,components,1.0,2.09
tune_6,Tuning/mac_grafo20dens30.txt,0.08,0.05,0.03,50,3,0.9,0.02,components,1.0,2.24
tune_7,Tuning/mac_grafo20dens30.txt,0.08,0.05,0.03,50,3,0.9,0.02,components,1.0,2.14
tune_8,Tuning/mac_grafo20dens30.txt,0.08,0.05,0.03,50,3,0.9,0.02,components,1.0,2.07
tune_9,Tuning/mac_grafo20dens30.txt,0.08,0.05,0.03,50,3,0.9,0.02,components,1.0,2.13
tune_10,Tuning/mac_grafo20dens30.txt,0.08,0.05,0.03,50,3,0.9,0.02,components,1.0,2.11
tune_1,Tuning/bog_150_p0.1_2.txt,0.08,0.05,0.03,50,5,0.8,0.01,components,1.0,8.98
tune_2,Tuning/bog_150_p0.1_2.txt,0.08,0.05,0.03,50,5,0.8,0.01,components,1.0,9.06
tune_3,Tuning/bog_150_p0.1_2.txt,0.08,0.05,0.03,50,5,0.8,0.01,components,1.0,9.09
tune_4,Tuning/bog_150_p0.1_2.txt,0.08,0.05,0.03,50,5,0.8,0.01,components,1.0,8.98
tune_5,Tuning/bog_150_p0.1_2.txt,0.08,0.05,0.03,50,5,0.8,0.01,components,1.0,8.95
tune_6,Tuning/bog_150_p0.1_2.txt,0.08,0.05,0.03,50,5,0.8,0.01,components,1.0,8.91
tune_7,Tuning/bog_150_p0.1_2.txt,0.08,0.05,0.03,50,5,0.8,0.01,components,1.0,9.01
tune_8,Tuning/bog_150_p0.1_2.txt,0.08,0.05,0.03,50,5,0.8,0.01,components,1.0,9.01
tune_9,Tuning/bog_150_p0.1_2.txt,0.08,0.05,0.03,50,5,0.8,0.01,components,1.0,8.96
tune_10,Tuning/bog_150_p0.1_2.txt,0.08,0.05,0.03,50,5,0.8,0.01,components,1.0,9.10
tune_1,Tuning/cor_dolphins-w.txt,0.08,0.05,0.03,50,5,0.8,0.01,components,8.0,2.71
tune_2,Tuning/cor_dolphins-w.txt,0.08,0.05,0.03,50,5,0.8,0.01,components,9.0,2.66
tune_3,Tuning/cor_dolphins-w.txt,0.08,0.05,0.03,50,5,0.8,0.01,components,8.0,2.74
tune_4,Tuning/cor_dolphins-w.txt,0.08,0.05,0.03,50,5,0.8,0.01,components,8.0,2.66
tune_5,Tuning/cor_dolphins-w.txt,0.08,0.05,0.03,50,5,0.8,0.01,components,7.0,2.67
tune_6,Tuning/cor_dolphins-w.txt,0.08,0.05,0.03,50,5,0.8,0.01,components,9.0,2.66
tune_7,Tuning/cor_dolphins-w.txt,0.08,0.05,0.03,50,5,0.8,0.01,components,7.0,2.63
tune_8,Tuning/cor_dolphins-w.txt,0.08,0.05,0.03,50,5,0.8,0.01,components,8.0,2.65
tune_9,Tuning/cor_dolphins-w.txt,0.08,0.05,0.03,50,5,0.8,0.01,components,8.0,2.65
tune_10,Tuning/cor_dolphins-w.txt,0.08,0.05,0.03,50,5,0.8,0.01,components,6.0,2.64
tune_1,Tuning/hos_35_r1_1.txt,0.08,0.05,0.03,50,5,0.8,0.01,components,2.0,2.13
tune_2,Tuning/hos_35_r1_1.txt,0.08,0.05,0.03,50,5,0.8,0.01,components,2.0,2.07
tune_3,Tuning/hos_35_r1_1.txt,0.08,0.05,0.03,50,5,0.8,0.01,components,3.0,2.07
tune_4,Tuning/hos_35_r1_1.txt,0.08,0.05,0.03,50,5,0.8,0.01,components,2.0,2.11
tune_5,Tuning/hos_35_r1_1.txt,0.08,0.05,0.03,50,5,0.8,0.01,components,3.0,2.09
tune_6,Tuning/hos_35_r1_1.txt,0.08,0.05,0.03,50,5,0.8,0.01,components,2.0,2.17
tune_7,Tuning/hos_35_r1_1.txt,0.08,0.05,0.03,50,5,0.8,0.01,components,3.0,2.08
tune_8,Tuning/hos_35_r1_1.txt,0.08,0.05,0.03,50,5,0.8,0.01,components,3.0,2.06
tune_9,Tuning/hos_35_r1_1.txt,0.08,0.05,0.03,50,5,0.8,0.01,components,3.0,2.05
tune_10,Tuning/hos_35_r1_1.txt,0.08,0.05,0.03,50,5,0.8,0.01,components,3.0,2.13
tune_1,Tuning/mac_grafo20dens30.txt,0.08,0.05,0.03,50,5,0.8,0.01,components,1.0,2.13
tune_2,Tuning/mac_grafo20dens30.txt,0.08,0.05,0.03,50,5,0.8,0.01,components,1.0,2.15
tune_3,Tuning/mac_grafo20dens30.txt,0.08,0.05,0.03,50,5,0.8,0.01,components,1.0,2.10
tune_4,Tuning/mac_grafo20dens30.txt,0.08,0.05,0.03,50,5,0.8,0.01,components,1.0,2.11
tune_5,Tuning/mac_grafo20dens30.txt,0.08,0.05,0.03,50,5,0.8,0.01,components,1.0,2.08
tune_6,Tuning/mac_grafo20dens30.txt,0.08,0.05,0.03,50,5,0.8,0.01,components,1.0,2.10
tune_7,Tuning/mac_grafo20dens30.txt,0.08,0.05,0.03,50,5,0.8,0.01,components,1.0,2.07
tune_8,Tuning/mac_grafo20dens30.txt,0.08,0.05,0.03,50,5,0.8,0.01,components,1.0,2.03
tune_9,Tuning/mac_grafo20dens30.txt,0.08,0.05,0.03,50,5,0.8,0.01,components,1.0,2.10
tune_10,Tuning/mac_grafo20dens30.txt,0.08,0.05,0.03,50,5,0.8,0.01,components,1.0,2.09
tune_1,Tuning/bog_150_p0.1_2.txt,0.08,0.05,0.03,50,5,0.8,0.02,components,1.0,8.98
tune_2,Tuning/bog_150_p0.1_2.txt,0.08,0.05,0.03,50,5,0.8,0.02,components,1.0,9.01
tune_3,Tuning/bog_150_p0.1_2.txt,0.08,0.05,0.03,50,5,0.8,0.02,components,1.0,8.92
tune_4,Tuning/bog_150_p0.1_2.txt,0.08,0.05,0.03,50,5,0.8,0.02,components,1.0,9.00
tune_5,Tuning/bog_150_p0.1_2.txt,0.08,0.05,0.03,50,5,0.8,0.02,components,1.0,9.14
tune_6,Tuning/bog_150_p0.1_2.txt,0.08,0.05,0.03,50,5,0.8,0.02,components,1.0,8.93
tune_7,Tuning/bog_150_p0.1_2.txt,0.08,0.05,0.03,50,5,0.8,0.02,components,1.0,9.18
tune_8,Tuning/bog_150_p0.1_2.txt,0.08,0.05,0.03,50,5,0.8,0.02,components,1.0,8.55
tune_9,Tuning/bog_150_p0.1_2.txt,0.08,0.05,0.03,50,5,0.8,0.02,components,1.0,7.92
tune_10,Tuning/bog_150_p0.1_2.txt,0.08,0.05,0.03,50,5,0.8,0.02,components,1.0,7.95
tune_1,Tuning/cor_dolphins-w.txt,0.08,0.05,0.03,50,5,0.8,0.02,components,8.0,2.71
tune_2,Tuning/cor_dolphins-w.txt,0.08,0.05,0.03,50,5,0.8,0.02,components,8.0,2.67
tune_3,Tuning/cor_dolphins-w.txt,0.08,0.05,0.03,50,5,0.8,0.02,components,9.0,2.68
tune_4,Tuning/cor_dolphins-w.txt,0.08,0.05,0.03,50,5,0.8,0.02,components,9.0,2.84
tune_5,Tuning/cor_dolphins-w.txt,0.08,0.05,0.03,50,5,0.8,0.02,components,8.0,2.88
tune_6,Tuning/cor_dolphins-w.txt,0.08,0.05,0.03,50,5,0.8,0.02,components,7.0,2.95
tune_7,Tuning/cor_dolphins-w.txt,0.08,0.05,0.03,50,5,0.8,0.02,components,8.0,2.88
tune_8,Tuning/cor_dolphins-w.txt,0.08,0.05,0.03,50,5,0.8,0.02,components,9.0,2.77
tune_9,Tuning/cor_dolphins-w.txt,0.08,0.05,0.03,50,5,0.8,0.02,components,9.0,2.86
tune_10,Tuning/cor_dolphins-w.txt,0.08,0.05,0.03,50,5,0.8,0.02,components,8.0,2.74
tune_1,Tuning/hos_35_r1_1.txt,0.08,0.05,0.03,50,5,0.8,0.02,components,3.0,2.12
tune_2,Tuning/hos_35_r1_1.txt,0.08,0.05,0.03,50,5,0.8,0.02,components,3.0,2.03
tune_3,Tuning/hos_35_r1_1.txt,0.08,0.05,0.03,50,5,0.8,0.02,components,3.0,2.07
tune_4,Tuning/hos_35_r1_1.txt,0.08,0.05,0.03,50,5,0.8,0.02,components,3.0,2.07
tune_5,Tuning/hos_35_r1_1.txt,0.08,0.05,0.03,50,5,0.8,0.02,components,3.0,2.05
tune_6,Tuning/hos_35_r1_1.txt,0.08,0.05,0.03,50,5,0.8,0.02,components,2.0,2.02
tune_7,Tuning/hos_35_r1_1.txt,0.08,0.05,0.03,50,5,0.8,0.02,components,3.0,2.06
tune_8,Tuning/hos_35_r1_1.txt,0.08,0.05,0.03,50,5,0.8,0.02,components,3.0,2.50
tune_9,Tuning/hos_35_r1_1.txt,0.08,0.05,0.03,50,5,0.8,0.02,components,3.0,2.09
tune_10,Tuning/hos_35_r1_1.txt,0.08,0.05,0.03,50,5,0.8,0.02,components,3.0,2.14
tune_1,Tuning/mac_grafo20dens30.txt,0.08,0.05,0.03,50,5,0.8,0.02,components,1.0,2.13
tune_2,Tuning/mac_grafo20dens30.txt,0.08,0.05,0.03,50,5,0.8,0.02,components,1.0,2.08
tune_3,Tuning/mac_grafo20dens30.txt,0.08,0.05,0.03,50,5,0.8,0.02,components,1.0,2.07
tune_4,Tuning/mac_grafo20dens30.txt,0.08,0.05,0.03,50,5,0.8,0.02,components,1.0,2.06
tune_5,Tuning/mac_grafo20dens30.txt,0.08,0.05,0.03,50,5,0.8,0.02,components,1.0,2.03
tune_6,Tuning/mac_grafo20dens30.txt,0.08,0.05,0.03,50,5,0.8,0.02,components,1.0,2.15
tune_7,Tuning/mac_grafo20dens30.txt,0.08,0.05,0.03,50,5,0.8,0.02,components,1.0,2.02
tune_8,Tuning/mac_grafo20dens30.txt,0.08,0.05,0.03,50,5,0.8,0.02,components,1.0,2.08
tune_9,Tuning/mac_grafo20dens30.txt,0.08,0.05,0.03,50,5,0.8,0.02,components,1.0,2.03
tune_10,Tuning/mac_grafo20dens30.txt,0.08,0.05,0.03,50,5,0.8,0.02,components,1.0,2.06
tune_1,Tuning/bog_150_p0.1_2.txt,0.08,0.05,0.03,50,5,0.9,0.01,components,1.0,9.76
tune_2,Tuning/bog_150_p0.1_2.txt,0.08,0.05,0.03,50,5,0.9,0.01,components,1.0,9.71
tune_3,Tuning/bog_150_p0.1_2.txt,0.08,0.05,0.03,50,5,0.9,0.01,components,1.0,9.78
tune_4,Tuning/bog_150_p0.1_2.txt,0.08,0.05,0.03,50,5,0.9,0.01,components,1.0,9.76
tune_5,Tuning/bog_150_p0.1_2.txt,0.08,0.05,0.03,50,5,0.9,0.01,components,1.0,9.77
tune_6,Tuning/bog_150_p0.1_2.txt,0.08,0.05,0.03,50,5,0.9,0.01,components,1.0,9.76
tune_7,Tuning/bog_150_p0.1_2.txt,0.08,0.05,0.03,50,5,0.9,0.01,components,1.0,9.68
tune_8,Tuning/bog_150_p0.1_2.txt,0.08,0.05,0.03,50,5,0.9,0.01,components,1.0,9.60
tune_9,Tuning/bog_150_p0.1_2.txt,0.08,0.05,0.03,50,5,0.9,0.01,components,1.0,9.84
tune_10,Tuning/bog_150_p0.1_2.txt,0.08,0.05,0.03,50,5,0.9,0.01,components,1.0,9.77
tune_1,Tuning/cor_dolphins-w.txt,0.08,0.05,0.03,50,5,0.9,0.01,components,8.0,2.77
tune_2,Tuning/cor_dolphins-w.txt,0.08,0.05,0.03,50,5,0.9,0.01,components,9.0,2.77
tune_3,Tuning/cor_dolphins-w.txt,0.08,0.05,0.03,50,5,0.9,0.01,components,9.0,2.83
tune_4,Tuning/cor_dolphins-w.txt,0.08,0.05,0.03,50,5,0.9,0.01,components,7.0,2.81
tune_5,Tuning/cor_dolphins-w.txt,0.08,0.05,0.03,50,5,0.9,0.01,components,9.0,2.78
tune_6,Tuning/cor_dolphins-w.txt,0.08,0.05,0.03,50,5,0.9,0.01,components,8.0,2.87
tune_7,Tuning/cor_dolphins-w.txt,0.08,0.05,0.03,50,5,0.9,0.01,components,10.0,2.82
tune_8,Tuning/cor_dolphins-w.txt,0.08,0.05,0.03,50,5,0.9,0.01,components,8.0,2.85
tune_9,Tuning/cor_dolphins-w.txt,0.08,0.05,0.03,50,5,0.9,0.01,components,9.0,2.87
tune_10,Tuning/cor_dolphins-w.txt,0.08,0.05,0.03,50,5,0.9,0.01,components,9.0,2.83
tune_1,Tuning/hos_35_r1_1.txt,0.08,0.05,0.03,50,5,0.9,0.01,components,3.0,2.17
tune_2,Tuning/hos_35_r1_1.txt,0.08,0.05,0.03,50,5,0.9,0.01,components,3.0,2.13
tune_3,Tuning/hos_35_r1_1.txt,0.08,0.05,0.03,50,5,0.9,0.01,components,2.0,2.13
tune_4,Tuning/hos_35_r1_1.txt,0.08,0.05,0.03,50,5,0.9,0.01,components,3.0,2.26
tune_5,Tuning/hos_35_r1_1.txt,0.08,0.05,0.03,50,5,0.9,0.01,components,3.0,2.19
tune_6,Tuning/hos_35_r1_1.txt,0.08,0.05,0.03,50,5,0.9,0.01,components,3.0,2.22
tune_7,Tuning/hos_35_r1_1.txt,0.08,0.05,0.03,50,5,0.9,0.01,components,3.0,2.20
tune_8,Tuning/hos_35_r1_1.txt,0.08,0.05,0.03,50,5,0.9,0.01,components,3.0,2.22
tune_9,Tuning/hos_35_r1_1.txt,0.08,0.05,0.03,50,5,0.9,0.01,components,3.0,2.22
tune_10,Tuning/hos_35_r1_1.txt,0.08,0.05,0.03,50,5,0.9,0.01,components,3.0,2.15
tune_1,Tuning/mac_grafo20dens30.txt,0.08,0.05,0.03,50,5,0.9,0.01,components,1.0,2.15
tune_2,Tuning/mac_grafo20dens30.txt,0.08,0.05,0.03,50,5,0.9,0.01,components,1.0,2.19
tune_3,Tuning/mac_grafo20dens30.txt,0.08,0.05,0.03,50,5,0.9,0.01,components,1.0,2.14
tune_4,Tuning/mac_grafo20dens30.txt,0.08,0.05,0.03,50,5,0.9,0.01,components,1.0,2.12
tune_5,Tuning/mac_grafo20dens30.txt,0.08,0.05,0.03,50,5,0.9,0.01,components,1.0,2.21
tune_6,Tuning/mac_grafo20dens30.txt,0.08,0.05,0.03,50,5,0.9,0.01,components,1.0,2.11
tune_7,Tuning/mac_grafo20dens30.txt,0.08,0.05,0.03,50,5,0.9,0.01,components,1.0,2.17
tune_8,Tuning/mac_grafo20dens30.txt,0.08,0.05,0.03,50,5,0.9,0.01,components,1.0,2.15
tune_9,Tuning/mac_grafo20dens30.txt,0.08,0.05,0.03,50,5,0.9,0.01,components,1.0,2.21
tune_10,Tuning/mac_grafo20dens30.txt,0.08,0.05,0.03,50,5,0.9,0.01,components,1.0,2.15
tune_1,Tuning/bog_150_p0.1_2.txt,0.08,0.05,0.03,50,5,0.9,0.02,components,1.0,9.67
tune_2,Tuning/bog_150_p0.1_2.txt,0.08,0.05,0.03,50,5,0.9,0.02,components,1.0,9.73
tune_3,Tuning/bog_150_p0.1_2.txt,0.08,0.05,0.03,50,5,0.9,0.02,components,1.0,9.75
tune_4,Tuning/bog_150_p0.1_2.txt,0.08,0.05,0.03,50,5,0.9,0.02,components,1.0,9.67
tune_5,Tuning/bog_150_p0.1_2.txt,0.08,0.05,0.03,50,5,0.9,0.02,components,1.0,9.79
tune_6,Tuning/bog_150_p0.1_2.txt,0.08,0.05,0.03,50,5,0.9,0.02,components,1.0,9.77
tune_7,Tuning/bog_150_p0.1_2.txt,0.08,0.05,0.03,50,5,0.9,0.02,components,1.0,8.64
tune_8,Tuning/bog_150_p0.1_2.txt,0.08,0.05,0.03,50,5,0.9,0.02,components,1.0,8.42
tune_9,Tuning/bog_150_p0.1_2.txt,0.08,0.05,0.03,50,5,0.9,0.02,components,1.0,8.50
tune_10,Tuning/bog_150_p0.1_2.txt,0.08,0.05,0.03,50,5,0.9,0.02,components,1.0,8.45
tune_1,Tuning/cor_dolphins-w.txt,0.08,0.05,0.03,50,5,0.9,0.02,components,8.0,2.79
tune_2,Tuning/cor_dolphins-w.txt,0.08,0.05,0.03,50,5,0.9,0.02,components,8.0,2.82
tune_3,Tuning/cor_dolphins-w.txt,0.08,0.05,0.03,50,5,0.9,0.02,components,9.0,2.79
tune_4,Tuning/cor_dolphins-w.txt,0.08,0.05,0.03,50,5,0.9,0.02,components,6.0,2.89
tune_5,Tuning/cor_dolphins-w.txt,0.08,0.05,0.03,50,5,0.9,0.02,components,8.0,2.79
tune_6,Tuning/cor_dolphins-w.txt,0.08,0.05,0.03,50,5,0.9,0.02,components,8.0,2.78
tune_7,Tuning/cor_dolphins-w.txt,0.08,0.05,0.03,50,5,0.9,0.02,components,7.0,2.82
tune_8,Tuning/cor_dolphins-w.txt,0.08,0.05,0.03,50,5,0.9,0.02,components,9.0,2.78
tune_9,Tuning/cor_dolphins-w.txt,0.08,0.05,0.03,50,5,0.9,0.02,components,9.0,2.77
tune_10,Tuning/cor_dolphins-w.txt,0.08,0.05,0.03,50,5,0.9,0.02,components,9.0,2.80
tune_1,Tuning/hos_35_r1_1.txt,0.08,0.05,0.03,50,5,0.9,0.02,components,3.0,2.15
tune_2,Tuning/hos_35_r1_1.txt,0.08,0.05,0.03,50,5,0.9,0.02,components,3.0,2.12
tune_3,Tuning/hos_35_r1_1.txt,0.08,0.05,0.03,50,5,0.9,0.02,components,3.0,2.09
tune_4,Tuning/hos_35_r1_1.txt,0.08,0.05,0.03,50,5,0.9,0.02,components,3.0,2.13
tune_5,Tuning/hos_35_r1_1.txt,0.08,0.05,0.03,50,5,0.9,0.02,components,3.0,2.13
tune_6,Tuning/hos_35_r1_1.txt,0.08,0.05,0.03,50,5,0.9,0.02,components,3.0,2.18
tune_7,Tuning/hos_35_r1_1.txt,0.08,0.05,0.03,50,5,0.9,0.02,components,3.0,2.14
tune_8,Tuning/hos_35_r1_1.txt,0.08,0.05,0.03,50,5,0.9,0.02,components,3.0,2.11
tune_9,Tuning/hos_35_r1_1.txt,0.08,0.05,0.03,50,5,0.9,0.02,components,3.0,2.12
tune_10,Tuning/hos_35_r1_1.txt,0.08,0.05,0.03,50,5,0.9,0.02,components,3.0,2.17
tune_1,Tuning/mac_grafo20dens30.txt,0.08,0.05,0.03,50,5,0.9,0.02,components,1.0,2.17
tune_2,Tuning/mac_grafo20dens30.txt,0.08,0.05,0.03,50,5,0.9,0.02,components,1.0,2.12
tune_3,Tuning/mac_grafo20dens30.txt,0.08,0.05,0.03,50,5,0.9,0.02,components,1.0,2.13
tune_4,Tuning/mac_grafo20dens30.txt,0.08,0.05,0.03,50,5,0.9,0.02,components,1.0,2.12
tune_5,Tuning/mac_grafo20dens30.txt,0.08,0.05,0.03,50,5,0.9,0.02,components,1.0,2.11
tune_6,Tuning/mac_grafo20dens30.txt,0.08,0.05,0.03,50,5,0.9,0.02,components,1.0,2.17
tune_7,Tuning/mac_grafo20dens30.txt,0.08,0.05,0.03,50,5,0.9,0.02,components,1.0,2.21
tune_8,Tuning/mac_grafo20dens30.txt,0.08,0.05,0.03,50,5,0.9,0.02,components,1.0,2.12
tune_9,Tuning/mac_grafo20dens30.txt,0.08,0.05,0.03,50,5,0.9,0.02,components,1.0,2.14
tune_10,Tuning/mac_grafo20dens30.txt,0.08,0.05,0.03,50,5,0.9,0.02,components,1.0,2.19
tune_1,Tuning/bog_150_p0.1_2.txt,0.08,0.05,0.03,100,3,0.8,0.01,components,1.0,11.41
tune_2,Tuning/bog_150_p0.1_2.txt,0.08,0.05,0.03,100,3,0.8,0.01,components,1.0,11.40
tune_3,Tuning/bog_150_p0.1_2.txt,0.08,0.05,0.03,100,3,0.8,0.01,components,1.0,11.34
tune_4,Tuning/bog_150_p0.1_2.txt,0.08,0.05,0.03,100,3,0.8,0.01,components,1.0,11.43
tune_5,Tuning/bog_150_p0.1_2.txt,0.08,0.05,0.03,100,3,0.8,0.01,components,1.0,11.42
tune_6,Tuning/bog_150_p0.1_2.txt,0.08,0.05,0.03,100,3,0.8,0.01,components,1.0,11.44
tune_7,Tuning/bog_150_p0.1_2.txt,0.08,0.05,0.03,100,3,0.8,0.01,components,1.0,11.35
tune_8,Tuning/bog_150_p0.1_2.txt,0.08,0.05,0.03,100,3,0.8,0.01,components,1.0,11.50
tune_9,Tuning/bog_150_p0.1_2.txt,0.08,0.05,0.03,100,3,0.8,0.01,components,1.0,11.32
tune_10,Tuning/bog_150_p0.1_2.txt,0.08,0.05,0.03,100,3,0.8,0.01,components,1.0,11.53
tune_1,Tuning/cor_dolphins-w.txt,0.08,0.05,0.03,100,3,0.8,0.01,components,9.0,3.30
tune_2,Tuning/cor_dolphins-w.txt,0.08,0.05,0.03,100,3,0.8,0.01,components,9.0,3.26
tune_3,Tuning/cor_dolphins-w.txt,0.08,0.05,0.03,100,3,0.8,0.01,components,10.0,3.21
tune_4,Tuning/cor_dolphins-w.txt,0.08,0.05,0.03,100,3,0.8,0.01,components,10.0,3.23
tune_5,Tuning/cor_dolphins-w.txt,0.08,0.05,0.03,100,3,0.8,0.01,components,10.0,3.25
tune_6,Tuning/cor_dolphins-w.txt,0.08,0.05,0.03,100,3,0.8,0.01,components,10.0,3.25
tune_7,Tuning/cor_dolphins-w.txt,0.08,0.05,0.03,100,3,0.8,0.01,components,10.0,3.24
tune_8,Tuning/cor_dolphins-w.txt,0.08,0.05,0.03,100,3,0.8,0.01,components,10.0,3.26
tune_9,Tuning/cor_dolphins-w.txt,0.08,0.05,0.03,100,3,0.8,0.01,components,9.0,3.26
tune_10,Tuning/cor_dolphins-w.txt,0.08,0.05,0.03,100,3,0.8,0.01,components,10.0,3.23
tune_1,Tuning/hos_35_r1_1.txt,0.08,0.05,0.03,100,3,0.8,0.01,components,3.0,2.39
tune_2,Tuning/hos_35_r1_1.txt,0.08,0.05,0.03,100,3,0.8,0.01,components,3.0,2.33
tune_3,Tuning/hos_35_r1_1.txt,0.08,0.05,0.03,100,3,0.8,0.01,components,3.0,2.39
tune_4,Tuning/hos_35_r1_1.txt,0.08,0.05,0.03,100,3,0.8,0.01,components,3.0,2.33
tune_5,Tuning/hos_35_r1_1.txt,0.08,0.05,0.03,100,3,0.8,0.01,components,3.0,2.35
tune_6,Tuning/hos_35_r1_1.txt,0.08,0.05,0.03,100,3,0.8,0.01,components,3.0,2.34
tune_7,Tuning/hos_35_r1_1.txt,0.08,0.05,0.03,100,3,0.8,0.01,components,3.0,2.47
tune_8,Tuning/hos_35_r1_1.txt,0.08,0.05,0.03,100,3,0.8,0.01,components,3.0,2.37
tune_9,Tuning/hos_35_r1_1.txt,0.08,0.05,0.03,100,3,0.8,0.01,components,3.0,2.39
tune_10,Tuning/hos_35_r1_1.txt,0.08,0.05,0.03,100,3,0.8,0.01,components,3.0,2.36
tune_1,Tuning/mac_grafo20dens30.txt,0.08,0.05,0.03,100,3,0.8,0.01,components,1.0,2.35
tune_2,Tuning/mac_grafo20dens30.txt,0.08,0.05,0.03,100,3,0.8,0.01,components,1.0,2.36
tune_3,Tuning/mac_grafo20dens30.txt,0.08,0.05,0.03,100,3,0.8,0.01,components,1.0,2.33
tune_4,Tuning/mac_grafo20dens30.txt,0.08,0.05,0.03,100,3,0.8,0.01,components,1.0,2.29
tune_5,Tuning/mac_grafo20dens30.txt,0.08,0.05,0.03,100,3,0.8,0.01,components,1.0,2.30
tune_6,Tuning/mac_grafo20dens30.txt,0.08,0.05,0.03,100,3,0.8,0.01,components,1.0,2.28
tune_7,Tuning/mac_grafo20dens30.txt,0.08,0.05,0.03,100,3,0.8,0.01,components,1.0,2.28
tune_8,Tuning/mac_grafo20dens30.txt,0.08,0.05,0.03,100,3,0.8,0.01,components,1.0,2.28
tune_9,Tuning/mac_grafo20dens30.txt,0.08,0.05,0.03,100,3,0.8,0.01,components,1.0,2.31
tune_10,Tuning/mac_grafo20dens30.txt,0.08,0.05,0.03,100,3,0.8,0.01,components,1.0,2.33
tune_1,Tuning/bog_150_p0.1_2.txt,0.08,0.05,0.03,100,3,0.8,0.02,components,1.0,11.72
tune_2,Tuning/bog_150_p0.1_2.txt,0.08,0.05,0.03,100,3,0.8,0.02,components,1.0,11.42
tune_3,Tuning/bog_150_p0.1_2.txt,0.08,0.05,0.03,100,3,0.8,0.02,components,1.0,11.39
tune_4,Tuning/bog_150_p0.1_2.txt,0.08,0.05,0.03,100,3,0.8,0.02,components,1.0,11.42
tune_5,Tuning/bog_150_p0.1_2.txt,0.08,0.05,0.03,100,3,0.8,0.02,components,1.0,11.41
tune_6,Tuning/bog_150_p0.1_2.txt,0.08,0.05,0.03,100,3,0.8,0.02,components,1.0,11.32
tune_7,Tuning/bog_150_p0.1_2.txt,0.08,0.05,0.03,100,3,0.8,0.02,components,1.0,11.35
tune_8,Tuning/bog_150_p0.1_2.txt,0.08,0.05,0.03,100,3,0.8,0.02,components,1.0,11.44
tune_9,Tuning/bog_150_p0.1_2.txt,0.08,0.05,0.03,100,3,0.8,0.02,components,1.0,11.35
tune_10,Tuning/bog_150_p0.1_2.txt,0.08,0.05,0.03,100,3,0.8,0.02,components,1.0,11.45
tune_1,Tuning/cor_dolphins-w.txt,0.08,0.05,0.03,100,3,0.8,0.02,components,10.0,3.25
tune_2,Tuning/cor_dolphins-w.txt,0.08,0.05,0.03,100,3,0.8,0.02,components,8.0,3.29
tune_3,Tuning/cor_dolphins-w.txt,0.08,0.05,0.03,100,3,0.8,0.02,components,10.0,3.26
tune_4,Tuning/cor_dolphins-w.txt,0.08,0.05,0.03,100,3,0.8,0.02,components,10.0,3.23
tune_5,Tuning/cor_dolphins-w.txt,0.08,0.05,0.03,100,3,0.8,0.02,components,10.0,3.27
tune_6,Tuning/cor_dolphins-w.txt,0.08,0.05,0.03,100,3,0.8,0.02,components,10.0,3.28
tune_7,Tuning/cor_dolphins-w.txt,0.08,0.05,0.03,100,3,0.8,0.02,components,10.0,3.29
tune_8,Tuning/cor_dolphins-w.txt,0.08,0.05,0.03,100,3,0.8,0.02,components,10.0,3.32
tune_9,Tuning/cor_dolphins-w.txt,0.08,0.05,0.03,100,3,0.8,0.02,components,9.0,3.28
tune_10,Tuning/cor_dolphins-w.txt,0.08,0.05,0.03,100,3,0.8,0.02,components,10.0,3.33
tune_1,Tuning/hos_35_r1_1.txt,0.08,0.05,0.03,100,3,0.8,0.02,components,3.0,2.37
tune_2,Tuning/hos_35_r1_1.txt,0.08,0.05,0.03,100,3,0.8,0.02,components,3.0,2.43
tune_3,Tuning/hos_35_r1_1.txt,0.08,0.05,0.03,100,3,0.8,0.02,components,3.0,2.37
tune_4,Tuning/hos_35_r1_1.txt,0.08,0.05,0.03,100,3,0.8,0.02,components,3.0,2.36
tune_5,Tuning/hos_35_r1_1.txt,0.08,0.05,0.03,100,3,0.8,0.02,components,3.0,2.36
tune_6,Tuning/hos_35_r1_1.txt,0.08,0.05,0.03,100,3,0.8,0.02,components,3.0,2.38
tune_7,Tuning/hos_35_r1_1.txt,0.08,0.05,0.03,100,3,0.8,0.02,components,3.0,2.34
tune_8,Tuning/hos_35_r1_1.txt,0.08,0.05,0.03,100,3,0.8,0.02,components,3.0,2.43
tune_9,Tuning/hos_35_r1_1.txt,0.08,0.05,0.03,100,3,0.8,0.02,components,3.0,2.35
tune_10,Tuning/hos_35_r1_1.txt,0.08,0.05,0.03,100,3,0.8,0.02,components,3.0,2.39
tune_1,Tuning/mac_grafo20dens30.txt,0.08,0.05,0.03,100,3,0.8,0.02,components,1.0,2.40
tune_2,Tuning/mac_grafo20dens30.txt,0.08,0.05,0.03,100,3,0.8,0.02,components,1.0,2.38
tune_3,Tuning/mac_grafo20dens30.txt,0.08,0.05,0.03,100,3,0.8,0.02,components,1.0,2.34
tune_4,Tuning/mac_grafo20dens30.txt,0.08,0.05,0.03,100,3,0.8,0.02,components,1.0,2.36
tune_5,Tuning/mac_grafo20dens30.txt,0.08,0.05,0.03,100,3,0.8,0.02,components,1.0,2.28
tune_6,Tuning/mac_grafo20dens30.txt,0.08,0.05,0.03,100,3,0.8,0.02,components,1.0,2.34
tune_7,Tuning/mac_grafo20dens30.txt,0.08,0.05,0.03,100,3,0.8,0.02,components,1.0,2.35
tune_8,Tuning/mac_grafo20dens30.txt,0.08,0.05,0.03,100,3,0.8,0.02,components,1.0,2.36
tune_9,Tuning/mac_grafo20dens30.txt,0.08,0.05,0.03,100,3,0.8,0.02,components,1.0,2.47
tune_10,Tuning/mac_grafo20dens30.txt,0.08,0.05,0.03,100,3,0.8,0.02,components,1.0,2.36
tune_1,Tuning/bog_150_p0.1_2.txt,0.08,0.05,0.03,100,3,0.9,0.01,components,1.0,12.52
tune_2,Tuning/bog_150_p0.1_2.txt,0.08,0.05,0.03,100,3,0.9,0.01,components,1.0,12.55
tune_3,Tuning/bog_150_p0.1_2.txt,0.08,0.05,0.03,100,3,0.9,0.01,components,1.0,12.48
tune_4,Tuning/bog_150_p0.1_2.txt,0.08,0.05,0.03,100,3,0.9,0.01,components,1.0,12.53
tune_5,Tuning/bog_150_p0.1_2.txt,0.08,0.05,0.03,100,3,0.9,0.01,components,1.0,12.66
tune_6,Tuning/bog_150_p0.1_2.txt,0.08,0.05,0.03,100,3,0.9,0.01,components,1.0,12.79
tune_7,Tuning/bog_150_p0.1_2.txt,0.08,0.05,0.03,100,3,0.9,0.01,components,1.0,12.58
tune_8,Tuning/bog_150_p0.1_2.txt,0.08,0.05,0.03,100,3,0.9,0.01,components,1.0,12.53
tune_9,Tuning/bog_150_p0.1_2.txt,0.08,0.05,0.03,100,3,0.9,0.01,components,1.0,12.74
tune_10,Tuning/bog_150_p0.1_2.txt,0.08,0.05,0.03,100,3,0.9,0.01,components,1.0,12.65
tune_1,Tuning/cor_dolphins-w.txt,0.08,0.05,0.03,100,3,0.9,0.01,components,10.0,3.57
tune_2,Tuning/cor_dolphins-w.txt,0.08,0.05,0.03,100,3,0.9,0.01,components,9.0,3.65
tune_3,Tuning/cor_dolphins-w.txt,0.08,0.05,0.03,100,3,0.9,0.01,components,10.0,3.59
tune_4,Tuning/cor_dolphins-w.txt,0.08,0.05,0.03,100,3,0.9,0.01,components,10.0,3.59
tune_5,Tuning/cor_dolphins-w.txt,0.08,0.05,0.03,100,3,0.9,0.01,components,9.0,3.65
tune_6,Tuning/cor_dolphins-w.txt,0.08,0.05,0.03,100,3,0.9,0.01,components,10.0,3.61
tune_7,Tuning/cor_dolphins-w.txt,0.08,0.05,0.03,100,3,0.9,0.01,components,10.0,3.60
tune_8,Tuning/cor_dolphins-w.txt,0.08,0.05,0.03,100,3,0.9,0.01,components,10.0,3.55
tune_9,Tuning/cor_dolphins-w.txt,0.08,0.05,0.03,100,3,0.9,0.01,components,10.0,3.63
tune_10,Tuning/cor_dolphins-w.txt,0.08,0.05,0.03,100,3,0.9,0.01,components,10.0,3.65
tune_1,Tuning/hos_35_r1_1.txt,0.08,0.05,0.03,100,3,0.9,0.01,components,3.0,2.56
tune_2,Tuning/hos_35_r1_1.txt,0.08,0.05,0.03,100,3,0.9,0.01,components,3.0,2.58
tune_3,Tuning/hos_35_r1_1.txt,0.08,0.05,0.03,100,3,0.9,0.01,components,3.0,2.71
tune_4,Tuning/hos_35_r1_1.txt,0.08,0.05,0.03,100,3,0.9,0.01,components,3.0,2.54
tune_5,Tuning/hos_35_r1_1.txt,0.08,0.05,0.03,100,3,0.9,0.01,components,3.0,2.59
tune_6,Tuning/hos_35_r1_1.txt,0.08,0.05,0.03,100,3,0.9,0.01,components,3.0,2.60
tune_7,Tuning/hos_35_r1_1.txt,0.08,0.05,0.03,100,3,0.9,0.01,components,3.0,2.58
tune_8,Tuning/hos_35_r1_1.txt,0.08,0.05,0.03,100,3,0.9,0.01,components,3.0,2.53
tune_9,Tuning/hos_35_r1_1.txt,0.08,0.05,0.03,100,3,0.9,0.01,components,3.0,2.61
tune_10,Tuning/hos_35_r1_1.txt,0.08,0.05,0.03,100,3,0.9,0.01,components,3.0,2.52
tune_1,Tuning/mac_grafo20dens30.txt,0.08,0.05,0.03,100,3,0.9,0.01,components,1.0,2.55
tune_2,Tuning/mac_grafo20dens30.txt,0.08,0.05,0.03,100,3,0.9,0.01,components,1.0,2.56
tune_3,Tuning/mac_grafo20dens30.txt,0.08,0.05,0.03,100,3,0.9,0.01,components,1.0,2.47
tune_4,Tuning/mac_grafo20dens30.txt,0.08,0.05,0.03,100,3,0.9,0.01,components,1.0,2.72
tune_5,Tuning/mac_grafo20dens30.txt,0.08,0.05,0.03,100,3,0.9,0.01,components,1.0,2.51
tune_6,Tuning/mac_grafo20dens30.txt,0.08,0.05,0.03,100,3,0.9,0.01,components,1.0,2.55
tune_7,Tuning/mac_grafo20dens30.txt,0.08,0.05,0.03,100,3,0.9,0.01,components,1.0,2.46
tune_8,Tuning/mac_grafo20dens30.txt,0.08,0.05,0.03,100,3,0.9,0.01,components,1.0,2.52
tune_9,Tuning/mac_grafo20dens30.txt,0.08,0.05,0.03,100,3,0.9,0.01,components,1.0,2.61
tune_10,Tuning/mac_grafo20dens30.txt,0.08,0.05,0.03,100,3,0.9,0.01,components,1.0,2.53
tune_1,Tuning/bog_150_p0.1_2.txt,0.08,0.05,0.03,100,3,0.9,0.02,components,1.0,12.81
tune_2,Tuning/bog_150_p0.1_2.txt,0.08,0.05,0.03,100,3,0.9,0.02,components,1.0,12.95
tune_3,Tuning/bog_150_p0.1_2.txt,0.08,0.05,0.03,100,3,0.9,0.02,components,1.0,12.84
tune_4,Tuning/bog_150_p0.1_2.txt,0.08,0.05,0.03,100,3,0.9,0.02,components,1.0,13.00
tune_5,Tuning/bog_150_p0.1_2.txt,0.08,0.05,0.03,100,3,0.9,0.02,components,1.0,12.76
tune_6,Tuning/bog_150_p0.1_2.txt,0.08,0.05,0.03,100,3,0.9,0.02,components,1.0,12.69
tune_7,Tuning/bog_150_p0.1_2.txt,0.08,0.05,0.03,100,3,0.9,0.02,components,1.0,12.41
tune_8,Tuning/bog_150_p0.1_2.txt,0.08,0.05,0.03,100,3,0.9,0.02,components,1.0,12.59
tune_9,Tuning/bog_150_p0.1_2.txt,0.08,0.05,0.03,100,3,0.9,0.02,components,1.0,12.50
tune_10,Tuning/bog_150_p0.1_2.txt,0.08,0.05,0.03,100,3,0.9,0.02,components,1.0,12.76
tune_1,Tuning/cor_dolphins-w.txt,0.08,0.05,0.03,100,3,0.9,0.02,components,10.0,3.62
tune_2,Tuning/cor_dolphins-w.txt,0.08,0.05,0.03,100,3,0.9,0.02,components,10.0,3.55
tune_3,Tuning/cor_dolphins-w.txt,0.08,0.05,0.03,100,3,0.9,0.02,components,10.0,3.54
tune_4,Tuning/cor_dolphins-w.txt,0.08,0.05,0.03,100,3,0.9,0.02,components,10.0,3.49
tune_5,Tuning/cor_dolphins-w.txt,0.08,0.05,0.03,100,3,0.9,0.02,components,10.0,3.56
tune_6,Tuning/cor_dolphins-w.txt,0.08,0.05,0.03,100,3,0.9,0.02,components,9.0,3.50
tune_7,Tuning/cor_dolphins-w.txt,0.08,0.05,0.03,100,3,0.9,0.02,components,10.0,3.51
tune_8,Tuning/cor_dolphins-w.txt,0.08,0.05,0.03,100,3,0.9,0.02,components,10.0,3.50
tune_9,Tuning/cor_dolphins-w.txt,0.08,0.05,0.03,100,3,0.9,0.02,components,10.0,3.56
tune_10,Tuning/cor_dolphins-w.txt,0.08,0.05,0.03,100,3,0.9,0.02,components,10.0,3.65
tune_1,Tuning/hos_35_r1_1.txt,0.08,0.05,0.03,100,3,0.9,0.02,components,3.0,2.59
tune_2,Tuning/hos_35_r1_1.txt,0.08,0.05,0.03,100,3,0.9,0.02,components,3.0,2.46
tune_3,Tuning/hos_35_r1_1.txt,0.08,0.05,0.03,100,3,0.9,0.02,components,3.0,2.48
tune_4,Tuning/hos_35_r1_1.txt,0.08,0.05,0.03,100,3,0.9,0.02,components,3.0,2.48
tune_5,Tuning/hos_35_r1_1.txt,0.08,0.05,0.03,100,3,0.9,0.02,components,3.0,2.47
tune_6,Tuning/hos_35_r1_1.txt,0.08,0.05,0.03,100,3,0.9,0.02,components,3.0,2.43
tune_7,Tuning/hos_35_r1_1.txt,0.08,0.05,0.03,100,3,0.9,0.02,components,3.0,2.52
tune_8,Tuning/hos_35_r1_1.txt,0.08,0.05,0.03,100,3,0.9,0.02,components,3.0,2.58
tune_9,Tuning/hos_35_r1_1.txt,0.08,0.05,0.03,100,3,0.9,0.02,components,3.0,2.46
tune_10,Tuning/hos_35_r1_1.txt,0.08,0.05,0.03,100,3,0.9,0.02,components,3.0,2.49
tune_1,Tuning/mac_grafo20dens30.txt,0.08,0.05,0.03,100,3,0.9,0.02,components,1.0,2.50
tune_2,Tuning/mac_grafo20dens30.txt,0.08,0.05,0.03,100,3,0.9,0.02,components,1.0,2.40
tune_3,Tuning/mac_grafo20dens30.txt,0.08,0.05,0.03,100,3,0.9,0.02,components,1.0,2.47
tune_4,Tuning/mac_grafo20dens30.txt,0.08,0.05,0.03,100,3,0.9,0.02,components,1.0,2.44
tune_5,Tuning/mac_grafo20dens30.txt,0.08,0.05,0.03,100,3,0.9,0.02,components,1.0,2.45
tune_6,Tuning/mac_grafo20dens30.txt,0.08,0.05,0.03,100,3,0.9,0.02,components,1.0,2.45
tune_7,Tuning/mac_grafo20dens30.txt,0.08,0.05,0.03,100,3,0.9,0.02,components,1.0,2.41
tune_8,Tuning/mac_grafo20dens30.txt,0.08,0.05,0.03,100,3,0.9,0.02,components,1.0,2.45
tune_9,Tuning/mac_grafo20dens30.txt,0.08,0.05,0.03,100,3,0.9,0.02,components,1.0,2.40
tune_10,Tuning/mac_grafo20dens30.txt,0.08,0.05,0.03,100,3,0.9,0.02,components,1.0,2.40
tune_1,Tuning/bog_150_p0.1_2.txt,0.08,0.05,0.03,100,5,0.8,0.01,components,1.0,11.45
tune_2,Tuning/bog_150_p0.1_2.txt,0.08,0.05,0.03,100,5,0.8,0.01,components,1.0,11.52
tune_3,Tuning/bog_150_p0.1_2.txt,0.08,0.05,0.03,100,5,0.8,0.01,components,1.0,11.61
tune_4,Tuning/bog_150_p0.1_2.txt,0.08,0.05,0.03,100,5,0.8,0.01,components,1.0,11.50
tune_5,Tuning/bog_150_p0.1_2.txt,0.08,0.05,0.03,100,5,0.8,0.01,components,1.0,11.56
tune_6,Tuning/bog_150_p0.1_2.txt,0.08,0.05,0.03,100,5,0.8,0.01,components,1.0,11.60
tune_7,Tuning/bog_150_p0.1_2.txt,0.08,0.05,0.03,100,5,0.8,0.01,components,1.0,11.59
tune_8,Tuning/bog_150_p0.1_2.txt,0.08,0.05,0.03,100,5,0.8,0.01,components,1.0,11.55
tune_9,Tuning/bog_150_p0.1_2.txt,0.08,0.05,0.03,100,5,0.8,0.01,components,1.0,11.53
tune_10,Tuning/bog_150_p0.1_2.txt,0.08,0.05,0.03,100,5,0.8,0.01,components,1.0,11.63
tune_1,Tuning/cor_dolphins-w.txt,0.08,0.05,0.03,100,5,0.8,0.01,components,10.0,3.35
tune_2,Tuning/cor_dolphins-w.txt,0.08,0.05,0.03,100,5,0.8,0.01,components,10.0,3.39
tune_3,Tuning/cor_dolphins-w.txt,0.08,0.05,0.03,100,5,0.8,0.01,components,10.0,3.29
tune_4,Tuning/cor_dolphins-w.txt,0.08,0.05,0.03,100,5,0.8,0.01,components,10.0,3.36
tune_5,Tuning/cor_dolphins-w.txt,0.08,0.05,0.03,100,5,0.8,0.01,components,9.0,3.37
tune_6,Tuning/cor_dolphins-w.txt,0.08,0.05,0.03,100,5,0.8,0.01,components,9.0,3.29
tune_7,Tuning/cor_dolphins-w.txt,0.08,0.05,0.03,100,5,0.8,0.01,components,9.0,3.33
tune_8,Tuning/cor_dolphins-w.txt,0.08,0.05,0.03,100,5,0.8,0.01,components,10.0,3.29
tune_9,Tuning/cor_dolphins-w.txt,0.08,0.05,0.03,100,5,0.8,0.01,components,10.0,3.26
tune_10,Tuning/cor_dolphins-w.txt,0.08,0.05,0.03,100,5,0.8,0.01,components,9.0,3.35
tune_1,Tuning/hos_35_r1_1.txt,0.08,0.05,0.03,100,5,0.8,0.01,components,3.0,2.40
tune_2,Tuning/hos_35_r1_1.txt,0.08,0.05,0.03,100,5,0.8,0.01,components,3.0,2.33
tune_3,Tuning/hos_35_r1_1.txt,0.08,0.05,0.03,100,5,0.8,0.01,components,3.0,2.37
tune_4,Tuning/hos_35_r1_1.txt,0.08,0.05,0.03,100,5,0.8,0.01,components,3.0,2.32
tune_5,Tuning/hos_35_r1_1.txt,0.08,0.05,0.03,100,5,0.8,0.01,components,3.0,2.36
tune_6,Tuning/hos_35_r1_1.txt,0.08,0.05,0.03,100,5,0.8,0.01,components,3.0,2.33
tune_7,Tuning/hos_35_r1_1.txt,0.08,0.05,0.03,100,5,0.8,0.01,components,3.0,2.33
tune_8,Tuning/hos_35_r1_1.txt,0.08,0.05,0.03,100,5,0.8,0.01,components,3.0,2.35
tune_9,Tuning/hos_35_r1_1.txt,0.08,0.05,0.03,100,5,0.8,0.01,components,3.0,2.34
tune_10,Tuning/hos_35_r1_1.txt,0.08,0.05,0.03,100,5,0.8,0.01,components,3.0,2.38
tune_1,Tuning/mac_grafo20dens30.txt,0.08,0.05,0.03,100,5,0.8,0.01,components,1.0,2.37
tune_2,Tuning/mac_grafo20dens30.txt,0.08,0.05,0.03,100,5,0.8,0.01,components,1.0,2.31
tune_3,Tuning/mac_grafo20dens30.txt,0.08,0.05,0.03,100,5,0.8,0.01,components,1.0,2.33
tune_4,Tuning/mac_grafo20dens30.txt,0.08,0.05,0.03,100,5,0.8,0.01,components,1.0,2.30
tune_5,Tuning/mac_grafo20dens30.txt,0.08,0.05,0.03,100,5,0.8,0.01,components,1.0,2.34
tune_6,Tuning/mac_grafo20dens30.txt,0.08,0.05,0.03,100,5,0.8,0.01,components,1.0,2.29
tune_7,Tuning/mac_grafo20dens30.txt,0.08,0.05,0.03,100,5,0.8,0.01,components,1.0,2.28
tune_8,Tuning/mac_grafo20dens30.txt,0.08,0.05,0.03,100,5,0.8,0.01,components,1.0,2.34
tune_9,Tuning/mac_grafo20dens30.txt,0.08,0.05,0.03,100,5,0.8,0.01,components,1.0,2.38
tune_10,Tuning/mac_grafo20dens30.txt,0.08,0.05,0.03,100,5,0.8,0.01,components,1.0,2.48
tune_1,Tuning/bog_150_p0.1_2.txt,0.08,0.05,0.03,100,5,0.8,0.02,components,1.0,11.50
tune_2,Tuning/bog_150_p0.1_2.txt,0.08,0.05,0.03,100,5,0.8,0.02,components,1.0,11.54
tune_3,Tuning/bog_150_p0.1_2.txt,0.08,0.05,0.03,100,5,0.8,0.02,components,1.0,11.49
tune_4,Tuning/bog_150_p0.1_2.txt,0.08,0.05,0.03,100,5,0.8,0.02,components,1.0,11.48
tune_5,Tuning/bog_150_p0.1_2.txt,0.08,0.05,0.03,100,5,0.8,0.02,components,1.0,11.60
tune_6,Tuning/bog_150_p0.1_2.txt,0.08,0.05,0.03,100,5,0.8,0.02,components,1.0,11.64
tune_7,Tuning/bog_150_p0.1_2.txt,0.08,0.05,0.03,100,5,0.8,0.02,components,1.0,11.48
tune_8,Tuning/bog_150_p0.1_2.txt,0.08,0.05,0.03,100,5,0.8,0.02,components,1.0,11.54
tune_9,Tuning/bog_150_p0.1_2.txt,0.08,0.05,0.03,100,5,0.8,0.02,components,1.0,11.47
tune_10,Tuning/bog_150_p0.1_2.txt,0.08,0.05,0.03,100,5,0.8,0.02,components,1.0,11.59
tune_1,Tuning/cor_dolphins-w.txt,0.08,0.05,0.03,100,5,0.8,0.02,components,10.0,3.30
tune_2,Tuning/cor_dolphins-w.txt,0.08,0.05,0.03,100,5,0.8,0.02,components,8.0,3.41
tune_3,Tuning/cor_dolphins-w.txt,0.08,0.05,0.03,100,5,0.8,0.02,components,9.0,3.29
tune_4,Tuning/cor_dolphins-w.txt,0.08,0.05,0.03,100,5,0.8,0.02,components,9.0,3.28
tune_5,Tuning/cor_dolphins-w.txt,0.08,0.05,0.03,100,5,0.8,0.02,components,10.0,3.29
tune_6,Tuning/cor_dolphins-w.txt,0.08,0.05,0.03,100,5,0.8,0.02,components,10.0,3.30
tune_7,Tuning/cor_dolphins-w.txt,0.08,0.05,0.03,100,5,0.8,0.02,components,10.0,3.27
tune_8,Tuning/cor_dolphins-w.txt,0.08,0.05,0.03,100,5,0.8,0.02,components,9.0,3.34
tune_9,Tuning/cor_dolphins-w.txt,0.08,0.05,0.03,100,5,0.8,0.02,components,8.0,3.36
tune_10,Tuning/cor_dolphins-w.txt,0.08,0.05,0.03,100,5,0.8,0.02,components,10.0,3.26
tune_1,Tuning/hos_35_r1_1.txt,0.08,0.05,0.03,100,5,0.8,0.02,components,3.0,2.39
tune_2,Tuning/hos_35_r1_1.txt,0.08,0.05,0.03,100,5,0.8,0.02,components,3.0,2.31
tune_3,Tuning/hos_35_r1_1.txt,0.08,0.05,0.03,100,5,0.8,0.02,components,3.0,2.34
tune_4,Tuning/hos_35_r1_1.txt,0.08,0.05,0.03,100,5,0.8,0.02,components,3.0,2.34
tune_5,Tuning/hos_35_r1_1.txt,0.08,0.05,0.03,100,5,0.8,0.02,components,3.0,2.46
tune_6,Tuning/hos_35_r1_1.txt,0.08,0.05,0.03,100,5,0.8,0.02,components,3.0,2.38
tune_7,Tuning/hos_35_r1_1.txt,0.08,0.05,0.03,100,5,0.8,0.02,components,3.0,2.41
tune_8,Tuning/hos_35_r1_1.txt,0.08,0.05,0.03,100,5,0.8,0.02,components,3.0,2.50
tune_9,Tuning/hos_35_r1_1.txt,0.08,0.05,0.03,100,5,0.8,0.02,components,3.0,2.38
tune_10,Tuning/hos_35_r1_1.txt,0.08,0.05,0.03,100,5,0.8,0.02,components,3.0,2.55
tune_1,Tuning/mac_grafo20dens30.txt,0.08,0.05,0.03,100,5,0.8,0.02,components,1.0,2.53
tune_2,Tuning/mac_grafo20dens30.txt,0.08,0.05,0.03,100,5,0.8,0.02,components,1.0,2.42
tune_3,Tuning/mac_grafo20dens30.txt,0.08,0.05,0.03,100,5,0.8,0.02,components,1.0,2.68
tune_4,Tuning/mac_grafo20dens30.txt,0.08,0.05,0.03,100,5,0.8,0.02,components,1.0,2.44
tune_5,Tuning/mac_grafo20dens30.txt,0.08,0.05,0.03,100,5,0.8,0.02,components,1.0,2.39
tune_6,Tuning/mac_grafo20dens30.txt,0.08,0.05,0.03,100,5,0.8,0.02,components,1.0,2.48
tune_7,Tuning/mac_grafo20dens30.txt,0.08,0.05,0.03,100,5,0.8,0.02,components,1.0,2.42
tune_8,Tuning/mac_grafo20dens30.txt,0.08,0.05,0.03,100,5,0.8,0.02,components,1.0,2.35
tune_9,Tuning/mac_grafo20dens30.txt,0.08,0.05,0.03,100,5,0.8,0.02,components,1.0,2.31
tune_10,Tuning/mac_grafo20dens30.txt,0.08,0.05,0.03,100,5,0.8,0.02,components,1.0,2.41
tune_1,Tuning/bog_150_p0.1_2.txt,0.08,0.05,0.03,100,5,0.9,0.01,components,1.0,13.95
tune_2,Tuning/bog_150_p0.1_2.txt,0.08,0.05,0.03,100,5,0.9,0.01,components,1.0,14.02
tune_3,Tuning/bog_150_p0.1_2.txt,0.08,0.05,0.03,100,5,0.9,0.01,components,1.0,13.54
tune_4,Tuning/bog_150_p0.1_2.txt,0.08,0.05,0.03,100,5,0.9,0.01,components,1.0,12.74
tune_5,Tuning/bog_150_p0.1_2.txt,0.08,0.05,0.03,100,5,0.9,0.01,components,1.0,12.84
tune_6,Tuning/bog_150_p0.1_2.txt,0.08,0.05,0.03,100,5,0.9,0.01,components,1.0,12.67
tune_7,Tuning/bog_150_p0.1_2.txt,0.08,0.05,0.03,100,5,0.9,0.01,components,1.0,12.93
tune_8,Tuning/bog_150_p0.1_2.txt,0.08,0.05,0.03,100,5,0.9,0.01,components,1.0,14.00
tune_9,Tuning/bog_150_p0.1_2.txt,0.08,0.05,0.03,100,5,0.9,0.01,components,1.0,13.97
tune_10,Tuning/bog_150_p0.1_2.txt,0.08,0.05,0.03,100,5,0.9,0.01,components,1.0,13.19
tune_1,Tuning/cor_dolphins-w.txt,0.08,0.05,0.03,100,5,0.9,0.01,components,10.0,3.56
tune_2,Tuning/cor_dolphins-w.txt,0.08,0.05,0.03,100,5,0.9,0.01,components,10.0,3.69
tune_3,Tuning/cor_dolphins-w.txt,0.08,0.05,0.03,100,5,0.9,0.01,components,10.0,3.70
tune_4,Tuning/cor_dolphins-w.txt,0.08,0.05,0.03,100,5,0.9,0.01,components,10.0,3.67
tune_5,Tuning/cor_dolphins-w.txt,0.08,0.05,0.03,100,5,0.9,0.01,components,9.0,3.56
tune_6,Tuning/cor_dolphins-w.txt,0.08,0.05,0.03,100,5,0.9,0.01,components,9.0,3.61
tune_7,Tuning/cor_dolphins-w.txt,0.08,0.05,0.03,100,5,0.9,0.01,components,8.0,3.58
tune_8,Tuning/cor_dolphins-w.txt,0.08,0.05,0.03,100,5,0.9,0.01,components,10.0,3.60
tune_9,Tuning/cor_dolphins-w.txt,0.08,0.05,0.03,100,5,0.9,0.01,components,9.0,3.60
tune_10,Tuning/cor_dolphins-w.txt,0.08,0.05,0.03,100,5,0.9,0.01,components,10.0,3.60
tune_1,Tuning/hos_35_r1_1.txt,0.08,0.05,0.03,100,5,0.9,0.01,components,3.0,2.55
tune_2,Tuning/hos_35_r1_1.txt,0.08,0.05,0.03,100,5,0.9,0.01,components,3.0,2.48
tune_3,Tuning/hos_35_r1_1.txt,0.08,0.05,0.03,100,5,0.9,0.01,components,3.0,2.52
tune_4,Tuning/hos_35_r1_1.txt,0.08,0.05,0.03,100,5,0.9,0.01,components,3.0,2.53
tune_5,Tuning/hos_35_r1_1.txt,0.08,0.05,0.03,100,5,0.9,0.01,components,3.0,2.71
tune_6,Tuning/hos_35_r1_1.txt,0.08,0.05,0.03,100,5,0.9,0.01,components,3.0,2.51
tune_7,Tuning/hos_35_r1_1.txt,0.08,0.05,0.03,100,5,0.9,0.01,components,3.0,2.59
tune_8,Tuning/hos_35_r1_1.txt,0.08,0.05,0.03,100,5,0.9,0.01,components,3.0,2.56
tune_9,Tuning/hos_35_r1_1.txt,0.08,0.05,0.03,100,5,0.9,0.01,components,3.0,2.51
tune_10,Tuning/hos_35_r1_1.txt,0.08,0.05,0.03,100,5,0.9,0.01,components,3.0,2.59
tune_1,Tuning/mac_grafo20dens30.txt,0.08,0.05,0.03,100,5,0.9,0.01,components,1.0,2.55
tune_2,Tuning/mac_grafo20dens30.txt,0.08,0.05,0.03,100,5,0.9,0.01,components,1.0,2.50
tune_3,Tuning/mac_grafo20dens30.txt,0.08,0.05,0.03,100,5,0.9,0.01,components,1.0,2.44
tune_4,Tuning/mac_grafo20dens30.txt,0.08,0.05,0.03,100,5,0.9,0.01,components,1.0,2.50
tune_5,Tuning/mac_grafo20dens30.txt,0.08,0.05,0.03,100,5,0.9,0.01,components,1.0,2.46
tune_6,Tuning/mac_grafo20dens30.txt,0.08,0.05,0.03,100,5,0.9,0.01,components,1.0,2.46
tune_7,Tuning/mac_grafo20dens30.txt,0.08,0.05,0.03,100,5,0.9,0.01,components,1.0,2.50
tune_8,Tuning/mac_grafo20dens30.txt,0.08,0.05,0.03,100,5,0.9,0.01,components,1.0,2.46
tune_9,Tuning/mac_grafo20dens30.txt,0.08,0.05,0.03,100,5,0.9,0.01,components,1.0,2.51
tune_10,Tuning/mac_grafo20dens30.txt,0.08,0.05,0.03,100,5,0.9,0.01,components,1.0,2.44
tune_1,Tuning/bog_150_p0.1_2.txt,0.08,0.05,0.03,100,5,0.9,0.02,components,1.0,12.51
tune_2,Tuning/bog_150_p0.1_2.txt,0.08,0.05,0.03,100,5,0.9,0.02,components,1.0,13.89
tune_3,Tuning/bog_150_p0.1_2.txt,0.08,0.05,0.03,100,5,0.9,0.02,components,1.0,14.22
tune_4,Tuning/bog_150_p0.1_2.txt,0.08,0.05,0.03,100,5,0.9,0.02,components,1.0,13.97
tune_5,Tuning/bog_150_p0.1_2.txt,0.08,0.05,0.03,100,5,0.9,0.02,components,1.0,13.89
tune_6,Tuning/bog_150_p0.1_2.txt,0.08,0.05,0.03,100,5,0.9,0.02,components,1.0,13.89
tune_7,Tuning/bog_150_p0.1_2.txt,0.08,0.05,0.03,100,5,0.9,0.02,components,1.0,14.15
tune_8,Tuning/bog_150_p0.1_2.txt,0.08,0.05,0.03,100,5,0.9,0.02,components,1.0,13.97
tune_9,Tuning/bog_150_p0.1_2.txt,0.08,0.05,0.03,100,5,0.9,0.02,components,1.0,14.24
tune_10,Tuning/bog_150_p0.1_2.txt,0.08,0.05,0.03,100,5,0.9,0.02,components,1.0,14.06
tune_1,Tuning/cor_dolphins-w.txt,0.08,0.05,0.03,100,5,0.9,0.02,components,9.0,3.83
tune_2,Tuning/cor_dolphins-w.txt,0.08,0.05,0.03,100,5,0.9,0.02,components,10.0,3.68
tune_3,Tuning/cor_dolphins-w.txt,0.08,0.05,0.03,100,5,0.9,0.02,components,10.0,3.83
tune_4,Tuning/cor_dolphins-w.txt,0.08,0.05,0.03,100,5,0.9,0.02,components,10.0,3.83
tune_5,Tuning/cor_dolphins-w.txt,0.08,0.05,0.03,100,5,0.9,0.02,components,9.0,4.05
tune_6,Tuning/cor_dolphins-w.txt,0.08,0.05,0.03,100,5,0.9,0.02,components,9.0,3.74
tune_7,Tuning/cor_dolphins-w.txt,0.08,0.05,0.03,100,5,0.9,0.02,components,10.0,3.71
tune_8,Tuning/cor_dolphins-w.txt,0.08,0.05,0.03,100,5,0.9,0.02,components,10.0,3.74
tune_9,Tuning/cor_dolphins-w.txt,0.08,0.05,0.03,100,5,0.9,0.02,components,9.0,3.69
tune_10,Tuning/cor_dolphins-w.txt,0.08,0.05,0.03,100,5,0.9,0.02,components,9.0,3.81
tune_1,Tuning/hos_35_r1_1.txt,0.08,0.05,0.03,100,5,0.9,0.02,components,3.0,2.59
tune_2,Tuning/hos_35_r1_1.txt,0.08,0.05,0.03,100,5,0.9,0.02,components,3.0,2.61
tune_3,Tuning/hos_35_r1_1.txt,0.08,0.05,0.03,100,5,0.9,0.02,components,3.0,2.61
tune_4,Tuning/hos_35_r1_1.txt,0.08,0.05,0.03,100,5,0.9,0.02,components,3.0,2.52
tune_5,Tuning/hos_35_r1_1.txt,0.08,0.05,0.03,100,5,0.9,0.02,components,3.0,2.49
tune_6,Tuning/hos_35_r1_1.txt,0.08,0.05,0.03,100,5,0.9,0.02,components,3.0,2.56
tune_7,Tuning/hos_35_r1_1.txt,0.08,0.05,0.03,100,5,0.9,0.02,components,3.0,2.51
tune_8,Tuning/hos_35_r1_1.txt,0.08,0.05,0.03,100,5,0.9,0.02,components,3.0,2.53
tune_9,Tuning/hos_35_r1_1.txt,0.08,0.05,0.03,100,5,0.9,0.02,components,3.0,2.67
tune_10,Tuning/hos_35_r1_1.txt,0.08,0.05,0.03,100,5,0.9,0.02,components,3.0,2.64
tune_1,Tuning/mac_grafo20dens30.txt,0.08,0.05,0.03,100,5,0.9,0.02,components,1.0,2.66
tune_2,Tuning/mac_grafo20dens30.txt,0.08,0.05,0.03,100,5,0.9,0.02,components,1.0,2.54
tune_3,Tuning/mac_grafo20dens30.txt,0.08,0.05,0.03,100,5,0.9,0.02,components,1.0,2.51
tune_4,Tuning/mac_grafo20dens30.txt,0.08,0.05,0.03,100,5,0.9,0.02,components,1.0,2.52
tune_5,Tuning/mac_grafo20dens30.txt,0.08,0.05,0.03,100,5,0.9,0.02,components,1.0,2.46
tune_6,Tuning/mac_grafo20dens30.txt,0.08,0.05,0.03,100,5,0.9,0.02,components,1.0,2.58
tune_7,Tuning/mac_grafo20dens30.txt,0.08,0.05,0.03,100,5,0.9,0.02,components,1.0,2.62
tune_8,Tuning/mac_grafo20dens30.txt,0.08,0.05,0.03,100,5,0.9,0.02,components,1.0,2.48
tune_9,Tuning/mac_grafo20dens30.txt,0.08,0.05,0.03,100,5,0.9,0.02,components,1.0,2.46
tune_10,Tuning/mac_grafo20dens30.txt,0.08,0.05,0.03,100,5,0.9,0.02,components,1.0,2.47
