run_id,input_file,budget,node_fraction,edge_fraction,population_size,tournament_size,p_crossover,p_mutation,payoff_function,best_fitness,runtime_seconds
tune_1,Testing/cor_adjnoun-w.txt,0.05,0.05,0.03,50,3,0.8,0.01,largest,95.0,1.62
tune_2,Testing/cor_adjnoun-w.txt,0.05,0.05,0.03,50,3,0.8,0.01,largest,95.0,1.64
tune_3,Testing/cor_adjnoun-w.txt,0.05,0.05,0.03,50,3,0.8,0.01,largest,95.0,1.68
tune_4,Testing/cor_adjnoun-w.txt,0.05,0.05,0.03,50,3,0.8,0.01,largest,96.0,1.62
tune_5,Testing/cor_adjnoun-w.txt,0.05,0.05,0.03,50,3,0.8,0.01,largest,96.0,1.63
tune_6,Testing/cor_adjnoun-w.txt,0.05,0.05,0.03,50,3,0.8,0.01,largest,94.0,1.64
tune_7,Testing/cor_adjnoun-w.txt,0.05,0.05,0.03,50,3,0.8,0.01,largest,94.0,1.60
tune_8,Testing/cor_adjnoun-w.txt,0.05,0.05,0.03,50,3,0.8,0.01,largest,96.0,1.65
tune_9,Testing/cor_adjnoun-w.txt,0.05,0.05,0.03,50,3,0.8,0.01,largest,97.0,1.67
tune_10,Testing/cor_adjnoun-w.txt,0.05,0.05,0.03,50,3,0.8,0.01,largest,96.0,1.68
tune_1,Testing/cor_celegans_metabolic-w.txt,0.05,0.05,0.03,50,3,0.8,0.01,largest,378.0,4.83
tune_2,Testing/cor_celegans_metabolic-w.txt,0.05,0.05,0.03,50,3,0.8,0.01,largest,381.0,4.79
tune_3,Testing/cor_celegans_metabolic-w.txt,0.05,0.05,0.03,50,3,0.8,0.01,largest,384.0,4.82
tune_4,Testing/cor_celegans_metabolic-w.txt,0.05,0.05,0.03,50,3,0.8,0.01,largest,391.0,4.82
tune_5,Testing/cor_celegans_metabolic-w.txt,0.05,0.05,0.03,50,3,0.8,0.01,largest,366.0,4.86
tune_6,Testing/cor_celegans_metabolic-w.txt,0.05,0.05,0.03,50,3,0.8,0.01,largest,380.0,4.78
tune_7,Testing/cor_celegans_metabolic-w.txt,0.05,0.05,0.03,50,3,0.8,0.01,largest,404.0,4.89
tune_8,Testing/cor_celegans_metabolic-w.txt,0.05,0.05,0.03,50,3,0.8,0.01,largest,392.0,4.77
tune_9,Testing/cor_celegans_metabolic-w.txt,0.05,0.05,0.03,50,3,0.8,0.01,largest,397.0,4.93
tune_10,Testing/cor_celegans_metabolic-w.txt,0.05,0.05,0.03,50,3,0.8,0.01,largest,379.0,4.83
tune_1,Testing/cor_celegansneural-w.txt,0.05,0.05,0.03,50,3,0.8,0.01,largest,267.0,4.90
tune_2,Testing/cor_celegansneural-w.txt,0.05,0.05,0.03,50,3,0.8,0.01,largest,267.0,4.91
tune_3,Testing/cor_celegansneural-w.txt,0.05,0.05,0.03,50,3,0.8,0.01,largest,265.0,4.88
tune_4,Testing/cor_celegansneural-w.txt,0.05,0.05,0.03,50,3,0.8,0.01,largest,267.0,4.99
tune_5,Testing/cor_celegansneural-w.txt,0.05,0.05,0.03,50,3,0.8,0.01,largest,266.0,5.01
tune_6,Testing/cor_celegansneural-w.txt,0.05,0.05,0.03,50,3,0.8,0.01,largest,270.0,4.98
tune_7,Testing/cor_celegansneural-w.txt,0.05,0.05,0.03,50,3,0.8,0.01,largest,267.0,4.92
tune_8,Testing/cor_celegansneural-w.txt,0.05,0.05,0.03,50,3,0.8,0.01,largest,265.0,4.83
tune_9,Testing/cor_celegansneural-w.txt,0.05,0.05,0.03,50,3,0.8,0.01,largest,269.0,4.88
tune_10,Testing/cor_celegansneural-w.txt,0.05,0.05,0.03,50,3,0.8,0.01,largest,265.0,4.90
tune_1,Testing/cor_dolphins-w.txt,0.05,0.05,0.03,50,3,0.8,0.01,largest,52.0,1.23
tune_2,Testing/cor_dolphins-w.txt,0.05,0.05,0.03,50,3,0.8,0.01,largest,51.0,1.24
tune_3,Testing/cor_dolphins-w.txt,0.05,0.05,0.03,50,3,0.8,0.01,largest,51.0,1.25
tune_4,Testing/cor_dolphins-w.txt,0.05,0.05,0.03,50,3,0.8,0.01,largest,52.0,1.25
tune_5,Testing/cor_dolphins-w.txt,0.05,0.05,0.03,50,3,0.8,0.01,largest,52.0,1.25
tune_6,Testing/cor_dolphins-w.txt,0.05,0.05,0.03,50,3,0.8,0.01,largest,51.0,1.25
tune_7,Testing/cor_dolphins-w.txt,0.05,0.05,0.03,50,3,0.8,0.01,largest,51.0,1.29
tune_8,Testing/cor_dolphins-w.txt,0.05,0.05,0.03,50,3,0.8,0.01,largest,52.0,1.23
tune_9,Testing/cor_dolphins-w.txt,0.05,0.05,0.03,50,3,0.8,0.01,largest,52.0,1.26
tune_10,Testing/cor_dolphins-w.txt,0.05,0.05,0.03,50,3,0.8,0.01,largest,52.0,1.28
tune_1,Testing/cor_football-w.txt,0.05,0.05,0.03,50,3,0.8,0.01,largest,110.0,2.05
tune_2,Testing/cor_football-w.txt,0.05,0.05,0.03,50,3,0.8,0.01,largest,110.0,2.00
tune_3,Testing/cor_football-w.txt,0.05,0.05,0.03,50,3,0.8,0.01,largest,110.0,2.01
tune_4,Testing/cor_football-w.txt,0.05,0.05,0.03,50,3,0.8,0.01,largest,110.0,2.02
tune_5,Testing/cor_football-w.txt,0.05,0.05,0.03,50,3,0.8,0.01,largest,110.0,2.00
tune_6,Testing/cor_football-w.txt,0.05,0.05,0.03,50,3,0.8,0.01,largest,110.0,2.01
tune_7,Testing/cor_football-w.txt,0.05,0.05,0.03,50,3,0.8,0.01,largest,110.0,2.01
tune_8,Testing/cor_football-w.txt,0.05,0.05,0.03,50,3,0.8,0.01,largest,110.0,1.98
tune_9,Testing/cor_football-w.txt,0.05,0.05,0.03,50,3,0.8,0.01,largest,110.0,1.99
tune_10,Testing/cor_football-w.txt,0.05,0.05,0.03,50,3,0.8,0.01,largest,110.0,2.01
tune_1,Testing/cor_jazz-w.txt,0.05,0.05,0.03,50,3,0.8,0.01,largest,180.0,6.03
tune_2,Testing/cor_jazz-w.txt,0.05,0.05,0.03,50,3,0.8,0.01,largest,180.0,6.05
tune_3,Testing/cor_jazz-w.txt,0.05,0.05,0.03,50,3,0.8,0.01,largest,183.0,6.10
tune_4,Testing/cor_jazz-w.txt,0.05,0.05,0.03,50,3,0.8,0.01,largest,184.0,6.09
tune_5,Testing/cor_jazz-w.txt,0.05,0.05,0.03,50,3,0.8,0.01,largest,183.0,6.09
tune_6,Testing/cor_jazz-w.txt,0.05,0.05,0.03,50,3,0.8,0.01,largest,182.0,6.01
tune_7,Testing/cor_jazz-w.txt,0.05,0.05,0.03,50,3,0.8,0.01,largest,181.0,6.03
tune_8,Testing/cor_jazz-w.txt,0.05,0.05,0.03,50,3,0.8,0.01,largest,180.0,6.08
tune_9,Testing/cor_jazz-w.txt,0.05,0.05,0.03,50,3,0.8,0.01,largest,184.0,6.20
tune_10,Testing/cor_jazz-w.txt,0.05,0.05,0.03,50,3,0.8,0.01,largest,183.0,6.14
tune_1,Testing/cor_karate-w.txt,0.05,0.05,0.03,50,3,0.8,0.01,largest,27.0,1.11
tune_2,Testing/cor_karate-w.txt,0.05,0.05,0.03,50,3,0.8,0.01,largest,27.0,1.11
tune_3,Testing/cor_karate-w.txt,0.05,0.05,0.03,50,3,0.8,0.01,largest,25.0,1.09
tune_4,Testing/cor_karate-w.txt,0.05,0.05,0.03,50,3,0.8,0.01,largest,26.0,1.10
tune_5,Testing/cor_karate-w.txt,0.05,0.05,0.03,50,3,0.8,0.01,largest,26.0,1.12
tune_6,Testing/cor_karate-w.txt,0.05,0.05,0.03,50,3,0.8,0.01,largest,26.0,1.10
tune_7,Testing/cor_karate-w.txt,0.05,0.05,0.03,50,3,0.8,0.01,largest,26.0,1.09
tune_8,Testing/cor_karate-w.txt,0.05,0.05,0.03,50,3,0.8,0.01,largest,26.0,1.11
tune_9,Testing/cor_karate-w.txt,0.05,0.05,0.03,50,3,0.8,0.01,largest,26.0,1.10
tune_10,Testing/cor_karate-w.txt,0.05,0.05,0.03,50,3,0.8,0.01,largest,26.0,1.12
tune_1,Testing/cor_lesmis-w.txt,0.05,0.05,0.03,50,3,0.8,0.01,largest,46.0,1.43
tune_2,Testing/cor_lesmis-w.txt,0.05,0.05,0.03,50,3,0.8,0.01,largest,48.0,1.42
tune_3,Testing/cor_lesmis-w.txt,0.05,0.05,0.03,50,3,0.8,0.01,largest,46.0,1.44
tune_4,Testing/cor_lesmis-w.txt,0.05,0.05,0.03,50,3,0.8,0.01,largest,49.0,1.47
tune_5,Testing/cor_lesmis-w.txt,0.05,0.05,0.03,50,3,0.8,0.01,largest,52.0,1.38
tune_6,Testing/cor_lesmis-w.txt,0.05,0.05,0.03,50,3,0.8,0.01,largest,50.0,1.41
tune_7,Testing/cor_lesmis-w.txt,0.05,0.05,0.03,50,3,0.8,0.01,largest,51.0,1.38
tune_8,Testing/cor_lesmis-w.txt,0.05,0.05,0.03,50,3,0.8,0.01,largest,48.0,1.73
tune_9,Testing/cor_lesmis-w.txt,0.05,0.05,0.03,50,3,0.8,0.01,largest,51.0,1.57
tune_10,Testing/cor_lesmis-w.txt,0.05,0.05,0.03,50,3,0.8,0.01,largest,48.0,1.58
tune_1,Testing/cor_n050plai01.txt,0.05,0.05,0.03,50,3,0.8,0.01,largest,48.0,1.37
tune_2,Testing/cor_n050plai01.txt,0.05,0.05,0.03,50,3,0.8,0.01,largest,48.0,1.35
tune_3,Testing/cor_n050plai01.txt,0.05,0.05,0.03,50,3,0.8,0.01,largest,47.0,1.34
tune_4,Testing/cor_n050plai01.txt,0.05,0.05,0.03,50,3,0.8,0.01,largest,47.0,1.35
tune_5,Testing/cor_n050plai01.txt,0.05,0.05,0.03,50,3,0.8,0.01,largest,46.0,1.34
tune_6,Testing/cor_n050plai01.txt,0.05,0.05,0.03,50,3,0.8,0.01,largest,47.0,1.39
tune_7,Testing/cor_n050plai01.txt,0.05,0.05,0.03,50,3,0.8,0.01,largest,47.0,1.37
tune_8,Testing/cor_n050plai01.txt,0.05,0.05,0.03,50,3,0.8,0.01,largest,48.0,1.32
tune_9,Testing/cor_n050plai01.txt,0.05,0.05,0.03,50,3,0.8,0.01,largest,47.0,1.31
tune_10,Testing/cor_n050plai01.txt,0.05,0.05,0.03,50,3,0.8,0.01,largest,47.0,1.30
tune_1,Testing/cor_n100plai01.txt,0.05,0.05,0.03,50,3,0.8,0.01,largest,94.0,1.61
tune_2,Testing/cor_n100plai01.txt,0.05,0.05,0.03,50,3,0.8,0.01,largest,92.0,1.65
tune_3,Testing/cor_n100plai01.txt,0.05,0.05,0.03,50,3,0.8,0.01,largest,93.0,1.65
tune_4,Testing/cor_n100plai01.txt,0.05,0.05,0.03,50,3,0.8,0.01,largest,94.0,1.62
tune_5,Testing/cor_n100plai01.txt,0.05,0.05,0.03,50,3,0.8,0.01,largest,94.0,1.60
tune_6,Testing/cor_n100plai01.txt,0.05,0.05,0.03,50,3,0.8,0.01,largest,93.0,1.64
tune_7,Testing/cor_n100plai01.txt,0.05,0.05,0.03,50,3,0.8,0.01,largest,94.0,1.67
tune_8,Testing/cor_n100plai01.txt,0.05,0.05,0.03,50,3,0.8,0.01,largest,94.0,1.78
tune_9,Testing/cor_n100plai01.txt,0.05,0.05,0.03,50,3,0.8,0.01,largest,93.0,1.60
tune_10,Testing/cor_n100plai01.txt,0.05,0.05,0.03,50,3,0.8,0.01,largest,94.0,1.59
tune_1,Testing/cor_n150plai01.txt,0.05,0.05,0.03,50,3,0.8,0.01,largest,142.0,1.89
tune_2,Testing/cor_n150plai01.txt,0.05,0.05,0.03,50,3,0.8,0.01,largest,141.0,1.89
tune_3,Testing/cor_n150plai01.txt,0.05,0.05,0.03,50,3,0.8,0.01,largest,140.0,1.88
tune_4,Testing/cor_n150plai01.txt,0.05,0.05,0.03,50,3,0.8,0.01,largest,142.0,1.85
tune_5,Testing/cor_n150plai01.txt,0.05,0.05,0.03,50,3,0.8,0.01,largest,142.0,1.99
tune_6,Testing/cor_n150plai01.txt,0.05,0.05,0.03,50,3,0.8,0.01,largest,142.0,1.88
tune_7,Testing/cor_n150plai01.txt,0.05,0.05,0.03,50,3,0.8,0.01,largest,140.0,1.92
tune_8,Testing/cor_n150plai01.txt,0.05,0.05,0.03,50,3,0.8,0.01,largest,140.0,1.88
tune_9,Testing/cor_n150plai01.txt,0.05,0.05,0.03,50,3,0.8,0.01,largest,141.0,1.86
tune_10,Testing/cor_n150plai01.txt,0.05,0.05,0.03,50,3,0.8,0.01,largest,139.0,1.88
tune_1,Testing/cor_n200plai01.txt,0.05,0.05,0.03,50,3,0.8,0.01,largest,187.0,2.15
tune_2,Testing/cor_n200plai01.txt,0.05,0.05,0.03,50,3,0.8,0.01,largest,188.0,2.16
tune_3,Testing/cor_n200plai01.txt,0.05,0.05,0.03,50,3,0.8,0.01,largest,186.0,2.12
tune_4,Testing/cor_n200plai01.txt,0.05,0.05,0.03,50,3,0.8,0.01,largest,188.0,2.19
tune_5,Testing/cor_n200plai01.txt,0.05,0.05,0.03,50,3,0.8,0.01,largest,186.0,2.11
tune_6,Testing/cor_n200plai01.txt,0.05,0.05,0.03,50,3,0.8,0.01,largest,188.0,2.02
tune_7,Testing/cor_n200plai01.txt,0.05,0.05,0.03,50,3,0.8,0.01,largest,187.0,2.07
tune_8,Testing/cor_n200plai01.txt,0.05,0.05,0.03,50,3,0.8,0.01,largest,188.0,2.04
tune_9,Testing/cor_n200plai01.txt,0.05,0.05,0.03,50,3,0.8,0.01,largest,187.0,2.01
tune_10,Testing/cor_n200plai01.txt,0.05,0.05,0.03,50,3,0.8,0.01,largest,187.0,2.01
tune_1,Testing/cor_n250plai01.txt,0.05,0.05,0.03,50,3,0.8,0.01,largest,226.0,2.39
tune_2,Testing/cor_n250plai01.txt,0.05,0.05,0.03,50,3,0.8,0.01,largest,229.0,2.38
tune_3,Testing/cor_n250plai01.txt,0.05,0.05,0.03,50,3,0.8,0.01,largest,231.0,2.41
tune_4,Testing/cor_n250plai01.txt,0.05,0.05,0.03,50,3,0.8,0.01,largest,228.0,2.41
tune_5,Testing/cor_n250plai01.txt,0.05,0.05,0.03,50,3,0.8,0.01,largest,229.0,2.37
tune_6,Testing/cor_n250plai01.txt,0.05,0.05,0.03,50,3,0.8,0.01,largest,230.0,2.38
tune_7,Testing/cor_n250plai01.txt,0.05,0.05,0.03,50,3,0.8,0.01,largest,230.0,2.42
tune_8,Testing/cor_n250plai01.txt,0.05,0.05,0.03,50,3,0.8,0.01,largest,229.0,2.37
tune_9,Testing/cor_n250plai01.txt,0.05,0.05,0.03,50,3,0.8,0.01,largest,228.0,2.38
tune_10,Testing/cor_n250plai01.txt,0.05,0.05,0.03,50,3,0.8,0.01,largest,230.0,2.43
tune_1,Testing/cor_n300plai01.txt,0.05,0.05,0.03,50,3,0.8,0.01,largest,278.0,2.73
tune_2,Testing/cor_n300plai01.txt,0.05,0.05,0.03,50,3,0.8,0.01,largest,278.0,2.68
tune_3,Testing/cor_n300plai01.txt,0.05,0.05,0.03,50,3,0.8,0.01,largest,278.0,2.74
tune_4,Testing/cor_n300plai01.txt,0.05,0.05,0.03,50,3,0.8,0.01,largest,281.0,2.73
tune_5,Testing/cor_n300plai01.txt,0.05,0.05,0.03,50,3,0.8,0.01,largest,278.0,2.74
tune_6,Testing/cor_n300plai01.txt,0.05,0.05,0.03,50,3,0.8,0.01,largest,280.0,2.69
tune_7,Testing/cor_n300plai01.txt,0.05,0.05,0.03,50,3,0.8,0.01,largest,279.0,2.70
tune_8,Testing/cor_n300plai01.txt,0.05,0.05,0.03,50,3,0.8,0.01,largest,281.0,2.70
tune_9,Testing/cor_n300plai01.txt,0.05,0.05,0.03,50,3,0.8,0.01,largest,279.0,2.74
tune_10,Testing/cor_n300plai01.txt,0.05,0.05,0.03,50,3,0.8,0.01,largest,278.0,2.80
tune_1,Testing/cor_n350plai01.txt,0.05,0.05,0.03,50,3,0.8,0.01,largest,313.0,2.88
tune_2,Testing/cor_n350plai01.txt,0.05,0.05,0.03,50,3,0.8,0.01,largest,317.0,2.93
tune_3,Testing/cor_n350plai01.txt,0.05,0.05,0.03,50,3,0.8,0.01,largest,314.0,2.99
tune_4,Testing/cor_n350plai01.txt,0.05,0.05,0.03,50,3,0.8,0.01,largest,317.0,2.88
tune_5,Testing/cor_n350plai01.txt,0.05,0.05,0.03,50,3,0.8,0.01,largest,314.0,2.89
tune_6,Testing/cor_n350plai01.txt,0.05,0.05,0.03,50,3,0.8,0.01,largest,315.0,2.90
tune_7,Testing/cor_n350plai01.txt,0.05,0.05,0.03,50,3,0.8,0.01,largest,318.0,2.96
tune_8,Testing/cor_n350plai01.txt,0.05,0.05,0.03,50,3,0.8,0.01,largest,318.0,2.95
tune_9,Testing/cor_n350plai01.txt,0.05,0.05,0.03,50,3,0.8,0.01,largest,312.0,2.96
tune_10,Testing/cor_n350plai01.txt,0.05,0.05,0.03,50,3,0.8,0.01,largest,311.0,2.90
tune_1,Testing/cor_polbooks-w.txt,0.05,0.05,0.03,50,3,0.8,0.01,largest,97.0,1.72
tune_2,Testing/cor_polbooks-w.txt,0.05,0.05,0.03,50,3,0.8,0.01,largest,97.0,1.69
tune_3,Testing/cor_polbooks-w.txt,0.05,0.05,0.03,50,3,0.8,0.01,largest,98.0,1.68
tune_4,Testing/cor_polbooks-w.txt,0.05,0.05,0.03,50,3,0.8,0.01,largest,98.0,1.66
tune_5,Testing/cor_polbooks-w.txt,0.05,0.05,0.03,50,3,0.8,0.01,largest,98.0,1.78
tune_6,Testing/cor_polbooks-w.txt,0.05,0.05,0.03,50,3,0.8,0.01,largest,99.0,1.67
tune_7,Testing/cor_polbooks-w.txt,0.05,0.05,0.03,50,3,0.8,0.01,largest,98.0,1.65
tune_8,Testing/cor_polbooks-w.txt,0.05,0.05,0.03,50,3,0.8,0.01,largest,98.0,1.68
tune_9,Testing/cor_polbooks-w.txt,0.05,0.05,0.03,50,3,0.8,0.01,largest,96.0,1.64
tune_10,Testing/cor_polbooks-w.txt,0.05,0.05,0.03,50,3,0.8,0.01,largest,98.0,1.67
tune_1,Testing/hos_20_r1_1.txt,0.05,0.05,0.03,50,3,0.8,0.01,largest,10.0,1.05
tune_2,Testing/hos_20_r1_1.txt,0.05,0.05,0.03,50,3,0.8,0.01,largest,10.0,1.05
tune_3,Testing/hos_20_r1_1.txt,0.05,0.05,0.03,50,3,0.8,0.01,largest,10.0,1.04
tune_4,Testing/hos_20_r1_1.txt,0.05,0.05,0.03,50,3,0.8,0.01,largest,10.0,1.06
tune_5,Testing/hos_20_r1_1.txt,0.05,0.05,0.03,50,3,0.8,0.01,largest,10.0,1.02
tune_6,Testing/hos_20_r1_1.txt,0.05,0.05,0.03,50,3,0.8,0.01,largest,10.0,1.03
tune_7,Testing/hos_20_r1_1.txt,0.05,0.05,0.03,50,3,0.8,0.01,largest,10.0,1.04
tune_8,Testing/hos_20_r1_1.txt,0.05,0.05,0.03,50,3,0.8,0.01,largest,10.0,1.01
tune_9,Testing/hos_20_r1_1.txt,0.05,0.05,0.03,50,3,0.8,0.01,largest,10.0,1.04
tune_10,Testing/hos_20_r1_1.txt,0.05,0.05,0.03,50,3,0.8,0.01,largest,10.0,1.06
tune_1,Testing/hos_20_r2_1.txt,0.05,0.05,0.03,50,3,0.8,0.01,largest,18.0,1.14
tune_2,Testing/hos_20_r2_1.txt,0.05,0.05,0.03,50,3,0.8,0.01,largest,18.0,1.08
tune_3,Testing/hos_20_r2_1.txt,0.05,0.05,0.03,50,3,0.8,0.01,largest,18.0,1.16
tune_4,Testing/hos_20_r2_1.txt,0.05,0.05,0.03,50,3,0.8,0.01,largest,18.0,1.15
tune_5,Testing/hos_20_r2_1.txt,0.05,0.05,0.03,50,3,0.8,0.01,largest,18.0,1.08
tune_6,Testing/hos_20_r2_1.txt,0.05,0.05,0.03,50,3,0.8,0.01,largest,18.0,1.07
tune_7,Testing/hos_20_r2_1.txt,0.05,0.05,0.03,50,3,0.8,0.01,largest,18.0,1.06
tune_8,Testing/hos_20_r2_1.txt,0.05,0.05,0.03,50,3,0.8,0.01,largest,18.0,1.04
tune_9,Testing/hos_20_r2_1.txt,0.05,0.05,0.03,50,3,0.8,0.01,largest,18.0,1.09
tune_10,Testing/hos_20_r2_1.txt,0.05,0.05,0.03,50,3,0.8,0.01,largest,18.0,1.06
tune_1,Testing/hos_25_r1_1.txt,0.05,0.05,0.03,50,3,0.8,0.01,largest,19.0,1.05
tune_2,Testing/hos_25_r1_1.txt,0.05,0.05,0.03,50,3,0.8,0.01,largest,19.0,1.05
tune_3,Testing/hos_25_r1_1.txt,0.05,0.05,0.03,50,3,0.8,0.01,largest,19.0,1.05
tune_4,Testing/hos_25_r1_1.txt,0.05,0.05,0.03,50,3,0.8,0.01,largest,19.0,1.05
tune_5,Testing/hos_25_r1_1.txt,0.05,0.05,0.03,50,3,0.8,0.01,largest,19.0,1.09
tune_6,Testing/hos_25_r1_1.txt,0.05,0.05,0.03,50,3,0.8,0.01,largest,19.0,1.03
tune_7,Testing/hos_25_r1_1.txt,0.05,0.05,0.03,50,3,0.8,0.01,largest,19.0,1.06
tune_8,Testing/hos_25_r1_1.txt,0.05,0.05,0.03,50,3,0.8,0.01,largest,19.0,1.06
tune_9,Testing/hos_25_r1_1.txt,0.05,0.05,0.03,50,3,0.8,0.01,largest,19.0,1.05
tune_10,Testing/hos_25_r1_1.txt,0.05,0.05,0.03,50,3,0.8,0.01,largest,19.0,1.09
tune_1,Testing/hos_25_r2_1.txt,0.05,0.05,0.03,50,3,0.8,0.01,largest,24.0,1.10
tune_2,Testing/hos_25_r2_1.txt,0.05,0.05,0.03,50,3,0.8,0.01,largest,23.0,1.05
tune_3,Testing/hos_25_r2_1.txt,0.05,0.05,0.03,50,3,0.8,0.01,largest,24.0,1.07
tune_4,Testing/hos_25_r2_1.txt,0.05,0.05,0.03,50,3,0.8,0.01,largest,24.0,1.08
tune_5,Testing/hos_25_r2_1.txt,0.05,0.05,0.03,50,3,0.8,0.01,largest,23.0,1.07
tune_6,Testing/hos_25_r2_1.txt,0.05,0.05,0.03,50,3,0.8,0.01,largest,24.0,1.09
tune_7,Testing/hos_25_r2_1.txt,0.05,0.05,0.03,50,3,0.8,0.01,largest,23.0,1.09
tune_8,Testing/hos_25_r2_1.txt,0.05,0.05,0.03,50,3,0.8,0.01,largest,23.0,1.09
tune_9,Testing/hos_25_r2_1.txt,0.05,0.05,0.03,50,3,0.8,0.01,largest,24.0,1.07
tune_10,Testing/hos_25_r2_1.txt,0.05,0.05,0.03,50,3,0.8,0.01,largest,24.0,1.08
tune_1,Testing/hos_30_r1_1.txt,0.05,0.05,0.03,50,3,0.8,0.01,largest,27.0,1.07
tune_2,Testing/hos_30_r1_1.txt,0.05,0.05,0.03,50,3,0.8,0.01,largest,26.0,1.08
tune_3,Testing/hos_30_r1_1.txt,0.05,0.05,0.03,50,3,0.8,0.01,largest,27.0,1.05
tune_4,Testing/hos_30_r1_1.txt,0.05,0.05,0.03,50,3,0.8,0.01,largest,26.0,1.05
tune_5,Testing/hos_30_r1_1.txt,0.05,0.05,0.03,50,3,0.8,0.01,largest,27.0,1.07
tune_6,Testing/hos_30_r1_1.txt,0.05,0.05,0.03,50,3,0.8,0.01,largest,28.0,1.10
tune_7,Testing/hos_30_r1_1.txt,0.05,0.05,0.03,50,3,0.8,0.01,largest,26.0,1.09
tune_8,Testing/hos_30_r1_1.txt,0.05,0.05,0.03,50,3,0.8,0.01,largest,26.0,1.09
tune_9,Testing/hos_30_r1_1.txt,0.05,0.05,0.03,50,3,0.8,0.01,largest,27.0,1.05
tune_10,Testing/hos_30_r1_1.txt,0.05,0.05,0.03,50,3,0.8,0.01,largest,28.0,1.08
tune_1,Testing/hos_30_r2_1.txt,0.05,0.05,0.03,50,3,0.8,0.01,largest,28.0,1.14
tune_2,Testing/hos_30_r2_1.txt,0.05,0.05,0.03,50,3,0.8,0.01,largest,28.0,1.12
tune_3,Testing/hos_30_r2_1.txt,0.05,0.05,0.03,50,3,0.8,0.01,largest,28.0,1.15
tune_4,Testing/hos_30_r2_1.txt,0.05,0.05,0.03,50,3,0.8,0.01,largest,28.0,1.08
tune_5,Testing/hos_30_r2_1.txt,0.05,0.05,0.03,50,3,0.8,0.01,largest,29.0,1.12
tune_6,Testing/hos_30_r2_1.txt,0.05,0.05,0.03,50,3,0.8,0.01,largest,28.0,1.09
tune_7,Testing/hos_30_r2_1.txt,0.05,0.05,0.03,50,3,0.8,0.01,largest,28.0,1.13
tune_8,Testing/hos_30_r2_1.txt,0.05,0.05,0.03,50,3,0.8,0.01,largest,28.0,1.11
tune_9,Testing/hos_30_r2_1.txt,0.05,0.05,0.03,50,3,0.8,0.01,largest,28.0,1.11
tune_10,Testing/hos_30_r2_1.txt,0.05,0.05,0.03,50,3,0.8,0.01,largest,28.0,1.10
tune_1,Testing/hos_35_r1_1.txt,0.05,0.05,0.03,50,3,0.8,0.01,largest,31.0,1.08
tune_2,Testing/hos_35_r1_1.txt,0.05,0.05,0.03,50,3,0.8,0.01,largest,31.0,1.08
tune_3,Testing/hos_35_r1_1.txt,0.05,0.05,0.03,50,3,0.8,0.01,largest,31.0,1.12
tune_4,Testing/hos_35_r1_1.txt,0.05,0.05,0.03,50,3,0.8,0.01,largest,31.0,1.15
tune_5,Testing/hos_35_r1_1.txt,0.05,0.05,0.03,50,3,0.8,0.01,largest,31.0,1.07
tune_6,Testing/hos_35_r1_1.txt,0.05,0.05,0.03,50,3,0.8,0.01,largest,31.0,1.10
tune_7,Testing/hos_35_r1_1.txt,0.05,0.05,0.03,50,3,0.8,0.01,largest,30.0,1.07
tune_8,Testing/hos_35_r1_1.txt,0.05,0.05,0.03,50,3,0.8,0.01,largest,31.0,1.05
tune_9,Testing/hos_35_r1_1.txt,0.05,0.05,0.03,50,3,0.8,0.01,largest,31.0,1.09
tune_10,Testing/hos_35_r1_1.txt,0.05,0.05,0.03,50,3,0.8,0.01,largest,31.0,1.08
tune_1,Testing/hos_35_r2_1.txt,0.05,0.05,0.03,50,3,0.8,0.01,largest,34.0,1.16
tune_2,Testing/hos_35_r2_1.txt,0.05,0.05,0.03,50,3,0.8,0.01,largest,34.0,1.14
tune_3,Testing/hos_35_r2_1.txt,0.05,0.05,0.03,50,3,0.8,0.01,largest,34.0,1.15
tune_4,Testing/hos_35_r2_1.txt,0.05,0.05,0.03,50,3,0.8,0.01,largest,34.0,1.16
tune_5,Testing/hos_35_r2_1.txt,0.05,0.05,0.03,50,3,0.8,0.01,largest,34.0,1.15
tune_6,Testing/hos_35_r2_1.txt,0.05,0.05,0.03,50,3,0.8,0.01,largest,34.0,1.15
tune_7,Testing/hos_35_r2_1.txt,0.05,0.05,0.03,50,3,0.8,0.01,largest,34.0,1.16
tune_8,Testing/hos_35_r2_1.txt,0.05,0.05,0.03,50,3,0.8,0.01,largest,33.0,1.15
tune_9,Testing/hos_35_r2_1.txt,0.05,0.05,0.03,50,3,0.8,0.01,largest,34.0,1.15
tune_10,Testing/hos_35_r2_1.txt,0.05,0.05,0.03,50,3,0.8,0.01,largest,34.0,1.16
tune_1,Testing/hos_40_r1_1.txt,0.05,0.05,0.03,50,3,0.8,0.01,largest,36.0,1.12
tune_2,Testing/hos_40_r1_1.txt,0.05,0.05,0.03,50,3,0.8,0.01,largest,37.0,1.13
tune_3,Testing/hos_40_r1_1.txt,0.05,0.05,0.03,50,3,0.8,0.01,largest,36.0,1.15
tune_4,Testing/hos_40_r1_1.txt,0.05,0.05,0.03,50,3,0.8,0.01,largest,35.0,1.12
tune_5,Testing/hos_40_r1_1.txt,0.05,0.05,0.03,50,3,0.8,0.01,largest,36.0,1.14
tune_6,Testing/hos_40_r1_1.txt,0.05,0.05,0.03,50,3,0.8,0.01,largest,36.0,1.16
tune_7,Testing/hos_40_r1_1.txt,0.05,0.05,0.03,50,3,0.8,0.01,largest,37.0,1.14
tune_8,Testing/hos_40_r1_1.txt,0.05,0.05,0.03,50,3,0.8,0.01,largest,36.0,1.09
tune_9,Testing/hos_40_r1_1.txt,0.05,0.05,0.03,50,3,0.8,0.01,largest,35.0,1.11
tune_10,Testing/hos_40_r1_1.txt,0.05,0.05,0.03,50,3,0.8,0.01,largest,36.0,1.12
tune_1,Testing/hos_40_r2_1.txt,0.05,0.05,0.03,50,3,0.8,0.01,largest,38.0,1.24
tune_2,Testing/hos_40_r2_1.txt,0.05,0.05,0.03,50,3,0.8,0.01,largest,38.0,1.21
tune_3,Testing/hos_40_r2_1.txt,0.05,0.05,0.03,50,3,0.8,0.01,largest,38.0,1.20
tune_4,Testing/hos_40_r2_1.txt,0.05,0.05,0.03,50,3,0.8,0.01,largest,38.0,1.22
tune_5,Testing/hos_40_r2_1.txt,0.05,0.05,0.03,50,3,0.8,0.01,largest,38.0,1.20
tune_6,Testing/hos_40_r2_1.txt,0.05,0.05,0.03,50,3,0.8,0.01,largest,38.0,1.20
tune_7,Testing/hos_40_r2_1.txt,0.05,0.05,0.03,50,3,0.8,0.01,largest,38.0,1.21
tune_8,Testing/hos_40_r2_1.txt,0.05,0.05,0.03,50,3,0.8,0.01,largest,38.0,1.20
tune_9,Testing/hos_40_r2_1.txt,0.05,0.05,0.03,50,3,0.8,0.01,largest,38.0,1.22
tune_10,Testing/hos_40_r2_1.txt,0.05,0.05,0.03,50,3,0.8,0.01,largest,38.0,1.43
tune_1,Testing/hos_45_r1_1.txt,0.05,0.05,0.03,50,3,0.8,0.01,largest,41.0,1.27
tune_2,Testing/hos_45_r1_1.txt,0.05,0.05,0.03,50,3,0.8,0.01,largest,41.0,1.27
tune_3,Testing/hos_45_r1_1.txt,0.05,0.05,0.03,50,3,0.8,0.01,largest,42.0,1.25
tune_4,Testing/hos_45_r1_1.txt,0.05,0.05,0.03,50,3,0.8,0.01,largest,42.0,1.25
tune_5,Testing/hos_45_r1_1.txt,0.05,0.05,0.03,50,3,0.8,0.01,largest,42.0,1.28
tune_6,Testing/hos_45_r1_1.txt,0.05,0.05,0.03,50,3,0.8,0.01,largest,41.0,1.28
tune_7,Testing/hos_45_r1_1.txt,0.05,0.05,0.03,50,3,0.8,0.01,largest,41.0,1.29
tune_8,Testing/hos_45_r1_1.txt,0.05,0.05,0.03,50,3,0.8,0.01,largest,42.0,1.30
tune_9,Testing/hos_45_r1_1.txt,0.05,0.05,0.03,50,3,0.8,0.01,largest,42.0,1.27
tune_10,Testing/hos_45_r1_1.txt,0.05,0.05,0.03,50,3,0.8,0.01,largest,41.0,1.27
tune_1,Testing/hos_45_r2_1.txt,0.05,0.05,0.03,50,3,0.8,0.01,largest,43.0,1.42
tune_2,Testing/hos_45_r2_1.txt,0.05,0.05,0.03,50,3,0.8,0.01,largest,43.0,1.39
tune_3,Testing/hos_45_r2_1.txt,0.05,0.05,0.03,50,3,0.8,0.01,largest,43.0,1.42
tune_4,Testing/hos_45_r2_1.txt,0.05,0.05,0.03,50,3,0.8,0.01,largest,43.0,1.40
tune_5,Testing/hos_45_r2_1.txt,0.05,0.05,0.03,50,3,0.8,0.01,largest,43.0,1.44
tune_6,Testing/hos_45_r2_1.txt,0.05,0.05,0.03,50,3,0.8,0.01,largest,43.0,1.40
tune_7,Testing/hos_45_r2_1.txt,0.05,0.05,0.03,50,3,0.8,0.01,largest,43.0,1.38
tune_8,Testing/hos_45_r2_1.txt,0.05,0.05,0.03,50,3,0.8,0.01,largest,43.0,1.42
tune_9,Testing/hos_45_r2_1.txt,0.05,0.05,0.03,50,3,0.8,0.01,largest,43.0,1.42
tune_10,Testing/hos_45_r2_1.txt,0.05,0.05,0.03,50,3,0.8,0.01,largest,43.0,1.42
tune_1,Testing/hos_50_r1_1.txt,0.05,0.05,0.03,50,3,0.8,0.01,largest,45.0,1.41
tune_2,Testing/hos_50_r1_1.txt,0.05,0.05,0.03,50,3,0.8,0.01,largest,46.0,1.27
tune_3,Testing/hos_50_r1_1.txt,0.05,0.05,0.03,50,3,0.8,0.01,largest,47.0,1.29
tune_4,Testing/hos_50_r1_1.txt,0.05,0.05,0.03,50,3,0.8,0.01,largest,47.0,1.28
tune_5,Testing/hos_50_r1_1.txt,0.05,0.05,0.03,50,3,0.8,0.01,largest,47.0,1.35
tune_6,Testing/hos_50_r1_1.txt,0.05,0.05,0.03,50,3,0.8,0.01,largest,47.0,1.27
tune_7,Testing/hos_50_r1_1.txt,0.05,0.05,0.03,50,3,0.8,0.01,largest,47.0,1.29
tune_8,Testing/hos_50_r1_1.txt,0.05,0.05,0.03,50,3,0.8,0.01,largest,47.0,1.27
tune_9,Testing/hos_50_r1_1.txt,0.05,0.05,0.03,50,3,0.8,0.01,largest,47.0,1.36
tune_10,Testing/hos_50_r1_1.txt,0.05,0.05,0.03,50,3,0.8,0.01,largest,47.0,1.34
tune_1,Testing/hos_50_r2_1.txt,0.05,0.05,0.03,50,3,0.8,0.01,largest,48.0,1.49
tune_2,Testing/hos_50_r2_1.txt,0.05,0.05,0.03,50,3,0.8,0.01,largest,48.0,1.50
tune_3,Testing/hos_50_r2_1.txt,0.05,0.05,0.03,50,3,0.8,0.01,largest,48.0,1.49
tune_4,Testing/hos_50_r2_1.txt,0.05,0.05,0.03,50,3,0.8,0.01,largest,48.0,1.52
tune_5,Testing/hos_50_r2_1.txt,0.05,0.05,0.03,50,3,0.8,0.01,largest,48.0,1.54
tune_6,Testing/hos_50_r2_1.txt,0.05,0.05,0.03,50,3,0.8,0.01,largest,48.0,1.52
tune_7,Testing/hos_50_r2_1.txt,0.05,0.05,0.03,50,3,0.8,0.01,largest,48.0,1.52
tune_8,Testing/hos_50_r2_1.txt,0.05,0.05,0.03,50,3,0.8,0.01,largest,48.0,1.50
tune_9,Testing/hos_50_r2_1.txt,0.05,0.05,0.03,50,3,0.8,0.01,largest,48.0,1.56
tune_10,Testing/hos_50_r2_1.txt,0.05,0.05,0.03,50,3,0.8,0.01,largest,48.0,1.54
tune_1,Testing/mac_grafo10dens30.txt,0.05,0.05,0.03,50,3,0.8,0.01,largest,10.0,1.06
tune_2,Testing/mac_grafo10dens30.txt,0.05,0.05,0.03,50,3,0.8,0.01,largest,10.0,1.07
tune_3,Testing/mac_grafo10dens30.txt,0.05,0.05,0.03,50,3,0.8,0.01,largest,10.0,1.14
tune_4,Testing/mac_grafo10dens30.txt,0.05,0.05,0.03,50,3,0.8,0.01,largest,10.0,1.14
tune_5,Testing/mac_grafo10dens30.txt,0.05,0.05,0.03,50,3,0.8,0.01,largest,10.0,1.13
tune_6,Testing/mac_grafo10dens30.txt,0.05,0.05,0.03,50,3,0.8,0.01,largest,10.0,1.10
tune_7,Testing/mac_grafo10dens30.txt,0.05,0.05,0.03,50,3,0.8,0.01,largest,10.0,1.13
tune_8,Testing/mac_grafo10dens30.txt,0.05,0.05,0.03,50,3,0.8,0.01,largest,10.0,1.15
tune_9,Testing/mac_grafo10dens30.txt,0.05,0.05,0.03,50,3,0.8,0.01,largest,10.0,1.11
tune_10,Testing/mac_grafo10dens30.txt,0.05,0.05,0.03,50,3,0.8,0.01,largest,10.0,1.13
tune_1,Testing/mac_grafo11dens30.txt,0.05,0.05,0.03,50,3,0.8,0.01,largest,11.0,1.16
tune_2,Testing/mac_grafo11dens30.txt,0.05,0.05,0.03,50,3,0.8,0.01,largest,11.0,1.10
tune_3,Testing/mac_grafo11dens30.txt,0.05,0.05,0.03,50,3,0.8,0.01,largest,11.0,1.10
tune_4,Testing/mac_grafo11dens30.txt,0.05,0.05,0.03,50,3,0.8,0.01,largest,11.0,1.11
tune_5,Testing/mac_grafo11dens30.txt,0.05,0.05,0.03,50,3,0.8,0.01,largest,11.0,1.19
tune_6,Testing/mac_grafo11dens30.txt,0.05,0.05,0.03,50,3,0.8,0.01,largest,11.0,1.12
tune_7,Testing/mac_grafo11dens30.txt,0.05,0.05,0.03,50,3,0.8,0.01,largest,11.0,1.12
tune_8,Testing/mac_grafo11dens30.txt,0.05,0.05,0.03,50,3,0.8,0.01,largest,11.0,1.15
tune_9,Testing/mac_grafo11dens30.txt,0.05,0.05,0.03,50,3,0.8,0.01,largest,11.0,1.15
tune_10,Testing/mac_grafo11dens30.txt,0.05,0.05,0.03,50,3,0.8,0.01,largest,11.0,1.16
tune_1,Testing/mac_grafo12dens30.txt,0.05,0.05,0.03,50,3,0.8,0.01,largest,12.0,1.16
tune_2,Testing/mac_grafo12dens30.txt,0.05,0.05,0.03,50,3,0.8,0.01,largest,12.0,1.14
tune_3,Testing/mac_grafo12dens30.txt,0.05,0.05,0.03,50,3,0.8,0.01,largest,12.0,1.12
tune_4,Testing/mac_grafo12dens30.txt,0.05,0.05,0.03,50,3,0.8,0.01,largest,12.0,1.09
tune_5,Testing/mac_grafo12dens30.txt,0.05,0.05,0.03,50,3,0.8,0.01,largest,12.0,1.12
tune_6,Testing/mac_grafo12dens30.txt,0.05,0.05,0.03,50,3,0.8,0.01,largest,12.0,1.13
tune_7,Testing/mac_grafo12dens30.txt,0.05,0.05,0.03,50,3,0.8,0.01,largest,12.0,1.12
tune_8,Testing/mac_grafo12dens30.txt,0.05,0.05,0.03,50,3,0.8,0.01,largest,12.0,1.17
tune_9,Testing/mac_grafo12dens30.txt,0.05,0.05,0.03,50,3,0.8,0.01,largest,12.0,1.15
tune_10,Testing/mac_grafo12dens30.txt,0.05,0.05,0.03,50,3,0.8,0.01,largest,12.0,1.11
tune_1,Testing/mac_grafo13dens30.txt,0.05,0.05,0.03,50,3,0.8,0.01,largest,13.0,1.14
tune_2,Testing/mac_grafo13dens30.txt,0.05,0.05,0.03,50,3,0.8,0.01,largest,13.0,1.14
tune_3,Testing/mac_grafo13dens30.txt,0.05,0.05,0.03,50,3,0.8,0.01,largest,13.0,1.15
tune_4,Testing/mac_grafo13dens30.txt,0.05,0.05,0.03,50,3,0.8,0.01,largest,13.0,1.13
tune_5,Testing/mac_grafo13dens30.txt,0.05,0.05,0.03,50,3,0.8,0.01,largest,13.0,1.17
tune_6,Testing/mac_grafo13dens30.txt,0.05,0.05,0.03,50,3,0.8,0.01,largest,13.0,1.14
tune_7,Testing/mac_grafo13dens30.txt,0.05,0.05,0.03,50,3,0.8,0.01,largest,13.0,1.06
tune_8,Testing/mac_grafo13dens30.txt,0.05,0.05,0.03,50,3,0.8,0.01,largest,13.0,1.16
tune_9,Testing/mac_grafo13dens30.txt,0.05,0.05,0.03,50,3,0.8,0.01,largest,13.0,1.14
tune_10,Testing/mac_grafo13dens30.txt,0.05,0.05,0.03,50,3,0.8,0.01,largest,13.0,1.14
tune_1,Testing/mac_grafo14dens30.txt,0.05,0.05,0.03,50,3,0.8,0.01,largest,14.0,1.12
tune_2,Testing/mac_grafo14dens30.txt,0.05,0.05,0.03,50,3,0.8,0.01,largest,14.0,1.15
tune_3,Testing/mac_grafo14dens30.txt,0.05,0.05,0.03,50,3,0.8,0.01,largest,14.0,1.16
tune_4,Testing/mac_grafo14dens30.txt,0.05,0.05,0.03,50,3,0.8,0.01,largest,14.0,1.11
tune_5,Testing/mac_grafo14dens30.txt,0.05,0.05,0.03,50,3,0.8,0.01,largest,14.0,1.14
tune_6,Testing/mac_grafo14dens30.txt,0.05,0.05,0.03,50,3,0.8,0.01,largest,14.0,1.28
tune_7,Testing/mac_grafo14dens30.txt,0.05,0.05,0.03,50,3,0.8,0.01,largest,14.0,1.12
tune_8,Testing/mac_grafo14dens30.txt,0.05,0.05,0.03,50,3,0.8,0.01,largest,14.0,1.13
tune_9,Testing/mac_grafo14dens30.txt,0.05,0.05,0.03,50,3,0.8,0.01,largest,14.0,1.13
tune_10,Testing/mac_grafo14dens30.txt,0.05,0.05,0.03,50,3,0.8,0.01,largest,14.0,1.12
tune_1,Testing/mac_grafo15dens30.txt,0.05,0.05,0.03,50,3,0.8,0.01,largest,15.0,1.14
tune_2,Testing/mac_grafo15dens30.txt,0.05,0.05,0.03,50,3,0.8,0.01,largest,15.0,1.17
tune_3,Testing/mac_grafo15dens30.txt,0.05,0.05,0.03,50,3,0.8,0.01,largest,15.0,1.16
tune_4,Testing/mac_grafo15dens30.txt,0.05,0.05,0.03,50,3,0.8,0.01,largest,15.0,1.17
tune_5,Testing/mac_grafo15dens30.txt,0.05,0.05,0.03,50,3,0.8,0.01,largest,15.0,1.17
tune_6,Testing/mac_grafo15dens30.txt,0.05,0.05,0.03,50,3,0.8,0.01,largest,15.0,1.10
tune_7,Testing/mac_grafo15dens30.txt,0.05,0.05,0.03,50,3,0.8,0.01,largest,15.0,1.11
tune_8,Testing/mac_grafo15dens30.txt,0.05,0.05,0.03,50,3,0.8,0.01,largest,15.0,1.18
tune_9,Testing/mac_grafo15dens30.txt,0.05,0.05,0.03,50,3,0.8,0.01,largest,15.0,1.17
tune_10,Testing/mac_grafo15dens30.txt,0.05,0.05,0.03,50,3,0.8,0.01,largest,15.0,1.15
tune_1,Testing/mac_grafo16dens30.txt,0.05,0.05,0.03,50,3,0.8,0.01,largest,15.0,1.13
tune_2,Testing/mac_grafo16dens30.txt,0.05,0.05,0.03,50,3,0.8,0.01,largest,15.0,1.17
tune_3,Testing/mac_grafo16dens30.txt,0.05,0.05,0.03,50,3,0.8,0.01,largest,16.0,1.19
tune_4,Testing/mac_grafo16dens30.txt,0.05,0.05,0.03,50,3,0.8,0.01,largest,15.0,1.12
tune_5,Testing/mac_grafo16dens30.txt,0.05,0.05,0.03,50,3,0.8,0.01,largest,15.0,1.20
tune_6,Testing/mac_grafo16dens30.txt,0.05,0.05,0.03,50,3,0.8,0.01,largest,15.0,1.14
tune_7,Testing/mac_grafo16dens30.txt,0.05,0.05,0.03,50,3,0.8,0.01,largest,15.0,1.16
tune_8,Testing/mac_grafo16dens30.txt,0.05,0.05,0.03,50,3,0.8,0.01,largest,15.0,1.16
tune_9,Testing/mac_grafo16dens30.txt,0.05,0.05,0.03,50,3,0.8,0.01,largest,15.0,1.15
tune_10,Testing/mac_grafo16dens30.txt,0.05,0.05,0.03,50,3,0.8,0.01,largest,16.0,1.16
tune_1,Testing/mac_grafo17dens30.txt,0.05,0.05,0.03,50,3,0.8,0.01,largest,16.0,1.19
tune_2,Testing/mac_grafo17dens30.txt,0.05,0.05,0.03,50,3,0.8,0.01,largest,16.0,1.21
tune_3,Testing/mac_grafo17dens30.txt,0.05,0.05,0.03,50,3,0.8,0.01,largest,17.0,1.17
tune_4,Testing/mac_grafo17dens30.txt,0.05,0.05,0.03,50,3,0.8,0.01,largest,17.0,1.18
tune_5,Testing/mac_grafo17dens30.txt,0.05,0.05,0.03,50,3,0.8,0.01,largest,17.0,1.19
tune_6,Testing/mac_grafo17dens30.txt,0.05,0.05,0.03,50,3,0.8,0.01,largest,17.0,1.17
tune_7,Testing/mac_grafo17dens30.txt,0.05,0.05,0.03,50,3,0.8,0.01,largest,16.0,1.19
tune_8,Testing/mac_grafo17dens30.txt,0.05,0.05,0.03,50,3,0.8,0.01,largest,16.0,1.23
tune_9,Testing/mac_grafo17dens30.txt,0.05,0.05,0.03,50,3,0.8,0.01,largest,16.0,1.17
tune_10,Testing/mac_grafo17dens30.txt,0.05,0.05,0.03,50,3,0.8,0.01,largest,16.0,1.19
tune_1,Testing/mac_grafo18dens30.txt,0.05,0.05,0.03,50,3,0.8,0.01,largest,18.0,1.18
tune_2,Testing/mac_grafo18dens30.txt,0.05,0.05,0.03,50,3,0.8,0.01,largest,18.0,1.19
tune_3,Testing/mac_grafo18dens30.txt,0.05,0.05,0.03,50,3,0.8,0.01,largest,18.0,1.18
tune_4,Testing/mac_grafo18dens30.txt,0.05,0.05,0.03,50,3,0.8,0.01,largest,18.0,1.15
tune_5,Testing/mac_grafo18dens30.txt,0.05,0.05,0.03,50,3,0.8,0.01,largest,18.0,1.21
tune_6,Testing/mac_grafo18dens30.txt,0.05,0.05,0.03,50,3,0.8,0.01,largest,18.0,1.18
tune_7,Testing/mac_grafo18dens30.txt,0.05,0.05,0.03,50,3,0.8,0.01,largest,18.0,1.20
tune_8,Testing/mac_grafo18dens30.txt,0.05,0.05,0.03,50,3,0.8,0.01,largest,18.0,1.20
tune_9,Testing/mac_grafo18dens30.txt,0.05,0.05,0.03,50,3,0.8,0.01,largest,18.0,1.17
tune_10,Testing/mac_grafo18dens30.txt,0.05,0.05,0.03,50,3,0.8,0.01,largest,18.0,1.14
tune_1,Testing/mac_grafo19dens30.txt,0.05,0.05,0.03,50,3,0.8,0.01,largest,19.0,1.16
tune_2,Testing/mac_grafo19dens30.txt,0.05,0.05,0.03,50,3,0.8,0.01,largest,19.0,1.18
tune_3,Testing/mac_grafo19dens30.txt,0.05,0.05,0.03,50,3,0.8,0.01,largest,19.0,1.16
tune_4,Testing/mac_grafo19dens30.txt,0.05,0.05,0.03,50,3,0.8,0.01,largest,19.0,1.19
tune_5,Testing/mac_grafo19dens30.txt,0.05,0.05,0.03,50,3,0.8,0.01,largest,19.0,1.21
tune_6,Testing/mac_grafo19dens30.txt,0.05,0.05,0.03,50,3,0.8,0.01,largest,19.0,1.16
tune_7,Testing/mac_grafo19dens30.txt,0.05,0.05,0.03,50,3,0.8,0.01,largest,19.0,1.20
tune_8,Testing/mac_grafo19dens30.txt,0.05,0.05,0.03,50,3,0.8,0.01,largest,19.0,1.15
tune_9,Testing/mac_grafo19dens30.txt,0.05,0.05,0.03,50,3,0.8,0.01,largest,19.0,1.19
tune_10,Testing/mac_grafo19dens30.txt,0.05,0.05,0.03,50,3,0.8,0.01,largest,19.0,1.15
tune_1,Testing/mac_grafo20dens30.txt,0.05,0.05,0.03,50,3,0.8,0.01,largest,19.0,1.18
tune_2,Testing/mac_grafo20dens30.txt,0.05,0.05,0.03,50,3,0.8,0.01,largest,19.0,1.16
tune_3,Testing/mac_grafo20dens30.txt,0.05,0.05,0.03,50,3,0.8,0.01,largest,19.0,1.23
tune_4,Testing/mac_grafo20dens30.txt,0.05,0.05,0.03,50,3,0.8,0.01,largest,19.0,1.18
tune_5,Testing/mac_grafo20dens30.txt,0.05,0.05,0.03,50,3,0.8,0.01,largest,19.0,1.18
tune_6,Testing/mac_grafo20dens30.txt,0.05,0.05,0.03,50,3,0.8,0.01,largest,19.0,1.19
tune_7,Testing/mac_grafo20dens30.txt,0.05,0.05,0.03,50,3,0.8,0.01,largest,19.0,1.20
tune_8,Testing/mac_grafo20dens30.txt,0.05,0.05,0.03,50,3,0.8,0.01,largest,19.0,1.19
tune_9,Testing/mac_grafo20dens30.txt,0.05,0.05,0.03,50,3,0.8,0.01,largest,19.0,1.15
tune_10,Testing/mac_grafo20dens30.txt,0.05,0.05,0.03,50,3,0.8,0.01,largest,19.0,1.14
tune_1,Testing/mac_grafo21dens30.txt,0.05,0.05,0.03,50,3,0.8,0.01,largest,19.0,1.20
tune_2,Testing/mac_grafo21dens30.txt,0.05,0.05,0.03,50,3,0.8,0.01,largest,19.0,1.19
tune_3,Testing/mac_grafo21dens30.txt,0.05,0.05,0.03,50,3,0.8,0.01,largest,20.0,1.19
tune_4,Testing/mac_grafo21dens30.txt,0.05,0.05,0.03,50,3,0.8,0.01,largest,20.0,1.19
tune_5,Testing/mac_grafo21dens30.txt,0.05,0.05,0.03,50,3,0.8,0.01,largest,19.0,1.19
tune_6,Testing/mac_grafo21dens30.txt,0.05,0.05,0.03,50,3,0.8,0.01,largest,19.0,1.19
tune_7,Testing/mac_grafo21dens30.txt,0.05,0.05,0.03,50,3,0.8,0.01,largest,19.0,1.20
tune_8,Testing/mac_grafo21dens30.txt,0.05,0.05,0.03,50,3,0.8,0.01,largest,19.0,1.27
tune_9,Testing/mac_grafo21dens30.txt,0.05,0.05,0.03,50,3,0.8,0.01,largest,19.0,1.18
tune_10,Testing/mac_grafo21dens30.txt,0.05,0.05,0.03,50,3,0.8,0.01,largest,19.0,1.20
tune_1,Testing/mac_grafo22dens30.txt,0.05,0.05,0.03,50,3,0.8,0.01,largest,21.0,1.24
tune_2,Testing/mac_grafo22dens30.txt,0.05,0.05,0.03,50,3,0.8,0.01,largest,20.0,1.22
tune_3,Testing/mac_grafo22dens30.txt,0.05,0.05,0.03,50,3,0.8,0.01,largest,19.0,1.19
tune_4,Testing/mac_grafo22dens30.txt,0.05,0.05,0.03,50,3,0.8,0.01,largest,20.0,1.23
tune_5,Testing/mac_grafo22dens30.txt,0.05,0.05,0.03,50,3,0.8,0.01,largest,20.0,1.21
tune_6,Testing/mac_grafo22dens30.txt,0.05,0.05,0.03,50,3,0.8,0.01,largest,21.0,1.23
tune_7,Testing/mac_grafo22dens30.txt,0.05,0.05,0.03,50,3,0.8,0.01,largest,21.0,1.28
tune_8,Testing/mac_grafo22dens30.txt,0.05,0.05,0.03,50,3,0.8,0.01,largest,20.0,1.18
tune_9,Testing/mac_grafo22dens30.txt,0.05,0.05,0.03,50,3,0.8,0.01,largest,21.0,1.22
tune_10,Testing/mac_grafo22dens30.txt,0.05,0.05,0.03,50,3,0.8,0.01,largest,20.0,1.20
tune_1,Testing/mac_grafo23dens30.txt,0.05,0.05,0.03,50,3,0.8,0.01,largest,22.0,1.22
tune_2,Testing/mac_grafo23dens30.txt,0.05,0.05,0.03,50,3,0.8,0.01,largest,22.0,1.22
tune_3,Testing/mac_grafo23dens30.txt,0.05,0.05,0.03,50,3,0.8,0.01,largest,22.0,1.24
tune_4,Testing/mac_grafo23dens30.txt,0.05,0.05,0.03,50,3,0.8,0.01,largest,22.0,1.22
tune_5,Testing/mac_grafo23dens30.txt,0.05,0.05,0.03,50,3,0.8,0.01,largest,22.0,1.28
tune_6,Testing/mac_grafo23dens30.txt,0.05,0.05,0.03,50,3,0.8,0.01,largest,22.0,1.19
tune_7,Testing/mac_grafo23dens30.txt,0.05,0.05,0.03,50,3,0.8,0.01,largest,22.0,1.24
tune_8,Testing/mac_grafo23dens30.txt,0.05,0.05,0.03,50,3,0.8,0.01,largest,22.0,1.24
tune_9,Testing/mac_grafo23dens30.txt,0.05,0.05,0.03,50,3,0.8,0.01,largest,22.0,1.22
tune_10,Testing/mac_grafo23dens30.txt,0.05,0.05,0.03,50,3,0.8,0.01,largest,22.0,1.21
tune_1,Testing/mac_grafo24dens30.txt,0.05,0.05,0.03,50,3,0.8,0.01,largest,22.0,1.20
tune_2,Testing/mac_grafo24dens30.txt,0.05,0.05,0.03,50,3,0.8,0.01,largest,22.0,1.22
tune_3,Testing/mac_grafo24dens30.txt,0.05,0.05,0.03,50,3,0.8,0.01,largest,22.0,1.20
tune_4,Testing/mac_grafo24dens30.txt,0.05,0.05,0.03,50,3,0.8,0.01,largest,22.0,1.22
tune_5,Testing/mac_grafo24dens30.txt,0.05,0.05,0.03,50,3,0.8,0.01,largest,22.0,1.22
tune_6,Testing/mac_grafo24dens30.txt,0.05,0.05,0.03,50,3,0.8,0.01,largest,23.0,1.20
tune_7,Testing/mac_grafo24dens30.txt,0.05,0.05,0.03,50,3,0.8,0.01,largest,22.0,1.21
tune_8,Testing/mac_grafo24dens30.txt,0.05,0.05,0.03,50,3,0.8,0.01,largest,23.0,1.23
tune_9,Testing/mac_grafo24dens30.txt,0.05,0.05,0.03,50,3,0.8,0.01,largest,22.0,1.23
tune_10,Testing/mac_grafo24dens30.txt,0.05,0.05,0.03,50,3,0.8,0.01,largest,23.0,1.23
tune_1,Testing/mac_grafo25dens30.txt,0.05,0.05,0.03,50,3,0.8,0.01,largest,24.0,1.23
tune_2,Testing/mac_grafo25dens30.txt,0.05,0.05,0.03,50,3,0.8,0.01,largest,24.0,1.22
tune_3,Testing/mac_grafo25dens30.txt,0.05,0.05,0.03,50,3,0.8,0.01,largest,24.0,1.24
tune_4,Testing/mac_grafo25dens30.txt,0.05,0.05,0.03,50,3,0.8,0.01,largest,24.0,1.25
tune_5,Testing/mac_grafo25dens30.txt,0.05,0.05,0.03,50,3,0.8,0.01,largest,24.0,1.26
tune_6,Testing/mac_grafo25dens30.txt,0.05,0.05,0.03,50,3,0.8,0.01,largest,24.0,1.24
tune_7,Testing/mac_grafo25dens30.txt,0.05,0.05,0.03,50,3,0.8,0.01,largest,24.0,1.28
tune_8,Testing/mac_grafo25dens30.txt,0.05,0.05,0.03,50,3,0.8,0.01,largest,24.0,1.24
tune_9,Testing/mac_grafo25dens30.txt,0.05,0.05,0.03,50,3,0.8,0.01,largest,24.0,1.23
tune_10,Testing/mac_grafo25dens30.txt,0.05,0.05,0.03,50,3,0.8,0.01,largest,24.0,1.24
tune_1,Testing/mac_grafo26dens30.txt,0.05,0.05,0.03,50,3,0.8,0.01,largest,25.0,1.27
tune_2,Testing/mac_grafo26dens30.txt,0.05,0.05,0.03,50,3,0.8,0.01,largest,25.0,1.24
tune_3,Testing/mac_grafo26dens30.txt,0.05,0.05,0.03,50,3,0.8,0.01,largest,25.0,1.26
tune_4,Testing/mac_grafo26dens30.txt,0.05,0.05,0.03,50,3,0.8,0.01,largest,25.0,1.24
tune_5,Testing/mac_grafo26dens30.txt,0.05,0.05,0.03,50,3,0.8,0.01,largest,25.0,1.25
tune_6,Testing/mac_grafo26dens30.txt,0.05,0.05,0.03,50,3,0.8,0.01,largest,25.0,1.22
tune_7,Testing/mac_grafo26dens30.txt,0.05,0.05,0.03,50,3,0.8,0.01,largest,25.0,1.22
tune_8,Testing/mac_grafo26dens30.txt,0.05,0.05,0.03,50,3,0.8,0.01,largest,25.0,1.20
tune_9,Testing/mac_grafo26dens30.txt,0.05,0.05,0.03,50,3,0.8,0.01,largest,25.0,1.25
tune_10,Testing/mac_grafo26dens30.txt,0.05,0.05,0.03,50,3,0.8,0.01,largest,25.0,1.22
tune_1,Testing/mac_grafo27dens30.txt,0.05,0.05,0.03,50,3,0.8,0.01,largest,26.0,1.27
tune_2,Testing/mac_grafo27dens30.txt,0.05,0.05,0.03,50,3,0.8,0.01,largest,26.0,1.30
tune_3,Testing/mac_grafo27dens30.txt,0.05,0.05,0.03,50,3,0.8,0.01,largest,26.0,1.23
tune_4,Testing/mac_grafo27dens30.txt,0.05,0.05,0.03,50,3,0.8,0.01,largest,26.0,1.22
tune_5,Testing/mac_grafo27dens30.txt,0.05,0.05,0.03,50,3,0.8,0.01,largest,26.0,1.30
tune_6,Testing/mac_grafo27dens30.txt,0.05,0.05,0.03,50,3,0.8,0.01,largest,26.0,1.25
tune_7,Testing/mac_grafo27dens30.txt,0.05,0.05,0.03,50,3,0.8,0.01,largest,26.0,1.25
tune_8,Testing/mac_grafo27dens30.txt,0.05,0.05,0.03,50,3,0.8,0.01,largest,26.0,1.26
tune_9,Testing/mac_grafo27dens30.txt,0.05,0.05,0.03,50,3,0.8,0.01,largest,26.0,1.30
tune_10,Testing/mac_grafo27dens30.txt,0.05,0.05,0.03,50,3,0.8,0.01,largest,26.0,1.25
tune_1,Testing/mac_grafo28dens30.txt,0.05,0.05,0.03,50,3,0.8,0.01,largest,27.0,1.25
tune_2,Testing/mac_grafo28dens30.txt,0.05,0.05,0.03,50,3,0.8,0.01,largest,27.0,1.28
tune_3,Testing/mac_grafo28dens30.txt,0.05,0.05,0.03,50,3,0.8,0.01,largest,27.0,1.28
tune_4,Testing/mac_grafo28dens30.txt,0.05,0.05,0.03,50,3,0.8,0.01,largest,27.0,1.27
tune_5,Testing/mac_grafo28dens30.txt,0.05,0.05,0.03,50,3,0.8,0.01,largest,27.0,1.28
tune_6,Testing/mac_grafo28dens30.txt,0.05,0.05,0.03,50,3,0.8,0.01,largest,27.0,1.33
tune_7,Testing/mac_grafo28dens30.txt,0.05,0.05,0.03,50,3,0.8,0.01,largest,27.0,1.26
tune_8,Testing/mac_grafo28dens30.txt,0.05,0.05,0.03,50,3,0.8,0.01,largest,27.0,1.32
tune_9,Testing/mac_grafo28dens30.txt,0.05,0.05,0.03,50,3,0.8,0.01,largest,27.0,1.29
tune_10,Testing/mac_grafo28dens30.txt,0.05,0.05,0.03,50,3,0.8,0.01,largest,27.0,1.26
tune_1,Testing/mac_grafo29dens30.txt,0.05,0.05,0.03,50,3,0.8,0.01,largest,28.0,1.31
tune_2,Testing/mac_grafo29dens30.txt,0.05,0.05,0.03,50,3,0.8,0.01,largest,28.0,1.32
tune_3,Testing/mac_grafo29dens30.txt,0.05,0.05,0.03,50,3,0.8,0.01,largest,28.0,1.27
tune_4,Testing/mac_grafo29dens30.txt,0.05,0.05,0.03,50,3,0.8,0.01,largest,28.0,1.33
tune_5,Testing/mac_grafo29dens30.txt,0.05,0.05,0.03,50,3,0.8,0.01,largest,28.0,1.28
tune_6,Testing/mac_grafo29dens30.txt,0.05,0.05,0.03,50,3,0.8,0.01,largest,28.0,1.27
tune_7,Testing/mac_grafo29dens30.txt,0.05,0.05,0.03,50,3,0.8,0.01,largest,28.0,1.29
tune_8,Testing/mac_grafo29dens30.txt,0.05,0.05,0.03,50,3,0.8,0.01,largest,28.0,1.26
tune_9,Testing/mac_grafo29dens30.txt,0.05,0.05,0.03,50,3,0.8,0.01,largest,28.0,1.27
tune_10,Testing/mac_grafo29dens30.txt,0.05,0.05,0.03,50,3,0.8,0.01,largest,28.0,1.28
tune_1,Testing/mac_grafo30dens30.txt,0.05,0.05,0.03,50,3,0.8,0.01,largest,29.0,1.27
tune_2,Testing/mac_grafo30dens30.txt,0.05,0.05,0.03,50,3,0.8,0.01,largest,29.0,1.25
tune_3,Testing/mac_grafo30dens30.txt,0.05,0.05,0.03,50,3,0.8,0.01,largest,29.0,1.27
tune_4,Testing/mac_grafo30dens30.txt,0.05,0.05,0.03,50,3,0.8,0.01,largest,29.0,1.24
tune_5,Testing/mac_grafo30dens30.txt,0.05,0.05,0.03,50,3,0.8,0.01,largest,29.0,1.30
tune_6,Testing/mac_grafo30dens30.txt,0.05,0.05,0.03,50,3,0.8,0.01,largest,29.0,1.29
tune_7,Testing/mac_grafo30dens30.txt,0.05,0.05,0.03,50,3,0.8,0.01,largest,29.0,1.27
tune_8,Testing/mac_grafo30dens30.txt,0.05,0.05,0.03,50,3,0.8,0.01,largest,29.0,1.29
tune_9,Testing/mac_grafo30dens30.txt,0.05,0.05,0.03,50,3,0.8,0.01,largest,29.0,1.26
tune_10,Testing/mac_grafo30dens30.txt,0.05,0.05,0.03,50,3,0.8,0.01,largest,29.0,1.31
tune_1,Testing/cor_adjnoun-w.txt,0.05,0.05,0.03,50,3,0.8,0.01,pairwise,4371.0,1.83
tune_2,Testing/cor_adjnoun-w.txt,0.05,0.05,0.03,50,3,0.8,0.01,pairwise,4656.0,1.87
tune_3,Testing/cor_adjnoun-w.txt,0.05,0.05,0.03,50,3,0.8,0.01,pairwise,4465.0,1.84
tune_4,Testing/cor_adjnoun-w.txt,0.05,0.05,0.03,50,3,0.8,0.01,pairwise,4560.0,1.80
tune_5,Testing/cor_adjnoun-w.txt,0.05,0.05,0.03,50,3,0.8,0.01,pairwise,4560.0,1.84
tune_6,Testing/cor_adjnoun-w.txt,0.05,0.05,0.03,50,3,0.8,0.01,pairwise,4656.0,1.73
tune_7,Testing/cor_adjnoun-w.txt,0.05,0.05,0.03,50,3,0.8,0.01,pairwise,4656.0,1.82
tune_8,Testing/cor_adjnoun-w.txt,0.05,0.05,0.03,50,3,0.8,0.01,pairwise,4560.0,1.81
tune_9,Testing/cor_adjnoun-w.txt,0.05,0.05,0.03,50,3,0.8,0.01,pairwise,4656.0,1.79
tune_10,Testing/cor_adjnoun-w.txt,0.05,0.05,0.03,50,3,0.8,0.01,pairwise,4560.0,1.86
tune_1,Testing/cor_celegans_metabolic-w.txt,0.05,0.05,0.03,50,3,0.8,0.01,pairwise,75504.0,4.95
tune_2,Testing/cor_celegans_metabolic-w.txt,0.05,0.05,0.03,50,3,0.8,0.01,pairwise,72834.0,4.96
tune_3,Testing/cor_celegans_metabolic-w.txt,0.05,0.05,0.03,50,3,0.8,0.01,pairwise,75899.0,5.05
tune_4,Testing/cor_celegans_metabolic-w.txt,0.05,0.05,0.03,50,3,0.8,0.01,pairwise,72432.0,5.08
tune_5,Testing/cor_celegans_metabolic-w.txt,0.05,0.05,0.03,50,3,0.8,0.01,pairwise,72825.0,4.96
tune_6,Testing/cor_celegans_metabolic-w.txt,0.05,0.05,0.03,50,3,0.8,0.01,pairwise,76680.0,5.06
tune_7,Testing/cor_celegans_metabolic-w.txt,0.05,0.05,0.03,50,3,0.8,0.01,pairwise,80619.0,5.08
tune_8,Testing/cor_celegans_metabolic-w.txt,0.05,0.05,0.03,50,3,0.8,0.01,pairwise,82674.0,5.14
tune_9,Testing/cor_celegans_metabolic-w.txt,0.05,0.05,0.03,50,3,0.8,0.01,pairwise,74341.0,5.08
tune_10,Testing/cor_celegans_metabolic-w.txt,0.05,0.05,0.03,50,3,0.8,0.01,pairwise,81025.0,5.01
tune_1,Testing/cor_celegansneural-w.txt,0.05,0.05,0.03,50,3,0.8,0.01,pairwise,37128.0,5.10
tune_2,Testing/cor_celegansneural-w.txt,0.05,0.05,0.03,50,3,0.8,0.01,pairwise,35245.0,5.21
tune_3,Testing/cor_celegansneural-w.txt,0.05,0.05,0.03,50,3,0.8,0.01,pairwise,34980.0,5.12
tune_4,Testing/cor_celegansneural-w.txt,0.05,0.05,0.03,50,3,0.8,0.01,pairwise,36856.0,5.08
tune_5,Testing/cor_celegansneural-w.txt,0.05,0.05,0.03,50,3,0.8,0.01,pairwise,35245.0,5.24
tune_6,Testing/cor_celegansneural-w.txt,0.05,0.05,0.03,50,3,0.8,0.01,pairwise,35511.0,5.22
tune_7,Testing/cor_celegansneural-w.txt,0.05,0.05,0.03,50,3,0.8,0.01,pairwise,34980.0,5.09
tune_8,Testing/cor_celegansneural-w.txt,0.05,0.05,0.03,50,3,0.8,0.01,pairwise,35511.0,5.37
tune_9,Testing/cor_celegansneural-w.txt,0.05,0.05,0.03,50,3,0.8,0.01,pairwise,35511.0,5.21
tune_10,Testing/cor_celegansneural-w.txt,0.05,0.05,0.03,50,3,0.8,0.01,pairwise,36315.0,5.15
tune_1,Testing/cor_dolphins-w.txt,0.05,0.05,0.03,50,3,0.8,0.01,pairwise,1275.0,1.36
tune_2,Testing/cor_dolphins-w.txt,0.05,0.05,0.03,50,3,0.8,0.01,pairwise,1275.0,1.36
tune_3,Testing/cor_dolphins-w.txt,0.05,0.05,0.03,50,3,0.8,0.01,pairwise,1326.0,1.39
tune_4,Testing/cor_dolphins-w.txt,0.05,0.05,0.03,50,3,0.8,0.01,pairwise,1225.0,1.37
tune_5,Testing/cor_dolphins-w.txt,0.05,0.05,0.03,50,3,0.8,0.01,pairwise,1275.0,1.33
tune_6,Testing/cor_dolphins-w.txt,0.05,0.05,0.03,50,3,0.8,0.01,pairwise,1275.0,1.35
tune_7,Testing/cor_dolphins-w.txt,0.05,0.05,0.03,50,3,0.8,0.01,pairwise,1326.0,1.37
tune_8,Testing/cor_dolphins-w.txt,0.05,0.05,0.03,50,3,0.8,0.01,pairwise,1326.0,1.39
tune_9,Testing/cor_dolphins-w.txt,0.05,0.05,0.03,50,3,0.8,0.01,pairwise,1326.0,1.36
tune_10,Testing/cor_dolphins-w.txt,0.05,0.05,0.03,50,3,0.8,0.01,pairwise,1378.0,1.38
tune_1,Testing/cor_football-w.txt,0.05,0.05,0.03,50,3,0.8,0.01,pairwise,5995.0,2.15
tune_2,Testing/cor_football-w.txt,0.05,0.05,0.03,50,3,0.8,0.01,pairwise,5995.0,2.11
tune_3,Testing/cor_football-w.txt,0.05,0.05,0.03,50,3,0.8,0.01,pairwise,5995.0,2.08
tune_4,Testing/cor_football-w.txt,0.05,0.05,0.03,50,3,0.8,0.01,pairwise,5995.0,2.12
tune_5,Testing/cor_football-w.txt,0.05,0.05,0.03,50,3,0.8,0.01,pairwise,5995.0,2.06
tune_6,Testing/cor_football-w.txt,0.05,0.05,0.03,50,3,0.8,0.01,pairwise,5995.0,2.14
tune_7,Testing/cor_football-w.txt,0.05,0.05,0.03,50,3,0.8,0.01,pairwise,5995.0,2.07
tune_8,Testing/cor_football-w.txt,0.05,0.05,0.03,50,3,0.8,0.01,pairwise,5995.0,2.14
tune_9,Testing/cor_football-w.txt,0.05,0.05,0.03,50,3,0.8,0.01,pairwise,5995.0,2.15
tune_10,Testing/cor_football-w.txt,0.05,0.05,0.03,50,3,0.8,0.01,pairwise,5995.0,2.11
tune_1,Testing/cor_jazz-w.txt,0.05,0.05,0.03,50,3,0.8,0.01,pairwise,16653.0,6.14
tune_2,Testing/cor_jazz-w.txt,0.05,0.05,0.03,50,3,0.8,0.01,pairwise,16471.0,6.31
tune_3,Testing/cor_jazz-w.txt,0.05,0.05,0.03,50,3,0.8,0.01,pairwise,16112.0,6.25
tune_4,Testing/cor_jazz-w.txt,0.05,0.05,0.03,50,3,0.8,0.01,pairwise,16293.0,6.27
tune_5,Testing/cor_jazz-w.txt,0.05,0.05,0.03,50,3,0.8,0.01,pairwise,16653.0,6.33
tune_6,Testing/cor_jazz-w.txt,0.05,0.05,0.03,50,3,0.8,0.01,pairwise,16653.0,6.34
tune_7,Testing/cor_jazz-w.txt,0.05,0.05,0.03,50,3,0.8,0.01,pairwise,16836.0,6.37
tune_8,Testing/cor_jazz-w.txt,0.05,0.05,0.03,50,3,0.8,0.01,pairwise,16291.0,6.31
tune_9,Testing/cor_jazz-w.txt,0.05,0.05,0.03,50,3,0.8,0.01,pairwise,16653.0,6.31
tune_10,Testing/cor_jazz-w.txt,0.05,0.05,0.03,50,3,0.8,0.01,pairwise,16472.0,6.18
tune_1,Testing/cor_karate-w.txt,0.05,0.05,0.03,50,3,0.8,0.01,pairwise,465.0,1.22
tune_2,Testing/cor_karate-w.txt,0.05,0.05,0.03,50,3,0.8,0.01,pairwise,335.0,1.28
tune_3,Testing/cor_karate-w.txt,0.05,0.05,0.03,50,3,0.8,0.01,pairwise,335.0,1.24
tune_4,Testing/cor_karate-w.txt,0.05,0.05,0.03,50,3,0.8,0.01,pairwise,335.0,1.20
tune_5,Testing/cor_karate-w.txt,0.05,0.05,0.03,50,3,0.8,0.01,pairwise,335.0,1.21
tune_6,Testing/cor_karate-w.txt,0.05,0.05,0.03,50,3,0.8,0.01,pairwise,361.0,1.22
tune_7,Testing/cor_karate-w.txt,0.05,0.05,0.03,50,3,0.8,0.01,pairwise,335.0,1.19
tune_8,Testing/cor_karate-w.txt,0.05,0.05,0.03,50,3,0.8,0.01,pairwise,335.0,1.20
tune_9,Testing/cor_karate-w.txt,0.05,0.05,0.03,50,3,0.8,0.01,pairwise,335.0,1.21
tune_10,Testing/cor_karate-w.txt,0.05,0.05,0.03,50,3,0.8,0.01,pairwise,361.0,1.21
tune_1,Testing/cor_lesmis-w.txt,0.05,0.05,0.03,50,3,0.8,0.01,pairwise,1312.0,1.57
tune_2,Testing/cor_lesmis-w.txt,0.05,0.05,0.03,50,3,0.8,0.01,pairwise,1142.0,1.56
tune_3,Testing/cor_lesmis-w.txt,0.05,0.05,0.03,50,3,0.8,0.01,pairwise,924.0,1.54
tune_4,Testing/cor_lesmis-w.txt,0.05,0.05,0.03,50,3,0.8,0.01,pairwise,1273.0,1.51
tune_5,Testing/cor_lesmis-w.txt,0.05,0.05,0.03,50,3,0.8,0.01,pairwise,1052.0,1.58
tune_6,Testing/cor_lesmis-w.txt,0.05,0.05,0.03,50,3,0.8,0.01,pairwise,1162.0,1.54
tune_7,Testing/cor_lesmis-w.txt,0.05,0.05,0.03,50,3,0.8,0.01,pairwise,1454.0,1.50
tune_8,Testing/cor_lesmis-w.txt,0.05,0.05,0.03,50,3,0.8,0.01,pairwise,1521.0,1.55
tune_9,Testing/cor_lesmis-w.txt,0.05,0.05,0.03,50,3,0.8,0.01,pairwise,1305.0,1.56
tune_10,Testing/cor_lesmis-w.txt,0.05,0.05,0.03,50,3,0.8,0.01,pairwise,1258.0,1.51
tune_1,Testing/cor_n050plai01.txt,0.05,0.05,0.03,50,3,0.8,0.01,pairwise,1081.0,1.31
tune_2,Testing/cor_n050plai01.txt,0.05,0.05,0.03,50,3,0.8,0.01,pairwise,1035.0,1.32
tune_3,Testing/cor_n050plai01.txt,0.05,0.05,0.03,50,3,0.8,0.01,pairwise,1081.0,1.32
tune_4,Testing/cor_n050plai01.txt,0.05,0.05,0.03,50,3,0.8,0.01,pairwise,1128.0,1.31
tune_5,Testing/cor_n050plai01.txt,0.05,0.05,0.03,50,3,0.8,0.01,pairwise,1081.0,1.36
tune_6,Testing/cor_n050plai01.txt,0.05,0.05,0.03,50,3,0.8,0.01,pairwise,1081.0,1.35
tune_7,Testing/cor_n050plai01.txt,0.05,0.05,0.03,50,3,0.8,0.01,pairwise,1128.0,1.31
tune_8,Testing/cor_n050plai01.txt,0.05,0.05,0.03,50,3,0.8,0.01,pairwise,1081.0,1.32
tune_9,Testing/cor_n050plai01.txt,0.05,0.05,0.03,50,3,0.8,0.01,pairwise,1081.0,1.34
tune_10,Testing/cor_n050plai01.txt,0.05,0.05,0.03,50,3,0.8,0.01,pairwise,1128.0,1.35
tune_1,Testing/cor_n100plai01.txt,0.05,0.05,0.03,50,3,0.8,0.01,pairwise,4278.0,1.65
tune_2,Testing/cor_n100plai01.txt,0.05,0.05,0.03,50,3,0.8,0.01,pairwise,4465.0,1.63
tune_3,Testing/cor_n100plai01.txt,0.05,0.05,0.03,50,3,0.8,0.01,pairwise,4189.0,1.58
tune_4,Testing/cor_n100plai01.txt,0.05,0.05,0.03,50,3,0.8,0.01,pairwise,4278.0,1.64
tune_5,Testing/cor_n100plai01.txt,0.05,0.05,0.03,50,3,0.8,0.01,pairwise,4371.0,1.64
tune_6,Testing/cor_n100plai01.txt,0.05,0.05,0.03,50,3,0.8,0.01,pairwise,4371.0,1.59
tune_7,Testing/cor_n100plai01.txt,0.05,0.05,0.03,50,3,0.8,0.01,pairwise,4371.0,1.67
tune_8,Testing/cor_n100plai01.txt,0.05,0.05,0.03,50,3,0.8,0.01,pairwise,4371.0,1.59
tune_9,Testing/cor_n100plai01.txt,0.05,0.05,0.03,50,3,0.8,0.01,pairwise,4371.0,1.62
tune_10,Testing/cor_n100plai01.txt,0.05,0.05,0.03,50,3,0.8,0.01,pairwise,4278.0,1.64
tune_1,Testing/cor_n150plai01.txt,0.05,0.05,0.03,50,3,0.8,0.01,pairwise,9870.0,1.93
tune_2,Testing/cor_n150plai01.txt,0.05,0.05,0.03,50,3,0.8,0.01,pairwise,9870.0,1.85
tune_3,Testing/cor_n150plai01.txt,0.05,0.05,0.03,50,3,0.8,0.01,pairwise,9870.0,1.91
tune_4,Testing/cor_n150plai01.txt,0.05,0.05,0.03,50,3,0.8,0.01,pairwise,9730.0,1.87
tune_5,Testing/cor_n150plai01.txt,0.05,0.05,0.03,50,3,0.8,0.01,pairwise,10011.0,1.91
tune_6,Testing/cor_n150plai01.txt,0.05,0.05,0.03,50,3,0.8,0.01,pairwise,10011.0,1.91
tune_7,Testing/cor_n150plai01.txt,0.05,0.05,0.03,50,3,0.8,0.01,pairwise,9870.0,1.87
tune_8,Testing/cor_n150plai01.txt,0.05,0.05,0.03,50,3,0.8,0.01,pairwise,9870.0,1.91
tune_9,Testing/cor_n150plai01.txt,0.05,0.05,0.03,50,3,0.8,0.01,pairwise,9870.0,1.92
tune_10,Testing/cor_n150plai01.txt,0.05,0.05,0.03,50,3,0.8,0.01,pairwise,9730.0,1.88
tune_1,Testing/cor_n200plai01.txt,0.05,0.05,0.03,50,3,0.8,0.01,pairwise,17578.0,2.21
tune_2,Testing/cor_n200plai01.txt,0.05,0.05,0.03,50,3,0.8,0.01,pairwise,17578.0,2.15
tune_3,Testing/cor_n200plai01.txt,0.05,0.05,0.03,50,3,0.8,0.01,pairwise,17391.0,2.13
tune_4,Testing/cor_n200plai01.txt,0.05,0.05,0.03,50,3,0.8,0.01,pairwise,17205.0,2.15
tune_5,Testing/cor_n200plai01.txt,0.05,0.05,0.03,50,3,0.8,0.01,pairwise,17391.0,2.20
tune_6,Testing/cor_n200plai01.txt,0.05,0.05,0.03,50,3,0.8,0.01,pairwise,17205.0,2.12
tune_7,Testing/cor_n200plai01.txt,0.05,0.05,0.03,50,3,0.8,0.01,pairwise,17578.0,2.13
tune_8,Testing/cor_n200plai01.txt,0.05,0.05,0.03,50,3,0.8,0.01,pairwise,17391.0,2.11
tune_9,Testing/cor_n200plai01.txt,0.05,0.05,0.03,50,3,0.8,0.01,pairwise,17391.0,2.15
tune_10,Testing/cor_n200plai01.txt,0.05,0.05,0.03,50,3,0.8,0.01,pairwise,17391.0,2.13
tune_1,Testing/cor_n250plai01.txt,0.05,0.05,0.03,50,3,0.8,0.01,pairwise,25880.0,2.52
tune_2,Testing/cor_n250plai01.txt,0.05,0.05,0.03,50,3,0.8,0.01,pairwise,26797.0,2.58
tune_3,Testing/cor_n250plai01.txt,0.05,0.05,0.03,50,3,0.8,0.01,pairwise,26337.0,2.55
tune_4,Testing/cor_n250plai01.txt,0.05,0.05,0.03,50,3,0.8,0.01,pairwise,25204.0,2.48
tune_5,Testing/cor_n250plai01.txt,0.05,0.05,0.03,50,3,0.8,0.01,pairwise,25879.0,2.56
tune_6,Testing/cor_n250plai01.txt,0.05,0.05,0.03,50,3,0.8,0.01,pairwise,26567.0,2.58
tune_7,Testing/cor_n250plai01.txt,0.05,0.05,0.03,50,3,0.8,0.01,pairwise,26337.0,2.55
tune_8,Testing/cor_n250plai01.txt,0.05,0.05,0.03,50,3,0.8,0.01,pairwise,26108.0,2.47
tune_9,Testing/cor_n250plai01.txt,0.05,0.05,0.03,50,3,0.8,0.01,pairwise,26338.0,2.56
tune_10,Testing/cor_n250plai01.txt,0.05,0.05,0.03,50,3,0.8,0.01,pairwise,25881.0,2.51
tune_1,Testing/cor_n300plai01.txt,0.05,0.05,0.03,50,3,0.8,0.01,pairwise,39340.0,2.79
tune_2,Testing/cor_n300plai01.txt,0.05,0.05,0.03,50,3,0.8,0.01,pairwise,39061.0,2.81
tune_3,Testing/cor_n300plai01.txt,0.05,0.05,0.03,50,3,0.8,0.01,pairwise,38229.0,2.92
tune_4,Testing/cor_n300plai01.txt,0.05,0.05,0.03,50,3,0.8,0.01,pairwise,38781.0,2.82
tune_5,Testing/cor_n300plai01.txt,0.05,0.05,0.03,50,3,0.8,0.01,pairwise,39340.0,2.77
tune_6,Testing/cor_n300plai01.txt,0.05,0.05,0.03,50,3,0.8,0.01,pairwise,38504.0,2.81
tune_7,Testing/cor_n300plai01.txt,0.05,0.05,0.03,50,3,0.8,0.01,pairwise,39062.0,2.88
tune_8,Testing/cor_n300plai01.txt,0.05,0.05,0.03,50,3,0.8,0.01,pairwise,38227.0,2.80
tune_9,Testing/cor_n300plai01.txt,0.05,0.05,0.03,50,3,0.8,0.01,pairwise,38782.0,2.87
tune_10,Testing/cor_n300plai01.txt,0.05,0.05,0.03,50,3,0.8,0.01,pairwise,38785.0,2.85
tune_1,Testing/cor_n350plai01.txt,0.05,0.05,0.03,50,3,0.8,0.01,pairwise,49464.0,3.21
tune_2,Testing/cor_n350plai01.txt,0.05,0.05,0.03,50,3,0.8,0.01,pairwise,49461.0,3.01
tune_3,Testing/cor_n350plai01.txt,0.05,0.05,0.03,50,3,0.8,0.01,pairwise,48525.0,3.07
tune_4,Testing/cor_n350plai01.txt,0.05,0.05,0.03,50,3,0.8,0.01,pairwise,49778.0,3.05
tune_5,Testing/cor_n350plai01.txt,0.05,0.05,0.03,50,3,0.8,0.01,pairwise,49777.0,3.07
tune_6,Testing/cor_n350plai01.txt,0.05,0.05,0.03,50,3,0.8,0.01,pairwise,48213.0,3.20
tune_7,Testing/cor_n350plai01.txt,0.05,0.05,0.03,50,3,0.8,0.01,pairwise,48525.0,3.13
tune_8,Testing/cor_n350plai01.txt,0.05,0.05,0.03,50,3,0.8,0.01,pairwise,48836.0,3.02
tune_9,Testing/cor_n350plai01.txt,0.05,0.05,0.03,50,3,0.8,0.01,pairwise,49148.0,3.00
tune_10,Testing/cor_n350plai01.txt,0.05,0.05,0.03,50,3,0.8,0.01,pairwise,48523.0,3.13
tune_1,Testing/cor_polbooks-w.txt,0.05,0.05,0.03,50,3,0.8,0.01,pairwise,4753.0,1.82
tune_2,Testing/cor_polbooks-w.txt,0.05,0.05,0.03,50,3,0.8,0.01,pairwise,4754.0,1.83
tune_3,Testing/cor_polbooks-w.txt,0.05,0.05,0.03,50,3,0.8,0.01,pairwise,4753.0,1.83
tune_4,Testing/cor_polbooks-w.txt,0.05,0.05,0.03,50,3,0.8,0.01,pairwise,4656.0,1.83
tune_5,Testing/cor_polbooks-w.txt,0.05,0.05,0.03,50,3,0.8,0.01,pairwise,4851.0,1.81
tune_6,Testing/cor_polbooks-w.txt,0.05,0.05,0.03,50,3,0.8,0.01,pairwise,4753.0,1.84
tune_7,Testing/cor_polbooks-w.txt,0.05,0.05,0.03,50,3,0.8,0.01,pairwise,4851.0,1.84
tune_8,Testing/cor_polbooks-w.txt,0.05,0.05,0.03,50,3,0.8,0.01,pairwise,4753.0,1.79
tune_9,Testing/cor_polbooks-w.txt,0.05,0.05,0.03,50,3,0.8,0.01,pairwise,4753.0,1.93
tune_10,Testing/cor_polbooks-w.txt,0.05,0.05,0.03,50,3,0.8,0.01,pairwise,4656.0,1.84
tune_1,Testing/hos_20_r1_1.txt,0.05,0.05,0.03,50,3,0.8,0.01,pairwise,81.0,1.12
tune_2,Testing/hos_20_r1_1.txt,0.05,0.05,0.03,50,3,0.8,0.01,pairwise,81.0,1.16
tune_3,Testing/hos_20_r1_1.txt,0.05,0.05,0.03,50,3,0.8,0.01,pairwise,81.0,1.15
tune_4,Testing/hos_20_r1_1.txt,0.05,0.05,0.03,50,3,0.8,0.01,pairwise,81.0,1.15
tune_5,Testing/hos_20_r1_1.txt,0.05,0.05,0.03,50,3,0.8,0.01,pairwise,81.0,1.13
tune_6,Testing/hos_20_r1_1.txt,0.05,0.05,0.03,50,3,0.8,0.01,pairwise,81.0,1.12
tune_7,Testing/hos_20_r1_1.txt,0.05,0.05,0.03,50,3,0.8,0.01,pairwise,81.0,1.13
tune_8,Testing/hos_20_r1_1.txt,0.05,0.05,0.03,50,3,0.8,0.01,pairwise,81.0,1.14
tune_9,Testing/hos_20_r1_1.txt,0.05,0.05,0.03,50,3,0.8,0.01,pairwise,81.0,1.14
tune_10,Testing/hos_20_r1_1.txt,0.05,0.05,0.03,50,3,0.8,0.01,pairwise,81.0,1.13
tune_1,Testing/hos_20_r2_1.txt,0.05,0.05,0.03,50,3,0.8,0.01,pairwise,153.0,1.17
tune_2,Testing/hos_20_r2_1.txt,0.05,0.05,0.03,50,3,0.8,0.01,pairwise,153.0,1.21
tune_3,Testing/hos_20_r2_1.txt,0.05,0.05,0.03,50,3,0.8,0.01,pairwise,153.0,1.19
tune_4,Testing/hos_20_r2_1.txt,0.05,0.05,0.03,50,3,0.8,0.01,pairwise,153.0,1.21
tune_5,Testing/hos_20_r2_1.txt,0.05,0.05,0.03,50,3,0.8,0.01,pairwise,153.0,1.17
tune_6,Testing/hos_20_r2_1.txt,0.05,0.05,0.03,50,3,0.8,0.01,pairwise,153.0,2.23
tune_7,Testing/hos_20_r2_1.txt,0.05,0.05,0.03,50,3,0.8,0.01,pairwise,153.0,1.08
tune_8,Testing/hos_20_r2_1.txt,0.05,0.05,0.03,50,3,0.8,0.01,pairwise,153.0,1.11
tune_9,Testing/hos_20_r2_1.txt,0.05,0.05,0.03,50,3,0.8,0.01,pairwise,153.0,1.12
tune_10,Testing/hos_20_r2_1.txt,0.05,0.05,0.03,50,3,0.8,0.01,pairwise,153.0,1.14
tune_1,Testing/hos_25_r1_1.txt,0.05,0.05,0.03,50,3,0.8,0.01,pairwise,181.0,1.08
tune_2,Testing/hos_25_r1_1.txt,0.05,0.05,0.03,50,3,0.8,0.01,pairwise,181.0,1.06
tune_3,Testing/hos_25_r1_1.txt,0.05,0.05,0.03,50,3,0.8,0.01,pairwise,181.0,1.08
tune_4,Testing/hos_25_r1_1.txt,0.05,0.05,0.03,50,3,0.8,0.01,pairwise,181.0,1.07
tune_5,Testing/hos_25_r1_1.txt,0.05,0.05,0.03,50,3,0.8,0.01,pairwise,181.0,1.07
tune_6,Testing/hos_25_r1_1.txt,0.05,0.05,0.03,50,3,0.8,0.01,pairwise,181.0,1.08
tune_7,Testing/hos_25_r1_1.txt,0.05,0.05,0.03,50,3,0.8,0.01,pairwise,181.0,1.78
tune_8,Testing/hos_25_r1_1.txt,0.05,0.05,0.03,50,3,0.8,0.01,pairwise,181.0,1.57
tune_9,Testing/hos_25_r1_1.txt,0.05,0.05,0.03,50,3,0.8,0.01,pairwise,181.0,1.06
tune_10,Testing/hos_25_r1_1.txt,0.05,0.05,0.03,50,3,0.8,0.01,pairwise,181.0,1.06
tune_1,Testing/hos_25_r2_1.txt,0.05,0.05,0.03,50,3,0.8,0.01,pairwise,253.0,1.14
tune_2,Testing/hos_25_r2_1.txt,0.05,0.05,0.03,50,3,0.8,0.01,pairwise,253.0,1.13
tune_3,Testing/hos_25_r2_1.txt,0.05,0.05,0.03,50,3,0.8,0.01,pairwise,253.0,1.10
tune_4,Testing/hos_25_r2_1.txt,0.05,0.05,0.03,50,3,0.8,0.01,pairwise,253.0,1.11
tune_5,Testing/hos_25_r2_1.txt,0.05,0.05,0.03,50,3,0.8,0.01,pairwise,253.0,1.11
tune_6,Testing/hos_25_r2_1.txt,0.05,0.05,0.03,50,3,0.8,0.01,pairwise,253.0,1.11
tune_7,Testing/hos_25_r2_1.txt,0.05,0.05,0.03,50,3,0.8,0.01,pairwise,253.0,1.10
tune_8,Testing/hos_25_r2_1.txt,0.05,0.05,0.03,50,3,0.8,0.01,pairwise,276.0,1.10
tune_9,Testing/hos_25_r2_1.txt,0.05,0.05,0.03,50,3,0.8,0.01,pairwise,253.0,1.11
tune_10,Testing/hos_25_r2_1.txt,0.05,0.05,0.03,50,3,0.8,0.01,pairwise,276.0,1.18
tune_1,Testing/hos_30_r1_1.txt,0.05,0.05,0.03,50,3,0.8,0.01,pairwise,352.0,1.10
tune_2,Testing/hos_30_r1_1.txt,0.05,0.05,0.03,50,3,0.8,0.01,pairwise,328.0,1.10
tune_3,Testing/hos_30_r1_1.txt,0.05,0.05,0.03,50,3,0.8,0.01,pairwise,352.0,1.14
tune_4,Testing/hos_30_r1_1.txt,0.05,0.05,0.03,50,3,0.8,0.01,pairwise,352.0,1.11
tune_5,Testing/hos_30_r1_1.txt,0.05,0.05,0.03,50,3,0.8,0.01,pairwise,352.0,1.09
tune_6,Testing/hos_30_r1_1.txt,0.05,0.05,0.03,50,3,0.8,0.01,pairwise,352.0,1.10
tune_7,Testing/hos_30_r1_1.txt,0.05,0.05,0.03,50,3,0.8,0.01,pairwise,328.0,1.11
tune_8,Testing/hos_30_r1_1.txt,0.05,0.05,0.03,50,3,0.8,0.01,pairwise,328.0,1.10
tune_9,Testing/hos_30_r1_1.txt,0.05,0.05,0.03,50,3,0.8,0.01,pairwise,352.0,1.09
tune_10,Testing/hos_30_r1_1.txt,0.05,0.05,0.03,50,3,0.8,0.01,pairwise,352.0,1.10
tune_1,Testing/hos_30_r2_1.txt,0.05,0.05,0.03,50,3,0.8,0.01,pairwise,378.0,1.13
tune_2,Testing/hos_30_r2_1.txt,0.05,0.05,0.03,50,3,0.8,0.01,pairwise,378.0,1.14
tune_3,Testing/hos_30_r2_1.txt,0.05,0.05,0.03,50,3,0.8,0.01,pairwise,378.0,1.15
tune_4,Testing/hos_30_r2_1.txt,0.05,0.05,0.03,50,3,0.8,0.01,pairwise,378.0,1.15
tune_5,Testing/hos_30_r2_1.txt,0.05,0.05,0.03,50,3,0.8,0.01,pairwise,378.0,1.17
tune_6,Testing/hos_30_r2_1.txt,0.05,0.05,0.03,50,3,0.8,0.01,pairwise,378.0,1.17
tune_7,Testing/hos_30_r2_1.txt,0.05,0.05,0.03,50,3,0.8,0.01,pairwise,378.0,1.14
tune_8,Testing/hos_30_r2_1.txt,0.05,0.05,0.03,50,3,0.8,0.01,pairwise,378.0,1.14
tune_9,Testing/hos_30_r2_1.txt,0.05,0.05,0.03,50,3,0.8,0.01,pairwise,378.0,1.16
tune_10,Testing/hos_30_r2_1.txt,0.05,0.05,0.03,50,3,0.8,0.01,pairwise,378.0,1.19
tune_1,Testing/hos_35_r1_1.txt,0.05,0.05,0.03,50,3,0.8,0.01,pairwise,466.0,1.11
tune_2,Testing/hos_35_r1_1.txt,0.05,0.05,0.03,50,3,0.8,0.01,pairwise,468.0,1.11
tune_3,Testing/hos_35_r1_1.txt,0.05,0.05,0.03,50,3,0.8,0.01,pairwise,468.0,1.11
tune_4,Testing/hos_35_r1_1.txt,0.05,0.05,0.03,50,3,0.8,0.01,pairwise,466.0,1.12
tune_5,Testing/hos_35_r1_1.txt,0.05,0.05,0.03,50,3,0.8,0.01,pairwise,466.0,1.10
tune_6,Testing/hos_35_r1_1.txt,0.05,0.05,0.03,50,3,0.8,0.01,pairwise,466.0,1.12
tune_7,Testing/hos_35_r1_1.txt,0.05,0.05,0.03,50,3,0.8,0.01,pairwise,466.0,1.13
tune_8,Testing/hos_35_r1_1.txt,0.05,0.05,0.03,50,3,0.8,0.01,pairwise,441.0,1.11
tune_9,Testing/hos_35_r1_1.txt,0.05,0.05,0.03,50,3,0.8,0.01,pairwise,468.0,1.11
tune_10,Testing/hos_35_r1_1.txt,0.05,0.05,0.03,50,3,0.8,0.01,pairwise,468.0,1.09
tune_1,Testing/hos_35_r2_1.txt,0.05,0.05,0.03,50,3,0.8,0.01,pairwise,528.0,1.17
tune_2,Testing/hos_35_r2_1.txt,0.05,0.05,0.03,50,3,0.8,0.01,pairwise,561.0,1.17
tune_3,Testing/hos_35_r2_1.txt,0.05,0.05,0.03,50,3,0.8,0.01,pairwise,561.0,1.21
tune_4,Testing/hos_35_r2_1.txt,0.05,0.05,0.03,50,3,0.8,0.01,pairwise,561.0,1.19
tune_5,Testing/hos_35_r2_1.txt,0.05,0.05,0.03,50,3,0.8,0.01,pairwise,561.0,1.23
tune_6,Testing/hos_35_r2_1.txt,0.05,0.05,0.03,50,3,0.8,0.01,pairwise,561.0,1.19
tune_7,Testing/hos_35_r2_1.txt,0.05,0.05,0.03,50,3,0.8,0.01,pairwise,561.0,1.21
tune_8,Testing/hos_35_r2_1.txt,0.05,0.05,0.03,50,3,0.8,0.01,pairwise,561.0,1.17
tune_9,Testing/hos_35_r2_1.txt,0.05,0.05,0.03,50,3,0.8,0.01,pairwise,561.0,1.18
tune_10,Testing/hos_35_r2_1.txt,0.05,0.05,0.03,50,3,0.8,0.01,pairwise,561.0,1.18
tune_1,Testing/hos_40_r1_1.txt,0.05,0.05,0.03,50,3,0.8,0.01,pairwise,630.0,1.17
tune_2,Testing/hos_40_r1_1.txt,0.05,0.05,0.03,50,3,0.8,0.01,pairwise,596.0,1.16
tune_3,Testing/hos_40_r1_1.txt,0.05,0.05,0.03,50,3,0.8,0.01,pairwise,666.0,1.15
tune_4,Testing/hos_40_r1_1.txt,0.05,0.05,0.03,50,3,0.8,0.01,pairwise,630.0,1.16
tune_5,Testing/hos_40_r1_1.txt,0.05,0.05,0.03,50,3,0.8,0.01,pairwise,630.0,1.16
tune_6,Testing/hos_40_r1_1.txt,0.05,0.05,0.03,50,3,0.8,0.01,pairwise,666.0,1.31
tune_7,Testing/hos_40_r1_1.txt,0.05,0.05,0.03,50,3,0.8,0.01,pairwise,596.0,1.25
tune_8,Testing/hos_40_r1_1.txt,0.05,0.05,0.03,50,3,0.8,0.01,pairwise,666.0,1.16
tune_9,Testing/hos_40_r1_1.txt,0.05,0.05,0.03,50,3,0.8,0.01,pairwise,596.0,1.16
tune_10,Testing/hos_40_r1_1.txt,0.05,0.05,0.03,50,3,0.8,0.01,pairwise,631.0,1.17
tune_1,Testing/hos_40_r2_1.txt,0.05,0.05,0.03,50,3,0.8,0.01,pairwise,703.0,1.27
tune_2,Testing/hos_40_r2_1.txt,0.05,0.05,0.03,50,3,0.8,0.01,pairwise,703.0,1.25
tune_3,Testing/hos_40_r2_1.txt,0.05,0.05,0.03,50,3,0.8,0.01,pairwise,703.0,1.26
tune_4,Testing/hos_40_r2_1.txt,0.05,0.05,0.03,50,3,0.8,0.01,pairwise,703.0,1.29
tune_5,Testing/hos_40_r2_1.txt,0.05,0.05,0.03,50,3,0.8,0.01,pairwise,703.0,1.25
tune_6,Testing/hos_40_r2_1.txt,0.05,0.05,0.03,50,3,0.8,0.01,pairwise,703.0,1.24
tune_7,Testing/hos_40_r2_1.txt,0.05,0.05,0.03,50,3,0.8,0.01,pairwise,703.0,1.27
tune_8,Testing/hos_40_r2_1.txt,0.05,0.05,0.03,50,3,0.8,0.01,pairwise,703.0,1.29
tune_9,Testing/hos_40_r2_1.txt,0.05,0.05,0.03,50,3,0.8,0.01,pairwise,703.0,1.23
tune_10,Testing/hos_40_r2_1.txt,0.05,0.05,0.03,50,3,0.8,0.01,pairwise,703.0,1.24
tune_1,Testing/hos_45_r1_1.txt,0.05,0.05,0.03,50,3,0.8,0.01,pairwise,861.0,1.20
tune_2,Testing/hos_45_r1_1.txt,0.05,0.05,0.03,50,3,0.8,0.01,pairwise,820.0,1.22
tune_3,Testing/hos_45_r1_1.txt,0.05,0.05,0.03,50,3,0.8,0.01,pairwise,861.0,1.19
tune_4,Testing/hos_45_r1_1.txt,0.05,0.05,0.03,50,3,0.8,0.01,pairwise,861.0,1.17
tune_5,Testing/hos_45_r1_1.txt,0.05,0.05,0.03,50,3,0.8,0.01,pairwise,820.0,1.18
tune_6,Testing/hos_45_r1_1.txt,0.05,0.05,0.03,50,3,0.8,0.01,pairwise,820.0,1.26
tune_7,Testing/hos_45_r1_1.txt,0.05,0.05,0.03,50,3,0.8,0.01,pairwise,861.0,1.15
tune_8,Testing/hos_45_r1_1.txt,0.05,0.05,0.03,50,3,0.8,0.01,pairwise,861.0,1.17
tune_9,Testing/hos_45_r1_1.txt,0.05,0.05,0.03,50,3,0.8,0.01,pairwise,820.0,1.15
tune_10,Testing/hos_45_r1_1.txt,0.05,0.05,0.03,50,3,0.8,0.01,pairwise,861.0,1.16
tune_1,Testing/hos_45_r2_1.txt,0.05,0.05,0.03,50,3,0.8,0.01,pairwise,903.0,1.31
tune_2,Testing/hos_45_r2_1.txt,0.05,0.05,0.03,50,3,0.8,0.01,pairwise,903.0,1.32
tune_3,Testing/hos_45_r2_1.txt,0.05,0.05,0.03,50,3,0.8,0.01,pairwise,903.0,1.29
tune_4,Testing/hos_45_r2_1.txt,0.05,0.05,0.03,50,3,0.8,0.01,pairwise,903.0,1.34
tune_5,Testing/hos_45_r2_1.txt,0.05,0.05,0.03,50,3,0.8,0.01,pairwise,903.0,1.31
tune_6,Testing/hos_45_r2_1.txt,0.05,0.05,0.03,50,3,0.8,0.01,pairwise,903.0,1.33
tune_7,Testing/hos_45_r2_1.txt,0.05,0.05,0.03,50,3,0.8,0.01,pairwise,903.0,1.33
tune_8,Testing/hos_45_r2_1.txt,0.05,0.05,0.03,50,3,0.8,0.01,pairwise,903.0,1.34
tune_9,Testing/hos_45_r2_1.txt,0.05,0.05,0.03,50,3,0.8,0.01,pairwise,903.0,1.32
tune_10,Testing/hos_45_r2_1.txt,0.05,0.05,0.03,50,3,0.8,0.01,pairwise,903.0,1.32
tune_1,Testing/hos_50_r1_1.txt,0.05,0.05,0.03,50,3,0.8,0.01,pairwise,1035.0,1.23
tune_2,Testing/hos_50_r1_1.txt,0.05,0.05,0.03,50,3,0.8,0.01,pairwise,1035.0,1.22
tune_3,Testing/hos_50_r1_1.txt,0.05,0.05,0.03,50,3,0.8,0.01,pairwise,1035.0,1.21
tune_4,Testing/hos_50_r1_1.txt,0.05,0.05,0.03,50,3,0.8,0.01,pairwise,1035.0,1.20
tune_5,Testing/hos_50_r1_1.txt,0.05,0.05,0.03,50,3,0.8,0.01,pairwise,1035.0,1.19
tune_6,Testing/hos_50_r1_1.txt,0.05,0.05,0.03,50,3,0.8,0.01,pairwise,1035.0,1.20
tune_7,Testing/hos_50_r1_1.txt,0.05,0.05,0.03,50,3,0.8,0.01,pairwise,1081.0,1.21
tune_8,Testing/hos_50_r1_1.txt,0.05,0.05,0.03,50,3,0.8,0.01,pairwise,1081.0,1.21
tune_9,Testing/hos_50_r1_1.txt,0.05,0.05,0.03,50,3,0.8,0.01,pairwise,1081.0,1.22
tune_10,Testing/hos_50_r1_1.txt,0.05,0.05,0.03,50,3,0.8,0.01,pairwise,1081.0,1.23
tune_1,Testing/hos_50_r2_1.txt,0.05,0.05,0.03,50,3,0.8,0.01,pairwise,1128.0,1.42
tune_2,Testing/hos_50_r2_1.txt,0.05,0.05,0.03,50,3,0.8,0.01,pairwise,1128.0,1.45
tune_3,Testing/hos_50_r2_1.txt,0.05,0.05,0.03,50,3,0.8,0.01,pairwise,1128.0,1.42
tune_4,Testing/hos_50_r2_1.txt,0.05,0.05,0.03,50,3,0.8,0.01,pairwise,1128.0,1.43
tune_5,Testing/hos_50_r2_1.txt,0.05,0.05,0.03,50,3,0.8,0.01,pairwise,1128.0,1.42
tune_6,Testing/hos_50_r2_1.txt,0.05,0.05,0.03,50,3,0.8,0.01,pairwise,1128.0,1.42
tune_7,Testing/hos_50_r2_1.txt,0.05,0.05,0.03,50,3,0.8,0.01,pairwise,1128.0,1.41
tune_8,Testing/hos_50_r2_1.txt,0.05,0.05,0.03,50,3,0.8,0.01,pairwise,1128.0,1.45
tune_9,Testing/hos_50_r2_1.txt,0.05,0.05,0.03,50,3,0.8,0.01,pairwise,1128.0,1.42
tune_10,Testing/hos_50_r2_1.txt,0.05,0.05,0.03,50,3,0.8,0.01,pairwise,1128.0,1.41
tune_1,Testing/mac_grafo10dens30.txt,0.05,0.05,0.03,50,3,0.8,0.01,pairwise,45.0,1.04
tune_2,Testing/mac_grafo10dens30.txt,0.05,0.05,0.03,50,3,0.8,0.01,pairwise,45.0,1.02
tune_3,Testing/mac_grafo10dens30.txt,0.05,0.05,0.03,50,3,0.8,0.01,pairwise,45.0,1.02
tune_4,Testing/mac_grafo10dens30.txt,0.05,0.05,0.03,50,3,0.8,0.01,pairwise,45.0,1.06
tune_5,Testing/mac_grafo10dens30.txt,0.05,0.05,0.03,50,3,0.8,0.01,pairwise,45.0,1.04
tune_6,Testing/mac_grafo10dens30.txt,0.05,0.05,0.03,50,3,0.8,0.01,pairwise,45.0,1.04
tune_7,Testing/mac_grafo10dens30.txt,0.05,0.05,0.03,50,3,0.8,0.01,pairwise,45.0,1.04
tune_8,Testing/mac_grafo10dens30.txt,0.05,0.05,0.03,50,3,0.8,0.01,pairwise,45.0,1.03
tune_9,Testing/mac_grafo10dens30.txt,0.05,0.05,0.03,50,3,0.8,0.01,pairwise,45.0,1.04
tune_10,Testing/mac_grafo10dens30.txt,0.05,0.05,0.03,50,3,0.8,0.01,pairwise,45.0,1.04
tune_1,Testing/mac_grafo11dens30.txt,0.05,0.05,0.03,50,3,0.8,0.01,pairwise,55.0,1.07
tune_2,Testing/mac_grafo11dens30.txt,0.05,0.05,0.03,50,3,0.8,0.01,pairwise,55.0,1.06
tune_3,Testing/mac_grafo11dens30.txt,0.05,0.05,0.03,50,3,0.8,0.01,pairwise,55.0,1.04
tune_4,Testing/mac_grafo11dens30.txt,0.05,0.05,0.03,50,3,0.8,0.01,pairwise,55.0,1.02
tune_5,Testing/mac_grafo11dens30.txt,0.05,0.05,0.03,50,3,0.8,0.01,pairwise,55.0,1.08
tune_6,Testing/mac_grafo11dens30.txt,0.05,0.05,0.03,50,3,0.8,0.01,pairwise,55.0,1.04
tune_7,Testing/mac_grafo11dens30.txt,0.05,0.05,0.03,50,3,0.8,0.01,pairwise,55.0,1.04
tune_8,Testing/mac_grafo11dens30.txt,0.05,0.05,0.03,50,3,0.8,0.01,pairwise,55.0,1.03
tune_9,Testing/mac_grafo11dens30.txt,0.05,0.05,0.03,50,3,0.8,0.01,pairwise,55.0,1.03
tune_10,Testing/mac_grafo11dens30.txt,0.05,0.05,0.03,50,3,0.8,0.01,pairwise,55.0,1.03
tune_1,Testing/mac_grafo12dens30.txt,0.05,0.05,0.03,50,3,0.8,0.01,pairwise,66.0,1.05
tune_2,Testing/mac_grafo12dens30.txt,0.05,0.05,0.03,50,3,0.8,0.01,pairwise,66.0,1.06
tune_3,Testing/mac_grafo12dens30.txt,0.05,0.05,0.03,50,3,0.8,0.01,pairwise,66.0,1.06
tune_4,Testing/mac_grafo12dens30.txt,0.05,0.05,0.03,50,3,0.8,0.01,pairwise,66.0,1.03
tune_5,Testing/mac_grafo12dens30.txt,0.05,0.05,0.03,50,3,0.8,0.01,pairwise,66.0,1.02
tune_6,Testing/mac_grafo12dens30.txt,0.05,0.05,0.03,50,3,0.8,0.01,pairwise,66.0,1.06
tune_7,Testing/mac_grafo12dens30.txt,0.05,0.05,0.03,50,3,0.8,0.01,pairwise,66.0,1.04
tune_8,Testing/mac_grafo12dens30.txt,0.05,0.05,0.03,50,3,0.8,0.01,pairwise,66.0,1.05
tune_9,Testing/mac_grafo12dens30.txt,0.05,0.05,0.03,50,3,0.8,0.01,pairwise,66.0,1.08
tune_10,Testing/mac_grafo12dens30.txt,0.05,0.05,0.03,50,3,0.8,0.01,pairwise,66.0,1.03
tune_1,Testing/mac_grafo13dens30.txt,0.05,0.05,0.03,50,3,0.8,0.01,pairwise,78.0,1.03
tune_2,Testing/mac_grafo13dens30.txt,0.05,0.05,0.03,50,3,0.8,0.01,pairwise,78.0,1.04
tune_3,Testing/mac_grafo13dens30.txt,0.05,0.05,0.03,50,3,0.8,0.01,pairwise,78.0,1.05
tune_4,Testing/mac_grafo13dens30.txt,0.05,0.05,0.03,50,3,0.8,0.01,pairwise,78.0,1.03
tune_5,Testing/mac_grafo13dens30.txt,0.05,0.05,0.03,50,3,0.8,0.01,pairwise,78.0,1.08
tune_6,Testing/mac_grafo13dens30.txt,0.05,0.05,0.03,50,3,0.8,0.01,pairwise,78.0,1.06
tune_7,Testing/mac_grafo13dens30.txt,0.05,0.05,0.03,50,3,0.8,0.01,pairwise,78.0,1.04
tune_8,Testing/mac_grafo13dens30.txt,0.05,0.05,0.03,50,3,0.8,0.01,pairwise,78.0,1.03
tune_9,Testing/mac_grafo13dens30.txt,0.05,0.05,0.03,50,3,0.8,0.01,pairwise,78.0,1.03
tune_10,Testing/mac_grafo13dens30.txt,0.05,0.05,0.03,50,3,0.8,0.01,pairwise,78.0,1.06
tune_1,Testing/mac_grafo14dens30.txt,0.05,0.05,0.03,50,3,0.8,0.01,pairwise,91.0,1.06
tune_2,Testing/mac_grafo14dens30.txt,0.05,0.05,0.03,50,3,0.8,0.01,pairwise,91.0,1.03
tune_3,Testing/mac_grafo14dens30.txt,0.05,0.05,0.03,50,3,0.8,0.01,pairwise,91.0,1.06
tune_4,Testing/mac_grafo14dens30.txt,0.05,0.05,0.03,50,3,0.8,0.01,pairwise,91.0,1.04
tune_5,Testing/mac_grafo14dens30.txt,0.05,0.05,0.03,50,3,0.8,0.01,pairwise,91.0,1.03
tune_6,Testing/mac_grafo14dens30.txt,0.05,0.05,0.03,50,3,0.8,0.01,pairwise,91.0,1.03
tune_7,Testing/mac_grafo14dens30.txt,0.05,0.05,0.03,50,3,0.8,0.01,pairwise,91.0,1.08
tune_8,Testing/mac_grafo14dens30.txt,0.05,0.05,0.03,50,3,0.8,0.01,pairwise,91.0,1.08
tune_9,Testing/mac_grafo14dens30.txt,0.05,0.05,0.03,50,3,0.8,0.01,pairwise,91.0,1.05
tune_10,Testing/mac_grafo14dens30.txt,0.05,0.05,0.03,50,3,0.8,0.01,pairwise,91.0,1.07
tune_1,Testing/mac_grafo15dens30.txt,0.05,0.05,0.03,50,3,0.8,0.01,pairwise,105.0,1.06
tune_2,Testing/mac_grafo15dens30.txt,0.05,0.05,0.03,50,3,0.8,0.01,pairwise,105.0,1.06
tune_3,Testing/mac_grafo15dens30.txt,0.05,0.05,0.03,50,3,0.8,0.01,pairwise,105.0,1.07
tune_4,Testing/mac_grafo15dens30.txt,0.05,0.05,0.03,50,3,0.8,0.01,pairwise,105.0,1.05
tune_5,Testing/mac_grafo15dens30.txt,0.05,0.05,0.03,50,3,0.8,0.01,pairwise,105.0,1.07
tune_6,Testing/mac_grafo15dens30.txt,0.05,0.05,0.03,50,3,0.8,0.01,pairwise,105.0,1.07
tune_7,Testing/mac_grafo15dens30.txt,0.05,0.05,0.03,50,3,0.8,0.01,pairwise,105.0,1.05
tune_8,Testing/mac_grafo15dens30.txt,0.05,0.05,0.03,50,3,0.8,0.01,pairwise,105.0,1.12
tune_9,Testing/mac_grafo15dens30.txt,0.05,0.05,0.03,50,3,0.8,0.01,pairwise,105.0,1.08
tune_10,Testing/mac_grafo15dens30.txt,0.05,0.05,0.03,50,3,0.8,0.01,pairwise,105.0,1.06
tune_1,Testing/mac_grafo16dens30.txt,0.05,0.05,0.03,50,3,0.8,0.01,pairwise,105.0,1.11
tune_2,Testing/mac_grafo16dens30.txt,0.05,0.05,0.03,50,3,0.8,0.01,pairwise,105.0,1.07
tune_3,Testing/mac_grafo16dens30.txt,0.05,0.05,0.03,50,3,0.8,0.01,pairwise,120.0,1.09
tune_4,Testing/mac_grafo16dens30.txt,0.05,0.05,0.03,50,3,0.8,0.01,pairwise,105.0,1.09
tune_5,Testing/mac_grafo16dens30.txt,0.05,0.05,0.03,50,3,0.8,0.01,pairwise,105.0,1.08
tune_6,Testing/mac_grafo16dens30.txt,0.05,0.05,0.03,50,3,0.8,0.01,pairwise,105.0,1.07
tune_7,Testing/mac_grafo16dens30.txt,0.05,0.05,0.03,50,3,0.8,0.01,pairwise,120.0,1.08
tune_8,Testing/mac_grafo16dens30.txt,0.05,0.05,0.03,50,3,0.8,0.01,pairwise,105.0,1.08
tune_9,Testing/mac_grafo16dens30.txt,0.05,0.05,0.03,50,3,0.8,0.01,pairwise,120.0,1.09
tune_10,Testing/mac_grafo16dens30.txt,0.05,0.05,0.03,50,3,0.8,0.01,pairwise,105.0,1.06
tune_1,Testing/mac_grafo17dens30.txt,0.05,0.05,0.03,50,3,0.8,0.01,pairwise,136.0,1.08
tune_2,Testing/mac_grafo17dens30.txt,0.05,0.05,0.03,50,3,0.8,0.01,pairwise,120.0,1.12
tune_3,Testing/mac_grafo17dens30.txt,0.05,0.05,0.03,50,3,0.8,0.01,pairwise,120.0,1.07
tune_4,Testing/mac_grafo17dens30.txt,0.05,0.05,0.03,50,3,0.8,0.01,pairwise,120.0,1.11
tune_5,Testing/mac_grafo17dens30.txt,0.05,0.05,0.03,50,3,0.8,0.01,pairwise,120.0,1.08
tune_6,Testing/mac_grafo17dens30.txt,0.05,0.05,0.03,50,3,0.8,0.01,pairwise,120.0,1.06
tune_7,Testing/mac_grafo17dens30.txt,0.05,0.05,0.03,50,3,0.8,0.01,pairwise,136.0,1.09
tune_8,Testing/mac_grafo17dens30.txt,0.05,0.05,0.03,50,3,0.8,0.01,pairwise,120.0,1.06
tune_9,Testing/mac_grafo17dens30.txt,0.05,0.05,0.03,50,3,0.8,0.01,pairwise,120.0,1.09
tune_10,Testing/mac_grafo17dens30.txt,0.05,0.05,0.03,50,3,0.8,0.01,pairwise,136.0,1.08
tune_1,Testing/mac_grafo18dens30.txt,0.05,0.05,0.03,50,3,0.8,0.01,pairwise,153.0,1.10
tune_2,Testing/mac_grafo18dens30.txt,0.05,0.05,0.03,50,3,0.8,0.01,pairwise,153.0,1.08
tune_3,Testing/mac_grafo18dens30.txt,0.05,0.05,0.03,50,3,0.8,0.01,pairwise,153.0,1.07
tune_4,Testing/mac_grafo18dens30.txt,0.05,0.05,0.03,50,3,0.8,0.01,pairwise,153.0,1.08
tune_5,Testing/mac_grafo18dens30.txt,0.05,0.05,0.03,50,3,0.8,0.01,pairwise,153.0,1.09
tune_6,Testing/mac_grafo18dens30.txt,0.05,0.05,0.03,50,3,0.8,0.01,pairwise,153.0,1.09
tune_7,Testing/mac_grafo18dens30.txt,0.05,0.05,0.03,50,3,0.8,0.01,pairwise,153.0,1.10
tune_8,Testing/mac_grafo18dens30.txt,0.05,0.05,0.03,50,3,0.8,0.01,pairwise,153.0,1.10
tune_9,Testing/mac_grafo18dens30.txt,0.05,0.05,0.03,50,3,0.8,0.01,pairwise,153.0,1.09
tune_10,Testing/mac_grafo18dens30.txt,0.05,0.05,0.03,50,3,0.8,0.01,pairwise,153.0,1.07
tune_1,Testing/mac_grafo19dens30.txt,0.05,0.05,0.03,50,3,0.8,0.01,pairwise,171.0,1.09
tune_2,Testing/mac_grafo19dens30.txt,0.05,0.05,0.03,50,3,0.8,0.01,pairwise,171.0,1.13
tune_3,Testing/mac_grafo19dens30.txt,0.05,0.05,0.03,50,3,0.8,0.01,pairwise,171.0,1.10
tune_4,Testing/mac_grafo19dens30.txt,0.05,0.05,0.03,50,3,0.8,0.01,pairwise,171.0,1.10
tune_5,Testing/mac_grafo19dens30.txt,0.05,0.05,0.03,50,3,0.8,0.01,pairwise,171.0,1.09
tune_6,Testing/mac_grafo19dens30.txt,0.05,0.05,0.03,50,3,0.8,0.01,pairwise,171.0,1.09
tune_7,Testing/mac_grafo19dens30.txt,0.05,0.05,0.03,50,3,0.8,0.01,pairwise,171.0,1.07
tune_8,Testing/mac_grafo19dens30.txt,0.05,0.05,0.03,50,3,0.8,0.01,pairwise,171.0,1.09
tune_9,Testing/mac_grafo19dens30.txt,0.05,0.05,0.03,50,3,0.8,0.01,pairwise,171.0,1.08
tune_10,Testing/mac_grafo19dens30.txt,0.05,0.05,0.03,50,3,0.8,0.01,pairwise,171.0,1.09
tune_1,Testing/mac_grafo20dens30.txt,0.05,0.05,0.03,50,3,0.8,0.01,pairwise,171.0,1.11
tune_2,Testing/mac_grafo20dens30.txt,0.05,0.05,0.03,50,3,0.8,0.01,pairwise,171.0,1.12
tune_3,Testing/mac_grafo20dens30.txt,0.05,0.05,0.03,50,3,0.8,0.01,pairwise,171.0,1.07
tune_4,Testing/mac_grafo20dens30.txt,0.05,0.05,0.03,50,3,0.8,0.01,pairwise,171.0,1.13
tune_5,Testing/mac_grafo20dens30.txt,0.05,0.05,0.03,50,3,0.8,0.01,pairwise,171.0,1.09
tune_6,Testing/mac_grafo20dens30.txt,0.05,0.05,0.03,50,3,0.8,0.01,pairwise,171.0,1.12
tune_7,Testing/mac_grafo20dens30.txt,0.05,0.05,0.03,50,3,0.8,0.01,pairwise,171.0,1.11
tune_8,Testing/mac_grafo20dens30.txt,0.05,0.05,0.03,50,3,0.8,0.01,pairwise,171.0,1.11
tune_9,Testing/mac_grafo20dens30.txt,0.05,0.05,0.03,50,3,0.8,0.01,pairwise,171.0,1.12
tune_10,Testing/mac_grafo20dens30.txt,0.05,0.05,0.03,50,3,0.8,0.01,pairwise,171.0,1.08
tune_1,Testing/mac_grafo21dens30.txt,0.05,0.05,0.03,50,3,0.8,0.01,pairwise,190.0,1.12
tune_2,Testing/mac_grafo21dens30.txt,0.05,0.05,0.03,50,3,0.8,0.01,pairwise,171.0,1.10
tune_3,Testing/mac_grafo21dens30.txt,0.05,0.05,0.03,50,3,0.8,0.01,pairwise,171.0,1.12
tune_4,Testing/mac_grafo21dens30.txt,0.05,0.05,0.03,50,3,0.8,0.01,pairwise,171.0,1.11
tune_5,Testing/mac_grafo21dens30.txt,0.05,0.05,0.03,50,3,0.8,0.01,pairwise,171.0,1.10
tune_6,Testing/mac_grafo21dens30.txt,0.05,0.05,0.03,50,3,0.8,0.01,pairwise,190.0,1.10
tune_7,Testing/mac_grafo21dens30.txt,0.05,0.05,0.03,50,3,0.8,0.01,pairwise,171.0,1.09
tune_8,Testing/mac_grafo21dens30.txt,0.05,0.05,0.03,50,3,0.8,0.01,pairwise,171.0,1.10
tune_9,Testing/mac_grafo21dens30.txt,0.05,0.05,0.03,50,3,0.8,0.01,pairwise,190.0,1.10
tune_10,Testing/mac_grafo21dens30.txt,0.05,0.05,0.03,50,3,0.8,0.01,pairwise,171.0,1.11
tune_1,Testing/mac_grafo22dens30.txt,0.05,0.05,0.03,50,3,0.8,0.01,pairwise,210.0,1.13
tune_2,Testing/mac_grafo22dens30.txt,0.05,0.05,0.03,50,3,0.8,0.01,pairwise,190.0,1.14
tune_3,Testing/mac_grafo22dens30.txt,0.05,0.05,0.03,50,3,0.8,0.01,pairwise,210.0,1.15
tune_4,Testing/mac_grafo22dens30.txt,0.05,0.05,0.03,50,3,0.8,0.01,pairwise,190.0,1.13
tune_5,Testing/mac_grafo22dens30.txt,0.05,0.05,0.03,50,3,0.8,0.01,pairwise,190.0,1.14
tune_6,Testing/mac_grafo22dens30.txt,0.05,0.05,0.03,50,3,0.8,0.01,pairwise,210.0,1.13
tune_7,Testing/mac_grafo22dens30.txt,0.05,0.05,0.03,50,3,0.8,0.01,pairwise,210.0,1.11
tune_8,Testing/mac_grafo22dens30.txt,0.05,0.05,0.03,50,3,0.8,0.01,pairwise,172.0,1.15
tune_9,Testing/mac_grafo22dens30.txt,0.05,0.05,0.03,50,3,0.8,0.01,pairwise,190.0,1.12
tune_10,Testing/mac_grafo22dens30.txt,0.05,0.05,0.03,50,3,0.8,0.01,pairwise,190.0,1.13
tune_1,Testing/mac_grafo23dens30.txt,0.05,0.05,0.03,50,3,0.8,0.01,pairwise,231.0,1.16
tune_2,Testing/mac_grafo23dens30.txt,0.05,0.05,0.03,50,3,0.8,0.01,pairwise,231.0,1.13
tune_3,Testing/mac_grafo23dens30.txt,0.05,0.05,0.03,50,3,0.8,0.01,pairwise,231.0,1.14
tune_4,Testing/mac_grafo23dens30.txt,0.05,0.05,0.03,50,3,0.8,0.01,pairwise,231.0,1.17
tune_5,Testing/mac_grafo23dens30.txt,0.05,0.05,0.03,50,3,0.8,0.01,pairwise,231.0,1.11
tune_6,Testing/mac_grafo23dens30.txt,0.05,0.05,0.03,50,3,0.8,0.01,pairwise,231.0,1.12
tune_7,Testing/mac_grafo23dens30.txt,0.05,0.05,0.03,50,3,0.8,0.01,pairwise,231.0,1.14
tune_8,Testing/mac_grafo23dens30.txt,0.05,0.05,0.03,50,3,0.8,0.01,pairwise,231.0,1.13
tune_9,Testing/mac_grafo23dens30.txt,0.05,0.05,0.03,50,3,0.8,0.01,pairwise,231.0,1.13
tune_10,Testing/mac_grafo23dens30.txt,0.05,0.05,0.03,50,3,0.8,0.01,pairwise,231.0,1.19
tune_1,Testing/mac_grafo24dens30.txt,0.05,0.05,0.03,50,3,0.8,0.01,pairwise,231.0,1.14
tune_2,Testing/mac_grafo24dens30.txt,0.05,0.05,0.03,50,3,0.8,0.01,pairwise,231.0,1.14
tune_3,Testing/mac_grafo24dens30.txt,0.05,0.05,0.03,50,3,0.8,0.01,pairwise,231.0,1.14
tune_4,Testing/mac_grafo24dens30.txt,0.05,0.05,0.03,50,3,0.8,0.01,pairwise,253.0,1.13
tune_5,Testing/mac_grafo24dens30.txt,0.05,0.05,0.03,50,3,0.8,0.01,pairwise,231.0,1.12
tune_6,Testing/mac_grafo24dens30.txt,0.05,0.05,0.03,50,3,0.8,0.01,pairwise,253.0,1.13
tune_7,Testing/mac_grafo24dens30.txt,0.05,0.05,0.03,50,3,0.8,0.01,pairwise,231.0,1.13
tune_8,Testing/mac_grafo24dens30.txt,0.05,0.05,0.03,50,3,0.8,0.01,pairwise,231.0,1.15
tune_9,Testing/mac_grafo24dens30.txt,0.05,0.05,0.03,50,3,0.8,0.01,pairwise,231.0,1.11
tune_10,Testing/mac_grafo24dens30.txt,0.05,0.05,0.03,50,3,0.8,0.01,pairwise,231.0,1.13
tune_1,Testing/mac_grafo25dens30.txt,0.05,0.05,0.03,50,3,0.8,0.01,pairwise,276.0,1.16
tune_2,Testing/mac_grafo25dens30.txt,0.05,0.05,0.03,50,3,0.8,0.01,pairwise,276.0,1.16
tune_3,Testing/mac_grafo25dens30.txt,0.05,0.05,0.03,50,3,0.8,0.01,pairwise,276.0,1.14
tune_4,Testing/mac_grafo25dens30.txt,0.05,0.05,0.03,50,3,0.8,0.01,pairwise,276.0,1.13
tune_5,Testing/mac_grafo25dens30.txt,0.05,0.05,0.03,50,3,0.8,0.01,pairwise,276.0,1.18
tune_6,Testing/mac_grafo25dens30.txt,0.05,0.05,0.03,50,3,0.8,0.01,pairwise,276.0,1.15
tune_7,Testing/mac_grafo25dens30.txt,0.05,0.05,0.03,50,3,0.8,0.01,pairwise,276.0,1.12
tune_8,Testing/mac_grafo25dens30.txt,0.05,0.05,0.03,50,3,0.8,0.01,pairwise,276.0,1.15
tune_9,Testing/mac_grafo25dens30.txt,0.05,0.05,0.03,50,3,0.8,0.01,pairwise,276.0,1.15
tune_10,Testing/mac_grafo25dens30.txt,0.05,0.05,0.03,50,3,0.8,0.01,pairwise,276.0,1.13
tune_1,Testing/mac_grafo26dens30.txt,0.05,0.05,0.03,50,3,0.8,0.01,pairwise,300.0,1.15
tune_2,Testing/mac_grafo26dens30.txt,0.05,0.05,0.03,50,3,0.8,0.01,pairwise,300.0,1.16
tune_3,Testing/mac_grafo26dens30.txt,0.05,0.05,0.03,50,3,0.8,0.01,pairwise,300.0,1.16
tune_4,Testing/mac_grafo26dens30.txt,0.05,0.05,0.03,50,3,0.8,0.01,pairwise,300.0,1.15
tune_5,Testing/mac_grafo26dens30.txt,0.05,0.05,0.03,50,3,0.8,0.01,pairwise,300.0,1.17
tune_6,Testing/mac_grafo26dens30.txt,0.05,0.05,0.03,50,3,0.8,0.01,pairwise,300.0,1.16
tune_7,Testing/mac_grafo26dens30.txt,0.05,0.05,0.03,50,3,0.8,0.01,pairwise,300.0,1.15
tune_8,Testing/mac_grafo26dens30.txt,0.05,0.05,0.03,50,3,0.8,0.01,pairwise,300.0,1.15
tune_9,Testing/mac_grafo26dens30.txt,0.05,0.05,0.03,50,3,0.8,0.01,pairwise,300.0,1.14
tune_10,Testing/mac_grafo26dens30.txt,0.05,0.05,0.03,50,3,0.8,0.01,pairwise,300.0,1.12
tune_1,Testing/mac_grafo27dens30.txt,0.05,0.05,0.03,50,3,0.8,0.01,pairwise,325.0,1.17
tune_2,Testing/mac_grafo27dens30.txt,0.05,0.05,0.03,50,3,0.8,0.01,pairwise,300.0,1.17
tune_3,Testing/mac_grafo27dens30.txt,0.05,0.05,0.03,50,3,0.8,0.01,pairwise,325.0,1.17
tune_4,Testing/mac_grafo27dens30.txt,0.05,0.05,0.03,50,3,0.8,0.01,pairwise,325.0,1.18
tune_5,Testing/mac_grafo27dens30.txt,0.05,0.05,0.03,50,3,0.8,0.01,pairwise,300.0,1.17
tune_6,Testing/mac_grafo27dens30.txt,0.05,0.05,0.03,50,3,0.8,0.01,pairwise,325.0,1.16
tune_7,Testing/mac_grafo27dens30.txt,0.05,0.05,0.03,50,3,0.8,0.01,pairwise,325.0,1.18
tune_8,Testing/mac_grafo27dens30.txt,0.05,0.05,0.03,50,3,0.8,0.01,pairwise,325.0,1.17
tune_9,Testing/mac_grafo27dens30.txt,0.05,0.05,0.03,50,3,0.8,0.01,pairwise,325.0,1.17
tune_10,Testing/mac_grafo27dens30.txt,0.05,0.05,0.03,50,3,0.8,0.01,pairwise,325.0,1.19
tune_1,Testing/mac_grafo28dens30.txt,0.05,0.05,0.03,50,3,0.8,0.01,pairwise,351.0,1.19
tune_2,Testing/mac_grafo28dens30.txt,0.05,0.05,0.03,50,3,0.8,0.01,pairwise,351.0,1.19
tune_3,Testing/mac_grafo28dens30.txt,0.05,0.05,0.03,50,3,0.8,0.01,pairwise,351.0,1.18
tune_4,Testing/mac_grafo28dens30.txt,0.05,0.05,0.03,50,3,0.8,0.01,pairwise,351.0,1.18
tune_5,Testing/mac_grafo28dens30.txt,0.05,0.05,0.03,50,3,0.8,0.01,pairwise,351.0,1.16
tune_6,Testing/mac_grafo28dens30.txt,0.05,0.05,0.03,50,3,0.8,0.01,pairwise,351.0,1.18
tune_7,Testing/mac_grafo28dens30.txt,0.05,0.05,0.03,50,3,0.8,0.01,pairwise,351.0,1.18
tune_8,Testing/mac_grafo28dens30.txt,0.05,0.05,0.03,50,3,0.8,0.01,pairwise,351.0,1.18
tune_9,Testing/mac_grafo28dens30.txt,0.05,0.05,0.03,50,3,0.8,0.01,pairwise,351.0,1.17
tune_10,Testing/mac_grafo28dens30.txt,0.05,0.05,0.03,50,3,0.8,0.01,pairwise,351.0,1.19
tune_1,Testing/mac_grafo29dens30.txt,0.05,0.05,0.03,50,3,0.8,0.01,pairwise,378.0,1.18
tune_2,Testing/mac_grafo29dens30.txt,0.05,0.05,0.03,50,3,0.8,0.01,pairwise,378.0,1.17
tune_3,Testing/mac_grafo29dens30.txt,0.05,0.05,0.03,50,3,0.8,0.01,pairwise,378.0,1.18
tune_4,Testing/mac_grafo29dens30.txt,0.05,0.05,0.03,50,3,0.8,0.01,pairwise,378.0,1.17
tune_5,Testing/mac_grafo29dens30.txt,0.05,0.05,0.03,50,3,0.8,0.01,pairwise,378.0,1.24
tune_6,Testing/mac_grafo29dens30.txt,0.05,0.05,0.03,50,3,0.8,0.01,pairwise,378.0,1.19
tune_7,Testing/mac_grafo29dens30.txt,0.05,0.05,0.03,50,3,0.8,0.01,pairwise,378.0,1.20
tune_8,Testing/mac_grafo29dens30.txt,0.05,0.05,0.03,50,3,0.8,0.01,pairwise,378.0,1.20
tune_9,Testing/mac_grafo29dens30.txt,0.05,0.05,0.03,50,3,0.8,0.01,pairwise,378.0,1.16
tune_10,Testing/mac_grafo29dens30.txt,0.05,0.05,0.03,50,3,0.8,0.01,pairwise,378.0,1.19
tune_1,Testing/mac_grafo30dens30.txt,0.05,0.05,0.03,50,3,0.8,0.01,pairwise,406.0,1.20
tune_2,Testing/mac_grafo30dens30.txt,0.05,0.05,0.03,50,3,0.8,0.01,pairwise,406.0,1.20
tune_3,Testing/mac_grafo30dens30.txt,0.05,0.05,0.03,50,3,0.8,0.01,pairwise,406.0,1.20
tune_4,Testing/mac_grafo30dens30.txt,0.05,0.05,0.03,50,3,0.8,0.01,pairwise,406.0,1.20
tune_5,Testing/mac_grafo30dens30.txt,0.05,0.05,0.03,50,3,0.8,0.01,pairwise,406.0,1.20
tune_6,Testing/mac_grafo30dens30.txt,0.05,0.05,0.03,50,3,0.8,0.01,pairwise,406.0,1.19
tune_7,Testing/mac_grafo30dens30.txt,0.05,0.05,0.03,50,3,0.8,0.01,pairwise,406.0,1.18
tune_8,Testing/mac_grafo30dens30.txt,0.05,0.05,0.03,50,3,0.8,0.01,pairwise,406.0,1.19
tune_9,Testing/mac_grafo30dens30.txt,0.05,0.05,0.03,50,3,0.8,0.01,pairwise,406.0,1.20
tune_10,Testing/mac_grafo30dens30.txt,0.05,0.05,0.03,50,3,0.8,0.01,pairwise,406.0,1.17
tune_1,Testing/cor_adjnoun-w.txt,0.05,0.05,0.03,50,3,0.8,0.01,components,12.0,1.76
tune_2,Testing/cor_adjnoun-w.txt,0.05,0.05,0.03,50,3,0.8,0.01,components,11.0,1.71
tune_3,Testing/cor_adjnoun-w.txt,0.05,0.05,0.03,50,3,0.8,0.01,components,13.0,1.68
tune_4,Testing/cor_adjnoun-w.txt,0.05,0.05,0.03,50,3,0.8,0.01,components,12.0,1.74
tune_5,Testing/cor_adjnoun-w.txt,0.05,0.05,0.03,50,3,0.8,0.01,components,13.0,1.71
tune_6,Testing/cor_adjnoun-w.txt,0.05,0.05,0.03,50,3,0.8,0.01,components,12.0,1.73
tune_7,Testing/cor_adjnoun-w.txt,0.05,0.05,0.03,50,3,0.8,0.01,components,13.0,1.72
tune_8,Testing/cor_adjnoun-w.txt,0.05,0.05,0.03,50,3,0.8,0.01,components,12.0,1.71
tune_9,Testing/cor_adjnoun-w.txt,0.05,0.05,0.03,50,3,0.8,0.01,components,12.0,1.71
tune_10,Testing/cor_adjnoun-w.txt,0.05,0.05,0.03,50,3,0.8,0.01,components,15.0,1.72
tune_1,Testing/cor_celegans_metabolic-w.txt,0.05,0.05,0.03,50,3,0.8,0.01,components,27.0,4.98
tune_2,Testing/cor_celegans_metabolic-w.txt,0.05,0.05,0.03,50,3,0.8,0.01,components,23.0,4.95
tune_3,Testing/cor_celegans_metabolic-w.txt,0.05,0.05,0.03,50,3,0.8,0.01,components,15.0,4.90
tune_4,Testing/cor_celegans_metabolic-w.txt,0.05,0.05,0.03,50,3,0.8,0.01,components,14.0,5.01
tune_5,Testing/cor_celegans_metabolic-w.txt,0.05,0.05,0.03,50,3,0.8,0.01,components,14.0,5.08
tune_6,Testing/cor_celegans_metabolic-w.txt,0.05,0.05,0.03,50,3,0.8,0.01,components,26.0,4.91
tune_7,Testing/cor_celegans_metabolic-w.txt,0.05,0.05,0.03,50,3,0.8,0.01,components,25.0,4.86
tune_8,Testing/cor_celegans_metabolic-w.txt,0.05,0.05,0.03,50,3,0.8,0.01,components,13.0,4.96
tune_9,Testing/cor_celegans_metabolic-w.txt,0.05,0.05,0.03,50,3,0.8,0.01,components,13.0,4.98
tune_10,Testing/cor_celegans_metabolic-w.txt,0.05,0.05,0.03,50,3,0.8,0.01,components,20.0,4.95
tune_1,Testing/cor_celegansneural-w.txt,0.05,0.05,0.03,50,3,0.8,0.01,components,18.0,5.03
tune_2,Testing/cor_celegansneural-w.txt,0.05,0.05,0.03,50,3,0.8,0.01,components,17.0,5.09
tune_3,Testing/cor_celegansneural-w.txt,0.05,0.05,0.03,50,3,0.8,0.01,components,19.0,5.01
tune_4,Testing/cor_celegansneural-w.txt,0.05,0.05,0.03,50,3,0.8,0.01,components,16.0,5.09
tune_5,Testing/cor_celegansneural-w.txt,0.05,0.05,0.03,50,3,0.8,0.01,components,17.0,5.12
tune_6,Testing/cor_celegansneural-w.txt,0.05,0.05,0.03,50,3,0.8,0.01,components,19.0,5.04
tune_7,Testing/cor_celegansneural-w.txt,0.05,0.05,0.03,50,3,0.8,0.01,components,11.0,4.97
tune_8,Testing/cor_celegansneural-w.txt,0.05,0.05,0.03,50,3,0.8,0.01,components,12.0,4.99
tune_9,Testing/cor_celegansneural-w.txt,0.05,0.05,0.03,50,3,0.8,0.01,components,18.0,5.03
tune_10,Testing/cor_celegansneural-w.txt,0.05,0.05,0.03,50,3,0.8,0.01,components,17.0,5.10
tune_1,Testing/cor_dolphins-w.txt,0.05,0.05,0.03,50,3,0.8,0.01,components,10.0,1.27
tune_2,Testing/cor_dolphins-w.txt,0.05,0.05,0.03,50,3,0.8,0.01,components,8.0,1.32
tune_3,Testing/cor_dolphins-w.txt,0.05,0.05,0.03,50,3,0.8,0.01,components,9.0,1.28
tune_4,Testing/cor_dolphins-w.txt,0.05,0.05,0.03,50,3,0.8,0.01,components,9.0,1.31
tune_5,Testing/cor_dolphins-w.txt,0.05,0.05,0.03,50,3,0.8,0.01,components,8.0,1.29
tune_6,Testing/cor_dolphins-w.txt,0.05,0.05,0.03,50,3,0.8,0.01,components,9.0,1.31
tune_7,Testing/cor_dolphins-w.txt,0.05,0.05,0.03,50,3,0.8,0.01,components,9.0,1.29
tune_8,Testing/cor_dolphins-w.txt,0.05,0.05,0.03,50,3,0.8,0.01,components,9.0,1.28
tune_9,Testing/cor_dolphins-w.txt,0.05,0.05,0.03,50,3,0.8,0.01,components,9.0,1.32
tune_10,Testing/cor_dolphins-w.txt,0.05,0.05,0.03,50,3,0.8,0.01,components,9.0,1.30
tune_1,Testing/cor_football-w.txt,0.05,0.05,0.03,50,3,0.8,0.01,components,1.0,2.07
tune_2,Testing/cor_football-w.txt,0.05,0.05,0.03,50,3,0.8,0.01,components,1.0,2.00
tune_3,Testing/cor_football-w.txt,0.05,0.05,0.03,50,3,0.8,0.01,components,1.0,2.03
tune_4,Testing/cor_football-w.txt,0.05,0.05,0.03,50,3,0.8,0.01,components,1.0,2.01
tune_5,Testing/cor_football-w.txt,0.05,0.05,0.03,50,3,0.8,0.01,components,1.0,2.01
tune_6,Testing/cor_football-w.txt,0.05,0.05,0.03,50,3,0.8,0.01,components,1.0,2.07
tune_7,Testing/cor_football-w.txt,0.05,0.05,0.03,50,3,0.8,0.01,components,1.0,1.99
tune_8,Testing/cor_football-w.txt,0.05,0.05,0.03,50,3,0.8,0.01,components,1.0,1.99
tune_9,Testing/cor_football-w.txt,0.05,0.05,0.03,50,3,0.8,0.01,components,1.0,1.99
tune_10,Testing/cor_football-w.txt,0.05,0.05,0.03,50,3,0.8,0.01,components,1.0,1.98
tune_1,Testing/cor_jazz-w.txt,0.05,0.05,0.03,50,3,0.8,0.01,components,8.0,6.18
tune_2,Testing/cor_jazz-w.txt,0.05,0.05,0.03,50,3,0.8,0.01,components,6.0,6.20
tune_3,Testing/cor_jazz-w.txt,0.05,0.05,0.03,50,3,0.8,0.01,components,8.0,6.25
tune_4,Testing/cor_jazz-w.txt,0.05,0.05,0.03,50,3,0.8,0.01,components,7.0,6.29
tune_5,Testing/cor_jazz-w.txt,0.05,0.05,0.03,50,3,0.8,0.01,components,8.0,6.23
tune_6,Testing/cor_jazz-w.txt,0.05,0.05,0.03,50,3,0.8,0.01,components,6.0,6.23
tune_7,Testing/cor_jazz-w.txt,0.05,0.05,0.03,50,3,0.8,0.01,components,8.0,6.24
tune_8,Testing/cor_jazz-w.txt,0.05,0.05,0.03,50,3,0.8,0.01,components,9.0,6.11
tune_9,Testing/cor_jazz-w.txt,0.05,0.05,0.03,50,3,0.8,0.01,components,9.0,6.33
tune_10,Testing/cor_jazz-w.txt,0.05,0.05,0.03,50,3,0.8,0.01,components,6.0,6.37
tune_1,Testing/cor_karate-w.txt,0.05,0.05,0.03,50,3,0.8,0.01,components,3.0,1.15
tune_2,Testing/cor_karate-w.txt,0.05,0.05,0.03,50,3,0.8,0.01,components,4.0,1.15
tune_3,Testing/cor_karate-w.txt,0.05,0.05,0.03,50,3,0.8,0.01,components,3.0,1.14
tune_4,Testing/cor_karate-w.txt,0.05,0.05,0.03,50,3,0.8,0.01,components,4.0,1.14
tune_5,Testing/cor_karate-w.txt,0.05,0.05,0.03,50,3,0.8,0.01,components,3.0,1.13
tune_6,Testing/cor_karate-w.txt,0.05,0.05,0.03,50,3,0.8,0.01,components,4.0,1.16
tune_7,Testing/cor_karate-w.txt,0.05,0.05,0.03,50,3,0.8,0.01,components,4.0,1.13
tune_8,Testing/cor_karate-w.txt,0.05,0.05,0.03,50,3,0.8,0.01,components,3.0,1.14
tune_9,Testing/cor_karate-w.txt,0.05,0.05,0.03,50,3,0.8,0.01,components,5.0,1.15
tune_10,Testing/cor_karate-w.txt,0.05,0.05,0.03,50,3,0.8,0.01,components,3.0,1.16
tune_1,Testing/cor_lesmis-w.txt,0.05,0.05,0.03,50,3,0.8,0.01,components,18.0,1.45
tune_2,Testing/cor_lesmis-w.txt,0.05,0.05,0.03,50,3,0.8,0.01,components,17.0,1.44
tune_3,Testing/cor_lesmis-w.txt,0.05,0.05,0.03,50,3,0.8,0.01,components,20.0,1.47
tune_4,Testing/cor_lesmis-w.txt,0.05,0.05,0.03,50,3,0.8,0.01,components,16.0,1.45
tune_5,Testing/cor_lesmis-w.txt,0.05,0.05,0.03,50,3,0.8,0.01,components,17.0,1.49
tune_6,Testing/cor_lesmis-w.txt,0.05,0.05,0.03,50,3,0.8,0.01,components,19.0,1.44
tune_7,Testing/cor_lesmis-w.txt,0.05,0.05,0.03,50,3,0.8,0.01,components,20.0,1.44
tune_8,Testing/cor_lesmis-w.txt,0.05,0.05,0.03,50,3,0.8,0.01,components,16.0,1.45
tune_9,Testing/cor_lesmis-w.txt,0.05,0.05,0.03,50,3,0.8,0.01,components,20.0,1.43
tune_10,Testing/cor_lesmis-w.txt,0.05,0.05,0.03,50,3,0.8,0.01,components,17.0,1.47
tune_1,Testing/cor_n050plai01.txt,0.05,0.05,0.03,50,3,0.8,0.01,components,2.0,1.24
tune_2,Testing/cor_n050plai01.txt,0.05,0.05,0.03,50,3,0.8,0.01,components,2.0,1.25
tune_3,Testing/cor_n050plai01.txt,0.05,0.05,0.03,50,3,0.8,0.01,components,2.0,1.23
tune_4,Testing/cor_n050plai01.txt,0.05,0.05,0.03,50,3,0.8,0.01,components,3.0,1.25
tune_5,Testing/cor_n050plai01.txt,0.05,0.05,0.03,50,3,0.8,0.01,components,2.0,1.27
tune_6,Testing/cor_n050plai01.txt,0.05,0.05,0.03,50,3,0.8,0.01,components,2.0,1.22
tune_7,Testing/cor_n050plai01.txt,0.05,0.05,0.03,50,3,0.8,0.01,components,2.0,1.24
tune_8,Testing/cor_n050plai01.txt,0.05,0.05,0.03,50,3,0.8,0.01,components,3.0,1.27
tune_9,Testing/cor_n050plai01.txt,0.05,0.05,0.03,50,3,0.8,0.01,components,2.0,1.25
tune_10,Testing/cor_n050plai01.txt,0.05,0.05,0.03,50,3,0.8,0.01,components,2.0,1.30
tune_1,Testing/cor_n100plai01.txt,0.05,0.05,0.03,50,3,0.8,0.01,components,2.0,1.51
tune_2,Testing/cor_n100plai01.txt,0.05,0.05,0.03,50,3,0.8,0.01,components,1.0,1.53
tune_3,Testing/cor_n100plai01.txt,0.05,0.05,0.03,50,3,0.8,0.01,components,3.0,1.52
tune_4,Testing/cor_n100plai01.txt,0.05,0.05,0.03,50,3,0.8,0.01,components,2.0,1.54
tune_5,Testing/cor_n100plai01.txt,0.05,0.05,0.03,50,3,0.8,0.01,components,2.0,1.55
tune_6,Testing/cor_n100plai01.txt,0.05,0.05,0.03,50,3,0.8,0.01,components,1.0,1.50
tune_7,Testing/cor_n100plai01.txt,0.05,0.05,0.03,50,3,0.8,0.01,components,2.0,1.51
tune_8,Testing/cor_n100plai01.txt,0.05,0.05,0.03,50,3,0.8,0.01,components,2.0,1.54
tune_9,Testing/cor_n100plai01.txt,0.05,0.05,0.03,50,3,0.8,0.01,components,2.0,1.51
tune_10,Testing/cor_n100plai01.txt,0.05,0.05,0.03,50,3,0.8,0.01,components,2.0,1.57
tune_1,Testing/cor_n150plai01.txt,0.05,0.05,0.03,50,3,0.8,0.01,components,3.0,1.83
tune_2,Testing/cor_n150plai01.txt,0.05,0.05,0.03,50,3,0.8,0.01,components,3.0,1.80
tune_3,Testing/cor_n150plai01.txt,0.05,0.05,0.03,50,3,0.8,0.01,components,3.0,1.81
tune_4,Testing/cor_n150plai01.txt,0.05,0.05,0.03,50,3,0.8,0.01,components,2.0,1.81
tune_5,Testing/cor_n150plai01.txt,0.05,0.05,0.03,50,3,0.8,0.01,components,2.0,1.83
tune_6,Testing/cor_n150plai01.txt,0.05,0.05,0.03,50,3,0.8,0.01,components,4.0,1.78
tune_7,Testing/cor_n150plai01.txt,0.05,0.05,0.03,50,3,0.8,0.01,components,3.0,1.80
tune_8,Testing/cor_n150plai01.txt,0.05,0.05,0.03,50,3,0.8,0.01,components,3.0,1.80
tune_9,Testing/cor_n150plai01.txt,0.05,0.05,0.03,50,3,0.8,0.01,components,3.0,1.83
tune_10,Testing/cor_n150plai01.txt,0.05,0.05,0.03,50,3,0.8,0.01,components,3.0,1.81
tune_1,Testing/cor_n200plai01.txt,0.05,0.05,0.03,50,3,0.8,0.01,components,4.0,2.06
tune_2,Testing/cor_n200plai01.txt,0.05,0.05,0.03,50,3,0.8,0.01,components,4.0,2.04
tune_3,Testing/cor_n200plai01.txt,0.05,0.05,0.03,50,3,0.8,0.01,components,3.0,2.05
tune_4,Testing/cor_n200plai01.txt,0.05,0.05,0.03,50,3,0.8,0.01,components,2.0,2.12
tune_5,Testing/cor_n200plai01.txt,0.05,0.05,0.03,50,3,0.8,0.01,components,5.0,2.05
tune_6,Testing/cor_n200plai01.txt,0.05,0.05,0.03,50,3,0.8,0.01,components,4.0,2.05
tune_7,Testing/cor_n200plai01.txt,0.05,0.05,0.03,50,3,0.8,0.01,components,4.0,2.05
tune_8,Testing/cor_n200plai01.txt,0.05,0.05,0.03,50,3,0.8,0.01,components,3.0,2.12
tune_9,Testing/cor_n200plai01.txt,0.05,0.05,0.03,50,3,0.8,0.01,components,5.0,2.03
tune_10,Testing/cor_n200plai01.txt,0.05,0.05,0.03,50,3,0.8,0.01,components,3.0,2.04
tune_1,Testing/cor_n250plai01.txt,0.05,0.05,0.03,50,3,0.8,0.01,components,6.0,2.44
tune_2,Testing/cor_n250plai01.txt,0.05,0.05,0.03,50,3,0.8,0.01,components,8.0,2.42
tune_3,Testing/cor_n250plai01.txt,0.05,0.05,0.03,50,3,0.8,0.01,components,7.0,2.41
tune_4,Testing/cor_n250plai01.txt,0.05,0.05,0.03,50,3,0.8,0.01,components,9.0,2.40
tune_5,Testing/cor_n250plai01.txt,0.05,0.05,0.03,50,3,0.8,0.01,components,6.0,2.44
tune_6,Testing/cor_n250plai01.txt,0.05,0.05,0.03,50,3,0.8,0.01,components,7.0,2.39
tune_7,Testing/cor_n250plai01.txt,0.05,0.05,0.03,50,3,0.8,0.01,components,8.0,2.43
tune_8,Testing/cor_n250plai01.txt,0.05,0.05,0.03,50,3,0.8,0.01,components,7.0,2.43
tune_9,Testing/cor_n250plai01.txt,0.05,0.05,0.03,50,3,0.8,0.01,components,7.0,2.42
tune_10,Testing/cor_n250plai01.txt,0.05,0.05,0.03,50,3,0.8,0.01,components,7.0,2.42
tune_1,Testing/cor_n300plai01.txt,0.05,0.05,0.03,50,3,0.8,0.01,components,5.0,2.72
tune_2,Testing/cor_n300plai01.txt,0.05,0.05,0.03,50,3,0.8,0.01,components,5.0,2.74
tune_3,Testing/cor_n300plai01.txt,0.05,0.05,0.03,50,3,0.8,0.01,components,9.0,2.65
tune_4,Testing/cor_n300plai01.txt,0.05,0.05,0.03,50,3,0.8,0.01,components,6.0,2.75
tune_5,Testing/cor_n300plai01.txt,0.05,0.05,0.03,50,3,0.8,0.01,components,9.0,2.65
tune_6,Testing/cor_n300plai01.txt,0.05,0.05,0.03,50,3,0.8,0.01,components,6.0,2.71
tune_7,Testing/cor_n300plai01.txt,0.05,0.05,0.03,50,3,0.8,0.01,components,7.0,2.71
tune_8,Testing/cor_n300plai01.txt,0.05,0.05,0.03,50,3,0.8,0.01,components,5.0,2.71
tune_9,Testing/cor_n300plai01.txt,0.05,0.05,0.03,50,3,0.8,0.01,components,7.0,2.69
tune_10,Testing/cor_n300plai01.txt,0.05,0.05,0.03,50,3,0.8,0.01,components,9.0,2.70
tune_1,Testing/cor_n350plai01.txt,0.05,0.05,0.03,50,3,0.8,0.01,components,15.0,2.98
tune_2,Testing/cor_n350plai01.txt,0.05,0.05,0.03,50,3,0.8,0.01,components,16.0,2.87
tune_3,Testing/cor_n350plai01.txt,0.05,0.05,0.03,50,3,0.8,0.01,components,11.0,2.97
tune_4,Testing/cor_n350plai01.txt,0.05,0.05,0.03,50,3,0.8,0.01,components,16.0,2.92
tune_5,Testing/cor_n350plai01.txt,0.05,0.05,0.03,50,3,0.8,0.01,components,14.0,2.87
tune_6,Testing/cor_n350plai01.txt,0.05,0.05,0.03,50,3,0.8,0.01,components,14.0,2.89
tune_7,Testing/cor_n350plai01.txt,0.05,0.05,0.03,50,3,0.8,0.01,components,14.0,2.88
tune_8,Testing/cor_n350plai01.txt,0.05,0.05,0.03,50,3,0.8,0.01,components,17.0,3.04
tune_9,Testing/cor_n350plai01.txt,0.05,0.05,0.03,50,3,0.8,0.01,components,13.0,2.94
tune_10,Testing/cor_n350plai01.txt,0.05,0.05,0.03,50,3,0.8,0.01,components,12.0,2.92
tune_1,Testing/cor_polbooks-w.txt,0.05,0.05,0.03,50,3,0.8,0.01,components,3.0,1.77
tune_2,Testing/cor_polbooks-w.txt,0.05,0.05,0.03,50,3,0.8,0.01,components,3.0,1.70
tune_3,Testing/cor_polbooks-w.txt,0.05,0.05,0.03,50,3,0.8,0.01,components,3.0,1.78
tune_4,Testing/cor_polbooks-w.txt,0.05,0.05,0.03,50,3,0.8,0.01,components,4.0,1.73
tune_5,Testing/cor_polbooks-w.txt,0.05,0.05,0.03,50,3,0.8,0.01,components,4.0,1.71
tune_6,Testing/cor_polbooks-w.txt,0.05,0.05,0.03,50,3,0.8,0.01,components,3.0,1.72
tune_7,Testing/cor_polbooks-w.txt,0.05,0.05,0.03,50,3,0.8,0.01,components,3.0,1.74
tune_8,Testing/cor_polbooks-w.txt,0.05,0.05,0.03,50,3,0.8,0.01,components,3.0,1.71
tune_9,Testing/cor_polbooks-w.txt,0.05,0.05,0.03,50,3,0.8,0.01,components,3.0,1.71
tune_10,Testing/cor_polbooks-w.txt,0.05,0.05,0.03,50,3,0.8,0.01,components,2.0,1.71
tune_1,Testing/hos_20_r1_1.txt,0.05,0.05,0.03,50,3,0.8,0.01,components,2.0,1.07
tune_2,Testing/hos_20_r1_1.txt,0.05,0.05,0.03,50,3,0.8,0.01,components,2.0,1.04
tune_3,Testing/hos_20_r1_1.txt,0.05,0.05,0.03,50,3,0.8,0.01,components,2.0,1.07
tune_4,Testing/hos_20_r1_1.txt,0.05,0.05,0.03,50,3,0.8,0.01,components,2.0,1.05
tune_5,Testing/hos_20_r1_1.txt,0.05,0.05,0.03,50,3,0.8,0.01,components,2.0,1.06
tune_6,Testing/hos_20_r1_1.txt,0.05,0.05,0.03,50,3,0.8,0.01,components,2.0,1.05
tune_7,Testing/hos_20_r1_1.txt,0.05,0.05,0.03,50,3,0.8,0.01,components,2.0,1.04
tune_8,Testing/hos_20_r1_1.txt,0.05,0.05,0.03,50,3,0.8,0.01,components,2.0,1.06
tune_9,Testing/hos_20_r1_1.txt,0.05,0.05,0.03,50,3,0.8,0.01,components,2.0,1.04
tune_10,Testing/hos_20_r1_1.txt,0.05,0.05,0.03,50,3,0.8,0.01,components,2.0,1.07
tune_1,Testing/hos_20_r2_1.txt,0.05,0.05,0.03,50,3,0.8,0.01,components,2.0,1.10
tune_2,Testing/hos_20_r2_1.txt,0.05,0.05,0.03,50,3,0.8,0.01,components,2.0,1.09
tune_3,Testing/hos_20_r2_1.txt,0.05,0.05,0.03,50,3,0.8,0.01,components,2.0,1.09
tune_4,Testing/hos_20_r2_1.txt,0.05,0.05,0.03,50,3,0.8,0.01,components,2.0,1.07
tune_5,Testing/hos_20_r2_1.txt,0.05,0.05,0.03,50,3,0.8,0.01,components,1.0,1.09
tune_6,Testing/hos_20_r2_1.txt,0.05,0.05,0.03,50,3,0.8,0.01,components,2.0,1.07
tune_7,Testing/hos_20_r2_1.txt,0.05,0.05,0.03,50,3,0.8,0.01,components,2.0,1.09
tune_8,Testing/hos_20_r2_1.txt,0.05,0.05,0.03,50,3,0.8,0.01,components,2.0,1.10
tune_9,Testing/hos_20_r2_1.txt,0.05,0.05,0.03,50,3,0.8,0.01,components,2.0,1.07
tune_10,Testing/hos_20_r2_1.txt,0.05,0.05,0.03,50,3,0.8,0.01,components,2.0,1.06
tune_1,Testing/hos_25_r1_1.txt,0.05,0.05,0.03,50,3,0.8,0.01,components,2.0,1.08
tune_2,Testing/hos_25_r1_1.txt,0.05,0.05,0.03,50,3,0.8,0.01,components,2.0,1.08
tune_3,Testing/hos_25_r1_1.txt,0.05,0.05,0.03,50,3,0.8,0.01,components,2.0,1.05
tune_4,Testing/hos_25_r1_1.txt,0.05,0.05,0.03,50,3,0.8,0.01,components,2.0,1.05
tune_5,Testing/hos_25_r1_1.txt,0.05,0.05,0.03,50,3,0.8,0.01,components,2.0,1.08
tune_6,Testing/hos_25_r1_1.txt,0.05,0.05,0.03,50,3,0.8,0.01,components,2.0,1.07
tune_7,Testing/hos_25_r1_1.txt,0.05,0.05,0.03,50,3,0.8,0.01,components,2.0,1.05
tune_8,Testing/hos_25_r1_1.txt,0.05,0.05,0.03,50,3,0.8,0.01,components,2.0,1.10
tune_9,Testing/hos_25_r1_1.txt,0.05,0.05,0.03,50,3,0.8,0.01,components,2.0,1.07
tune_10,Testing/hos_25_r1_1.txt,0.05,0.05,0.03,50,3,0.8,0.01,components,2.0,1.08
tune_1,Testing/hos_25_r2_1.txt,0.05,0.05,0.03,50,3,0.8,0.01,components,1.0,1.11
tune_2,Testing/hos_25_r2_1.txt,0.05,0.05,0.03,50,3,0.8,0.01,components,2.0,1.16
tune_3,Testing/hos_25_r2_1.txt,0.05,0.05,0.03,50,3,0.8,0.01,components,2.0,1.10
tune_4,Testing/hos_25_r2_1.txt,0.05,0.05,0.03,50,3,0.8,0.01,components,1.0,1.14
tune_5,Testing/hos_25_r2_1.txt,0.05,0.05,0.03,50,3,0.8,0.01,components,1.0,1.10
tune_6,Testing/hos_25_r2_1.txt,0.05,0.05,0.03,50,3,0.8,0.01,components,2.0,1.12
tune_7,Testing/hos_25_r2_1.txt,0.05,0.05,0.03,50,3,0.8,0.01,components,2.0,1.10
tune_8,Testing/hos_25_r2_1.txt,0.05,0.05,0.03,50,3,0.8,0.01,components,2.0,1.12
tune_9,Testing/hos_25_r2_1.txt,0.05,0.05,0.03,50,3,0.8,0.01,components,2.0,1.10
tune_10,Testing/hos_25_r2_1.txt,0.05,0.05,0.03,50,3,0.8,0.01,components,2.0,1.11
tune_1,Testing/hos_30_r1_1.txt,0.05,0.05,0.03,50,3,0.8,0.01,components,2.0,1.13
tune_2,Testing/hos_30_r1_1.txt,0.05,0.05,0.03,50,3,0.8,0.01,components,2.0,1.10
tune_3,Testing/hos_30_r1_1.txt,0.05,0.05,0.03,50,3,0.8,0.01,components,3.0,1.10
tune_4,Testing/hos_30_r1_1.txt,0.05,0.05,0.03,50,3,0.8,0.01,components,2.0,1.10
tune_5,Testing/hos_30_r1_1.txt,0.05,0.05,0.03,50,3,0.8,0.01,components,2.0,1.10
tune_6,Testing/hos_30_r1_1.txt,0.05,0.05,0.03,50,3,0.8,0.01,components,2.0,1.11
tune_7,Testing/hos_30_r1_1.txt,0.05,0.05,0.03,50,3,0.8,0.01,components,2.0,1.12
tune_8,Testing/hos_30_r1_1.txt,0.05,0.05,0.03,50,3,0.8,0.01,components,2.0,1.11
tune_9,Testing/hos_30_r1_1.txt,0.05,0.05,0.03,50,3,0.8,0.01,components,2.0,1.11
tune_10,Testing/hos_30_r1_1.txt,0.05,0.05,0.03,50,3,0.8,0.01,components,2.0,1.08
tune_1,Testing/hos_30_r2_1.txt,0.05,0.05,0.03,50,3,0.8,0.01,components,2.0,1.14
tune_2,Testing/hos_30_r2_1.txt,0.05,0.05,0.03,50,3,0.8,0.01,components,2.0,1.14
tune_3,Testing/hos_30_r2_1.txt,0.05,0.05,0.03,50,3,0.8,0.01,components,2.0,1.17
tune_4,Testing/hos_30_r2_1.txt,0.05,0.05,0.03,50,3,0.8,0.01,components,2.0,1.16
tune_5,Testing/hos_30_r2_1.txt,0.05,0.05,0.03,50,3,0.8,0.01,components,1.0,1.15
tune_6,Testing/hos_30_r2_1.txt,0.05,0.05,0.03,50,3,0.8,0.01,components,2.0,1.15
tune_7,Testing/hos_30_r2_1.txt,0.05,0.05,0.03,50,3,0.8,0.01,components,2.0,1.14
tune_8,Testing/hos_30_r2_1.txt,0.05,0.05,0.03,50,3,0.8,0.01,components,2.0,1.12
tune_9,Testing/hos_30_r2_1.txt,0.05,0.05,0.03,50,3,0.8,0.01,components,2.0,1.14
tune_10,Testing/hos_30_r2_1.txt,0.05,0.05,0.03,50,3,0.8,0.01,components,1.0,1.15
tune_1,Testing/hos_35_r1_1.txt,0.05,0.05,0.03,50,3,0.8,0.01,components,3.0,1.12
tune_2,Testing/hos_35_r1_1.txt,0.05,0.05,0.03,50,3,0.8,0.01,components,3.0,1.11
tune_3,Testing/hos_35_r1_1.txt,0.05,0.05,0.03,50,3,0.8,0.01,components,2.0,1.11
tune_4,Testing/hos_35_r1_1.txt,0.05,0.05,0.03,50,3,0.8,0.01,components,3.0,1.12
tune_5,Testing/hos_35_r1_1.txt,0.05,0.05,0.03,50,3,0.8,0.01,components,3.0,1.13
tune_6,Testing/hos_35_r1_1.txt,0.05,0.05,0.03,50,3,0.8,0.01,components,3.0,1.10
tune_7,Testing/hos_35_r1_1.txt,0.05,0.05,0.03,50,3,0.8,0.01,components,3.0,1.12
tune_8,Testing/hos_35_r1_1.txt,0.05,0.05,0.03,50,3,0.8,0.01,components,3.0,1.10
tune_9,Testing/hos_35_r1_1.txt,0.05,0.05,0.03,50,3,0.8,0.01,components,3.0,1.15
tune_10,Testing/hos_35_r1_1.txt,0.05,0.05,0.03,50,3,0.8,0.01,components,2.0,1.10
tune_1,Testing/hos_35_r2_1.txt,0.05,0.05,0.03,50,3,0.8,0.01,components,1.0,1.20
tune_2,Testing/hos_35_r2_1.txt,0.05,0.05,0.03,50,3,0.8,0.01,components,1.0,1.19
tune_3,Testing/hos_35_r2_1.txt,0.05,0.05,0.03,50,3,0.8,0.01,components,1.0,1.19
tune_4,Testing/hos_35_r2_1.txt,0.05,0.05,0.03,50,3,0.8,0.01,components,1.0,1.22
tune_5,Testing/hos_35_r2_1.txt,0.05,0.05,0.03,50,3,0.8,0.01,components,1.0,1.17
tune_6,Testing/hos_35_r2_1.txt,0.05,0.05,0.03,50,3,0.8,0.01,components,1.0,1.22
tune_7,Testing/hos_35_r2_1.txt,0.05,0.05,0.03,50,3,0.8,0.01,components,1.0,1.18
tune_8,Testing/hos_35_r2_1.txt,0.05,0.05,0.03,50,3,0.8,0.01,components,1.0,1.19
tune_9,Testing/hos_35_r2_1.txt,0.05,0.05,0.03,50,3,0.8,0.01,components,1.0,1.19
tune_10,Testing/hos_35_r2_1.txt,0.05,0.05,0.03,50,3,0.8,0.01,components,1.0,1.20
tune_1,Testing/hos_40_r1_1.txt,0.05,0.05,0.03,50,3,0.8,0.01,components,3.0,1.15
tune_2,Testing/hos_40_r1_1.txt,0.05,0.05,0.03,50,3,0.8,0.01,components,3.0,1.15
tune_3,Testing/hos_40_r1_1.txt,0.05,0.05,0.03,50,3,0.8,0.01,components,3.0,1.18
tune_4,Testing/hos_40_r1_1.txt,0.05,0.05,0.03,50,3,0.8,0.01,components,2.0,1.15
tune_5,Testing/hos_40_r1_1.txt,0.05,0.05,0.03,50,3,0.8,0.01,components,2.0,1.17
tune_6,Testing/hos_40_r1_1.txt,0.05,0.05,0.03,50,3,0.8,0.01,components,3.0,1.15
tune_7,Testing/hos_40_r1_1.txt,0.05,0.05,0.03,50,3,0.8,0.01,components,2.0,1.13
tune_8,Testing/hos_40_r1_1.txt,0.05,0.05,0.03,50,3,0.8,0.01,components,2.0,1.17
tune_9,Testing/hos_40_r1_1.txt,0.05,0.05,0.03,50,3,0.8,0.01,components,3.0,1.17
tune_10,Testing/hos_40_r1_1.txt,0.05,0.05,0.03,50,3,0.8,0.01,components,2.0,1.15
tune_1,Testing/hos_40_r2_1.txt,0.05,0.05,0.03,50,3,0.8,0.01,components,1.0,1.25
tune_2,Testing/hos_40_r2_1.txt,0.05,0.05,0.03,50,3,0.8,0.01,components,1.0,1.25
tune_3,Testing/hos_40_r2_1.txt,0.05,0.05,0.03,50,3,0.8,0.01,components,1.0,1.24
tune_4,Testing/hos_40_r2_1.txt,0.05,0.05,0.03,50,3,0.8,0.01,components,1.0,1.24
tune_5,Testing/hos_40_r2_1.txt,0.05,0.05,0.03,50,3,0.8,0.01,components,1.0,1.25
tune_6,Testing/hos_40_r2_1.txt,0.05,0.05,0.03,50,3,0.8,0.01,components,1.0,1.25
tune_7,Testing/hos_40_r2_1.txt,0.05,0.05,0.03,50,3,0.8,0.01,components,1.0,1.24
tune_8,Testing/hos_40_r2_1.txt,0.05,0.05,0.03,50,3,0.8,0.01,components,1.0,1.23
tune_9,Testing/hos_40_r2_1.txt,0.05,0.05,0.03,50,3,0.8,0.01,components,1.0,1.26
tune_10,Testing/hos_40_r2_1.txt,0.05,0.05,0.03,50,3,0.8,0.01,components,1.0,1.28
tune_1,Testing/hos_45_r1_1.txt,0.05,0.05,0.03,50,3,0.8,0.01,components,2.0,1.22
tune_2,Testing/hos_45_r1_1.txt,0.05,0.05,0.03,50,3,0.8,0.01,components,3.0,1.17
tune_3,Testing/hos_45_r1_1.txt,0.05,0.05,0.03,50,3,0.8,0.01,components,3.0,1.18
tune_4,Testing/hos_45_r1_1.txt,0.05,0.05,0.03,50,3,0.8,0.01,components,2.0,1.17
tune_5,Testing/hos_45_r1_1.txt,0.05,0.05,0.03,50,3,0.8,0.01,components,3.0,1.14
tune_6,Testing/hos_45_r1_1.txt,0.05,0.05,0.03,50,3,0.8,0.01,components,3.0,1.15
tune_7,Testing/hos_45_r1_1.txt,0.05,0.05,0.03,50,3,0.8,0.01,components,2.0,1.19
tune_8,Testing/hos_45_r1_1.txt,0.05,0.05,0.03,50,3,0.8,0.01,components,3.0,1.16
tune_9,Testing/hos_45_r1_1.txt,0.05,0.05,0.03,50,3,0.8,0.01,components,3.0,1.18
tune_10,Testing/hos_45_r1_1.txt,0.05,0.05,0.03,50,3,0.8,0.01,components,3.0,1.17
tune_1,Testing/hos_45_r2_1.txt,0.05,0.05,0.03,50,3,0.8,0.01,components,1.0,1.35
tune_2,Testing/hos_45_r2_1.txt,0.05,0.05,0.03,50,3,0.8,0.01,components,1.0,1.32
tune_3,Testing/hos_45_r2_1.txt,0.05,0.05,0.03,50,3,0.8,0.01,components,1.0,1.34
tune_4,Testing/hos_45_r2_1.txt,0.05,0.05,0.03,50,3,0.8,0.01,components,1.0,1.31
tune_5,Testing/hos_45_r2_1.txt,0.05,0.05,0.03,50,3,0.8,0.01,components,1.0,1.32
tune_6,Testing/hos_45_r2_1.txt,0.05,0.05,0.03,50,3,0.8,0.01,components,1.0,1.32
tune_7,Testing/hos_45_r2_1.txt,0.05,0.05,0.03,50,3,0.8,0.01,components,1.0,1.31
tune_8,Testing/hos_45_r2_1.txt,0.05,0.05,0.03,50,3,0.8,0.01,components,1.0,1.33
tune_9,Testing/hos_45_r2_1.txt,0.05,0.05,0.03,50,3,0.8,0.01,components,1.0,1.36
tune_10,Testing/hos_45_r2_1.txt,0.05,0.05,0.03,50,3,0.8,0.01,components,1.0,1.32
tune_1,Testing/hos_50_r1_1.txt,0.05,0.05,0.03,50,3,0.8,0.01,components,3.0,1.21
tune_2,Testing/hos_50_r1_1.txt,0.05,0.05,0.03,50,3,0.8,0.01,components,3.0,1.24
tune_3,Testing/hos_50_r1_1.txt,0.05,0.05,0.03,50,3,0.8,0.01,components,3.0,1.22
tune_4,Testing/hos_50_r1_1.txt,0.05,0.05,0.03,50,3,0.8,0.01,components,3.0,1.19
tune_5,Testing/hos_50_r1_1.txt,0.05,0.05,0.03,50,3,0.8,0.01,components,3.0,1.24
tune_6,Testing/hos_50_r1_1.txt,0.05,0.05,0.03,50,3,0.8,0.01,components,3.0,1.19
tune_7,Testing/hos_50_r1_1.txt,0.05,0.05,0.03,50,3,0.8,0.01,components,3.0,1.19
tune_8,Testing/hos_50_r1_1.txt,0.05,0.05,0.03,50,3,0.8,0.01,components,2.0,1.21
tune_9,Testing/hos_50_r1_1.txt,0.05,0.05,0.03,50,3,0.8,0.01,components,3.0,1.21
tune_10,Testing/hos_50_r1_1.txt,0.05,0.05,0.03,50,3,0.8,0.01,components,3.0,1.22
tune_1,Testing/hos_50_r2_1.txt,0.05,0.05,0.03,50,3,0.8,0.01,components,1.0,1.42
tune_2,Testing/hos_50_r2_1.txt,0.05,0.05,0.03,50,3,0.8,0.01,components,1.0,1.42
tune_3,Testing/hos_50_r2_1.txt,0.05,0.05,0.03,50,3,0.8,0.01,components,1.0,1.39
tune_4,Testing/hos_50_r2_1.txt,0.05,0.05,0.03,50,3,0.8,0.01,components,1.0,1.42
tune_5,Testing/hos_50_r2_1.txt,0.05,0.05,0.03,50,3,0.8,0.01,components,1.0,1.42
tune_6,Testing/hos_50_r2_1.txt,0.05,0.05,0.03,50,3,0.8,0.01,components,1.0,1.39
tune_7,Testing/hos_50_r2_1.txt,0.05,0.05,0.03,50,3,0.8,0.01,components,1.0,1.39
tune_8,Testing/hos_50_r2_1.txt,0.05,0.05,0.03,50,3,0.8,0.01,components,1.0,1.42
tune_9,Testing/hos_50_r2_1.txt,0.05,0.05,0.03,50,3,0.8,0.01,components,1.0,1.41
tune_10,Testing/hos_50_r2_1.txt,0.05,0.05,0.03,50,3,0.8,0.01,components,1.0,1.41
tune_1,Testing/mac_grafo10dens30.txt,0.05,0.05,0.03,50,3,0.8,0.01,components,1.0,1.06
tune_2,Testing/mac_grafo10dens30.txt,0.05,0.05,0.03,50,3,0.8,0.01,components,1.0,1.01
tune_3,Testing/mac_grafo10dens30.txt,0.05,0.05,0.03,50,3,0.8,0.01,components,1.0,1.05
tune_4,Testing/mac_grafo10dens30.txt,0.05,0.05,0.03,50,3,0.8,0.01,components,1.0,1.03
tune_5,Testing/mac_grafo10dens30.txt,0.05,0.05,0.03,50,3,0.8,0.01,components,1.0,1.04
tune_6,Testing/mac_grafo10dens30.txt,0.05,0.05,0.03,50,3,0.8,0.01,components,1.0,1.08
tune_7,Testing/mac_grafo10dens30.txt,0.05,0.05,0.03,50,3,0.8,0.01,components,1.0,1.03
tune_8,Testing/mac_grafo10dens30.txt,0.05,0.05,0.03,50,3,0.8,0.01,components,1.0,1.01
tune_9,Testing/mac_grafo10dens30.txt,0.05,0.05,0.03,50,3,0.8,0.01,components,1.0,1.03
tune_10,Testing/mac_grafo10dens30.txt,0.05,0.05,0.03,50,3,0.8,0.01,components,1.0,1.05
tune_1,Testing/mac_grafo11dens30.txt,0.05,0.05,0.03,50,3,0.8,0.01,components,1.0,1.04
tune_2,Testing/mac_grafo11dens30.txt,0.05,0.05,0.03,50,3,0.8,0.01,components,1.0,1.05
tune_3,Testing/mac_grafo11dens30.txt,0.05,0.05,0.03,50,3,0.8,0.01,components,1.0,1.03
tune_4,Testing/mac_grafo11dens30.txt,0.05,0.05,0.03,50,3,0.8,0.01,components,1.0,1.04
tune_5,Testing/mac_grafo11dens30.txt,0.05,0.05,0.03,50,3,0.8,0.01,components,1.0,1.06
tune_6,Testing/mac_grafo11dens30.txt,0.05,0.05,0.03,50,3,0.8,0.01,components,1.0,1.04
tune_7,Testing/mac_grafo11dens30.txt,0.05,0.05,0.03,50,3,0.8,0.01,components,1.0,1.03
tune_8,Testing/mac_grafo11dens30.txt,0.05,0.05,0.03,50,3,0.8,0.01,components,1.0,1.05
tune_9,Testing/mac_grafo11dens30.txt,0.05,0.05,0.03,50,3,0.8,0.01,components,1.0,1.04
tune_10,Testing/mac_grafo11dens30.txt,0.05,0.05,0.03,50,3,0.8,0.01,components,1.0,1.03
tune_1,Testing/mac_grafo12dens30.txt,0.05,0.05,0.03,50,3,0.8,0.01,components,1.0,1.02
tune_2,Testing/mac_grafo12dens30.txt,0.05,0.05,0.03,50,3,0.8,0.01,components,1.0,1.06
tune_3,Testing/mac_grafo12dens30.txt,0.05,0.05,0.03,50,3,0.8,0.01,components,1.0,1.06
tune_4,Testing/mac_grafo12dens30.txt,0.05,0.05,0.03,50,3,0.8,0.01,components,1.0,1.07
tune_5,Testing/mac_grafo12dens30.txt,0.05,0.05,0.03,50,3,0.8,0.01,components,1.0,1.02
tune_6,Testing/mac_grafo12dens30.txt,0.05,0.05,0.03,50,3,0.8,0.01,components,1.0,1.07
tune_7,Testing/mac_grafo12dens30.txt,0.05,0.05,0.03,50,3,0.8,0.01,components,1.0,1.05
tune_8,Testing/mac_grafo12dens30.txt,0.05,0.05,0.03,50,3,0.8,0.01,components,1.0,1.04
tune_9,Testing/mac_grafo12dens30.txt,0.05,0.05,0.03,50,3,0.8,0.01,components,1.0,1.05
tune_10,Testing/mac_grafo12dens30.txt,0.05,0.05,0.03,50,3,0.8,0.01,components,1.0,1.04
tune_1,Testing/mac_grafo13dens30.txt,0.05,0.05,0.03,50,3,0.8,0.01,components,1.0,1.05
tune_2,Testing/mac_grafo13dens30.txt,0.05,0.05,0.03,50,3,0.8,0.01,components,1.0,1.06
tune_3,Testing/mac_grafo13dens30.txt,0.05,0.05,0.03,50,3,0.8,0.01,components,1.0,1.03
tune_4,Testing/mac_grafo13dens30.txt,0.05,0.05,0.03,50,3,0.8,0.01,components,1.0,1.08
tune_5,Testing/mac_grafo13dens30.txt,0.05,0.05,0.03,50,3,0.8,0.01,components,1.0,1.02
tune_6,Testing/mac_grafo13dens30.txt,0.05,0.05,0.03,50,3,0.8,0.01,components,1.0,1.03
tune_7,Testing/mac_grafo13dens30.txt,0.05,0.05,0.03,50,3,0.8,0.01,components,1.0,1.04
tune_8,Testing/mac_grafo13dens30.txt,0.05,0.05,0.03,50,3,0.8,0.01,components,1.0,1.04
tune_9,Testing/mac_grafo13dens30.txt,0.05,0.05,0.03,50,3,0.8,0.01,components,1.0,1.05
tune_10,Testing/mac_grafo13dens30.txt,0.05,0.05,0.03,50,3,0.8,0.01,components,1.0,1.05
tune_1,Testing/mac_grafo14dens30.txt,0.05,0.05,0.03,50,3,0.8,0.01,components,1.0,1.06
tune_2,Testing/mac_grafo14dens30.txt,0.05,0.05,0.03,50,3,0.8,0.01,components,1.0,1.04
tune_3,Testing/mac_grafo14dens30.txt,0.05,0.05,0.03,50,3,0.8,0.01,components,1.0,1.06
tune_4,Testing/mac_grafo14dens30.txt,0.05,0.05,0.03,50,3,0.8,0.01,components,1.0,1.02
tune_5,Testing/mac_grafo14dens30.txt,0.05,0.05,0.03,50,3,0.8,0.01,components,1.0,1.05
tune_6,Testing/mac_grafo14dens30.txt,0.05,0.05,0.03,50,3,0.8,0.01,components,1.0,1.05
tune_7,Testing/mac_grafo14dens30.txt,0.05,0.05,0.03,50,3,0.8,0.01,components,1.0,1.05
tune_8,Testing/mac_grafo14dens30.txt,0.05,0.05,0.03,50,3,0.8,0.01,components,1.0,1.04
tune_9,Testing/mac_grafo14dens30.txt,0.05,0.05,0.03,50,3,0.8,0.01,components,1.0,1.01
tune_10,Testing/mac_grafo14dens30.txt,0.05,0.05,0.03,50,3,0.8,0.01,components,1.0,1.04
tune_1,Testing/mac_grafo15dens30.txt,0.05,0.05,0.03,50,3,0.8,0.01,components,1.0,1.07
tune_2,Testing/mac_grafo15dens30.txt,0.05,0.05,0.03,50,3,0.8,0.01,components,1.0,1.05
tune_3,Testing/mac_grafo15dens30.txt,0.05,0.05,0.03,50,3,0.8,0.01,components,1.0,1.06
tune_4,Testing/mac_grafo15dens30.txt,0.05,0.05,0.03,50,3,0.8,0.01,components,1.0,1.10
tune_5,Testing/mac_grafo15dens30.txt,0.05,0.05,0.03,50,3,0.8,0.01,components,1.0,1.07
tune_6,Testing/mac_grafo15dens30.txt,0.05,0.05,0.03,50,3,0.8,0.01,components,1.0,1.05
tune_7,Testing/mac_grafo15dens30.txt,0.05,0.05,0.03,50,3,0.8,0.01,components,1.0,1.05
tune_8,Testing/mac_grafo15dens30.txt,0.05,0.05,0.03,50,3,0.8,0.01,components,1.0,1.06
tune_9,Testing/mac_grafo15dens30.txt,0.05,0.05,0.03,50,3,0.8,0.01,components,1.0,1.03
tune_10,Testing/mac_grafo15dens30.txt,0.05,0.05,0.03,50,3,0.8,0.01,components,1.0,1.03
tune_1,Testing/mac_grafo16dens30.txt,0.05,0.05,0.03,50,3,0.8,0.01,components,2.0,1.07
tune_2,Testing/mac_grafo16dens30.txt,0.05,0.05,0.03,50,3,0.8,0.01,components,1.0,1.07
tune_3,Testing/mac_grafo16dens30.txt,0.05,0.05,0.03,50,3,0.8,0.01,components,1.0,1.08
tune_4,Testing/mac_grafo16dens30.txt,0.05,0.05,0.03,50,3,0.8,0.01,components,2.0,1.07
tune_5,Testing/mac_grafo16dens30.txt,0.05,0.05,0.03,50,3,0.8,0.01,components,2.0,1.07
tune_6,Testing/mac_grafo16dens30.txt,0.05,0.05,0.03,50,3,0.8,0.01,components,2.0,1.08
tune_7,Testing/mac_grafo16dens30.txt,0.05,0.05,0.03,50,3,0.8,0.01,components,2.0,1.15
tune_8,Testing/mac_grafo16dens30.txt,0.05,0.05,0.03,50,3,0.8,0.01,components,2.0,1.07
tune_9,Testing/mac_grafo16dens30.txt,0.05,0.05,0.03,50,3,0.8,0.01,components,1.0,1.10
tune_10,Testing/mac_grafo16dens30.txt,0.05,0.05,0.03,50,3,0.8,0.01,components,2.0,1.08
tune_1,Testing/mac_grafo17dens30.txt,0.05,0.05,0.03,50,3,0.8,0.01,components,2.0,1.11
tune_2,Testing/mac_grafo17dens30.txt,0.05,0.05,0.03,50,3,0.8,0.01,components,1.0,1.10
tune_3,Testing/mac_grafo17dens30.txt,0.05,0.05,0.03,50,3,0.8,0.01,components,2.0,1.11
tune_4,Testing/mac_grafo17dens30.txt,0.05,0.05,0.03,50,3,0.8,0.01,components,2.0,1.08
tune_5,Testing/mac_grafo17dens30.txt,0.05,0.05,0.03,50,3,0.8,0.01,components,2.0,1.08
tune_6,Testing/mac_grafo17dens30.txt,0.05,0.05,0.03,50,3,0.8,0.01,components,2.0,1.05
tune_7,Testing/mac_grafo17dens30.txt,0.05,0.05,0.03,50,3,0.8,0.01,components,2.0,1.09
tune_8,Testing/mac_grafo17dens30.txt,0.05,0.05,0.03,50,3,0.8,0.01,components,1.0,1.11
tune_9,Testing/mac_grafo17dens30.txt,0.05,0.05,0.03,50,3,0.8,0.01,components,2.0,1.08
tune_10,Testing/mac_grafo17dens30.txt,0.05,0.05,0.03,50,3,0.8,0.01,components,2.0,1.09
tune_1,Testing/mac_grafo18dens30.txt,0.05,0.05,0.03,50,3,0.8,0.01,components,1.0,1.09
tune_2,Testing/mac_grafo18dens30.txt,0.05,0.05,0.03,50,3,0.8,0.01,components,1.0,1.10
tune_3,Testing/mac_grafo18dens30.txt,0.05,0.05,0.03,50,3,0.8,0.01,components,1.0,1.08
tune_4,Testing/mac_grafo18dens30.txt,0.05,0.05,0.03,50,3,0.8,0.01,components,1.0,1.07
tune_5,Testing/mac_grafo18dens30.txt,0.05,0.05,0.03,50,3,0.8,0.01,components,1.0,1.08
tune_6,Testing/mac_grafo18dens30.txt,0.05,0.05,0.03,50,3,0.8,0.01,components,1.0,1.07
tune_7,Testing/mac_grafo18dens30.txt,0.05,0.05,0.03,50,3,0.8,0.01,components,1.0,1.10
tune_8,Testing/mac_grafo18dens30.txt,0.05,0.05,0.03,50,3,0.8,0.01,components,1.0,1.07
tune_9,Testing/mac_grafo18dens30.txt,0.05,0.05,0.03,50,3,0.8,0.01,components,1.0,1.08
tune_10,Testing/mac_grafo18dens30.txt,0.05,0.05,0.03,50,3,0.8,0.01,components,1.0,1.08
tune_1,Testing/mac_grafo19dens30.txt,0.05,0.05,0.03,50,3,0.8,0.01,components,1.0,1.11
tune_2,Testing/mac_grafo19dens30.txt,0.05,0.05,0.03,50,3,0.8,0.01,components,1.0,1.09
tune_3,Testing/mac_grafo19dens30.txt,0.05,0.05,0.03,50,3,0.8,0.01,components,1.0,1.09
tune_4,Testing/mac_grafo19dens30.txt,0.05,0.05,0.03,50,3,0.8,0.01,components,1.0,1.10
tune_5,Testing/mac_grafo19dens30.txt,0.05,0.05,0.03,50,3,0.8,0.01,components,1.0,1.10
tune_6,Testing/mac_grafo19dens30.txt,0.05,0.05,0.03,50,3,0.8,0.01,components,1.0,1.09
tune_7,Testing/mac_grafo19dens30.txt,0.05,0.05,0.03,50,3,0.8,0.01,components,1.0,1.09
tune_8,Testing/mac_grafo19dens30.txt,0.05,0.05,0.03,50,3,0.8,0.01,components,1.0,1.08
tune_9,Testing/mac_grafo19dens30.txt,0.05,0.05,0.03,50,3,0.8,0.01,components,1.0,1.11
tune_10,Testing/mac_grafo19dens30.txt,0.05,0.05,0.03,50,3,0.8,0.01,components,1.0,1.07
tune_1,Testing/mac_grafo20dens30.txt,0.05,0.05,0.03,50,3,0.8,0.01,components,1.0,1.09
tune_2,Testing/mac_grafo20dens30.txt,0.05,0.05,0.03,50,3,0.8,0.01,components,1.0,1.11
tune_3,Testing/mac_grafo20dens30.txt,0.05,0.05,0.03,50,3,0.8,0.01,components,1.0,1.09
tune_4,Testing/mac_grafo20dens30.txt,0.05,0.05,0.03,50,3,0.8,0.01,components,1.0,1.11
tune_5,Testing/mac_grafo20dens30.txt,0.05,0.05,0.03,50,3,0.8,0.01,components,1.0,1.09
tune_6,Testing/mac_grafo20dens30.txt,0.05,0.05,0.03,50,3,0.8,0.01,components,1.0,1.11
tune_7,Testing/mac_grafo20dens30.txt,0.05,0.05,0.03,50,3,0.8,0.01,components,1.0,1.10
tune_8,Testing/mac_grafo20dens30.txt,0.05,0.05,0.03,50,3,0.8,0.01,components,1.0,1.11
tune_9,Testing/mac_grafo20dens30.txt,0.05,0.05,0.03,50,3,0.8,0.01,components,1.0,1.11
tune_10,Testing/mac_grafo20dens30.txt,0.05,0.05,0.03,50,3,0.8,0.01,components,1.0,1.10
tune_1,Testing/mac_grafo21dens30.txt,0.05,0.05,0.03,50,3,0.8,0.01,components,2.0,1.18
tune_2,Testing/mac_grafo21dens30.txt,0.05,0.05,0.03,50,3,0.8,0.01,components,2.0,1.11
tune_3,Testing/mac_grafo21dens30.txt,0.05,0.05,0.03,50,3,0.8,0.01,components,2.0,1.11
tune_4,Testing/mac_grafo21dens30.txt,0.05,0.05,0.03,50,3,0.8,0.01,components,2.0,1.10
tune_5,Testing/mac_grafo21dens30.txt,0.05,0.05,0.03,50,3,0.8,0.01,components,1.0,1.11
tune_6,Testing/mac_grafo21dens30.txt,0.05,0.05,0.03,50,3,0.8,0.01,components,2.0,1.14
tune_7,Testing/mac_grafo21dens30.txt,0.05,0.05,0.03,50,3,0.8,0.01,components,2.0,1.16
tune_8,Testing/mac_grafo21dens30.txt,0.05,0.05,0.03,50,3,0.8,0.01,components,2.0,1.09
tune_9,Testing/mac_grafo21dens30.txt,0.05,0.05,0.03,50,3,0.8,0.01,components,2.0,1.10
tune_10,Testing/mac_grafo21dens30.txt,0.05,0.05,0.03,50,3,0.8,0.01,components,2.0,1.12
tune_1,Testing/mac_grafo22dens30.txt,0.05,0.05,0.03,50,3,0.8,0.01,components,1.0,1.15
tune_2,Testing/mac_grafo22dens30.txt,0.05,0.05,0.03,50,3,0.8,0.01,components,1.0,1.14
tune_3,Testing/mac_grafo22dens30.txt,0.05,0.05,0.03,50,3,0.8,0.01,components,2.0,1.10
tune_4,Testing/mac_grafo22dens30.txt,0.05,0.05,0.03,50,3,0.8,0.01,components,1.0,1.15
tune_5,Testing/mac_grafo22dens30.txt,0.05,0.05,0.03,50,3,0.8,0.01,components,2.0,1.12
tune_6,Testing/mac_grafo22dens30.txt,0.05,0.05,0.03,50,3,0.8,0.01,components,2.0,1.12
tune_7,Testing/mac_grafo22dens30.txt,0.05,0.05,0.03,50,3,0.8,0.01,components,2.0,1.12
tune_8,Testing/mac_grafo22dens30.txt,0.05,0.05,0.03,50,3,0.8,0.01,components,2.0,1.13
tune_9,Testing/mac_grafo22dens30.txt,0.05,0.05,0.03,50,3,0.8,0.01,components,2.0,1.14
tune_10,Testing/mac_grafo22dens30.txt,0.05,0.05,0.03,50,3,0.8,0.01,components,1.0,1.13
tune_1,Testing/mac_grafo23dens30.txt,0.05,0.05,0.03,50,3,0.8,0.01,components,1.0,1.14
tune_2,Testing/mac_grafo23dens30.txt,0.05,0.05,0.03,50,3,0.8,0.01,components,1.0,1.12
tune_3,Testing/mac_grafo23dens30.txt,0.05,0.05,0.03,50,3,0.8,0.01,components,1.0,1.15
tune_4,Testing/mac_grafo23dens30.txt,0.05,0.05,0.03,50,3,0.8,0.01,components,1.0,1.14
tune_5,Testing/mac_grafo23dens30.txt,0.05,0.05,0.03,50,3,0.8,0.01,components,1.0,1.14
tune_6,Testing/mac_grafo23dens30.txt,0.05,0.05,0.03,50,3,0.8,0.01,components,1.0,1.13
tune_7,Testing/mac_grafo23dens30.txt,0.05,0.05,0.03,50,3,0.8,0.01,components,1.0,1.13
tune_8,Testing/mac_grafo23dens30.txt,0.05,0.05,0.03,50,3,0.8,0.01,components,1.0,1.21
tune_9,Testing/mac_grafo23dens30.txt,0.05,0.05,0.03,50,3,0.8,0.01,components,1.0,1.15
tune_10,Testing/mac_grafo23dens30.txt,0.05,0.05,0.03,50,3,0.8,0.01,components,1.0,1.13
tune_1,Testing/mac_grafo24dens30.txt,0.05,0.05,0.03,50,3,0.8,0.01,components,1.0,1.12
tune_2,Testing/mac_grafo24dens30.txt,0.05,0.05,0.03,50,3,0.8,0.01,components,2.0,1.14
tune_3,Testing/mac_grafo24dens30.txt,0.05,0.05,0.03,50,3,0.8,0.01,components,1.0,1.15
tune_4,Testing/mac_grafo24dens30.txt,0.05,0.05,0.03,50,3,0.8,0.01,components,1.0,1.14
tune_5,Testing/mac_grafo24dens30.txt,0.05,0.05,0.03,50,3,0.8,0.01,components,1.0,1.15
tune_6,Testing/mac_grafo24dens30.txt,0.05,0.05,0.03,50,3,0.8,0.01,components,1.0,1.15
tune_7,Testing/mac_grafo24dens30.txt,0.05,0.05,0.03,50,3,0.8,0.01,components,2.0,1.15
tune_8,Testing/mac_grafo24dens30.txt,0.05,0.05,0.03,50,3,0.8,0.01,components,2.0,1.12
tune_9,Testing/mac_grafo24dens30.txt,0.05,0.05,0.03,50,3,0.8,0.01,components,2.0,1.13
tune_10,Testing/mac_grafo24dens30.txt,0.05,0.05,0.03,50,3,0.8,0.01,components,2.0,1.12
tune_1,Testing/mac_grafo25dens30.txt,0.05,0.05,0.03,50,3,0.8,0.01,components,1.0,1.15
tune_2,Testing/mac_grafo25dens30.txt,0.05,0.05,0.03,50,3,0.8,0.01,components,1.0,1.16
tune_3,Testing/mac_grafo25dens30.txt,0.05,0.05,0.03,50,3,0.8,0.01,components,1.0,1.14
tune_4,Testing/mac_grafo25dens30.txt,0.05,0.05,0.03,50,3,0.8,0.01,components,1.0,1.15
tune_5,Testing/mac_grafo25dens30.txt,0.05,0.05,0.03,50,3,0.8,0.01,components,1.0,1.19
tune_6,Testing/mac_grafo25dens30.txt,0.05,0.05,0.03,50,3,0.8,0.01,components,1.0,1.15
tune_7,Testing/mac_grafo25dens30.txt,0.05,0.05,0.03,50,3,0.8,0.01,components,1.0,1.14
tune_8,Testing/mac_grafo25dens30.txt,0.05,0.05,0.03,50,3,0.8,0.01,components,1.0,1.13
tune_9,Testing/mac_grafo25dens30.txt,0.05,0.05,0.03,50,3,0.8,0.01,components,1.0,1.16
tune_10,Testing/mac_grafo25dens30.txt,0.05,0.05,0.03,50,3,0.8,0.01,components,1.0,1.15
tune_1,Testing/mac_grafo26dens30.txt,0.05,0.05,0.03,50,3,0.8,0.01,components,1.0,1.15
tune_2,Testing/mac_grafo26dens30.txt,0.05,0.05,0.03,50,3,0.8,0.01,components,1.0,1.18
tune_3,Testing/mac_grafo26dens30.txt,0.05,0.05,0.03,50,3,0.8,0.01,components,1.0,1.15
tune_4,Testing/mac_grafo26dens30.txt,0.05,0.05,0.03,50,3,0.8,0.01,components,1.0,1.15
tune_5,Testing/mac_grafo26dens30.txt,0.05,0.05,0.03,50,3,0.8,0.01,components,1.0,1.14
tune_6,Testing/mac_grafo26dens30.txt,0.05,0.05,0.03,50,3,0.8,0.01,components,1.0,1.15
tune_7,Testing/mac_grafo26dens30.txt,0.05,0.05,0.03,50,3,0.8,0.01,components,1.0,1.17
tune_8,Testing/mac_grafo26dens30.txt,0.05,0.05,0.03,50,3,0.8,0.01,components,1.0,1.15
tune_9,Testing/mac_grafo26dens30.txt,0.05,0.05,0.03,50,3,0.8,0.01,components,1.0,1.16
tune_10,Testing/mac_grafo26dens30.txt,0.05,0.05,0.03,50,3,0.8,0.01,components,1.0,1.15
tune_1,Testing/mac_grafo27dens30.txt,0.05,0.05,0.03,50,3,0.8,0.01,components,1.0,1.16
tune_2,Testing/mac_grafo27dens30.txt,0.05,0.05,0.03,50,3,0.8,0.01,components,1.0,1.17
tune_3,Testing/mac_grafo27dens30.txt,0.05,0.05,0.03,50,3,0.8,0.01,components,1.0,1.15
tune_4,Testing/mac_grafo27dens30.txt,0.05,0.05,0.03,50,3,0.8,0.01,components,1.0,1.21
tune_5,Testing/mac_grafo27dens30.txt,0.05,0.05,0.03,50,3,0.8,0.01,components,1.0,1.21
tune_6,Testing/mac_grafo27dens30.txt,0.05,0.05,0.03,50,3,0.8,0.01,components,1.0,1.17
tune_7,Testing/mac_grafo27dens30.txt,0.05,0.05,0.03,50,3,0.8,0.01,components,1.0,1.20
tune_8,Testing/mac_grafo27dens30.txt,0.05,0.05,0.03,50,3,0.8,0.01,components,1.0,1.18
tune_9,Testing/mac_grafo27dens30.txt,0.05,0.05,0.03,50,3,0.8,0.01,components,1.0,1.20
tune_10,Testing/mac_grafo27dens30.txt,0.05,0.05,0.03,50,3,0.8,0.01,components,1.0,1.17
tune_1,Testing/mac_grafo28dens30.txt,0.05,0.05,0.03,50,3,0.8,0.01,components,1.0,1.16
tune_2,Testing/mac_grafo28dens30.txt,0.05,0.05,0.03,50,3,0.8,0.01,components,1.0,1.18
tune_3,Testing/mac_grafo28dens30.txt,0.05,0.05,0.03,50,3,0.8,0.01,components,1.0,1.18
tune_4,Testing/mac_grafo28dens30.txt,0.05,0.05,0.03,50,3,0.8,0.01,components,1.0,1.19
tune_5,Testing/mac_grafo28dens30.txt,0.05,0.05,0.03,50,3,0.8,0.01,components,1.0,1.19
tune_6,Testing/mac_grafo28dens30.txt,0.05,0.05,0.03,50,3,0.8,0.01,components,1.0,1.18
tune_7,Testing/mac_grafo28dens30.txt,0.05,0.05,0.03,50,3,0.8,0.01,components,1.0,1.17
tune_8,Testing/mac_grafo28dens30.txt,0.05,0.05,0.03,50,3,0.8,0.01,components,1.0,1.16
tune_9,Testing/mac_grafo28dens30.txt,0.05,0.05,0.03,50,3,0.8,0.01,components,1.0,1.19
tune_10,Testing/mac_grafo28dens30.txt,0.05,0.05,0.03,50,3,0.8,0.01,components,1.0,1.21
tune_1,Testing/mac_grafo29dens30.txt,0.05,0.05,0.03,50,3,0.8,0.01,components,1.0,1.19
tune_2,Testing/mac_grafo29dens30.txt,0.05,0.05,0.03,50,3,0.8,0.01,components,1.0,1.20
tune_3,Testing/mac_grafo29dens30.txt,0.05,0.05,0.03,50,3,0.8,0.01,components,1.0,1.18
tune_4,Testing/mac_grafo29dens30.txt,0.05,0.05,0.03,50,3,0.8,0.01,components,1.0,1.19
tune_5,Testing/mac_grafo29dens30.txt,0.05,0.05,0.03,50,3,0.8,0.01,components,1.0,1.18
tune_6,Testing/mac_grafo29dens30.txt,0.05,0.05,0.03,50,3,0.8,0.01,components,1.0,1.22
tune_7,Testing/mac_grafo29dens30.txt,0.05,0.05,0.03,50,3,0.8,0.01,components,1.0,1.16
tune_8,Testing/mac_grafo29dens30.txt,0.05,0.05,0.03,50,3,0.8,0.01,components,1.0,1.19
tune_9,Testing/mac_grafo29dens30.txt,0.05,0.05,0.03,50,3,0.8,0.01,components,1.0,1.20
tune_10,Testing/mac_grafo29dens30.txt,0.05,0.05,0.03,50,3,0.8,0.01,components,1.0,1.19
tune_1,Testing/mac_grafo30dens30.txt,0.05,0.05,0.03,50,3,0.8,0.01,components,1.0,1.20
tune_2,Testing/mac_grafo30dens30.txt,0.05,0.05,0.03,50,3,0.8,0.01,components,1.0,1.20
tune_3,Testing/mac_grafo30dens30.txt,0.05,0.05,0.03,50,3,0.8,0.01,components,1.0,1.20
tune_4,Testing/mac_grafo30dens30.txt,0.05,0.05,0.03,50,3,0.8,0.01,components,1.0,1.21
tune_5,Testing/mac_grafo30dens30.txt,0.05,0.05,0.03,50,3,0.8,0.01,components,1.0,1.20
tune_6,Testing/mac_grafo30dens30.txt,0.05,0.05,0.03,50,3,0.8,0.01,components,1.0,1.19
tune_7,Testing/mac_grafo30dens30.txt,0.05,0.05,0.03,50,3,0.8,0.01,components,1.0,1.19
tune_8,Testing/mac_grafo30dens30.txt,0.05,0.05,0.03,50,3,0.8,0.01,components,1.0,1.17
tune_9,Testing/mac_grafo30dens30.txt,0.05,0.05,0.03,50,3,0.8,0.01,components,1.0,1.19
tune_10,Testing/mac_grafo30dens30.txt,0.05,0.05,0.03,50,3,0.8,0.01,components,1.0,1.21
tune_1,Testing/cor_adjnoun-w.txt,1.0,0.05,0.03,50,3,0.8,0.01,largest,95.0,1.78
tune_2,Testing/cor_adjnoun-w.txt,1.0,0.05,0.03,50,3,0.8,0.01,largest,95.0,1.70
tune_3,Testing/cor_adjnoun-w.txt,1.0,0.05,0.03,50,3,0.8,0.01,largest,96.0,1.76
tune_4,Testing/cor_adjnoun-w.txt,1.0,0.05,0.03,50,3,0.8,0.01,largest,96.0,1.70
tune_5,Testing/cor_adjnoun-w.txt,1.0,0.05,0.03,50,3,0.8,0.01,largest,94.0,1.69
tune_6,Testing/cor_adjnoun-w.txt,1.0,0.05,0.03,50,3,0.8,0.01,largest,97.0,1.71
tune_7,Testing/cor_adjnoun-w.txt,1.0,0.05,0.03,50,3,0.8,0.01,largest,98.0,1.69
tune_8,Testing/cor_adjnoun-w.txt,1.0,0.05,0.03,50,3,0.8,0.01,largest,98.0,1.77
tune_9,Testing/cor_adjnoun-w.txt,1.0,0.05,0.03,50,3,0.8,0.01,largest,96.0,1.78
tune_10,Testing/cor_adjnoun-w.txt,1.0,0.05,0.03,50,3,0.8,0.01,largest,94.0,1.74
tune_1,Testing/cor_celegans_metabolic-w.txt,1.0,0.05,0.03,50,3,0.8,0.01,largest,385.0,4.79
tune_2,Testing/cor_celegans_metabolic-w.txt,1.0,0.05,0.03,50,3,0.8,0.01,largest,379.0,4.92
tune_3,Testing/cor_celegans_metabolic-w.txt,1.0,0.05,0.03,50,3,0.8,0.01,largest,391.0,4.94
tune_4,Testing/cor_celegans_metabolic-w.txt,1.0,0.05,0.03,50,3,0.8,0.01,largest,406.0,4.99
tune_5,Testing/cor_celegans_metabolic-w.txt,1.0,0.05,0.03,50,3,0.8,0.01,largest,392.0,4.89
tune_6,Testing/cor_celegans_metabolic-w.txt,1.0,0.05,0.03,50,3,0.8,0.01,largest,384.0,5.00
tune_7,Testing/cor_celegans_metabolic-w.txt,1.0,0.05,0.03,50,3,0.8,0.01,largest,381.0,4.89
tune_8,Testing/cor_celegans_metabolic-w.txt,1.0,0.05,0.03,50,3,0.8,0.01,largest,374.0,4.97
tune_9,Testing/cor_celegans_metabolic-w.txt,1.0,0.05,0.03,50,3,0.8,0.01,largest,381.0,5.02
tune_10,Testing/cor_celegans_metabolic-w.txt,1.0,0.05,0.03,50,3,0.8,0.01,largest,394.0,4.96
tune_1,Testing/cor_celegansneural-w.txt,1.0,0.05,0.03,50,3,0.8,0.01,largest,267.0,5.02
tune_2,Testing/cor_celegansneural-w.txt,1.0,0.05,0.03,50,3,0.8,0.01,largest,272.0,5.02
tune_3,Testing/cor_celegansneural-w.txt,1.0,0.05,0.03,50,3,0.8,0.01,largest,268.0,5.01
tune_4,Testing/cor_celegansneural-w.txt,1.0,0.05,0.03,50,3,0.8,0.01,largest,266.0,5.09
tune_5,Testing/cor_celegansneural-w.txt,1.0,0.05,0.03,50,3,0.8,0.01,largest,275.0,5.12
tune_6,Testing/cor_celegansneural-w.txt,1.0,0.05,0.03,50,3,0.8,0.01,largest,272.0,5.04
tune_7,Testing/cor_celegansneural-w.txt,1.0,0.05,0.03,50,3,0.8,0.01,largest,265.0,4.99
tune_8,Testing/cor_celegansneural-w.txt,1.0,0.05,0.03,50,3,0.8,0.01,largest,265.0,5.07
tune_9,Testing/cor_celegansneural-w.txt,1.0,0.05,0.03,50,3,0.8,0.01,largest,273.0,5.06
tune_10,Testing/cor_celegansneural-w.txt,1.0,0.05,0.03,50,3,0.8,0.01,largest,265.0,5.13
tune_1,Testing/cor_dolphins-w.txt,1.0,0.05,0.03,50,3,0.8,0.01,largest,50.0,1.27
tune_2,Testing/cor_dolphins-w.txt,1.0,0.05,0.03,50,3,0.8,0.01,largest,51.0,1.29
tune_3,Testing/cor_dolphins-w.txt,1.0,0.05,0.03,50,3,0.8,0.01,largest,51.0,1.31
tune_4,Testing/cor_dolphins-w.txt,1.0,0.05,0.03,50,3,0.8,0.01,largest,50.0,1.29
tune_5,Testing/cor_dolphins-w.txt,1.0,0.05,0.03,50,3,0.8,0.01,largest,52.0,1.28
tune_6,Testing/cor_dolphins-w.txt,1.0,0.05,0.03,50,3,0.8,0.01,largest,50.0,1.31
tune_7,Testing/cor_dolphins-w.txt,1.0,0.05,0.03,50,3,0.8,0.01,largest,51.0,1.34
tune_8,Testing/cor_dolphins-w.txt,1.0,0.05,0.03,50,3,0.8,0.01,largest,51.0,1.28
tune_9,Testing/cor_dolphins-w.txt,1.0,0.05,0.03,50,3,0.8,0.01,largest,50.0,1.31
tune_10,Testing/cor_dolphins-w.txt,1.0,0.05,0.03,50,3,0.8,0.01,largest,51.0,1.30
tune_1,Testing/cor_football-w.txt,1.0,0.05,0.03,50,3,0.8,0.01,largest,110.0,2.02
tune_2,Testing/cor_football-w.txt,1.0,0.05,0.03,50,3,0.8,0.01,largest,110.0,2.02
tune_3,Testing/cor_football-w.txt,1.0,0.05,0.03,50,3,0.8,0.01,largest,110.0,2.00
tune_4,Testing/cor_football-w.txt,1.0,0.05,0.03,50,3,0.8,0.01,largest,110.0,2.06
tune_5,Testing/cor_football-w.txt,1.0,0.05,0.03,50,3,0.8,0.01,largest,110.0,2.01
tune_6,Testing/cor_football-w.txt,1.0,0.05,0.03,50,3,0.8,0.01,largest,110.0,2.04
tune_7,Testing/cor_football-w.txt,1.0,0.05,0.03,50,3,0.8,0.01,largest,110.0,2.01
tune_8,Testing/cor_football-w.txt,1.0,0.05,0.03,50,3,0.8,0.01,largest,110.0,2.01
tune_9,Testing/cor_football-w.txt,1.0,0.05,0.03,50,3,0.8,0.01,largest,110.0,1.97
tune_10,Testing/cor_football-w.txt,1.0,0.05,0.03,50,3,0.8,0.01,largest,110.0,2.02
tune_1,Testing/cor_jazz-w.txt,1.0,0.05,0.03,50,3,0.8,0.01,largest,180.0,6.12
tune_2,Testing/cor_jazz-w.txt,1.0,0.05,0.03,50,3,0.8,0.01,largest,181.0,6.15
tune_3,Testing/cor_jazz-w.txt,1.0,0.05,0.03,50,3,0.8,0.01,largest,182.0,6.22
tune_4,Testing/cor_jazz-w.txt,1.0,0.05,0.03,50,3,0.8,0.01,largest,185.0,6.38
tune_5,Testing/cor_jazz-w.txt,1.0,0.05,0.03,50,3,0.8,0.01,largest,183.0,6.22
tune_6,Testing/cor_jazz-w.txt,1.0,0.05,0.03,50,3,0.8,0.01,largest,180.0,6.16
tune_7,Testing/cor_jazz-w.txt,1.0,0.05,0.03,50,3,0.8,0.01,largest,183.0,6.16
tune_8,Testing/cor_jazz-w.txt,1.0,0.05,0.03,50,3,0.8,0.01,largest,180.0,5.96
tune_9,Testing/cor_jazz-w.txt,1.0,0.05,0.03,50,3,0.8,0.01,largest,183.0,6.22
tune_10,Testing/cor_jazz-w.txt,1.0,0.05,0.03,50,3,0.8,0.01,largest,183.0,6.21
tune_1,Testing/cor_karate-w.txt,1.0,0.05,0.03,50,3,0.8,0.01,largest,26.0,1.13
tune_2,Testing/cor_karate-w.txt,1.0,0.05,0.03,50,3,0.8,0.01,largest,31.0,1.15
tune_3,Testing/cor_karate-w.txt,1.0,0.05,0.03,50,3,0.8,0.01,largest,26.0,1.14
tune_4,Testing/cor_karate-w.txt,1.0,0.05,0.03,50,3,0.8,0.01,largest,26.0,1.15
tune_5,Testing/cor_karate-w.txt,1.0,0.05,0.03,50,3,0.8,0.01,largest,26.0,1.13
tune_6,Testing/cor_karate-w.txt,1.0,0.05,0.03,50,3,0.8,0.01,largest,31.0,1.11
tune_7,Testing/cor_karate-w.txt,1.0,0.05,0.03,50,3,0.8,0.01,largest,27.0,1.14
tune_8,Testing/cor_karate-w.txt,1.0,0.05,0.03,50,3,0.8,0.01,largest,31.0,1.16
tune_9,Testing/cor_karate-w.txt,1.0,0.05,0.03,50,3,0.8,0.01,largest,31.0,1.14
tune_10,Testing/cor_karate-w.txt,1.0,0.05,0.03,50,3,0.8,0.01,largest,25.0,1.13
tune_1,Testing/cor_lesmis-w.txt,1.0,0.05,0.03,50,3,0.8,0.01,largest,49.0,1.44
tune_2,Testing/cor_lesmis-w.txt,1.0,0.05,0.03,50,3,0.8,0.01,largest,48.0,1.43
tune_3,Testing/cor_lesmis-w.txt,1.0,0.05,0.03,50,3,0.8,0.01,largest,51.0,1.47
tune_4,Testing/cor_lesmis-w.txt,1.0,0.05,0.03,50,3,0.8,0.01,largest,51.0,1.43
tune_5,Testing/cor_lesmis-w.txt,1.0,0.05,0.03,50,3,0.8,0.01,largest,46.0,1.45
tune_6,Testing/cor_lesmis-w.txt,1.0,0.05,0.03,50,3,0.8,0.01,largest,54.0,1.43
tune_7,Testing/cor_lesmis-w.txt,1.0,0.05,0.03,50,3,0.8,0.01,largest,51.0,1.45
tune_8,Testing/cor_lesmis-w.txt,1.0,0.05,0.03,50,3,0.8,0.01,largest,54.0,1.47
tune_9,Testing/cor_lesmis-w.txt,1.0,0.05,0.03,50,3,0.8,0.01,largest,51.0,1.43
tune_10,Testing/cor_lesmis-w.txt,1.0,0.05,0.03,50,3,0.8,0.01,largest,49.0,1.47
tune_1,Testing/cor_n050plai01.txt,1.0,0.05,0.03,50,3,0.8,0.01,largest,47.0,1.24
tune_2,Testing/cor_n050plai01.txt,1.0,0.05,0.03,50,3,0.8,0.01,largest,47.0,1.23
tune_3,Testing/cor_n050plai01.txt,1.0,0.05,0.03,50,3,0.8,0.01,largest,47.0,1.22
tune_4,Testing/cor_n050plai01.txt,1.0,0.05,0.03,50,3,0.8,0.01,largest,47.0,1.26
tune_5,Testing/cor_n050plai01.txt,1.0,0.05,0.03,50,3,0.8,0.01,largest,47.0,1.23
tune_6,Testing/cor_n050plai01.txt,1.0,0.05,0.03,50,3,0.8,0.01,largest,46.0,1.24
tune_7,Testing/cor_n050plai01.txt,1.0,0.05,0.03,50,3,0.8,0.01,largest,47.0,1.24
tune_8,Testing/cor_n050plai01.txt,1.0,0.05,0.03,50,3,0.8,0.01,largest,47.0,1.28
tune_9,Testing/cor_n050plai01.txt,1.0,0.05,0.03,50,3,0.8,0.01,largest,47.0,1.35
tune_10,Testing/cor_n050plai01.txt,1.0,0.05,0.03,50,3,0.8,0.01,largest,47.0,1.26
tune_1,Testing/cor_n100plai01.txt,1.0,0.05,0.03,50,3,0.8,0.01,largest,93.0,1.53
tune_2,Testing/cor_n100plai01.txt,1.0,0.05,0.03,50,3,0.8,0.01,largest,93.0,1.51
tune_3,Testing/cor_n100plai01.txt,1.0,0.05,0.03,50,3,0.8,0.01,largest,94.0,1.53
tune_4,Testing/cor_n100plai01.txt,1.0,0.05,0.03,50,3,0.8,0.01,largest,94.0,1.56
tune_5,Testing/cor_n100plai01.txt,1.0,0.05,0.03,50,3,0.8,0.01,largest,94.0,1.50
tune_6,Testing/cor_n100plai01.txt,1.0,0.05,0.03,50,3,0.8,0.01,largest,93.0,1.55
tune_7,Testing/cor_n100plai01.txt,1.0,0.05,0.03,50,3,0.8,0.01,largest,93.0,1.55
tune_8,Testing/cor_n100plai01.txt,1.0,0.05,0.03,50,3,0.8,0.01,largest,95.0,1.52
tune_9,Testing/cor_n100plai01.txt,1.0,0.05,0.03,50,3,0.8,0.01,largest,92.0,1.52
tune_10,Testing/cor_n100plai01.txt,1.0,0.05,0.03,50,3,0.8,0.01,largest,94.0,1.57
tune_1,Testing/cor_n150plai01.txt,1.0,0.05,0.03,50,3,0.8,0.01,largest,140.0,1.86
tune_2,Testing/cor_n150plai01.txt,1.0,0.05,0.03,50,3,0.8,0.01,largest,141.0,1.80
tune_3,Testing/cor_n150plai01.txt,1.0,0.05,0.03,50,3,0.8,0.01,largest,142.0,1.81
tune_4,Testing/cor_n150plai01.txt,1.0,0.05,0.03,50,3,0.8,0.01,largest,140.0,1.79
tune_5,Testing/cor_n150plai01.txt,1.0,0.05,0.03,50,3,0.8,0.01,largest,142.0,1.78
tune_6,Testing/cor_n150plai01.txt,1.0,0.05,0.03,50,3,0.8,0.01,largest,142.0,1.80
tune_7,Testing/cor_n150plai01.txt,1.0,0.05,0.03,50,3,0.8,0.01,largest,142.0,1.79
tune_8,Testing/cor_n150plai01.txt,1.0,0.05,0.03,50,3,0.8,0.01,largest,141.0,1.84
tune_9,Testing/cor_n150plai01.txt,1.0,0.05,0.03,50,3,0.8,0.01,largest,141.0,1.83
tune_10,Testing/cor_n150plai01.txt,1.0,0.05,0.03,50,3,0.8,0.01,largest,141.0,1.81
tune_1,Testing/cor_n200plai01.txt,1.0,0.05,0.03,50,3,0.8,0.01,largest,185.0,2.11
tune_2,Testing/cor_n200plai01.txt,1.0,0.05,0.03,50,3,0.8,0.01,largest,187.0,2.09
tune_3,Testing/cor_n200plai01.txt,1.0,0.05,0.03,50,3,0.8,0.01,largest,188.0,2.07
tune_4,Testing/cor_n200plai01.txt,1.0,0.05,0.03,50,3,0.8,0.01,largest,187.0,2.06
tune_5,Testing/cor_n200plai01.txt,1.0,0.05,0.03,50,3,0.8,0.01,largest,187.0,2.07
tune_6,Testing/cor_n200plai01.txt,1.0,0.05,0.03,50,3,0.8,0.01,largest,186.0,2.07
tune_7,Testing/cor_n200plai01.txt,1.0,0.05,0.03,50,3,0.8,0.01,largest,187.0,2.04
tune_8,Testing/cor_n200plai01.txt,1.0,0.05,0.03,50,3,0.8,0.01,largest,187.0,2.07
tune_9,Testing/cor_n200plai01.txt,1.0,0.05,0.03,50,3,0.8,0.01,largest,187.0,2.06
tune_10,Testing/cor_n200plai01.txt,1.0,0.05,0.03,50,3,0.8,0.01,largest,188.0,2.06
tune_1,Testing/cor_n250plai01.txt,1.0,0.05,0.03,50,3,0.8,0.01,largest,229.0,2.41
tune_2,Testing/cor_n250plai01.txt,1.0,0.05,0.03,50,3,0.8,0.01,largest,227.0,2.43
tune_3,Testing/cor_n250plai01.txt,1.0,0.05,0.03,50,3,0.8,0.01,largest,229.0,2.42
tune_4,Testing/cor_n250plai01.txt,1.0,0.05,0.03,50,3,0.8,0.01,largest,230.0,2.42
tune_5,Testing/cor_n250plai01.txt,1.0,0.05,0.03,50,3,0.8,0.01,largest,229.0,2.41
tune_6,Testing/cor_n250plai01.txt,1.0,0.05,0.03,50,3,0.8,0.01,largest,229.0,2.42
tune_7,Testing/cor_n250plai01.txt,1.0,0.05,0.03,50,3,0.8,0.01,largest,231.0,2.40
tune_8,Testing/cor_n250plai01.txt,1.0,0.05,0.03,50,3,0.8,0.01,largest,230.0,2.43
tune_9,Testing/cor_n250plai01.txt,1.0,0.05,0.03,50,3,0.8,0.01,largest,232.0,2.46
tune_10,Testing/cor_n250plai01.txt,1.0,0.05,0.03,50,3,0.8,0.01,largest,228.0,2.38
tune_1,Testing/cor_n300plai01.txt,1.0,0.05,0.03,50,3,0.8,0.01,largest,280.0,2.75
tune_2,Testing/cor_n300plai01.txt,1.0,0.05,0.03,50,3,0.8,0.01,largest,279.0,2.72
tune_3,Testing/cor_n300plai01.txt,1.0,0.05,0.03,50,3,0.8,0.01,largest,278.0,2.66
tune_4,Testing/cor_n300plai01.txt,1.0,0.05,0.03,50,3,0.8,0.01,largest,279.0,2.74
tune_5,Testing/cor_n300plai01.txt,1.0,0.05,0.03,50,3,0.8,0.01,largest,278.0,2.68
tune_6,Testing/cor_n300plai01.txt,1.0,0.05,0.03,50,3,0.8,0.01,largest,278.0,2.73
tune_7,Testing/cor_n300plai01.txt,1.0,0.05,0.03,50,3,0.8,0.01,largest,280.0,2.74
tune_8,Testing/cor_n300plai01.txt,1.0,0.05,0.03,50,3,0.8,0.01,largest,279.0,2.71
tune_9,Testing/cor_n300plai01.txt,1.0,0.05,0.03,50,3,0.8,0.01,largest,280.0,2.74
tune_10,Testing/cor_n300plai01.txt,1.0,0.05,0.03,50,3,0.8,0.01,largest,279.0,2.76
tune_1,Testing/cor_n350plai01.txt,1.0,0.05,0.03,50,3,0.8,0.01,largest,311.0,2.89
tune_2,Testing/cor_n350plai01.txt,1.0,0.05,0.03,50,3,0.8,0.01,largest,315.0,2.93
tune_3,Testing/cor_n350plai01.txt,1.0,0.05,0.03,50,3,0.8,0.01,largest,314.0,3.09
tune_4,Testing/cor_n350plai01.txt,1.0,0.05,0.03,50,3,0.8,0.01,largest,314.0,2.94
tune_5,Testing/cor_n350plai01.txt,1.0,0.05,0.03,50,3,0.8,0.01,largest,314.0,2.95
tune_6,Testing/cor_n350plai01.txt,1.0,0.05,0.03,50,3,0.8,0.01,largest,314.0,2.91
tune_7,Testing/cor_n350plai01.txt,1.0,0.05,0.03,50,3,0.8,0.01,largest,318.0,2.96
tune_8,Testing/cor_n350plai01.txt,1.0,0.05,0.03,50,3,0.8,0.01,largest,315.0,2.95
tune_9,Testing/cor_n350plai01.txt,1.0,0.05,0.03,50,3,0.8,0.01,largest,314.0,2.94
tune_10,Testing/cor_n350plai01.txt,1.0,0.05,0.03,50,3,0.8,0.01,largest,319.0,2.94
tune_1,Testing/cor_polbooks-w.txt,1.0,0.05,0.03,50,3,0.8,0.01,largest,98.0,1.77
tune_2,Testing/cor_polbooks-w.txt,1.0,0.05,0.03,50,3,0.8,0.01,largest,98.0,1.76
tune_3,Testing/cor_polbooks-w.txt,1.0,0.05,0.03,50,3,0.8,0.01,largest,98.0,1.73
tune_4,Testing/cor_polbooks-w.txt,1.0,0.05,0.03,50,3,0.8,0.01,largest,97.0,1.76
tune_5,Testing/cor_polbooks-w.txt,1.0,0.05,0.03,50,3,0.8,0.01,largest,98.0,1.71
tune_6,Testing/cor_polbooks-w.txt,1.0,0.05,0.03,50,3,0.8,0.01,largest,98.0,1.71
tune_7,Testing/cor_polbooks-w.txt,1.0,0.05,0.03,50,3,0.8,0.01,largest,98.0,1.73
tune_8,Testing/cor_polbooks-w.txt,1.0,0.05,0.03,50,3,0.8,0.01,largest,98.0,1.77
tune_9,Testing/cor_polbooks-w.txt,1.0,0.05,0.03,50,3,0.8,0.01,largest,98.0,1.74
tune_10,Testing/cor_polbooks-w.txt,1.0,0.05,0.03,50,3,0.8,0.01,largest,97.0,1.72
tune_1,Testing/hos_20_r1_1.txt,1.0,0.05,0.03,50,3,0.8,0.01,largest,10.0,1.06
tune_2,Testing/hos_20_r1_1.txt,1.0,0.05,0.03,50,3,0.8,0.01,largest,10.0,1.05
tune_3,Testing/hos_20_r1_1.txt,1.0,0.05,0.03,50,3,0.8,0.01,largest,10.0,1.08
tune_4,Testing/hos_20_r1_1.txt,1.0,0.05,0.03,50,3,0.8,0.01,largest,10.0,1.05
tune_5,Testing/hos_20_r1_1.txt,1.0,0.05,0.03,50,3,0.8,0.01,largest,10.0,1.05
tune_6,Testing/hos_20_r1_1.txt,1.0,0.05,0.03,50,3,0.8,0.01,largest,10.0,1.04
tune_7,Testing/hos_20_r1_1.txt,1.0,0.05,0.03,50,3,0.8,0.01,largest,10.0,1.05
tune_8,Testing/hos_20_r1_1.txt,1.0,0.05,0.03,50,3,0.8,0.01,largest,10.0,1.03
tune_9,Testing/hos_20_r1_1.txt,1.0,0.05,0.03,50,3,0.8,0.01,largest,10.0,1.05
tune_10,Testing/hos_20_r1_1.txt,1.0,0.05,0.03,50,3,0.8,0.01,largest,10.0,1.05
tune_1,Testing/hos_20_r2_1.txt,1.0,0.05,0.03,50,3,0.8,0.01,largest,18.0,1.12
tune_2,Testing/hos_20_r2_1.txt,1.0,0.05,0.03,50,3,0.8,0.01,largest,18.0,1.09
tune_3,Testing/hos_20_r2_1.txt,1.0,0.05,0.03,50,3,0.8,0.01,largest,18.0,1.11
tune_4,Testing/hos_20_r2_1.txt,1.0,0.05,0.03,50,3,0.8,0.01,largest,18.0,1.08
tune_5,Testing/hos_20_r2_1.txt,1.0,0.05,0.03,50,3,0.8,0.01,largest,18.0,1.10
tune_6,Testing/hos_20_r2_1.txt,1.0,0.05,0.03,50,3,0.8,0.01,largest,18.0,1.09
tune_7,Testing/hos_20_r2_1.txt,1.0,0.05,0.03,50,3,0.8,0.01,largest,18.0,1.08
tune_8,Testing/hos_20_r2_1.txt,1.0,0.05,0.03,50,3,0.8,0.01,largest,18.0,1.08
tune_9,Testing/hos_20_r2_1.txt,1.0,0.05,0.03,50,3,0.8,0.01,largest,18.0,1.10
tune_10,Testing/hos_20_r2_1.txt,1.0,0.05,0.03,50,3,0.8,0.01,largest,18.0,1.07
tune_1,Testing/hos_25_r1_1.txt,1.0,0.05,0.03,50,3,0.8,0.01,largest,17.0,1.09
tune_2,Testing/hos_25_r1_1.txt,1.0,0.05,0.03,50,3,0.8,0.01,largest,16.0,1.07
tune_3,Testing/hos_25_r1_1.txt,1.0,0.05,0.03,50,3,0.8,0.01,largest,16.0,1.08
tune_4,Testing/hos_25_r1_1.txt,1.0,0.05,0.03,50,3,0.8,0.01,largest,16.0,1.07
tune_5,Testing/hos_25_r1_1.txt,1.0,0.05,0.03,50,3,0.8,0.01,largest,16.0,1.07
tune_6,Testing/hos_25_r1_1.txt,1.0,0.05,0.03,50,3,0.8,0.01,largest,16.0,1.05
tune_7,Testing/hos_25_r1_1.txt,1.0,0.05,0.03,50,3,0.8,0.01,largest,16.0,1.13
tune_8,Testing/hos_25_r1_1.txt,1.0,0.05,0.03,50,3,0.8,0.01,largest,17.0,1.05
tune_9,Testing/hos_25_r1_1.txt,1.0,0.05,0.03,50,3,0.8,0.01,largest,16.0,1.08
tune_10,Testing/hos_25_r1_1.txt,1.0,0.05,0.03,50,3,0.8,0.01,largest,16.0,1.06
tune_1,Testing/hos_25_r2_1.txt,1.0,0.05,0.03,50,3,0.8,0.01,largest,24.0,1.13
tune_2,Testing/hos_25_r2_1.txt,1.0,0.05,0.03,50,3,0.8,0.01,largest,23.0,1.09
tune_3,Testing/hos_25_r2_1.txt,1.0,0.05,0.03,50,3,0.8,0.01,largest,23.0,1.10
tune_4,Testing/hos_25_r2_1.txt,1.0,0.05,0.03,50,3,0.8,0.01,largest,23.0,1.13
tune_5,Testing/hos_25_r2_1.txt,1.0,0.05,0.03,50,3,0.8,0.01,largest,24.0,1.10
tune_6,Testing/hos_25_r2_1.txt,1.0,0.05,0.03,50,3,0.8,0.01,largest,23.0,1.10
tune_7,Testing/hos_25_r2_1.txt,1.0,0.05,0.03,50,3,0.8,0.01,largest,24.0,1.12
tune_8,Testing/hos_25_r2_1.txt,1.0,0.05,0.03,50,3,0.8,0.01,largest,23.0,1.11
tune_9,Testing/hos_25_r2_1.txt,1.0,0.05,0.03,50,3,0.8,0.01,largest,23.0,1.11
tune_10,Testing/hos_25_r2_1.txt,1.0,0.05,0.03,50,3,0.8,0.01,largest,23.0,1.12
tune_1,Testing/hos_30_r1_1.txt,1.0,0.05,0.03,50,3,0.8,0.01,largest,28.0,1.13
tune_2,Testing/hos_30_r1_1.txt,1.0,0.05,0.03,50,3,0.8,0.01,largest,27.0,1.10
tune_3,Testing/hos_30_r1_1.txt,1.0,0.05,0.03,50,3,0.8,0.01,largest,26.0,1.11
tune_4,Testing/hos_30_r1_1.txt,1.0,0.05,0.03,50,3,0.8,0.01,largest,28.0,1.09
tune_5,Testing/hos_30_r1_1.txt,1.0,0.05,0.03,50,3,0.8,0.01,largest,26.0,1.11
tune_6,Testing/hos_30_r1_1.txt,1.0,0.05,0.03,50,3,0.8,0.01,largest,26.0,1.11
tune_7,Testing/hos_30_r1_1.txt,1.0,0.05,0.03,50,3,0.8,0.01,largest,27.0,1.07
tune_8,Testing/hos_30_r1_1.txt,1.0,0.05,0.03,50,3,0.8,0.01,largest,26.0,1.09
tune_9,Testing/hos_30_r1_1.txt,1.0,0.05,0.03,50,3,0.8,0.01,largest,26.0,1.08
tune_10,Testing/hos_30_r1_1.txt,1.0,0.05,0.03,50,3,0.8,0.01,largest,26.0,1.10
tune_1,Testing/hos_30_r2_1.txt,1.0,0.05,0.03,50,3,0.8,0.01,largest,29.0,1.15
tune_2,Testing/hos_30_r2_1.txt,1.0,0.05,0.03,50,3,0.8,0.01,largest,29.0,1.16
tune_3,Testing/hos_30_r2_1.txt,1.0,0.05,0.03,50,3,0.8,0.01,largest,29.0,1.15
tune_4,Testing/hos_30_r2_1.txt,1.0,0.05,0.03,50,3,0.8,0.01,largest,28.0,1.13
tune_5,Testing/hos_30_r2_1.txt,1.0,0.05,0.03,50,3,0.8,0.01,largest,28.0,1.14
tune_6,Testing/hos_30_r2_1.txt,1.0,0.05,0.03,50,3,0.8,0.01,largest,28.0,1.12
tune_7,Testing/hos_30_r2_1.txt,1.0,0.05,0.03,50,3,0.8,0.01,largest,28.0,1.14
tune_8,Testing/hos_30_r2_1.txt,1.0,0.05,0.03,50,3,0.8,0.01,largest,28.0,1.14
tune_9,Testing/hos_30_r2_1.txt,1.0,0.05,0.03,50,3,0.8,0.01,largest,28.0,1.15
tune_10,Testing/hos_30_r2_1.txt,1.0,0.05,0.03,50,3,0.8,0.01,largest,28.0,1.15
tune_1,Testing/hos_35_r1_1.txt,1.0,0.05,0.03,50,3,0.8,0.01,largest,31.0,1.16
tune_2,Testing/hos_35_r1_1.txt,1.0,0.05,0.03,50,3,0.8,0.01,largest,31.0,1.12
tune_3,Testing/hos_35_r1_1.txt,1.0,0.05,0.03,50,3,0.8,0.01,largest,31.0,1.10
tune_4,Testing/hos_35_r1_1.txt,1.0,0.05,0.03,50,3,0.8,0.01,largest,31.0,1.10
tune_5,Testing/hos_35_r1_1.txt,1.0,0.05,0.03,50,3,0.8,0.01,largest,30.0,1.09
tune_6,Testing/hos_35_r1_1.txt,1.0,0.05,0.03,50,3,0.8,0.01,largest,32.0,1.14
tune_7,Testing/hos_35_r1_1.txt,1.0,0.05,0.03,50,3,0.8,0.01,largest,31.0,1.11
tune_8,Testing/hos_35_r1_1.txt,1.0,0.05,0.03,50,3,0.8,0.01,largest,31.0,1.14
tune_9,Testing/hos_35_r1_1.txt,1.0,0.05,0.03,50,3,0.8,0.01,largest,31.0,1.12
tune_10,Testing/hos_35_r1_1.txt,1.0,0.05,0.03,50,3,0.8,0.01,largest,31.0,1.10
tune_1,Testing/hos_35_r2_1.txt,1.0,0.05,0.03,50,3,0.8,0.01,largest,34.0,1.19
tune_2,Testing/hos_35_r2_1.txt,1.0,0.05,0.03,50,3,0.8,0.01,largest,34.0,1.19
tune_3,Testing/hos_35_r2_1.txt,1.0,0.05,0.03,50,3,0.8,0.01,largest,34.0,1.17
tune_4,Testing/hos_35_r2_1.txt,1.0,0.05,0.03,50,3,0.8,0.01,largest,34.0,1.19
tune_5,Testing/hos_35_r2_1.txt,1.0,0.05,0.03,50,3,0.8,0.01,largest,34.0,1.20
tune_6,Testing/hos_35_r2_1.txt,1.0,0.05,0.03,50,3,0.8,0.01,largest,34.0,1.19
tune_7,Testing/hos_35_r2_1.txt,1.0,0.05,0.03,50,3,0.8,0.01,largest,33.0,1.19
tune_8,Testing/hos_35_r2_1.txt,1.0,0.05,0.03,50,3,0.8,0.01,largest,34.0,1.18
tune_9,Testing/hos_35_r2_1.txt,1.0,0.05,0.03,50,3,0.8,0.01,largest,34.0,1.18
tune_10,Testing/hos_35_r2_1.txt,1.0,0.05,0.03,50,3,0.8,0.01,largest,34.0,1.22
tune_1,Testing/hos_40_r1_1.txt,1.0,0.05,0.03,50,3,0.8,0.01,largest,34.0,1.14
tune_2,Testing/hos_40_r1_1.txt,1.0,0.05,0.03,50,3,0.8,0.01,largest,37.0,1.14
tune_3,Testing/hos_40_r1_1.txt,1.0,0.05,0.03,50,3,0.8,0.01,largest,36.0,1.15
tune_4,Testing/hos_40_r1_1.txt,1.0,0.05,0.03,50,3,0.8,0.01,largest,36.0,1.14
tune_5,Testing/hos_40_r1_1.txt,1.0,0.05,0.03,50,3,0.8,0.01,largest,36.0,1.16
tune_6,Testing/hos_40_r1_1.txt,1.0,0.05,0.03,50,3,0.8,0.01,largest,35.0,1.14
tune_7,Testing/hos_40_r1_1.txt,1.0,0.05,0.03,50,3,0.8,0.01,largest,36.0,1.17
tune_8,Testing/hos_40_r1_1.txt,1.0,0.05,0.03,50,3,0.8,0.01,largest,35.0,1.15
tune_9,Testing/hos_40_r1_1.txt,1.0,0.05,0.03,50,3,0.8,0.01,largest,35.0,1.15
tune_10,Testing/hos_40_r1_1.txt,1.0,0.05,0.03,50,3,0.8,0.01,largest,35.0,1.17
tune_1,Testing/hos_40_r2_1.txt,1.0,0.05,0.03,50,3,0.8,0.01,largest,38.0,1.25
tune_2,Testing/hos_40_r2_1.txt,1.0,0.05,0.03,50,3,0.8,0.01,largest,38.0,1.22
tune_3,Testing/hos_40_r2_1.txt,1.0,0.05,0.03,50,3,0.8,0.01,largest,38.0,1.24
tune_4,Testing/hos_40_r2_1.txt,1.0,0.05,0.03,50,3,0.8,0.01,largest,37.0,1.27
tune_5,Testing/hos_40_r2_1.txt,1.0,0.05,0.03,50,3,0.8,0.01,largest,38.0,1.23
tune_6,Testing/hos_40_r2_1.txt,1.0,0.05,0.03,50,3,0.8,0.01,largest,38.0,1.26
tune_7,Testing/hos_40_r2_1.txt,1.0,0.05,0.03,50,3,0.8,0.01,largest,38.0,1.24
tune_8,Testing/hos_40_r2_1.txt,1.0,0.05,0.03,50,3,0.8,0.01,largest,38.0,1.27
tune_9,Testing/hos_40_r2_1.txt,1.0,0.05,0.03,50,3,0.8,0.01,largest,38.0,1.25
tune_10,Testing/hos_40_r2_1.txt,1.0,0.05,0.03,50,3,0.8,0.01,largest,38.0,1.26
tune_1,Testing/hos_45_r1_1.txt,1.0,0.05,0.03,50,3,0.8,0.01,largest,41.0,1.20
tune_2,Testing/hos_45_r1_1.txt,1.0,0.05,0.03,50,3,0.8,0.01,largest,41.0,1.17
tune_3,Testing/hos_45_r1_1.txt,1.0,0.05,0.03,50,3,0.8,0.01,largest,42.0,1.17
tune_4,Testing/hos_45_r1_1.txt,1.0,0.05,0.03,50,3,0.8,0.01,largest,41.0,1.14
tune_5,Testing/hos_45_r1_1.txt,1.0,0.05,0.03,50,3,0.8,0.01,largest,42.0,1.19
tune_6,Testing/hos_45_r1_1.txt,1.0,0.05,0.03,50,3,0.8,0.01,largest,41.0,1.17
tune_7,Testing/hos_45_r1_1.txt,1.0,0.05,0.03,50,3,0.8,0.01,largest,42.0,1.17
tune_8,Testing/hos_45_r1_1.txt,1.0,0.05,0.03,50,3,0.8,0.01,largest,41.0,1.16
tune_9,Testing/hos_45_r1_1.txt,1.0,0.05,0.03,50,3,0.8,0.01,largest,41.0,1.17
tune_10,Testing/hos_45_r1_1.txt,1.0,0.05,0.03,50,3,0.8,0.01,largest,41.0,1.21
tune_1,Testing/hos_45_r2_1.txt,1.0,0.05,0.03,50,3,0.8,0.01,largest,43.0,1.32
tune_2,Testing/hos_45_r2_1.txt,1.0,0.05,0.03,50,3,0.8,0.01,largest,43.0,1.33
tune_3,Testing/hos_45_r2_1.txt,1.0,0.05,0.03,50,3,0.8,0.01,largest,43.0,1.31
tune_4,Testing/hos_45_r2_1.txt,1.0,0.05,0.03,50,3,0.8,0.01,largest,43.0,1.31
tune_5,Testing/hos_45_r2_1.txt,1.0,0.05,0.03,50,3,0.8,0.01,largest,43.0,1.33
tune_6,Testing/hos_45_r2_1.txt,1.0,0.05,0.03,50,3,0.8,0.01,largest,43.0,1.32
tune_7,Testing/hos_45_r2_1.txt,1.0,0.05,0.03,50,3,0.8,0.01,largest,43.0,1.34
tune_8,Testing/hos_45_r2_1.txt,1.0,0.05,0.03,50,3,0.8,0.01,largest,43.0,1.32
tune_9,Testing/hos_45_r2_1.txt,1.0,0.05,0.03,50,3,0.8,0.01,largest,43.0,1.33
tune_10,Testing/hos_45_r2_1.txt,1.0,0.05,0.03,50,3,0.8,0.01,largest,43.0,1.36
tune_1,Testing/hos_50_r1_1.txt,1.0,0.05,0.03,50,3,0.8,0.01,largest,46.0,1.22
tune_2,Testing/hos_50_r1_1.txt,1.0,0.05,0.03,50,3,0.8,0.01,largest,47.0,1.21
tune_3,Testing/hos_50_r1_1.txt,1.0,0.05,0.03,50,3,0.8,0.01,largest,46.0,1.22
tune_4,Testing/hos_50_r1_1.txt,1.0,0.05,0.03,50,3,0.8,0.01,largest,47.0,1.21
tune_5,Testing/hos_50_r1_1.txt,1.0,0.05,0.03,50,3,0.8,0.01,largest,46.0,1.20
tune_6,Testing/hos_50_r1_1.txt,1.0,0.05,0.03,50,3,0.8,0.01,largest,45.0,1.21
tune_7,Testing/hos_50_r1_1.txt,1.0,0.05,0.03,50,3,0.8,0.01,largest,45.0,1.19
tune_8,Testing/hos_50_r1_1.txt,1.0,0.05,0.03,50,3,0.8,0.01,largest,47.0,1.19
tune_9,Testing/hos_50_r1_1.txt,1.0,0.05,0.03,50,3,0.8,0.01,largest,47.0,1.21
tune_10,Testing/hos_50_r1_1.txt,1.0,0.05,0.03,50,3,0.8,0.01,largest,47.0,1.26
tune_1,Testing/hos_50_r2_1.txt,1.0,0.05,0.03,50,3,0.8,0.01,largest,48.0,1.41
tune_2,Testing/hos_50_r2_1.txt,1.0,0.05,0.03,50,3,0.8,0.01,largest,48.0,1.58
tune_3,Testing/hos_50_r2_1.txt,1.0,0.05,0.03,50,3,0.8,0.01,largest,48.0,1.42
tune_4,Testing/hos_50_r2_1.txt,1.0,0.05,0.03,50,3,0.8,0.01,largest,48.0,1.41
tune_5,Testing/hos_50_r2_1.txt,1.0,0.05,0.03,50,3,0.8,0.01,largest,48.0,1.42
tune_6,Testing/hos_50_r2_1.txt,1.0,0.05,0.03,50,3,0.8,0.01,largest,48.0,1.43
tune_7,Testing/hos_50_r2_1.txt,1.0,0.05,0.03,50,3,0.8,0.01,largest,48.0,1.45
tune_8,Testing/hos_50_r2_1.txt,1.0,0.05,0.03,50,3,0.8,0.01,largest,48.0,1.42
tune_9,Testing/hos_50_r2_1.txt,1.0,0.05,0.03,50,3,0.8,0.01,largest,48.0,1.47
tune_10,Testing/hos_50_r2_1.txt,1.0,0.05,0.03,50,3,0.8,0.01,largest,48.0,1.41
tune_1,Testing/mac_grafo10dens30.txt,1.0,0.05,0.03,50,3,0.8,0.01,largest,10.0,1.04
tune_2,Testing/mac_grafo10dens30.txt,1.0,0.05,0.03,50,3,0.8,0.01,largest,10.0,1.05
tune_3,Testing/mac_grafo10dens30.txt,1.0,0.05,0.03,50,3,0.8,0.01,largest,10.0,1.04
tune_4,Testing/mac_grafo10dens30.txt,1.0,0.05,0.03,50,3,0.8,0.01,largest,10.0,1.04
tune_5,Testing/mac_grafo10dens30.txt,1.0,0.05,0.03,50,3,0.8,0.01,largest,10.0,1.03
tune_6,Testing/mac_grafo10dens30.txt,1.0,0.05,0.03,50,3,0.8,0.01,largest,10.0,1.03
tune_7,Testing/mac_grafo10dens30.txt,1.0,0.05,0.03,50,3,0.8,0.01,largest,10.0,1.04
tune_8,Testing/mac_grafo10dens30.txt,1.0,0.05,0.03,50,3,0.8,0.01,largest,10.0,1.04
tune_9,Testing/mac_grafo10dens30.txt,1.0,0.05,0.03,50,3,0.8,0.01,largest,10.0,1.04
tune_10,Testing/mac_grafo10dens30.txt,1.0,0.05,0.03,50,3,0.8,0.01,largest,10.0,1.02
tune_1,Testing/mac_grafo11dens30.txt,1.0,0.05,0.03,50,3,0.8,0.01,largest,11.0,1.05
tune_2,Testing/mac_grafo11dens30.txt,1.0,0.05,0.03,50,3,0.8,0.01,largest,11.0,1.03
tune_3,Testing/mac_grafo11dens30.txt,1.0,0.05,0.03,50,3,0.8,0.01,largest,11.0,1.05
tune_4,Testing/mac_grafo11dens30.txt,1.0,0.05,0.03,50,3,0.8,0.01,largest,11.0,1.04
tune_5,Testing/mac_grafo11dens30.txt,1.0,0.05,0.03,50,3,0.8,0.01,largest,11.0,1.06
tune_6,Testing/mac_grafo11dens30.txt,1.0,0.05,0.03,50,3,0.8,0.01,largest,11.0,1.03
tune_7,Testing/mac_grafo11dens30.txt,1.0,0.05,0.03,50,3,0.8,0.01,largest,11.0,1.03
tune_8,Testing/mac_grafo11dens30.txt,1.0,0.05,0.03,50,3,0.8,0.01,largest,11.0,1.03
tune_9,Testing/mac_grafo11dens30.txt,1.0,0.05,0.03,50,3,0.8,0.01,largest,11.0,1.04
tune_10,Testing/mac_grafo11dens30.txt,1.0,0.05,0.03,50,3,0.8,0.01,largest,11.0,1.04
tune_1,Testing/mac_grafo12dens30.txt,1.0,0.05,0.03,50,3,0.8,0.01,largest,12.0,1.03
tune_2,Testing/mac_grafo12dens30.txt,1.0,0.05,0.03,50,3,0.8,0.01,largest,12.0,1.06
tune_3,Testing/mac_grafo12dens30.txt,1.0,0.05,0.03,50,3,0.8,0.01,largest,12.0,1.07
tune_4,Testing/mac_grafo12dens30.txt,1.0,0.05,0.03,50,3,0.8,0.01,largest,12.0,1.05
tune_5,Testing/mac_grafo12dens30.txt,1.0,0.05,0.03,50,3,0.8,0.01,largest,12.0,1.02
tune_6,Testing/mac_grafo12dens30.txt,1.0,0.05,0.03,50,3,0.8,0.01,largest,12.0,1.03
tune_7,Testing/mac_grafo12dens30.txt,1.0,0.05,0.03,50,3,0.8,0.01,largest,12.0,1.05
tune_8,Testing/mac_grafo12dens30.txt,1.0,0.05,0.03,50,3,0.8,0.01,largest,12.0,1.03
tune_9,Testing/mac_grafo12dens30.txt,1.0,0.05,0.03,50,3,0.8,0.01,largest,12.0,1.03
tune_10,Testing/mac_grafo12dens30.txt,1.0,0.05,0.03,50,3,0.8,0.01,largest,12.0,1.04
tune_1,Testing/mac_grafo13dens30.txt,1.0,0.05,0.03,50,3,0.8,0.01,largest,13.0,1.07
tune_2,Testing/mac_grafo13dens30.txt,1.0,0.05,0.03,50,3,0.8,0.01,largest,13.0,1.04
tune_3,Testing/mac_grafo13dens30.txt,1.0,0.05,0.03,50,3,0.8,0.01,largest,13.0,1.06
tune_4,Testing/mac_grafo13dens30.txt,1.0,0.05,0.03,50,3,0.8,0.01,largest,13.0,1.08
tune_5,Testing/mac_grafo13dens30.txt,1.0,0.05,0.03,50,3,0.8,0.01,largest,13.0,1.12
tune_6,Testing/mac_grafo13dens30.txt,1.0,0.05,0.03,50,3,0.8,0.01,largest,13.0,1.04
tune_7,Testing/mac_grafo13dens30.txt,1.0,0.05,0.03,50,3,0.8,0.01,largest,13.0,1.03
tune_8,Testing/mac_grafo13dens30.txt,1.0,0.05,0.03,50,3,0.8,0.01,largest,13.0,1.04
tune_9,Testing/mac_grafo13dens30.txt,1.0,0.05,0.03,50,3,0.8,0.01,largest,13.0,1.04
tune_10,Testing/mac_grafo13dens30.txt,1.0,0.05,0.03,50,3,0.8,0.01,largest,13.0,1.09
tune_1,Testing/mac_grafo14dens30.txt,1.0,0.05,0.03,50,3,0.8,0.01,largest,14.0,1.09
tune_2,Testing/mac_grafo14dens30.txt,1.0,0.05,0.03,50,3,0.8,0.01,largest,14.0,1.05
tune_3,Testing/mac_grafo14dens30.txt,1.0,0.05,0.03,50,3,0.8,0.01,largest,14.0,1.03
tune_4,Testing/mac_grafo14dens30.txt,1.0,0.05,0.03,50,3,0.8,0.01,largest,14.0,1.05
tune_5,Testing/mac_grafo14dens30.txt,1.0,0.05,0.03,50,3,0.8,0.01,largest,14.0,1.04
tune_6,Testing/mac_grafo14dens30.txt,1.0,0.05,0.03,50,3,0.8,0.01,largest,14.0,1.03
tune_7,Testing/mac_grafo14dens30.txt,1.0,0.05,0.03,50,3,0.8,0.01,largest,14.0,1.02
tune_8,Testing/mac_grafo14dens30.txt,1.0,0.05,0.03,50,3,0.8,0.01,largest,14.0,1.05
tune_9,Testing/mac_grafo14dens30.txt,1.0,0.05,0.03,50,3,0.8,0.01,largest,14.0,1.04
tune_10,Testing/mac_grafo14dens30.txt,1.0,0.05,0.03,50,3,0.8,0.01,largest,14.0,1.05
tune_1,Testing/mac_grafo15dens30.txt,1.0,0.05,0.03,50,3,0.8,0.01,largest,15.0,1.06
tune_2,Testing/mac_grafo15dens30.txt,1.0,0.05,0.03,50,3,0.8,0.01,largest,15.0,1.06
tune_3,Testing/mac_grafo15dens30.txt,1.0,0.05,0.03,50,3,0.8,0.01,largest,15.0,1.04
tune_4,Testing/mac_grafo15dens30.txt,1.0,0.05,0.03,50,3,0.8,0.01,largest,15.0,1.04
tune_5,Testing/mac_grafo15dens30.txt,1.0,0.05,0.03,50,3,0.8,0.01,largest,15.0,1.03
tune_6,Testing/mac_grafo15dens30.txt,1.0,0.05,0.03,50,3,0.8,0.01,largest,15.0,1.03
tune_7,Testing/mac_grafo15dens30.txt,1.0,0.05,0.03,50,3,0.8,0.01,largest,15.0,1.06
tune_8,Testing/mac_grafo15dens30.txt,1.0,0.05,0.03,50,3,0.8,0.01,largest,15.0,1.04
tune_9,Testing/mac_grafo15dens30.txt,1.0,0.05,0.03,50,3,0.8,0.01,largest,15.0,1.05
tune_10,Testing/mac_grafo15dens30.txt,1.0,0.05,0.03,50,3,0.8,0.01,largest,15.0,1.09
tune_1,Testing/mac_grafo16dens30.txt,1.0,0.05,0.03,50,3,0.8,0.01,largest,15.0,1.09
tune_2,Testing/mac_grafo16dens30.txt,1.0,0.05,0.03,50,3,0.8,0.01,largest,15.0,1.13
tune_3,Testing/mac_grafo16dens30.txt,1.0,0.05,0.03,50,3,0.8,0.01,largest,15.0,1.08
tune_4,Testing/mac_grafo16dens30.txt,1.0,0.05,0.03,50,3,0.8,0.01,largest,15.0,1.08
tune_5,Testing/mac_grafo16dens30.txt,1.0,0.05,0.03,50,3,0.8,0.01,largest,16.0,1.06
tune_6,Testing/mac_grafo16dens30.txt,1.0,0.05,0.03,50,3,0.8,0.01,largest,15.0,1.17
tune_7,Testing/mac_grafo16dens30.txt,1.0,0.05,0.03,50,3,0.8,0.01,largest,15.0,1.06
tune_8,Testing/mac_grafo16dens30.txt,1.0,0.05,0.03,50,3,0.8,0.01,largest,16.0,1.10
tune_9,Testing/mac_grafo16dens30.txt,1.0,0.05,0.03,50,3,0.8,0.01,largest,15.0,1.08
tune_10,Testing/mac_grafo16dens30.txt,1.0,0.05,0.03,50,3,0.8,0.01,largest,15.0,1.07
tune_1,Testing/mac_grafo17dens30.txt,1.0,0.05,0.03,50,3,0.8,0.01,largest,16.0,1.07
tune_2,Testing/mac_grafo17dens30.txt,1.0,0.05,0.03,50,3,0.8,0.01,largest,17.0,1.11
tune_3,Testing/mac_grafo17dens30.txt,1.0,0.05,0.03,50,3,0.8,0.01,largest,16.0,1.07
tune_4,Testing/mac_grafo17dens30.txt,1.0,0.05,0.03,50,3,0.8,0.01,largest,17.0,1.11
tune_5,Testing/mac_grafo17dens30.txt,1.0,0.05,0.03,50,3,0.8,0.01,largest,16.0,1.10
tune_6,Testing/mac_grafo17dens30.txt,1.0,0.05,0.03,50,3,0.8,0.01,largest,16.0,1.06
tune_7,Testing/mac_grafo17dens30.txt,1.0,0.05,0.03,50,3,0.8,0.01,largest,17.0,1.09
tune_8,Testing/mac_grafo17dens30.txt,1.0,0.05,0.03,50,3,0.8,0.01,largest,16.0,1.09
tune_9,Testing/mac_grafo17dens30.txt,1.0,0.05,0.03,50,3,0.8,0.01,largest,17.0,1.07
tune_10,Testing/mac_grafo17dens30.txt,1.0,0.05,0.03,50,3,0.8,0.01,largest,16.0,1.08
tune_1,Testing/mac_grafo18dens30.txt,1.0,0.05,0.03,50,3,0.8,0.01,largest,18.0,1.14
tune_2,Testing/mac_grafo18dens30.txt,1.0,0.05,0.03,50,3,0.8,0.01,largest,18.0,1.09
tune_3,Testing/mac_grafo18dens30.txt,1.0,0.05,0.03,50,3,0.8,0.01,largest,18.0,1.08
tune_4,Testing/mac_grafo18dens30.txt,1.0,0.05,0.03,50,3,0.8,0.01,largest,18.0,1.08
tune_5,Testing/mac_grafo18dens30.txt,1.0,0.05,0.03,50,3,0.8,0.01,largest,18.0,1.09
tune_6,Testing/mac_grafo18dens30.txt,1.0,0.05,0.03,50,3,0.8,0.01,largest,18.0,1.11
tune_7,Testing/mac_grafo18dens30.txt,1.0,0.05,0.03,50,3,0.8,0.01,largest,18.0,1.11
tune_8,Testing/mac_grafo18dens30.txt,1.0,0.05,0.03,50,3,0.8,0.01,largest,18.0,1.12
tune_9,Testing/mac_grafo18dens30.txt,1.0,0.05,0.03,50,3,0.8,0.01,largest,18.0,1.19
tune_10,Testing/mac_grafo18dens30.txt,1.0,0.05,0.03,50,3,0.8,0.01,largest,18.0,1.10
tune_1,Testing/mac_grafo19dens30.txt,1.0,0.05,0.03,50,3,0.8,0.01,largest,19.0,1.09
tune_2,Testing/mac_grafo19dens30.txt,1.0,0.05,0.03,50,3,0.8,0.01,largest,19.0,1.08
tune_3,Testing/mac_grafo19dens30.txt,1.0,0.05,0.03,50,3,0.8,0.01,largest,19.0,1.09
tune_4,Testing/mac_grafo19dens30.txt,1.0,0.05,0.03,50,3,0.8,0.01,largest,19.0,1.09
tune_5,Testing/mac_grafo19dens30.txt,1.0,0.05,0.03,50,3,0.8,0.01,largest,19.0,1.07
tune_6,Testing/mac_grafo19dens30.txt,1.0,0.05,0.03,50,3,0.8,0.01,largest,19.0,1.08
tune_7,Testing/mac_grafo19dens30.txt,1.0,0.05,0.03,50,3,0.8,0.01,largest,19.0,1.08
tune_8,Testing/mac_grafo19dens30.txt,1.0,0.05,0.03,50,3,0.8,0.01,largest,19.0,1.08
tune_9,Testing/mac_grafo19dens30.txt,1.0,0.05,0.03,50,3,0.8,0.01,largest,19.0,1.09
tune_10,Testing/mac_grafo19dens30.txt,1.0,0.05,0.03,50,3,0.8,0.01,largest,19.0,1.11
tune_1,Testing/mac_grafo20dens30.txt,1.0,0.05,0.03,50,3,0.8,0.01,largest,18.0,1.10
tune_2,Testing/mac_grafo20dens30.txt,1.0,0.05,0.03,50,3,0.8,0.01,largest,18.0,1.10
tune_3,Testing/mac_grafo20dens30.txt,1.0,0.05,0.03,50,3,0.8,0.01,largest,19.0,1.10
tune_4,Testing/mac_grafo20dens30.txt,1.0,0.05,0.03,50,3,0.8,0.01,largest,18.0,1.10
tune_5,Testing/mac_grafo20dens30.txt,1.0,0.05,0.03,50,3,0.8,0.01,largest,18.0,1.08
tune_6,Testing/mac_grafo20dens30.txt,1.0,0.05,0.03,50,3,0.8,0.01,largest,19.0,1.10
tune_7,Testing/mac_grafo20dens30.txt,1.0,0.05,0.03,50,3,0.8,0.01,largest,18.0,1.10
tune_8,Testing/mac_grafo20dens30.txt,1.0,0.05,0.03,50,3,0.8,0.01,largest,18.0,1.13
tune_9,Testing/mac_grafo20dens30.txt,1.0,0.05,0.03,50,3,0.8,0.01,largest,18.0,1.09
tune_10,Testing/mac_grafo20dens30.txt,1.0,0.05,0.03,50,3,0.8,0.01,largest,18.0,1.11
tune_1,Testing/mac_grafo21dens30.txt,1.0,0.05,0.03,50,3,0.8,0.01,largest,19.0,1.10
tune_2,Testing/mac_grafo21dens30.txt,1.0,0.05,0.03,50,3,0.8,0.01,largest,19.0,1.13
tune_3,Testing/mac_grafo21dens30.txt,1.0,0.05,0.03,50,3,0.8,0.01,largest,19.0,1.12
tune_4,Testing/mac_grafo21dens30.txt,1.0,0.05,0.03,50,3,0.8,0.01,largest,19.0,1.11
tune_5,Testing/mac_grafo21dens30.txt,1.0,0.05,0.03,50,3,0.8,0.01,largest,19.0,1.20
tune_6,Testing/mac_grafo21dens30.txt,1.0,0.05,0.03,50,3,0.8,0.01,largest,20.0,1.12
tune_7,Testing/mac_grafo21dens30.txt,1.0,0.05,0.03,50,3,0.8,0.01,largest,19.0,1.12
tune_8,Testing/mac_grafo21dens30.txt,1.0,0.05,0.03,50,3,0.8,0.01,largest,20.0,1.11
tune_9,Testing/mac_grafo21dens30.txt,1.0,0.05,0.03,50,3,0.8,0.01,largest,20.0,1.11
tune_10,Testing/mac_grafo21dens30.txt,1.0,0.05,0.03,50,3,0.8,0.01,largest,20.0,1.12
tune_1,Testing/mac_grafo22dens30.txt,1.0,0.05,0.03,50,3,0.8,0.01,largest,21.0,1.12
tune_2,Testing/mac_grafo22dens30.txt,1.0,0.05,0.03,50,3,0.8,0.01,largest,21.0,1.14
tune_3,Testing/mac_grafo22dens30.txt,1.0,0.05,0.03,50,3,0.8,0.01,largest,21.0,1.12
tune_4,Testing/mac_grafo22dens30.txt,1.0,0.05,0.03,50,3,0.8,0.01,largest,21.0,1.16
tune_5,Testing/mac_grafo22dens30.txt,1.0,0.05,0.03,50,3,0.8,0.01,largest,21.0,1.13
tune_6,Testing/mac_grafo22dens30.txt,1.0,0.05,0.03,50,3,0.8,0.01,largest,21.0,1.12
tune_7,Testing/mac_grafo22dens30.txt,1.0,0.05,0.03,50,3,0.8,0.01,largest,19.0,1.11
tune_8,Testing/mac_grafo22dens30.txt,1.0,0.05,0.03,50,3,0.8,0.01,largest,20.0,1.12
tune_9,Testing/mac_grafo22dens30.txt,1.0,0.05,0.03,50,3,0.8,0.01,largest,20.0,1.12
tune_10,Testing/mac_grafo22dens30.txt,1.0,0.05,0.03,50,3,0.8,0.01,largest,21.0,1.13
tune_1,Testing/mac_grafo23dens30.txt,1.0,0.05,0.03,50,3,0.8,0.01,largest,22.0,1.15
tune_2,Testing/mac_grafo23dens30.txt,1.0,0.05,0.03,50,3,0.8,0.01,largest,22.0,1.16
tune_3,Testing/mac_grafo23dens30.txt,1.0,0.05,0.03,50,3,0.8,0.01,largest,22.0,1.12
tune_4,Testing/mac_grafo23dens30.txt,1.0,0.05,0.03,50,3,0.8,0.01,largest,22.0,1.13
tune_5,Testing/mac_grafo23dens30.txt,1.0,0.05,0.03,50,3,0.8,0.01,largest,22.0,1.15
tune_6,Testing/mac_grafo23dens30.txt,1.0,0.05,0.03,50,3,0.8,0.01,largest,22.0,1.15
tune_7,Testing/mac_grafo23dens30.txt,1.0,0.05,0.03,50,3,0.8,0.01,largest,22.0,1.15
tune_8,Testing/mac_grafo23dens30.txt,1.0,0.05,0.03,50,3,0.8,0.01,largest,22.0,1.15
tune_9,Testing/mac_grafo23dens30.txt,1.0,0.05,0.03,50,3,0.8,0.01,largest,22.0,1.13
tune_10,Testing/mac_grafo23dens30.txt,1.0,0.05,0.03,50,3,0.8,0.01,largest,22.0,1.14
tune_1,Testing/mac_grafo24dens30.txt,1.0,0.05,0.03,50,3,0.8,0.01,largest,22.0,1.12
tune_2,Testing/mac_grafo24dens30.txt,1.0,0.05,0.03,50,3,0.8,0.01,largest,22.0,1.12
tune_3,Testing/mac_grafo24dens30.txt,1.0,0.05,0.03,50,3,0.8,0.01,largest,23.0,1.13
tune_4,Testing/mac_grafo24dens30.txt,1.0,0.05,0.03,50,3,0.8,0.01,largest,22.0,1.15
tune_5,Testing/mac_grafo24dens30.txt,1.0,0.05,0.03,50,3,0.8,0.01,largest,22.0,1.15
tune_6,Testing/mac_grafo24dens30.txt,1.0,0.05,0.03,50,3,0.8,0.01,largest,22.0,1.16
tune_7,Testing/mac_grafo24dens30.txt,1.0,0.05,0.03,50,3,0.8,0.01,largest,22.0,1.15
tune_8,Testing/mac_grafo24dens30.txt,1.0,0.05,0.03,50,3,0.8,0.01,largest,22.0,1.13
tune_9,Testing/mac_grafo24dens30.txt,1.0,0.05,0.03,50,3,0.8,0.01,largest,22.0,1.16
tune_10,Testing/mac_grafo24dens30.txt,1.0,0.05,0.03,50,3,0.8,0.01,largest,22.0,1.16
tune_1,Testing/mac_grafo25dens30.txt,1.0,0.05,0.03,50,3,0.8,0.01,largest,24.0,1.15
tune_2,Testing/mac_grafo25dens30.txt,1.0,0.05,0.03,50,3,0.8,0.01,largest,24.0,1.14
tune_3,Testing/mac_grafo25dens30.txt,1.0,0.05,0.03,50,3,0.8,0.01,largest,24.0,1.14
tune_4,Testing/mac_grafo25dens30.txt,1.0,0.05,0.03,50,3,0.8,0.01,largest,24.0,1.14
tune_5,Testing/mac_grafo25dens30.txt,1.0,0.05,0.03,50,3,0.8,0.01,largest,24.0,1.15
tune_6,Testing/mac_grafo25dens30.txt,1.0,0.05,0.03,50,3,0.8,0.01,largest,24.0,1.14
tune_7,Testing/mac_grafo25dens30.txt,1.0,0.05,0.03,50,3,0.8,0.01,largest,24.0,1.15
tune_8,Testing/mac_grafo25dens30.txt,1.0,0.05,0.03,50,3,0.8,0.01,largest,24.0,1.15
tune_9,Testing/mac_grafo25dens30.txt,1.0,0.05,0.03,50,3,0.8,0.01,largest,24.0,1.14
tune_10,Testing/mac_grafo25dens30.txt,1.0,0.05,0.03,50,3,0.8,0.01,largest,24.0,1.16
tune_1,Testing/mac_grafo26dens30.txt,1.0,0.05,0.03,50,3,0.8,0.01,largest,25.0,1.15
tune_2,Testing/mac_grafo26dens30.txt,1.0,0.05,0.03,50,3,0.8,0.01,largest,25.0,1.15
tune_3,Testing/mac_grafo26dens30.txt,1.0,0.05,0.03,50,3,0.8,0.01,largest,25.0,1.17
tune_4,Testing/mac_grafo26dens30.txt,1.0,0.05,0.03,50,3,0.8,0.01,largest,25.0,1.15
tune_5,Testing/mac_grafo26dens30.txt,1.0,0.05,0.03,50,3,0.8,0.01,largest,25.0,1.15
tune_6,Testing/mac_grafo26dens30.txt,1.0,0.05,0.03,50,3,0.8,0.01,largest,25.0,1.15
tune_7,Testing/mac_grafo26dens30.txt,1.0,0.05,0.03,50,3,0.8,0.01,largest,25.0,1.15
tune_8,Testing/mac_grafo26dens30.txt,1.0,0.05,0.03,50,3,0.8,0.01,largest,25.0,1.15
tune_9,Testing/mac_grafo26dens30.txt,1.0,0.05,0.03,50,3,0.8,0.01,largest,25.0,1.14
tune_10,Testing/mac_grafo26dens30.txt,1.0,0.05,0.03,50,3,0.8,0.01,largest,25.0,1.16
tune_1,Testing/mac_grafo27dens30.txt,1.0,0.05,0.03,50,3,0.8,0.01,largest,26.0,1.19
tune_2,Testing/mac_grafo27dens30.txt,1.0,0.05,0.03,50,3,0.8,0.01,largest,26.0,1.20
tune_3,Testing/mac_grafo27dens30.txt,1.0,0.05,0.03,50,3,0.8,0.01,largest,26.0,1.18
tune_4,Testing/mac_grafo27dens30.txt,1.0,0.05,0.03,50,3,0.8,0.01,largest,26.0,1.18
tune_5,Testing/mac_grafo27dens30.txt,1.0,0.05,0.03,50,3,0.8,0.01,largest,26.0,1.18
tune_6,Testing/mac_grafo27dens30.txt,1.0,0.05,0.03,50,3,0.8,0.01,largest,26.0,1.17
tune_7,Testing/mac_grafo27dens30.txt,1.0,0.05,0.03,50,3,0.8,0.01,largest,26.0,1.17
tune_8,Testing/mac_grafo27dens30.txt,1.0,0.05,0.03,50,3,0.8,0.01,largest,25.0,1.15
tune_9,Testing/mac_grafo27dens30.txt,1.0,0.05,0.03,50,3,0.8,0.01,largest,26.0,1.18
tune_10,Testing/mac_grafo27dens30.txt,1.0,0.05,0.03,50,3,0.8,0.01,largest,26.0,1.16
tune_1,Testing/mac_grafo28dens30.txt,1.0,0.05,0.03,50,3,0.8,0.01,largest,27.0,1.18
tune_2,Testing/mac_grafo28dens30.txt,1.0,0.05,0.03,50,3,0.8,0.01,largest,27.0,1.17
tune_3,Testing/mac_grafo28dens30.txt,1.0,0.05,0.03,50,3,0.8,0.01,largest,27.0,1.19
tune_4,Testing/mac_grafo28dens30.txt,1.0,0.05,0.03,50,3,0.8,0.01,largest,27.0,1.19
tune_5,Testing/mac_grafo28dens30.txt,1.0,0.05,0.03,50,3,0.8,0.01,largest,27.0,1.18
tune_6,Testing/mac_grafo28dens30.txt,1.0,0.05,0.03,50,3,0.8,0.01,largest,27.0,1.17
tune_7,Testing/mac_grafo28dens30.txt,1.0,0.05,0.03,50,3,0.8,0.01,largest,27.0,1.18
tune_8,Testing/mac_grafo28dens30.txt,1.0,0.05,0.03,50,3,0.8,0.01,largest,27.0,1.20
tune_9,Testing/mac_grafo28dens30.txt,1.0,0.05,0.03,50,3,0.8,0.01,largest,27.0,1.17
tune_10,Testing/mac_grafo28dens30.txt,1.0,0.05,0.03,50,3,0.8,0.01,largest,27.0,1.19
tune_1,Testing/mac_grafo29dens30.txt,1.0,0.05,0.03,50,3,0.8,0.01,largest,28.0,1.19
tune_2,Testing/mac_grafo29dens30.txt,1.0,0.05,0.03,50,3,0.8,0.01,largest,28.0,1.18
tune_3,Testing/mac_grafo29dens30.txt,1.0,0.05,0.03,50,3,0.8,0.01,largest,28.0,1.19
tune_4,Testing/mac_grafo29dens30.txt,1.0,0.05,0.03,50,3,0.8,0.01,largest,28.0,1.17
tune_5,Testing/mac_grafo29dens30.txt,1.0,0.05,0.03,50,3,0.8,0.01,largest,28.0,1.19
tune_6,Testing/mac_grafo29dens30.txt,1.0,0.05,0.03,50,3,0.8,0.01,largest,28.0,1.16
tune_7,Testing/mac_grafo29dens30.txt,1.0,0.05,0.03,50,3,0.8,0.01,largest,28.0,1.19
tune_8,Testing/mac_grafo29dens30.txt,1.0,0.05,0.03,50,3,0.8,0.01,largest,28.0,1.19
tune_9,Testing/mac_grafo29dens30.txt,1.0,0.05,0.03,50,3,0.8,0.01,largest,28.0,1.18
tune_10,Testing/mac_grafo29dens30.txt,1.0,0.05,0.03,50,3,0.8,0.01,largest,28.0,1.22
tune_1,Testing/mac_grafo30dens30.txt,1.0,0.05,0.03,50,3,0.8,0.01,largest,29.0,1.22
tune_2,Testing/mac_grafo30dens30.txt,1.0,0.05,0.03,50,3,0.8,0.01,largest,29.0,1.21
tune_3,Testing/mac_grafo30dens30.txt,1.0,0.05,0.03,50,3,0.8,0.01,largest,29.0,1.20
tune_4,Testing/mac_grafo30dens30.txt,1.0,0.05,0.03,50,3,0.8,0.01,largest,29.0,1.19
tune_5,Testing/mac_grafo30dens30.txt,1.0,0.05,0.03,50,3,0.8,0.01,largest,29.0,1.23
tune_6,Testing/mac_grafo30dens30.txt,1.0,0.05,0.03,50,3,0.8,0.01,largest,29.0,1.25
tune_7,Testing/mac_grafo30dens30.txt,1.0,0.05,0.03,50,3,0.8,0.01,largest,29.0,1.23
tune_8,Testing/mac_grafo30dens30.txt,1.0,0.05,0.03,50,3,0.8,0.01,largest,29.0,1.24
tune_9,Testing/mac_grafo30dens30.txt,1.0,0.05,0.03,50,3,0.8,0.01,largest,29.0,1.25
tune_10,Testing/mac_grafo30dens30.txt,1.0,0.05,0.03,50,3,0.8,0.01,largest,29.0,1.30
tune_1,Testing/cor_adjnoun-w.txt,1.0,0.05,0.03,50,3,0.8,0.01,pairwise,4656.0,2.20
tune_2,Testing/cor_adjnoun-w.txt,1.0,0.05,0.03,50,3,0.8,0.01,pairwise,4851.0,1.78
tune_3,Testing/cor_adjnoun-w.txt,1.0,0.05,0.03,50,3,0.8,0.01,pairwise,4465.0,1.68
tune_4,Testing/cor_adjnoun-w.txt,1.0,0.05,0.03,50,3,0.8,0.01,pairwise,4560.0,1.73
tune_5,Testing/cor_adjnoun-w.txt,1.0,0.05,0.03,50,3,0.8,0.01,pairwise,4560.0,1.78
tune_6,Testing/cor_adjnoun-w.txt,1.0,0.05,0.03,50,3,0.8,0.01,pairwise,4656.0,1.72
tune_7,Testing/cor_adjnoun-w.txt,1.0,0.05,0.03,50,3,0.8,0.01,pairwise,4656.0,1.72
tune_8,Testing/cor_adjnoun-w.txt,1.0,0.05,0.03,50,3,0.8,0.01,pairwise,4371.0,1.75
tune_9,Testing/cor_adjnoun-w.txt,1.0,0.05,0.03,50,3,0.8,0.01,pairwise,4465.0,1.72
tune_10,Testing/cor_adjnoun-w.txt,1.0,0.05,0.03,50,3,0.8,0.01,pairwise,4465.0,1.67
tune_1,Testing/cor_celegans_metabolic-w.txt,1.0,0.05,0.03,50,3,0.8,0.01,pairwise,72484.0,4.94
tune_2,Testing/cor_celegans_metabolic-w.txt,1.0,0.05,0.03,50,3,0.8,0.01,pairwise,71299.0,5.03
tune_3,Testing/cor_celegans_metabolic-w.txt,1.0,0.05,0.03,50,3,0.8,0.01,pairwise,83856.0,5.03
tune_4,Testing/cor_celegans_metabolic-w.txt,1.0,0.05,0.03,50,3,0.8,0.01,pairwise,79035.0,5.02
tune_5,Testing/cor_celegans_metabolic-w.txt,1.0,0.05,0.03,50,3,0.8,0.01,pairwise,75896.0,5.02
tune_6,Testing/cor_celegans_metabolic-w.txt,1.0,0.05,0.03,50,3,0.8,0.01,pairwise,72445.0,4.96
tune_7,Testing/cor_celegans_metabolic-w.txt,1.0,0.05,0.03,50,3,0.8,0.01,pairwise,77065.0,4.97
tune_8,Testing/cor_celegans_metabolic-w.txt,1.0,0.05,0.03,50,3,0.8,0.01,pairwise,73967.0,4.69
tune_9,Testing/cor_celegans_metabolic-w.txt,1.0,0.05,0.03,50,3,0.8,0.01,pairwise,73977.0,5.02
tune_10,Testing/cor_celegans_metabolic-w.txt,1.0,0.05,0.03,50,3,0.8,0.01,pairwise,73588.0,5.01
tune_1,Testing/cor_celegansneural-w.txt,1.0,0.05,0.03,50,3,0.8,0.01,pairwise,35511.0,5.09
tune_2,Testing/cor_celegansneural-w.txt,1.0,0.05,0.03,50,3,0.8,0.01,pairwise,34716.0,5.09
tune_3,Testing/cor_celegansneural-w.txt,1.0,0.05,0.03,50,3,0.8,0.01,pairwise,35245.0,4.99
tune_4,Testing/cor_celegansneural-w.txt,1.0,0.05,0.03,50,3,0.8,0.01,pairwise,34980.0,4.97
tune_5,Testing/cor_celegansneural-w.txt,1.0,0.05,0.03,50,3,0.8,0.01,pairwise,36856.0,5.02
tune_6,Testing/cor_celegansneural-w.txt,1.0,0.05,0.03,50,3,0.8,0.01,pairwise,36046.0,5.06
tune_7,Testing/cor_celegansneural-w.txt,1.0,0.05,0.03,50,3,0.8,0.01,pairwise,37128.0,5.00
tune_8,Testing/cor_celegansneural-w.txt,1.0,0.05,0.03,50,3,0.8,0.01,pairwise,35511.0,5.08
tune_9,Testing/cor_celegansneural-w.txt,1.0,0.05,0.03,50,3,0.8,0.01,pairwise,35245.0,5.04
tune_10,Testing/cor_celegansneural-w.txt,1.0,0.05,0.03,50,3,0.8,0.01,pairwise,35245.0,5.00
tune_1,Testing/cor_dolphins-w.txt,1.0,0.05,0.03,50,3,0.8,0.01,pairwise,1275.0,1.33
tune_2,Testing/cor_dolphins-w.txt,1.0,0.05,0.03,50,3,0.8,0.01,pairwise,1275.0,1.28
tune_3,Testing/cor_dolphins-w.txt,1.0,0.05,0.03,50,3,0.8,0.01,pairwise,1225.0,1.28
tune_4,Testing/cor_dolphins-w.txt,1.0,0.05,0.03,50,3,0.8,0.01,pairwise,1326.0,1.28
tune_5,Testing/cor_dolphins-w.txt,1.0,0.05,0.03,50,3,0.8,0.01,pairwise,1225.0,1.34
tune_6,Testing/cor_dolphins-w.txt,1.0,0.05,0.03,50,3,0.8,0.01,pairwise,1225.0,1.28
tune_7,Testing/cor_dolphins-w.txt,1.0,0.05,0.03,50,3,0.8,0.01,pairwise,1225.0,1.29
tune_8,Testing/cor_dolphins-w.txt,1.0,0.05,0.03,50,3,0.8,0.01,pairwise,1326.0,1.29
tune_9,Testing/cor_dolphins-w.txt,1.0,0.05,0.03,50,3,0.8,0.01,pairwise,1225.0,1.29
tune_10,Testing/cor_dolphins-w.txt,1.0,0.05,0.03,50,3,0.8,0.01,pairwise,1225.0,1.34
tune_1,Testing/cor_football-w.txt,1.0,0.05,0.03,50,3,0.8,0.01,pairwise,5995.0,2.02
tune_2,Testing/cor_football-w.txt,1.0,0.05,0.03,50,3,0.8,0.01,pairwise,5995.0,2.08
tune_3,Testing/cor_football-w.txt,1.0,0.05,0.03,50,3,0.8,0.01,pairwise,5995.0,2.07
tune_4,Testing/cor_football-w.txt,1.0,0.05,0.03,50,3,0.8,0.01,pairwise,5995.0,2.00
tune_5,Testing/cor_football-w.txt,1.0,0.05,0.03,50,3,0.8,0.01,pairwise,5995.0,2.05
tune_6,Testing/cor_football-w.txt,1.0,0.05,0.03,50,3,0.8,0.01,pairwise,5995.0,2.01
tune_7,Testing/cor_football-w.txt,1.0,0.05,0.03,50,3,0.8,0.01,pairwise,5995.0,1.98
tune_8,Testing/cor_football-w.txt,1.0,0.05,0.03,50,3,0.8,0.01,pairwise,5995.0,2.03
tune_9,Testing/cor_football-w.txt,1.0,0.05,0.03,50,3,0.8,0.01,pairwise,5995.0,1.99
tune_10,Testing/cor_football-w.txt,1.0,0.05,0.03,50,3,0.8,0.01,pairwise,5995.0,1.98
tune_1,Testing/cor_jazz-w.txt,1.0,0.05,0.03,50,3,0.8,0.01,pairwise,16836.0,6.37
tune_2,Testing/cor_jazz-w.txt,1.0,0.05,0.03,50,3,0.8,0.01,pairwise,16471.0,6.22
tune_3,Testing/cor_jazz-w.txt,1.0,0.05,0.03,50,3,0.8,0.01,pairwise,16474.0,6.27
tune_4,Testing/cor_jazz-w.txt,1.0,0.05,0.03,50,3,0.8,0.01,pairwise,16653.0,6.07
tune_5,Testing/cor_jazz-w.txt,1.0,0.05,0.03,50,3,0.8,0.01,pairwise,15934.0,6.08
tune_6,Testing/cor_jazz-w.txt,1.0,0.05,0.03,50,3,0.8,0.01,pairwise,16653.0,6.12
tune_7,Testing/cor_jazz-w.txt,1.0,0.05,0.03,50,3,0.8,0.01,pairwise,15932.0,5.90
tune_8,Testing/cor_jazz-w.txt,1.0,0.05,0.03,50,3,0.8,0.01,pairwise,16653.0,6.31
tune_9,Testing/cor_jazz-w.txt,1.0,0.05,0.03,50,3,0.8,0.01,pairwise,16653.0,6.18
tune_10,Testing/cor_jazz-w.txt,1.0,0.05,0.03,50,3,0.8,0.01,pairwise,16293.0,6.10
tune_1,Testing/cor_karate-w.txt,1.0,0.05,0.03,50,3,0.8,0.01,pairwise,335.0,1.12
tune_2,Testing/cor_karate-w.txt,1.0,0.05,0.03,50,3,0.8,0.01,pairwise,361.0,1.16
tune_3,Testing/cor_karate-w.txt,1.0,0.05,0.03,50,3,0.8,0.01,pairwise,361.0,1.16
tune_4,Testing/cor_karate-w.txt,1.0,0.05,0.03,50,3,0.8,0.01,pairwise,465.0,1.13
tune_5,Testing/cor_karate-w.txt,1.0,0.05,0.03,50,3,0.8,0.01,pairwise,465.0,1.16
tune_6,Testing/cor_karate-w.txt,1.0,0.05,0.03,50,3,0.8,0.01,pairwise,310.0,1.13
tune_7,Testing/cor_karate-w.txt,1.0,0.05,0.03,50,3,0.8,0.01,pairwise,310.0,1.15
tune_8,Testing/cor_karate-w.txt,1.0,0.05,0.03,50,3,0.8,0.01,pairwise,361.0,1.14
tune_9,Testing/cor_karate-w.txt,1.0,0.05,0.03,50,3,0.8,0.01,pairwise,465.0,1.16
tune_10,Testing/cor_karate-w.txt,1.0,0.05,0.03,50,3,0.8,0.01,pairwise,335.0,1.13
tune_1,Testing/cor_lesmis-w.txt,1.0,0.05,0.03,50,3,0.8,0.01,pairwise,1216.0,1.49
tune_2,Testing/cor_lesmis-w.txt,1.0,0.05,0.03,50,3,0.8,0.01,pairwise,1349.0,1.44
tune_3,Testing/cor_lesmis-w.txt,1.0,0.05,0.03,50,3,0.8,0.01,pairwise,1305.0,1.46
tune_4,Testing/cor_lesmis-w.txt,1.0,0.05,0.03,50,3,0.8,0.01,pairwise,987.0,1.44
tune_5,Testing/cor_lesmis-w.txt,1.0,0.05,0.03,50,3,0.8,0.01,pairwise,1301.0,1.49
tune_6,Testing/cor_lesmis-w.txt,1.0,0.05,0.03,50,3,0.8,0.01,pairwise,1406.0,1.42
tune_7,Testing/cor_lesmis-w.txt,1.0,0.05,0.03,50,3,0.8,0.01,pairwise,1711.0,1.45
tune_8,Testing/cor_lesmis-w.txt,1.0,0.05,0.03,50,3,0.8,0.01,pairwise,1029.0,1.45
tune_9,Testing/cor_lesmis-w.txt,1.0,0.05,0.03,50,3,0.8,0.01,pairwise,1223.0,1.45
tune_10,Testing/cor_lesmis-w.txt,1.0,0.05,0.03,50,3,0.8,0.01,pairwise,1030.0,1.44
tune_1,Testing/cor_n050plai01.txt,1.0,0.05,0.03,50,3,0.8,0.01,pairwise,1081.0,1.26
tune_2,Testing/cor_n050plai01.txt,1.0,0.05,0.03,50,3,0.8,0.01,pairwise,1081.0,1.26
tune_3,Testing/cor_n050plai01.txt,1.0,0.05,0.03,50,3,0.8,0.01,pairwise,1081.0,1.22
tune_4,Testing/cor_n050plai01.txt,1.0,0.05,0.03,50,3,0.8,0.01,pairwise,1128.0,1.23
tune_5,Testing/cor_n050plai01.txt,1.0,0.05,0.03,50,3,0.8,0.01,pairwise,1128.0,1.24
tune_6,Testing/cor_n050plai01.txt,1.0,0.05,0.03,50,3,0.8,0.01,pairwise,1128.0,1.23
tune_7,Testing/cor_n050plai01.txt,1.0,0.05,0.03,50,3,0.8,0.01,pairwise,1081.0,1.26
tune_8,Testing/cor_n050plai01.txt,1.0,0.05,0.03,50,3,0.8,0.01,pairwise,1128.0,1.26
tune_9,Testing/cor_n050plai01.txt,1.0,0.05,0.03,50,3,0.8,0.01,pairwise,1081.0,1.26
tune_10,Testing/cor_n050plai01.txt,1.0,0.05,0.03,50,3,0.8,0.01,pairwise,1081.0,1.25
tune_1,Testing/cor_n100plai01.txt,1.0,0.05,0.03,50,3,0.8,0.01,pairwise,4278.0,1.55
tune_2,Testing/cor_n100plai01.txt,1.0,0.05,0.03,50,3,0.8,0.01,pairwise,4371.0,1.55
tune_3,Testing/cor_n100plai01.txt,1.0,0.05,0.03,50,3,0.8,0.01,pairwise,4101.0,1.52
tune_4,Testing/cor_n100plai01.txt,1.0,0.05,0.03,50,3,0.8,0.01,pairwise,4371.0,1.52
tune_5,Testing/cor_n100plai01.txt,1.0,0.05,0.03,50,3,0.8,0.01,pairwise,4371.0,1.59
tune_6,Testing/cor_n100plai01.txt,1.0,0.05,0.03,50,3,0.8,0.01,pairwise,4371.0,1.57
tune_7,Testing/cor_n100plai01.txt,1.0,0.05,0.03,50,3,0.8,0.01,pairwise,4278.0,1.54
tune_8,Testing/cor_n100plai01.txt,1.0,0.05,0.03,50,3,0.8,0.01,pairwise,4371.0,1.55
tune_9,Testing/cor_n100plai01.txt,1.0,0.05,0.03,50,3,0.8,0.01,pairwise,4371.0,1.51
tune_10,Testing/cor_n100plai01.txt,1.0,0.05,0.03,50,3,0.8,0.01,pairwise,4371.0,1.52
tune_1,Testing/cor_n150plai01.txt,1.0,0.05,0.03,50,3,0.8,0.01,pairwise,9870.0,1.87
tune_2,Testing/cor_n150plai01.txt,1.0,0.05,0.03,50,3,0.8,0.01,pairwise,9870.0,1.82
tune_3,Testing/cor_n150plai01.txt,1.0,0.05,0.03,50,3,0.8,0.01,pairwise,9870.0,1.83
tune_4,Testing/cor_n150plai01.txt,1.0,0.05,0.03,50,3,0.8,0.01,pairwise,9870.0,1.86
tune_5,Testing/cor_n150plai01.txt,1.0,0.05,0.03,50,3,0.8,0.01,pairwise,9870.0,1.78
tune_6,Testing/cor_n150plai01.txt,1.0,0.05,0.03,50,3,0.8,0.01,pairwise,9870.0,1.83
tune_7,Testing/cor_n150plai01.txt,1.0,0.05,0.03,50,3,0.8,0.01,pairwise,9731.0,1.83
tune_8,Testing/cor_n150plai01.txt,1.0,0.05,0.03,50,3,0.8,0.01,pairwise,10011.0,1.81
tune_9,Testing/cor_n150plai01.txt,1.0,0.05,0.03,50,3,0.8,0.01,pairwise,9730.0,1.80
tune_10,Testing/cor_n150plai01.txt,1.0,0.05,0.03,50,3,0.8,0.01,pairwise,10011.0,1.82
tune_1,Testing/cor_n200plai01.txt,1.0,0.05,0.03,50,3,0.8,0.01,pairwise,17578.0,2.12
tune_2,Testing/cor_n200plai01.txt,1.0,0.05,0.03,50,3,0.8,0.01,pairwise,17578.0,2.05
tune_3,Testing/cor_n200plai01.txt,1.0,0.05,0.03,50,3,0.8,0.01,pairwise,17391.0,2.03
tune_4,Testing/cor_n200plai01.txt,1.0,0.05,0.03,50,3,0.8,0.01,pairwise,17391.0,2.08
tune_5,Testing/cor_n200plai01.txt,1.0,0.05,0.03,50,3,0.8,0.01,pairwise,17206.0,2.06
tune_6,Testing/cor_n200plai01.txt,1.0,0.05,0.03,50,3,0.8,0.01,pairwise,17578.0,2.07
tune_7,Testing/cor_n200plai01.txt,1.0,0.05,0.03,50,3,0.8,0.01,pairwise,17391.0,2.09
tune_8,Testing/cor_n200plai01.txt,1.0,0.05,0.03,50,3,0.8,0.01,pairwise,17206.0,2.04
tune_9,Testing/cor_n200plai01.txt,1.0,0.05,0.03,50,3,0.8,0.01,pairwise,17205.0,2.05
tune_10,Testing/cor_n200plai01.txt,1.0,0.05,0.03,50,3,0.8,0.01,pairwise,17766.0,2.09
tune_1,Testing/cor_n250plai01.txt,1.0,0.05,0.03,50,3,0.8,0.01,pairwise,26109.0,2.41
tune_2,Testing/cor_n250plai01.txt,1.0,0.05,0.03,50,3,0.8,0.01,pairwise,26338.0,2.41
tune_3,Testing/cor_n250plai01.txt,1.0,0.05,0.03,50,3,0.8,0.01,pairwise,26339.0,2.42
tune_4,Testing/cor_n250plai01.txt,1.0,0.05,0.03,50,3,0.8,0.01,pairwise,25883.0,2.36
tune_5,Testing/cor_n250plai01.txt,1.0,0.05,0.03,50,3,0.8,0.01,pairwise,26110.0,2.39
tune_6,Testing/cor_n250plai01.txt,1.0,0.05,0.03,50,3,0.8,0.01,pairwise,26338.0,2.43
tune_7,Testing/cor_n250plai01.txt,1.0,0.05,0.03,50,3,0.8,0.01,pairwise,26336.0,2.35
tune_8,Testing/cor_n250plai01.txt,1.0,0.05,0.03,50,3,0.8,0.01,pairwise,26339.0,2.42
tune_9,Testing/cor_n250plai01.txt,1.0,0.05,0.03,50,3,0.8,0.01,pairwise,26339.0,2.43
tune_10,Testing/cor_n250plai01.txt,1.0,0.05,0.03,50,3,0.8,0.01,pairwise,25652.0,2.40
tune_1,Testing/cor_n300plai01.txt,1.0,0.05,0.03,50,3,0.8,0.01,pairwise,39061.0,2.70
tune_2,Testing/cor_n300plai01.txt,1.0,0.05,0.03,50,3,0.8,0.01,pairwise,38782.0,2.74
tune_3,Testing/cor_n300plai01.txt,1.0,0.05,0.03,50,3,0.8,0.01,pairwise,38783.0,2.69
tune_4,Testing/cor_n300plai01.txt,1.0,0.05,0.03,50,3,0.8,0.01,pairwise,38505.0,2.70
tune_5,Testing/cor_n300plai01.txt,1.0,0.05,0.03,50,3,0.8,0.01,pairwise,38505.0,2.72
tune_6,Testing/cor_n300plai01.txt,1.0,0.05,0.03,50,3,0.8,0.01,pairwise,38505.0,2.68
tune_7,Testing/cor_n300plai01.txt,1.0,0.05,0.03,50,3,0.8,0.01,pairwise,38781.0,2.72
tune_8,Testing/cor_n300plai01.txt,1.0,0.05,0.03,50,3,0.8,0.01,pairwise,38781.0,2.71
tune_9,Testing/cor_n300plai01.txt,1.0,0.05,0.03,50,3,0.8,0.01,pairwise,39060.0,2.70
tune_10,Testing/cor_n300plai01.txt,1.0,0.05,0.03,50,3,0.8,0.01,pairwise,39062.0,2.70
tune_1,Testing/cor_n350plai01.txt,1.0,0.05,0.03,50,3,0.8,0.01,pairwise,49462.0,2.96
tune_2,Testing/cor_n350plai01.txt,1.0,0.05,0.03,50,3,0.8,0.01,pairwise,49148.0,3.15
tune_3,Testing/cor_n350plai01.txt,1.0,0.05,0.03,50,3,0.8,0.01,pairwise,49148.0,2.97
tune_4,Testing/cor_n350plai01.txt,1.0,0.05,0.03,50,3,0.8,0.01,pairwise,49148.0,2.97
tune_5,Testing/cor_n350plai01.txt,1.0,0.05,0.03,50,3,0.8,0.01,pairwise,49777.0,2.88
tune_6,Testing/cor_n350plai01.txt,1.0,0.05,0.03,50,3,0.8,0.01,pairwise,49777.0,2.97
tune_7,Testing/cor_n350plai01.txt,1.0,0.05,0.03,50,3,0.8,0.01,pairwise,48834.0,2.94
tune_8,Testing/cor_n350plai01.txt,1.0,0.05,0.03,50,3,0.8,0.01,pairwise,49462.0,2.92
tune_9,Testing/cor_n350plai01.txt,1.0,0.05,0.03,50,3,0.8,0.01,pairwise,49776.0,2.99
tune_10,Testing/cor_n350plai01.txt,1.0,0.05,0.03,50,3,0.8,0.01,pairwise,48525.0,2.92
tune_1,Testing/cor_polbooks-w.txt,1.0,0.05,0.03,50,3,0.8,0.01,pairwise,4657.0,1.73
tune_2,Testing/cor_polbooks-w.txt,1.0,0.05,0.03,50,3,0.8,0.01,pairwise,4656.0,1.70
tune_3,Testing/cor_polbooks-w.txt,1.0,0.05,0.03,50,3,0.8,0.01,pairwise,4753.0,1.78
tune_4,Testing/cor_polbooks-w.txt,1.0,0.05,0.03,50,3,0.8,0.01,pairwise,4562.0,1.72
tune_5,Testing/cor_polbooks-w.txt,1.0,0.05,0.03,50,3,0.8,0.01,pairwise,4657.0,1.73
tune_6,Testing/cor_polbooks-w.txt,1.0,0.05,0.03,50,3,0.8,0.01,pairwise,4753.0,1.76
tune_7,Testing/cor_polbooks-w.txt,1.0,0.05,0.03,50,3,0.8,0.01,pairwise,4471.0,1.76
tune_8,Testing/cor_polbooks-w.txt,1.0,0.05,0.03,50,3,0.8,0.01,pairwise,4851.0,1.71
tune_9,Testing/cor_polbooks-w.txt,1.0,0.05,0.03,50,3,0.8,0.01,pairwise,4753.0,1.74
tune_10,Testing/cor_polbooks-w.txt,1.0,0.05,0.03,50,3,0.8,0.01,pairwise,4754.0,1.76
tune_1,Testing/hos_20_r1_1.txt,1.0,0.05,0.03,50,3,0.8,0.01,pairwise,81.0,1.07
tune_2,Testing/hos_20_r1_1.txt,1.0,0.05,0.03,50,3,0.8,0.01,pairwise,81.0,1.11
tune_3,Testing/hos_20_r1_1.txt,1.0,0.05,0.03,50,3,0.8,0.01,pairwise,81.0,1.04
tune_4,Testing/hos_20_r1_1.txt,1.0,0.05,0.03,50,3,0.8,0.01,pairwise,81.0,1.09
tune_5,Testing/hos_20_r1_1.txt,1.0,0.05,0.03,50,3,0.8,0.01,pairwise,81.0,1.05
tune_6,Testing/hos_20_r1_1.txt,1.0,0.05,0.03,50,3,0.8,0.01,pairwise,81.0,1.09
tune_7,Testing/hos_20_r1_1.txt,1.0,0.05,0.03,50,3,0.8,0.01,pairwise,81.0,1.05
tune_8,Testing/hos_20_r1_1.txt,1.0,0.05,0.03,50,3,0.8,0.01,pairwise,81.0,1.06
tune_9,Testing/hos_20_r1_1.txt,1.0,0.05,0.03,50,3,0.8,0.01,pairwise,81.0,1.07
tune_10,Testing/hos_20_r1_1.txt,1.0,0.05,0.03,50,3,0.8,0.01,pairwise,81.0,1.06
tune_1,Testing/hos_20_r2_1.txt,1.0,0.05,0.03,50,3,0.8,0.01,pairwise,153.0,1.11
tune_2,Testing/hos_20_r2_1.txt,1.0,0.05,0.03,50,3,0.8,0.01,pairwise,153.0,1.10
tune_3,Testing/hos_20_r2_1.txt,1.0,0.05,0.03,50,3,0.8,0.01,pairwise,153.0,1.07
tune_4,Testing/hos_20_r2_1.txt,1.0,0.05,0.03,50,3,0.8,0.01,pairwise,153.0,1.08
tune_5,Testing/hos_20_r2_1.txt,1.0,0.05,0.03,50,3,0.8,0.01,pairwise,153.0,1.09
tune_6,Testing/hos_20_r2_1.txt,1.0,0.05,0.03,50,3,0.8,0.01,pairwise,153.0,1.11
tune_7,Testing/hos_20_r2_1.txt,1.0,0.05,0.03,50,3,0.8,0.01,pairwise,153.0,1.08
tune_8,Testing/hos_20_r2_1.txt,1.0,0.05,0.03,50,3,0.8,0.01,pairwise,153.0,1.05
tune_9,Testing/hos_20_r2_1.txt,1.0,0.05,0.03,50,3,0.8,0.01,pairwise,153.0,1.08
tune_10,Testing/hos_20_r2_1.txt,1.0,0.05,0.03,50,3,0.8,0.01,pairwise,153.0,1.08
tune_1,Testing/hos_25_r1_1.txt,1.0,0.05,0.03,50,3,0.8,0.01,pairwise,148.0,1.07
tune_2,Testing/hos_25_r1_1.txt,1.0,0.05,0.03,50,3,0.8,0.01,pairwise,157.0,1.07
tune_3,Testing/hos_25_r1_1.txt,1.0,0.05,0.03,50,3,0.8,0.01,pairwise,157.0,1.09
tune_4,Testing/hos_25_r1_1.txt,1.0,0.05,0.03,50,3,0.8,0.01,pairwise,148.0,1.08
tune_5,Testing/hos_25_r1_1.txt,1.0,0.05,0.03,50,3,0.8,0.01,pairwise,148.0,1.08
tune_6,Testing/hos_25_r1_1.txt,1.0,0.05,0.03,50,3,0.8,0.01,pairwise,148.0,1.06
tune_7,Testing/hos_25_r1_1.txt,1.0,0.05,0.03,50,3,0.8,0.01,pairwise,148.0,1.08
tune_8,Testing/hos_25_r1_1.txt,1.0,0.05,0.03,50,3,0.8,0.01,pairwise,148.0,1.09
tune_9,Testing/hos_25_r1_1.txt,1.0,0.05,0.03,50,3,0.8,0.01,pairwise,148.0,1.08
tune_10,Testing/hos_25_r1_1.txt,1.0,0.05,0.03,50,3,0.8,0.01,pairwise,148.0,1.09
tune_1,Testing/hos_25_r2_1.txt,1.0,0.05,0.03,50,3,0.8,0.01,pairwise,253.0,1.10
tune_2,Testing/hos_25_r2_1.txt,1.0,0.05,0.03,50,3,0.8,0.01,pairwise,253.0,1.11
tune_3,Testing/hos_25_r2_1.txt,1.0,0.05,0.03,50,3,0.8,0.01,pairwise,253.0,1.12
tune_4,Testing/hos_25_r2_1.txt,1.0,0.05,0.03,50,3,0.8,0.01,pairwise,253.0,1.12
tune_5,Testing/hos_25_r2_1.txt,1.0,0.05,0.03,50,3,0.8,0.01,pairwise,276.0,1.11
tune_6,Testing/hos_25_r2_1.txt,1.0,0.05,0.03,50,3,0.8,0.01,pairwise,276.0,1.10
tune_7,Testing/hos_25_r2_1.txt,1.0,0.05,0.03,50,3,0.8,0.01,pairwise,276.0,1.16
tune_8,Testing/hos_25_r2_1.txt,1.0,0.05,0.03,50,3,0.8,0.01,pairwise,253.0,1.07
tune_9,Testing/hos_25_r2_1.txt,1.0,0.05,0.03,50,3,0.8,0.01,pairwise,253.0,1.11
tune_10,Testing/hos_25_r2_1.txt,1.0,0.05,0.03,50,3,0.8,0.01,pairwise,253.0,1.09
tune_1,Testing/hos_30_r1_1.txt,1.0,0.05,0.03,50,3,0.8,0.01,pairwise,352.0,1.12
tune_2,Testing/hos_30_r1_1.txt,1.0,0.05,0.03,50,3,0.8,0.01,pairwise,328.0,1.12
tune_3,Testing/hos_30_r1_1.txt,1.0,0.05,0.03,50,3,0.8,0.01,pairwise,352.0,1.11
tune_4,Testing/hos_30_r1_1.txt,1.0,0.05,0.03,50,3,0.8,0.01,pairwise,352.0,1.07
tune_5,Testing/hos_30_r1_1.txt,1.0,0.05,0.03,50,3,0.8,0.01,pairwise,328.0,1.12
tune_6,Testing/hos_30_r1_1.txt,1.0,0.05,0.03,50,3,0.8,0.01,pairwise,328.0,1.10
tune_7,Testing/hos_30_r1_1.txt,1.0,0.05,0.03,50,3,0.8,0.01,pairwise,352.0,1.09
tune_8,Testing/hos_30_r1_1.txt,1.0,0.05,0.03,50,3,0.8,0.01,pairwise,352.0,1.09
tune_9,Testing/hos_30_r1_1.txt,1.0,0.05,0.03,50,3,0.8,0.01,pairwise,378.0,1.11
tune_10,Testing/hos_30_r1_1.txt,1.0,0.05,0.03,50,3,0.8,0.01,pairwise,328.0,1.09
tune_1,Testing/hos_30_r2_1.txt,1.0,0.05,0.03,50,3,0.8,0.01,pairwise,378.0,1.17
tune_2,Testing/hos_30_r2_1.txt,1.0,0.05,0.03,50,3,0.8,0.01,pairwise,378.0,1.16
tune_3,Testing/hos_30_r2_1.txt,1.0,0.05,0.03,50,3,0.8,0.01,pairwise,378.0,1.14
tune_4,Testing/hos_30_r2_1.txt,1.0,0.05,0.03,50,3,0.8,0.01,pairwise,378.0,1.12
tune_5,Testing/hos_30_r2_1.txt,1.0,0.05,0.03,50,3,0.8,0.01,pairwise,378.0,1.14
tune_6,Testing/hos_30_r2_1.txt,1.0,0.05,0.03,50,3,0.8,0.01,pairwise,378.0,1.16
tune_7,Testing/hos_30_r2_1.txt,1.0,0.05,0.03,50,3,0.8,0.01,pairwise,378.0,1.14
tune_8,Testing/hos_30_r2_1.txt,1.0,0.05,0.03,50,3,0.8,0.01,pairwise,406.0,1.14
tune_9,Testing/hos_30_r2_1.txt,1.0,0.05,0.03,50,3,0.8,0.01,pairwise,378.0,1.15
tune_10,Testing/hos_30_r2_1.txt,1.0,0.05,0.03,50,3,0.8,0.01,pairwise,378.0,1.13
tune_1,Testing/hos_35_r1_1.txt,1.0,0.05,0.03,50,3,0.8,0.01,pairwise,466.0,1.11
tune_2,Testing/hos_35_r1_1.txt,1.0,0.05,0.03,50,3,0.8,0.01,pairwise,441.0,1.14
tune_3,Testing/hos_35_r1_1.txt,1.0,0.05,0.03,50,3,0.8,0.01,pairwise,466.0,1.11
tune_4,Testing/hos_35_r1_1.txt,1.0,0.05,0.03,50,3,0.8,0.01,pairwise,468.0,1.09
tune_5,Testing/hos_35_r1_1.txt,1.0,0.05,0.03,50,3,0.8,0.01,pairwise,468.0,1.13
tune_6,Testing/hos_35_r1_1.txt,1.0,0.05,0.03,50,3,0.8,0.01,pairwise,441.0,1.14
tune_7,Testing/hos_35_r1_1.txt,1.0,0.05,0.03,50,3,0.8,0.01,pairwise,466.0,1.11
tune_8,Testing/hos_35_r1_1.txt,1.0,0.05,0.03,50,3,0.8,0.01,pairwise,466.0,1.11
tune_9,Testing/hos_35_r1_1.txt,1.0,0.05,0.03,50,3,0.8,0.01,pairwise,466.0,1.12
tune_10,Testing/hos_35_r1_1.txt,1.0,0.05,0.03,50,3,0.8,0.01,pairwise,441.0,1.11
tune_1,Testing/hos_35_r2_1.txt,1.0,0.05,0.03,50,3,0.8,0.01,pairwise,561.0,1.18
tune_2,Testing/hos_35_r2_1.txt,1.0,0.05,0.03,50,3,0.8,0.01,pairwise,561.0,1.19
tune_3,Testing/hos_35_r2_1.txt,1.0,0.05,0.03,50,3,0.8,0.01,pairwise,561.0,1.26
tune_4,Testing/hos_35_r2_1.txt,1.0,0.05,0.03,50,3,0.8,0.01,pairwise,561.0,1.18
tune_5,Testing/hos_35_r2_1.txt,1.0,0.05,0.03,50,3,0.8,0.01,pairwise,561.0,1.21
tune_6,Testing/hos_35_r2_1.txt,1.0,0.05,0.03,50,3,0.8,0.01,pairwise,561.0,1.20
tune_7,Testing/hos_35_r2_1.txt,1.0,0.05,0.03,50,3,0.8,0.01,pairwise,561.0,1.22
tune_8,Testing/hos_35_r2_1.txt,1.0,0.05,0.03,50,3,0.8,0.01,pairwise,561.0,1.18
tune_9,Testing/hos_35_r2_1.txt,1.0,0.05,0.03,50,3,0.8,0.01,pairwise,561.0,1.18
tune_10,Testing/hos_35_r2_1.txt,1.0,0.05,0.03,50,3,0.8,0.01,pairwise,561.0,1.19
tune_1,Testing/hos_40_r1_1.txt,1.0,0.05,0.03,50,3,0.8,0.01,pairwise,630.0,1.15
tune_2,Testing/hos_40_r1_1.txt,1.0,0.05,0.03,50,3,0.8,0.01,pairwise,631.0,1.16
tune_3,Testing/hos_40_r1_1.txt,1.0,0.05,0.03,50,3,0.8,0.01,pairwise,630.0,1.16
tune_4,Testing/hos_40_r1_1.txt,1.0,0.05,0.03,50,3,0.8,0.01,pairwise,630.0,1.15
tune_5,Testing/hos_40_r1_1.txt,1.0,0.05,0.03,50,3,0.8,0.01,pairwise,596.0,1.17
tune_6,Testing/hos_40_r1_1.txt,1.0,0.05,0.03,50,3,0.8,0.01,pairwise,630.0,1.15
tune_7,Testing/hos_40_r1_1.txt,1.0,0.05,0.03,50,3,0.8,0.01,pairwise,631.0,1.16
tune_8,Testing/hos_40_r1_1.txt,1.0,0.05,0.03,50,3,0.8,0.01,pairwise,631.0,1.18
tune_9,Testing/hos_40_r1_1.txt,1.0,0.05,0.03,50,3,0.8,0.01,pairwise,630.0,1.16
tune_10,Testing/hos_40_r1_1.txt,1.0,0.05,0.03,50,3,0.8,0.01,pairwise,630.0,1.15
tune_1,Testing/hos_40_r2_1.txt,1.0,0.05,0.03,50,3,0.8,0.01,pairwise,703.0,1.26
tune_2,Testing/hos_40_r2_1.txt,1.0,0.05,0.03,50,3,0.8,0.01,pairwise,703.0,1.25
tune_3,Testing/hos_40_r2_1.txt,1.0,0.05,0.03,50,3,0.8,0.01,pairwise,703.0,1.23
tune_4,Testing/hos_40_r2_1.txt,1.0,0.05,0.03,50,3,0.8,0.01,pairwise,703.0,1.23
tune_5,Testing/hos_40_r2_1.txt,1.0,0.05,0.03,50,3,0.8,0.01,pairwise,703.0,1.26
tune_6,Testing/hos_40_r2_1.txt,1.0,0.05,0.03,50,3,0.8,0.01,pairwise,703.0,1.24
tune_7,Testing/hos_40_r2_1.txt,1.0,0.05,0.03,50,3,0.8,0.01,pairwise,703.0,1.25
tune_8,Testing/hos_40_r2_1.txt,1.0,0.05,0.03,50,3,0.8,0.01,pairwise,703.0,1.22
tune_9,Testing/hos_40_r2_1.txt,1.0,0.05,0.03,50,3,0.8,0.01,pairwise,703.0,1.25
tune_10,Testing/hos_40_r2_1.txt,1.0,0.05,0.03,50,3,0.8,0.01,pairwise,703.0,1.25
tune_1,Testing/hos_45_r1_1.txt,1.0,0.05,0.03,50,3,0.8,0.01,pairwise,820.0,1.19
tune_2,Testing/hos_45_r1_1.txt,1.0,0.05,0.03,50,3,0.8,0.01,pairwise,861.0,1.17
tune_3,Testing/hos_45_r1_1.txt,1.0,0.05,0.03,50,3,0.8,0.01,pairwise,820.0,1.16
tune_4,Testing/hos_45_r1_1.txt,1.0,0.05,0.03,50,3,0.8,0.01,pairwise,820.0,1.20
tune_5,Testing/hos_45_r1_1.txt,1.0,0.05,0.03,50,3,0.8,0.01,pairwise,861.0,1.17
tune_6,Testing/hos_45_r1_1.txt,1.0,0.05,0.03,50,3,0.8,0.01,pairwise,820.0,1.16
tune_7,Testing/hos_45_r1_1.txt,1.0,0.05,0.03,50,3,0.8,0.01,pairwise,820.0,1.17
tune_8,Testing/hos_45_r1_1.txt,1.0,0.05,0.03,50,3,0.8,0.01,pairwise,820.0,1.17
tune_9,Testing/hos_45_r1_1.txt,1.0,0.05,0.03,50,3,0.8,0.01,pairwise,861.0,1.17
tune_10,Testing/hos_45_r1_1.txt,1.0,0.05,0.03,50,3,0.8,0.01,pairwise,820.0,1.18
tune_1,Testing/hos_45_r2_1.txt,1.0,0.05,0.03,50,3,0.8,0.01,pairwise,903.0,1.33
tune_2,Testing/hos_45_r2_1.txt,1.0,0.05,0.03,50,3,0.8,0.01,pairwise,903.0,1.34
tune_3,Testing/hos_45_r2_1.txt,1.0,0.05,0.03,50,3,0.8,0.01,pairwise,903.0,1.33
tune_4,Testing/hos_45_r2_1.txt,1.0,0.05,0.03,50,3,0.8,0.01,pairwise,903.0,1.33
tune_5,Testing/hos_45_r2_1.txt,1.0,0.05,0.03,50,3,0.8,0.01,pairwise,903.0,1.32
tune_6,Testing/hos_45_r2_1.txt,1.0,0.05,0.03,50,3,0.8,0.01,pairwise,903.0,1.32
tune_7,Testing/hos_45_r2_1.txt,1.0,0.05,0.03,50,3,0.8,0.01,pairwise,903.0,1.32
tune_8,Testing/hos_45_r2_1.txt,1.0,0.05,0.03,50,3,0.8,0.01,pairwise,903.0,1.33
tune_9,Testing/hos_45_r2_1.txt,1.0,0.05,0.03,50,3,0.8,0.01,pairwise,903.0,1.34
tune_10,Testing/hos_45_r2_1.txt,1.0,0.05,0.03,50,3,0.8,0.01,pairwise,903.0,1.31
tune_1,Testing/hos_50_r1_1.txt,1.0,0.05,0.03,50,3,0.8,0.01,pairwise,1081.0,1.23
tune_2,Testing/hos_50_r1_1.txt,1.0,0.05,0.03,50,3,0.8,0.01,pairwise,1081.0,1.23
tune_3,Testing/hos_50_r1_1.txt,1.0,0.05,0.03,50,3,0.8,0.01,pairwise,1081.0,1.25
tune_4,Testing/hos_50_r1_1.txt,1.0,0.05,0.03,50,3,0.8,0.01,pairwise,1081.0,1.22
tune_5,Testing/hos_50_r1_1.txt,1.0,0.05,0.03,50,3,0.8,0.01,pairwise,1081.0,1.22
tune_6,Testing/hos_50_r1_1.txt,1.0,0.05,0.03,50,3,0.8,0.01,pairwise,1081.0,1.22
tune_7,Testing/hos_50_r1_1.txt,1.0,0.05,0.03,50,3,0.8,0.01,pairwise,1081.0,1.21
tune_8,Testing/hos_50_r1_1.txt,1.0,0.05,0.03,50,3,0.8,0.01,pairwise,1036.0,1.22
tune_9,Testing/hos_50_r1_1.txt,1.0,0.05,0.03,50,3,0.8,0.01,pairwise,1081.0,1.23
tune_10,Testing/hos_50_r1_1.txt,1.0,0.05,0.03,50,3,0.8,0.01,pairwise,990.0,1.22
tune_1,Testing/hos_50_r2_1.txt,1.0,0.05,0.03,50,3,0.8,0.01,pairwise,1128.0,1.45
tune_2,Testing/hos_50_r2_1.txt,1.0,0.05,0.03,50,3,0.8,0.01,pairwise,1128.0,1.41
tune_3,Testing/hos_50_r2_1.txt,1.0,0.05,0.03,50,3,0.8,0.01,pairwise,1128.0,1.40
tune_4,Testing/hos_50_r2_1.txt,1.0,0.05,0.03,50,3,0.8,0.01,pairwise,1128.0,1.49
tune_5,Testing/hos_50_r2_1.txt,1.0,0.05,0.03,50,3,0.8,0.01,pairwise,1128.0,1.45
tune_6,Testing/hos_50_r2_1.txt,1.0,0.05,0.03,50,3,0.8,0.01,pairwise,1128.0,1.43
tune_7,Testing/hos_50_r2_1.txt,1.0,0.05,0.03,50,3,0.8,0.01,pairwise,1128.0,1.43
tune_8,Testing/hos_50_r2_1.txt,1.0,0.05,0.03,50,3,0.8,0.01,pairwise,1128.0,1.44
tune_9,Testing/hos_50_r2_1.txt,1.0,0.05,0.03,50,3,0.8,0.01,pairwise,1128.0,1.41
tune_10,Testing/hos_50_r2_1.txt,1.0,0.05,0.03,50,3,0.8,0.01,pairwise,1128.0,1.43
tune_1,Testing/mac_grafo10dens30.txt,1.0,0.05,0.03,50,3,0.8,0.01,pairwise,45.0,1.02
tune_2,Testing/mac_grafo10dens30.txt,1.0,0.05,0.03,50,3,0.8,0.01,pairwise,45.0,1.03
tune_3,Testing/mac_grafo10dens30.txt,1.0,0.05,0.03,50,3,0.8,0.01,pairwise,45.0,1.05
tune_4,Testing/mac_grafo10dens30.txt,1.0,0.05,0.03,50,3,0.8,0.01,pairwise,45.0,1.04
tune_5,Testing/mac_grafo10dens30.txt,1.0,0.05,0.03,50,3,0.8,0.01,pairwise,45.0,1.03
tune_6,Testing/mac_grafo10dens30.txt,1.0,0.05,0.03,50,3,0.8,0.01,pairwise,45.0,1.03
tune_7,Testing/mac_grafo10dens30.txt,1.0,0.05,0.03,50,3,0.8,0.01,pairwise,45.0,1.07
tune_8,Testing/mac_grafo10dens30.txt,1.0,0.05,0.03,50,3,0.8,0.01,pairwise,45.0,1.03
tune_9,Testing/mac_grafo10dens30.txt,1.0,0.05,0.03,50,3,0.8,0.01,pairwise,45.0,1.03
tune_10,Testing/mac_grafo10dens30.txt,1.0,0.05,0.03,50,3,0.8,0.01,pairwise,45.0,1.06
tune_1,Testing/mac_grafo11dens30.txt,1.0,0.05,0.03,50,3,0.8,0.01,pairwise,55.0,1.03
tune_2,Testing/mac_grafo11dens30.txt,1.0,0.05,0.03,50,3,0.8,0.01,pairwise,55.0,1.05
tune_3,Testing/mac_grafo11dens30.txt,1.0,0.05,0.03,50,3,0.8,0.01,pairwise,55.0,1.07
tune_4,Testing/mac_grafo11dens30.txt,1.0,0.05,0.03,50,3,0.8,0.01,pairwise,55.0,1.04
tune_5,Testing/mac_grafo11dens30.txt,1.0,0.05,0.03,50,3,0.8,0.01,pairwise,55.0,1.01
tune_6,Testing/mac_grafo11dens30.txt,1.0,0.05,0.03,50,3,0.8,0.01,pairwise,55.0,1.05
tune_7,Testing/mac_grafo11dens30.txt,1.0,0.05,0.03,50,3,0.8,0.01,pairwise,55.0,1.04
tune_8,Testing/mac_grafo11dens30.txt,1.0,0.05,0.03,50,3,0.8,0.01,pairwise,55.0,1.06
tune_9,Testing/mac_grafo11dens30.txt,1.0,0.05,0.03,50,3,0.8,0.01,pairwise,55.0,1.05
tune_10,Testing/mac_grafo11dens30.txt,1.0,0.05,0.03,50,3,0.8,0.01,pairwise,55.0,1.02
tune_1,Testing/mac_grafo12dens30.txt,1.0,0.05,0.03,50,3,0.8,0.01,pairwise,66.0,1.07
tune_2,Testing/mac_grafo12dens30.txt,1.0,0.05,0.03,50,3,0.8,0.01,pairwise,66.0,1.11
tune_3,Testing/mac_grafo12dens30.txt,1.0,0.05,0.03,50,3,0.8,0.01,pairwise,66.0,1.04
tune_4,Testing/mac_grafo12dens30.txt,1.0,0.05,0.03,50,3,0.8,0.01,pairwise,66.0,1.04
tune_5,Testing/mac_grafo12dens30.txt,1.0,0.05,0.03,50,3,0.8,0.01,pairwise,66.0,1.13
tune_6,Testing/mac_grafo12dens30.txt,1.0,0.05,0.03,50,3,0.8,0.01,pairwise,66.0,1.02
tune_7,Testing/mac_grafo12dens30.txt,1.0,0.05,0.03,50,3,0.8,0.01,pairwise,66.0,1.04
tune_8,Testing/mac_grafo12dens30.txt,1.0,0.05,0.03,50,3,0.8,0.01,pairwise,66.0,1.07
tune_9,Testing/mac_grafo12dens30.txt,1.0,0.05,0.03,50,3,0.8,0.01,pairwise,66.0,1.04
tune_10,Testing/mac_grafo12dens30.txt,1.0,0.05,0.03,50,3,0.8,0.01,pairwise,66.0,1.02
tune_1,Testing/mac_grafo13dens30.txt,1.0,0.05,0.03,50,3,0.8,0.01,pairwise,78.0,1.06
tune_2,Testing/mac_grafo13dens30.txt,1.0,0.05,0.03,50,3,0.8,0.01,pairwise,78.0,1.03
tune_3,Testing/mac_grafo13dens30.txt,1.0,0.05,0.03,50,3,0.8,0.01,pairwise,78.0,1.07
tune_4,Testing/mac_grafo13dens30.txt,1.0,0.05,0.03,50,3,0.8,0.01,pairwise,78.0,1.06
tune_5,Testing/mac_grafo13dens30.txt,1.0,0.05,0.03,50,3,0.8,0.01,pairwise,78.0,1.06
tune_6,Testing/mac_grafo13dens30.txt,1.0,0.05,0.03,50,3,0.8,0.01,pairwise,78.0,1.07
tune_7,Testing/mac_grafo13dens30.txt,1.0,0.05,0.03,50,3,0.8,0.01,pairwise,78.0,1.06
tune_8,Testing/mac_grafo13dens30.txt,1.0,0.05,0.03,50,3,0.8,0.01,pairwise,78.0,1.05
tune_9,Testing/mac_grafo13dens30.txt,1.0,0.05,0.03,50,3,0.8,0.01,pairwise,78.0,1.08
tune_10,Testing/mac_grafo13dens30.txt,1.0,0.05,0.03,50,3,0.8,0.01,pairwise,78.0,1.04
tune_1,Testing/mac_grafo14dens30.txt,1.0,0.05,0.03,50,3,0.8,0.01,pairwise,91.0,1.05
tune_2,Testing/mac_grafo14dens30.txt,1.0,0.05,0.03,50,3,0.8,0.01,pairwise,91.0,1.09
tune_3,Testing/mac_grafo14dens30.txt,1.0,0.05,0.03,50,3,0.8,0.01,pairwise,91.0,1.04
tune_4,Testing/mac_grafo14dens30.txt,1.0,0.05,0.03,50,3,0.8,0.01,pairwise,91.0,1.05
tune_5,Testing/mac_grafo14dens30.txt,1.0,0.05,0.03,50,3,0.8,0.01,pairwise,91.0,1.19
tune_6,Testing/mac_grafo14dens30.txt,1.0,0.05,0.03,50,3,0.8,0.01,pairwise,91.0,1.06
tune_7,Testing/mac_grafo14dens30.txt,1.0,0.05,0.03,50,3,0.8,0.01,pairwise,91.0,1.04
tune_8,Testing/mac_grafo14dens30.txt,1.0,0.05,0.03,50,3,0.8,0.01,pairwise,91.0,1.04
tune_9,Testing/mac_grafo14dens30.txt,1.0,0.05,0.03,50,3,0.8,0.01,pairwise,91.0,1.06
tune_10,Testing/mac_grafo14dens30.txt,1.0,0.05,0.03,50,3,0.8,0.01,pairwise,91.0,1.03
tune_1,Testing/mac_grafo15dens30.txt,1.0,0.05,0.03,50,3,0.8,0.01,pairwise,105.0,1.06
tune_2,Testing/mac_grafo15dens30.txt,1.0,0.05,0.03,50,3,0.8,0.01,pairwise,105.0,1.03
tune_3,Testing/mac_grafo15dens30.txt,1.0,0.05,0.03,50,3,0.8,0.01,pairwise,105.0,1.06
tune_4,Testing/mac_grafo15dens30.txt,1.0,0.05,0.03,50,3,0.8,0.01,pairwise,105.0,1.06
tune_5,Testing/mac_grafo15dens30.txt,1.0,0.05,0.03,50,3,0.8,0.01,pairwise,105.0,1.06
tune_6,Testing/mac_grafo15dens30.txt,1.0,0.05,0.03,50,3,0.8,0.01,pairwise,105.0,1.08
tune_7,Testing/mac_grafo15dens30.txt,1.0,0.05,0.03,50,3,0.8,0.01,pairwise,105.0,1.05
tune_8,Testing/mac_grafo15dens30.txt,1.0,0.05,0.03,50,3,0.8,0.01,pairwise,105.0,1.05
tune_9,Testing/mac_grafo15dens30.txt,1.0,0.05,0.03,50,3,0.8,0.01,pairwise,105.0,1.06
tune_10,Testing/mac_grafo15dens30.txt,1.0,0.05,0.03,50,3,0.8,0.01,pairwise,105.0,1.09
tune_1,Testing/mac_grafo16dens30.txt,1.0,0.05,0.03,50,3,0.8,0.01,pairwise,120.0,1.07
tune_2,Testing/mac_grafo16dens30.txt,1.0,0.05,0.03,50,3,0.8,0.01,pairwise,105.0,1.09
tune_3,Testing/mac_grafo16dens30.txt,1.0,0.05,0.03,50,3,0.8,0.01,pairwise,105.0,1.07
tune_4,Testing/mac_grafo16dens30.txt,1.0,0.05,0.03,50,3,0.8,0.01,pairwise,105.0,1.08
tune_5,Testing/mac_grafo16dens30.txt,1.0,0.05,0.03,50,3,0.8,0.01,pairwise,105.0,1.07
tune_6,Testing/mac_grafo16dens30.txt,1.0,0.05,0.03,50,3,0.8,0.01,pairwise,105.0,1.11
tune_7,Testing/mac_grafo16dens30.txt,1.0,0.05,0.03,50,3,0.8,0.01,pairwise,105.0,1.08
tune_8,Testing/mac_grafo16dens30.txt,1.0,0.05,0.03,50,3,0.8,0.01,pairwise,120.0,1.07
tune_9,Testing/mac_grafo16dens30.txt,1.0,0.05,0.03,50,3,0.8,0.01,pairwise,105.0,1.08
tune_10,Testing/mac_grafo16dens30.txt,1.0,0.05,0.03,50,3,0.8,0.01,pairwise,105.0,1.08
tune_1,Testing/mac_grafo17dens30.txt,1.0,0.05,0.03,50,3,0.8,0.01,pairwise,136.0,1.10
tune_2,Testing/mac_grafo17dens30.txt,1.0,0.05,0.03,50,3,0.8,0.01,pairwise,120.0,1.05
tune_3,Testing/mac_grafo17dens30.txt,1.0,0.05,0.03,50,3,0.8,0.01,pairwise,120.0,1.09
tune_4,Testing/mac_grafo17dens30.txt,1.0,0.05,0.03,50,3,0.8,0.01,pairwise,120.0,1.07
tune_5,Testing/mac_grafo17dens30.txt,1.0,0.05,0.03,50,3,0.8,0.01,pairwise,136.0,1.08
tune_6,Testing/mac_grafo17dens30.txt,1.0,0.05,0.03,50,3,0.8,0.01,pairwise,120.0,1.08
tune_7,Testing/mac_grafo17dens30.txt,1.0,0.05,0.03,50,3,0.8,0.01,pairwise,120.0,1.08
tune_8,Testing/mac_grafo17dens30.txt,1.0,0.05,0.03,50,3,0.8,0.01,pairwise,120.0,1.07
tune_9,Testing/mac_grafo17dens30.txt,1.0,0.05,0.03,50,3,0.8,0.01,pairwise,120.0,1.06
tune_10,Testing/mac_grafo17dens30.txt,1.0,0.05,0.03,50,3,0.8,0.01,pairwise,136.0,1.08
tune_1,Testing/mac_grafo18dens30.txt,1.0,0.05,0.03,50,3,0.8,0.01,pairwise,153.0,1.06
tune_2,Testing/mac_grafo18dens30.txt,1.0,0.05,0.03,50,3,0.8,0.01,pairwise,153.0,1.11
tune_3,Testing/mac_grafo18dens30.txt,1.0,0.05,0.03,50,3,0.8,0.01,pairwise,153.0,1.10
tune_4,Testing/mac_grafo18dens30.txt,1.0,0.05,0.03,50,3,0.8,0.01,pairwise,153.0,1.12
tune_5,Testing/mac_grafo18dens30.txt,1.0,0.05,0.03,50,3,0.8,0.01,pairwise,153.0,1.07
tune_6,Testing/mac_grafo18dens30.txt,1.0,0.05,0.03,50,3,0.8,0.01,pairwise,153.0,1.08
tune_7,Testing/mac_grafo18dens30.txt,1.0,0.05,0.03,50,3,0.8,0.01,pairwise,153.0,1.08
tune_8,Testing/mac_grafo18dens30.txt,1.0,0.05,0.03,50,3,0.8,0.01,pairwise,153.0,1.09
tune_9,Testing/mac_grafo18dens30.txt,1.0,0.05,0.03,50,3,0.8,0.01,pairwise,153.0,1.08
tune_10,Testing/mac_grafo18dens30.txt,1.0,0.05,0.03,50,3,0.8,0.01,pairwise,153.0,1.10
tune_1,Testing/mac_grafo19dens30.txt,1.0,0.05,0.03,50,3,0.8,0.01,pairwise,171.0,1.10
tune_2,Testing/mac_grafo19dens30.txt,1.0,0.05,0.03,50,3,0.8,0.01,pairwise,171.0,1.11
tune_3,Testing/mac_grafo19dens30.txt,1.0,0.05,0.03,50,3,0.8,0.01,pairwise,171.0,1.09
tune_4,Testing/mac_grafo19dens30.txt,1.0,0.05,0.03,50,3,0.8,0.01,pairwise,171.0,1.10
tune_5,Testing/mac_grafo19dens30.txt,1.0,0.05,0.03,50,3,0.8,0.01,pairwise,171.0,1.09
tune_6,Testing/mac_grafo19dens30.txt,1.0,0.05,0.03,50,3,0.8,0.01,pairwise,171.0,1.10
tune_7,Testing/mac_grafo19dens30.txt,1.0,0.05,0.03,50,3,0.8,0.01,pairwise,171.0,1.13
tune_8,Testing/mac_grafo19dens30.txt,1.0,0.05,0.03,50,3,0.8,0.01,pairwise,171.0,1.08
tune_9,Testing/mac_grafo19dens30.txt,1.0,0.05,0.03,50,3,0.8,0.01,pairwise,171.0,1.09
tune_10,Testing/mac_grafo19dens30.txt,1.0,0.05,0.03,50,3,0.8,0.01,pairwise,171.0,1.10
tune_1,Testing/mac_grafo20dens30.txt,1.0,0.05,0.03,50,3,0.8,0.01,pairwise,153.0,1.09
tune_2,Testing/mac_grafo20dens30.txt,1.0,0.05,0.03,50,3,0.8,0.01,pairwise,171.0,1.10
tune_3,Testing/mac_grafo20dens30.txt,1.0,0.05,0.03,50,3,0.8,0.01,pairwise,153.0,1.09
tune_4,Testing/mac_grafo20dens30.txt,1.0,0.05,0.03,50,3,0.8,0.01,pairwise,153.0,1.09
tune_5,Testing/mac_grafo20dens30.txt,1.0,0.05,0.03,50,3,0.8,0.01,pairwise,153.0,1.09
tune_6,Testing/mac_grafo20dens30.txt,1.0,0.05,0.03,50,3,0.8,0.01,pairwise,153.0,1.10
tune_7,Testing/mac_grafo20dens30.txt,1.0,0.05,0.03,50,3,0.8,0.01,pairwise,153.0,1.10
tune_8,Testing/mac_grafo20dens30.txt,1.0,0.05,0.03,50,3,0.8,0.01,pairwise,171.0,1.09
tune_9,Testing/mac_grafo20dens30.txt,1.0,0.05,0.03,50,3,0.8,0.01,pairwise,153.0,1.11
tune_10,Testing/mac_grafo20dens30.txt,1.0,0.05,0.03,50,3,0.8,0.01,pairwise,153.0,1.08
tune_1,Testing/mac_grafo21dens30.txt,1.0,0.05,0.03,50,3,0.8,0.01,pairwise,171.0,1.12
tune_2,Testing/mac_grafo21dens30.txt,1.0,0.05,0.03,50,3,0.8,0.01,pairwise,171.0,1.15
tune_3,Testing/mac_grafo21dens30.txt,1.0,0.05,0.03,50,3,0.8,0.01,pairwise,171.0,1.13
tune_4,Testing/mac_grafo21dens30.txt,1.0,0.05,0.03,50,3,0.8,0.01,pairwise,171.0,1.11
tune_5,Testing/mac_grafo21dens30.txt,1.0,0.05,0.03,50,3,0.8,0.01,pairwise,171.0,1.10
tune_6,Testing/mac_grafo21dens30.txt,1.0,0.05,0.03,50,3,0.8,0.01,pairwise,171.0,1.10
tune_7,Testing/mac_grafo21dens30.txt,1.0,0.05,0.03,50,3,0.8,0.01,pairwise,171.0,1.11
tune_8,Testing/mac_grafo21dens30.txt,1.0,0.05,0.03,50,3,0.8,0.01,pairwise,171.0,1.09
tune_9,Testing/mac_grafo21dens30.txt,1.0,0.05,0.03,50,3,0.8,0.01,pairwise,171.0,1.12
tune_10,Testing/mac_grafo21dens30.txt,1.0,0.05,0.03,50,3,0.8,0.01,pairwise,171.0,1.13
tune_1,Testing/mac_grafo22dens30.txt,1.0,0.05,0.03,50,3,0.8,0.01,pairwise,210.0,1.15
tune_2,Testing/mac_grafo22dens30.txt,1.0,0.05,0.03,50,3,0.8,0.01,pairwise,172.0,1.11
tune_3,Testing/mac_grafo22dens30.txt,1.0,0.05,0.03,50,3,0.8,0.01,pairwise,190.0,1.25
tune_4,Testing/mac_grafo22dens30.txt,1.0,0.05,0.03,50,3,0.8,0.01,pairwise,210.0,1.12
tune_5,Testing/mac_grafo22dens30.txt,1.0,0.05,0.03,50,3,0.8,0.01,pairwise,190.0,1.11
tune_6,Testing/mac_grafo22dens30.txt,1.0,0.05,0.03,50,3,0.8,0.01,pairwise,190.0,1.13
tune_7,Testing/mac_grafo22dens30.txt,1.0,0.05,0.03,50,3,0.8,0.01,pairwise,190.0,1.12
tune_8,Testing/mac_grafo22dens30.txt,1.0,0.05,0.03,50,3,0.8,0.01,pairwise,190.0,1.14
tune_9,Testing/mac_grafo22dens30.txt,1.0,0.05,0.03,50,3,0.8,0.01,pairwise,210.0,1.12
tune_10,Testing/mac_grafo22dens30.txt,1.0,0.05,0.03,50,3,0.8,0.01,pairwise,210.0,1.12
tune_1,Testing/mac_grafo23dens30.txt,1.0,0.05,0.03,50,3,0.8,0.01,pairwise,231.0,1.13
tune_2,Testing/mac_grafo23dens30.txt,1.0,0.05,0.03,50,3,0.8,0.01,pairwise,231.0,1.13
tune_3,Testing/mac_grafo23dens30.txt,1.0,0.05,0.03,50,3,0.8,0.01,pairwise,231.0,1.12
tune_4,Testing/mac_grafo23dens30.txt,1.0,0.05,0.03,50,3,0.8,0.01,pairwise,231.0,1.12
tune_5,Testing/mac_grafo23dens30.txt,1.0,0.05,0.03,50,3,0.8,0.01,pairwise,231.0,1.14
tune_6,Testing/mac_grafo23dens30.txt,1.0,0.05,0.03,50,3,0.8,0.01,pairwise,231.0,1.13
tune_7,Testing/mac_grafo23dens30.txt,1.0,0.05,0.03,50,3,0.8,0.01,pairwise,231.0,1.13
tune_8,Testing/mac_grafo23dens30.txt,1.0,0.05,0.03,50,3,0.8,0.01,pairwise,231.0,1.12
tune_9,Testing/mac_grafo23dens30.txt,1.0,0.05,0.03,50,3,0.8,0.01,pairwise,231.0,1.15
tune_10,Testing/mac_grafo23dens30.txt,1.0,0.05,0.03,50,3,0.8,0.01,pairwise,231.0,1.11
tune_1,Testing/mac_grafo24dens30.txt,1.0,0.05,0.03,50,3,0.8,0.01,pairwise,231.0,1.15
tune_2,Testing/mac_grafo24dens30.txt,1.0,0.05,0.03,50,3,0.8,0.01,pairwise,231.0,1.11
tune_3,Testing/mac_grafo24dens30.txt,1.0,0.05,0.03,50,3,0.8,0.01,pairwise,231.0,1.14
tune_4,Testing/mac_grafo24dens30.txt,1.0,0.05,0.03,50,3,0.8,0.01,pairwise,231.0,1.13
tune_5,Testing/mac_grafo24dens30.txt,1.0,0.05,0.03,50,3,0.8,0.01,pairwise,253.0,1.13
tune_6,Testing/mac_grafo24dens30.txt,1.0,0.05,0.03,50,3,0.8,0.01,pairwise,231.0,1.15
tune_7,Testing/mac_grafo24dens30.txt,1.0,0.05,0.03,50,3,0.8,0.01,pairwise,231.0,1.13
tune_8,Testing/mac_grafo24dens30.txt,1.0,0.05,0.03,50,3,0.8,0.01,pairwise,253.0,1.14
tune_9,Testing/mac_grafo24dens30.txt,1.0,0.05,0.03,50,3,0.8,0.01,pairwise,231.0,1.15
tune_10,Testing/mac_grafo24dens30.txt,1.0,0.05,0.03,50,3,0.8,0.01,pairwise,231.0,1.13
tune_1,Testing/mac_grafo25dens30.txt,1.0,0.05,0.03,50,3,0.8,0.01,pairwise,276.0,1.15
tune_2,Testing/mac_grafo25dens30.txt,1.0,0.05,0.03,50,3,0.8,0.01,pairwise,276.0,1.13
tune_3,Testing/mac_grafo25dens30.txt,1.0,0.05,0.03,50,3,0.8,0.01,pairwise,276.0,1.16
tune_4,Testing/mac_grafo25dens30.txt,1.0,0.05,0.03,50,3,0.8,0.01,pairwise,276.0,1.14
tune_5,Testing/mac_grafo25dens30.txt,1.0,0.05,0.03,50,3,0.8,0.01,pairwise,276.0,1.15
tune_6,Testing/mac_grafo25dens30.txt,1.0,0.05,0.03,50,3,0.8,0.01,pairwise,276.0,1.13
tune_7,Testing/mac_grafo25dens30.txt,1.0,0.05,0.03,50,3,0.8,0.01,pairwise,276.0,1.15
tune_8,Testing/mac_grafo25dens30.txt,1.0,0.05,0.03,50,3,0.8,0.01,pairwise,276.0,1.16
tune_9,Testing/mac_grafo25dens30.txt,1.0,0.05,0.03,50,3,0.8,0.01,pairwise,276.0,1.15
tune_10,Testing/mac_grafo25dens30.txt,1.0,0.05,0.03,50,3,0.8,0.01,pairwise,276.0,1.18
tune_1,Testing/mac_grafo26dens30.txt,1.0,0.05,0.03,50,3,0.8,0.01,pairwise,300.0,1.15
tune_2,Testing/mac_grafo26dens30.txt,1.0,0.05,0.03,50,3,0.8,0.01,pairwise,300.0,1.14
tune_3,Testing/mac_grafo26dens30.txt,1.0,0.05,0.03,50,3,0.8,0.01,pairwise,300.0,1.16
tune_4,Testing/mac_grafo26dens30.txt,1.0,0.05,0.03,50,3,0.8,0.01,pairwise,300.0,1.15
tune_5,Testing/mac_grafo26dens30.txt,1.0,0.05,0.03,50,3,0.8,0.01,pairwise,300.0,1.17
tune_6,Testing/mac_grafo26dens30.txt,1.0,0.05,0.03,50,3,0.8,0.01,pairwise,300.0,1.16
tune_7,Testing/mac_grafo26dens30.txt,1.0,0.05,0.03,50,3,0.8,0.01,pairwise,300.0,1.15
tune_8,Testing/mac_grafo26dens30.txt,1.0,0.05,0.03,50,3,0.8,0.01,pairwise,300.0,1.15
tune_9,Testing/mac_grafo26dens30.txt,1.0,0.05,0.03,50,3,0.8,0.01,pairwise,300.0,1.16
tune_10,Testing/mac_grafo26dens30.txt,1.0,0.05,0.03,50,3,0.8,0.01,pairwise,300.0,1.18
tune_1,Testing/mac_grafo27dens30.txt,1.0,0.05,0.03,50,3,0.8,0.01,pairwise,325.0,1.18
tune_2,Testing/mac_grafo27dens30.txt,1.0,0.05,0.03,50,3,0.8,0.01,pairwise,325.0,1.16
tune_3,Testing/mac_grafo27dens30.txt,1.0,0.05,0.03,50,3,0.8,0.01,pairwise,325.0,1.18
tune_4,Testing/mac_grafo27dens30.txt,1.0,0.05,0.03,50,3,0.8,0.01,pairwise,325.0,1.18
tune_5,Testing/mac_grafo27dens30.txt,1.0,0.05,0.03,50,3,0.8,0.01,pairwise,300.0,1.19
tune_6,Testing/mac_grafo27dens30.txt,1.0,0.05,0.03,50,3,0.8,0.01,pairwise,325.0,1.17
tune_7,Testing/mac_grafo27dens30.txt,1.0,0.05,0.03,50,3,0.8,0.01,pairwise,325.0,1.18
tune_8,Testing/mac_grafo27dens30.txt,1.0,0.05,0.03,50,3,0.8,0.01,pairwise,325.0,1.18
tune_9,Testing/mac_grafo27dens30.txt,1.0,0.05,0.03,50,3,0.8,0.01,pairwise,325.0,1.18
tune_10,Testing/mac_grafo27dens30.txt,1.0,0.05,0.03,50,3,0.8,0.01,pairwise,325.0,1.16
tune_1,Testing/mac_grafo28dens30.txt,1.0,0.05,0.03,50,3,0.8,0.01,pairwise,351.0,1.16
tune_2,Testing/mac_grafo28dens30.txt,1.0,0.05,0.03,50,3,0.8,0.01,pairwise,351.0,1.18
tune_3,Testing/mac_grafo28dens30.txt,1.0,0.05,0.03,50,3,0.8,0.01,pairwise,351.0,1.17
tune_4,Testing/mac_grafo28dens30.txt,1.0,0.05,0.03,50,3,0.8,0.01,pairwise,351.0,1.17
tune_5,Testing/mac_grafo28dens30.txt,1.0,0.05,0.03,50,3,0.8,0.01,pairwise,351.0,1.18
tune_6,Testing/mac_grafo28dens30.txt,1.0,0.05,0.03,50,3,0.8,0.01,pairwise,351.0,1.17
tune_7,Testing/mac_grafo28dens30.txt,1.0,0.05,0.03,50,3,0.8,0.01,pairwise,351.0,1.17
tune_8,Testing/mac_grafo28dens30.txt,1.0,0.05,0.03,50,3,0.8,0.01,pairwise,351.0,1.20
tune_9,Testing/mac_grafo28dens30.txt,1.0,0.05,0.03,50,3,0.8,0.01,pairwise,351.0,1.18
tune_10,Testing/mac_grafo28dens30.txt,1.0,0.05,0.03,50,3,0.8,0.01,pairwise,351.0,1.18
tune_1,Testing/mac_grafo29dens30.txt,1.0,0.05,0.03,50,3,0.8,0.01,pairwise,378.0,1.20
tune_2,Testing/mac_grafo29dens30.txt,1.0,0.05,0.03,50,3,0.8,0.01,pairwise,378.0,1.22
tune_3,Testing/mac_grafo29dens30.txt,1.0,0.05,0.03,50,3,0.8,0.01,pairwise,378.0,1.19
tune_4,Testing/mac_grafo29dens30.txt,1.0,0.05,0.03,50,3,0.8,0.01,pairwise,378.0,1.19
tune_5,Testing/mac_grafo29dens30.txt,1.0,0.05,0.03,50,3,0.8,0.01,pairwise,378.0,1.20
tune_6,Testing/mac_grafo29dens30.txt,1.0,0.05,0.03,50,3,0.8,0.01,pairwise,378.0,1.20
tune_7,Testing/mac_grafo29dens30.txt,1.0,0.05,0.03,50,3,0.8,0.01,pairwise,378.0,1.19
tune_8,Testing/mac_grafo29dens30.txt,1.0,0.05,0.03,50,3,0.8,0.01,pairwise,378.0,1.18
tune_9,Testing/mac_grafo29dens30.txt,1.0,0.05,0.03,50,3,0.8,0.01,pairwise,378.0,1.19
tune_10,Testing/mac_grafo29dens30.txt,1.0,0.05,0.03,50,3,0.8,0.01,pairwise,378.0,1.18
tune_1,Testing/mac_grafo30dens30.txt,1.0,0.05,0.03,50,3,0.8,0.01,pairwise,406.0,1.19
tune_2,Testing/mac_grafo30dens30.txt,1.0,0.05,0.03,50,3,0.8,0.01,pairwise,406.0,1.19
tune_3,Testing/mac_grafo30dens30.txt,1.0,0.05,0.03,50,3,0.8,0.01,pairwise,406.0,1.18
tune_4,Testing/mac_grafo30dens30.txt,1.0,0.05,0.03,50,3,0.8,0.01,pairwise,406.0,1.20
tune_5,Testing/mac_grafo30dens30.txt,1.0,0.05,0.03,50,3,0.8,0.01,pairwise,406.0,1.20
tune_6,Testing/mac_grafo30dens30.txt,1.0,0.05,0.03,50,3,0.8,0.01,pairwise,406.0,1.20
tune_7,Testing/mac_grafo30dens30.txt,1.0,0.05,0.03,50,3,0.8,0.01,pairwise,406.0,1.18
tune_8,Testing/mac_grafo30dens30.txt,1.0,0.05,0.03,50,3,0.8,0.01,pairwise,406.0,1.22
tune_9,Testing/mac_grafo30dens30.txt,1.0,0.05,0.03,50,3,0.8,0.01,pairwise,406.0,1.20
tune_10,Testing/mac_grafo30dens30.txt,1.0,0.05,0.03,50,3,0.8,0.01,pairwise,406.0,1.20
tune_1,Testing/cor_adjnoun-w.txt,1.0,0.05,0.03,50,3,0.8,0.01,components,11.0,1.69
tune_2,Testing/cor_adjnoun-w.txt,1.0,0.05,0.03,50,3,0.8,0.01,components,12.0,1.72
tune_3,Testing/cor_adjnoun-w.txt,1.0,0.05,0.03,50,3,0.8,0.01,components,15.0,1.75
tune_4,Testing/cor_adjnoun-w.txt,1.0,0.05,0.03,50,3,0.8,0.01,components,13.0,1.73
tune_5,Testing/cor_adjnoun-w.txt,1.0,0.05,0.03,50,3,0.8,0.01,components,10.0,1.77
tune_6,Testing/cor_adjnoun-w.txt,1.0,0.05,0.03,50,3,0.8,0.01,components,11.0,1.75
tune_7,Testing/cor_adjnoun-w.txt,1.0,0.05,0.03,50,3,0.8,0.01,components,11.0,1.72
tune_8,Testing/cor_adjnoun-w.txt,1.0,0.05,0.03,50,3,0.8,0.01,components,12.0,1.69
tune_9,Testing/cor_adjnoun-w.txt,1.0,0.05,0.03,50,3,0.8,0.01,components,13.0,1.70
tune_10,Testing/cor_adjnoun-w.txt,1.0,0.05,0.03,50,3,0.8,0.01,components,12.0,1.71
tune_1,Testing/cor_celegans_metabolic-w.txt,1.0,0.05,0.03,50,3,0.8,0.01,components,24.0,5.07
tune_2,Testing/cor_celegans_metabolic-w.txt,1.0,0.05,0.03,50,3,0.8,0.01,components,22.0,4.87
tune_3,Testing/cor_celegans_metabolic-w.txt,1.0,0.05,0.03,50,3,0.8,0.01,components,22.0,4.76
tune_4,Testing/cor_celegans_metabolic-w.txt,1.0,0.05,0.03,50,3,0.8,0.01,components,19.0,4.82
tune_5,Testing/cor_celegans_metabolic-w.txt,1.0,0.05,0.03,50,3,0.8,0.01,components,30.0,4.79
tune_6,Testing/cor_celegans_metabolic-w.txt,1.0,0.05,0.03,50,3,0.8,0.01,components,30.0,4.73
tune_7,Testing/cor_celegans_metabolic-w.txt,1.0,0.05,0.03,50,3,0.8,0.01,components,25.0,5.07
tune_8,Testing/cor_celegans_metabolic-w.txt,1.0,0.05,0.03,50,3,0.8,0.01,components,21.0,4.95
tune_9,Testing/cor_celegans_metabolic-w.txt,1.0,0.05,0.03,50,3,0.8,0.01,components,25.0,4.91
tune_10,Testing/cor_celegans_metabolic-w.txt,1.0,0.05,0.03,50,3,0.8,0.01,components,15.0,4.97
tune_1,Testing/cor_celegansneural-w.txt,1.0,0.05,0.03,50,3,0.8,0.01,components,18.0,4.96
tune_2,Testing/cor_celegansneural-w.txt,1.0,0.05,0.03,50,3,0.8,0.01,components,20.0,4.96
tune_3,Testing/cor_celegansneural-w.txt,1.0,0.05,0.03,50,3,0.8,0.01,components,18.0,5.07
tune_4,Testing/cor_celegansneural-w.txt,1.0,0.05,0.03,50,3,0.8,0.01,components,17.0,5.07
tune_5,Testing/cor_celegansneural-w.txt,1.0,0.05,0.03,50,3,0.8,0.01,components,18.0,5.03
tune_6,Testing/cor_celegansneural-w.txt,1.0,0.05,0.03,50,3,0.8,0.01,components,17.0,5.03
tune_7,Testing/cor_celegansneural-w.txt,1.0,0.05,0.03,50,3,0.8,0.01,components,19.0,5.13
tune_8,Testing/cor_celegansneural-w.txt,1.0,0.05,0.03,50,3,0.8,0.01,components,19.0,4.96
tune_9,Testing/cor_celegansneural-w.txt,1.0,0.05,0.03,50,3,0.8,0.01,components,13.0,5.10
tune_10,Testing/cor_celegansneural-w.txt,1.0,0.05,0.03,50,3,0.8,0.01,components,17.0,5.12
tune_1,Testing/cor_dolphins-w.txt,1.0,0.05,0.03,50,3,0.8,0.01,components,7.0,1.30
tune_2,Testing/cor_dolphins-w.txt,1.0,0.05,0.03,50,3,0.8,0.01,components,8.0,1.29
tune_3,Testing/cor_dolphins-w.txt,1.0,0.05,0.03,50,3,0.8,0.01,components,9.0,1.30
tune_4,Testing/cor_dolphins-w.txt,1.0,0.05,0.03,50,3,0.8,0.01,components,7.0,1.28
tune_5,Testing/cor_dolphins-w.txt,1.0,0.05,0.03,50,3,0.8,0.01,components,9.0,1.29
tune_6,Testing/cor_dolphins-w.txt,1.0,0.05,0.03,50,3,0.8,0.01,components,8.0,1.26
tune_7,Testing/cor_dolphins-w.txt,1.0,0.05,0.03,50,3,0.8,0.01,components,8.0,1.32
tune_8,Testing/cor_dolphins-w.txt,1.0,0.05,0.03,50,3,0.8,0.01,components,9.0,1.29
tune_9,Testing/cor_dolphins-w.txt,1.0,0.05,0.03,50,3,0.8,0.01,components,10.0,1.29
tune_10,Testing/cor_dolphins-w.txt,1.0,0.05,0.03,50,3,0.8,0.01,components,7.0,1.33
tune_1,Testing/cor_football-w.txt,1.0,0.05,0.03,50,3,0.8,0.01,components,1.0,2.04
tune_2,Testing/cor_football-w.txt,1.0,0.05,0.03,50,3,0.8,0.01,components,1.0,2.04
tune_3,Testing/cor_football-w.txt,1.0,0.05,0.03,50,3,0.8,0.01,components,1.0,2.00
tune_4,Testing/cor_football-w.txt,1.0,0.05,0.03,50,3,0.8,0.01,components,1.0,1.99
tune_5,Testing/cor_football-w.txt,1.0,0.05,0.03,50,3,0.8,0.01,components,1.0,2.13
tune_6,Testing/cor_football-w.txt,1.0,0.05,0.03,50,3,0.8,0.01,components,1.0,2.01
tune_7,Testing/cor_football-w.txt,1.0,0.05,0.03,50,3,0.8,0.01,components,1.0,1.99
tune_8,Testing/cor_football-w.txt,1.0,0.05,0.03,50,3,0.8,0.01,components,1.0,2.07
tune_9,Testing/cor_football-w.txt,1.0,0.05,0.03,50,3,0.8,0.01,components,1.0,1.98
tune_10,Testing/cor_football-w.txt,1.0,0.05,0.03,50,3,0.8,0.01,components,1.0,2.00
tune_1,Testing/cor_jazz-w.txt,1.0,0.05,0.03,50,3,0.8,0.01,components,6.0,6.24
tune_2,Testing/cor_jazz-w.txt,1.0,0.05,0.03,50,3,0.8,0.01,components,5.0,6.29
tune_3,Testing/cor_jazz-w.txt,1.0,0.05,0.03,50,3,0.8,0.01,components,6.0,6.28
tune_4,Testing/cor_jazz-w.txt,1.0,0.05,0.03,50,3,0.8,0.01,components,9.0,6.11
tune_5,Testing/cor_jazz-w.txt,1.0,0.05,0.03,50,3,0.8,0.01,components,7.0,6.30
tune_6,Testing/cor_jazz-w.txt,1.0,0.05,0.03,50,3,0.8,0.01,components,7.0,6.32
tune_7,Testing/cor_jazz-w.txt,1.0,0.05,0.03,50,3,0.8,0.01,components,7.0,6.22
tune_8,Testing/cor_jazz-w.txt,1.0,0.05,0.03,50,3,0.8,0.01,components,8.0,6.12
tune_9,Testing/cor_jazz-w.txt,1.0,0.05,0.03,50,3,0.8,0.01,components,7.0,6.22
tune_10,Testing/cor_jazz-w.txt,1.0,0.05,0.03,50,3,0.8,0.01,components,6.0,6.16
tune_1,Testing/cor_karate-w.txt,1.0,0.05,0.03,50,3,0.8,0.01,components,5.0,1.13
tune_2,Testing/cor_karate-w.txt,1.0,0.05,0.03,50,3,0.8,0.01,components,2.0,1.13
tune_3,Testing/cor_karate-w.txt,1.0,0.05,0.03,50,3,0.8,0.01,components,5.0,1.14
tune_4,Testing/cor_karate-w.txt,1.0,0.05,0.03,50,3,0.8,0.01,components,4.0,1.15
tune_5,Testing/cor_karate-w.txt,1.0,0.05,0.03,50,3,0.8,0.01,components,3.0,1.11
tune_6,Testing/cor_karate-w.txt,1.0,0.05,0.03,50,3,0.8,0.01,components,3.0,1.12
tune_7,Testing/cor_karate-w.txt,1.0,0.05,0.03,50,3,0.8,0.01,components,5.0,1.17
tune_8,Testing/cor_karate-w.txt,1.0,0.05,0.03,50,3,0.8,0.01,components,4.0,1.11
tune_9,Testing/cor_karate-w.txt,1.0,0.05,0.03,50,3,0.8,0.01,components,3.0,1.22
tune_10,Testing/cor_karate-w.txt,1.0,0.05,0.03,50,3,0.8,0.01,components,4.0,1.13
tune_1,Testing/cor_lesmis-w.txt,1.0,0.05,0.03,50,3,0.8,0.01,components,16.0,1.43
tune_2,Testing/cor_lesmis-w.txt,1.0,0.05,0.03,50,3,0.8,0.01,components,16.0,1.48
tune_3,Testing/cor_lesmis-w.txt,1.0,0.05,0.03,50,3,0.8,0.01,components,18.0,1.42
tune_4,Testing/cor_lesmis-w.txt,1.0,0.05,0.03,50,3,0.8,0.01,components,18.0,1.48
tune_5,Testing/cor_lesmis-w.txt,1.0,0.05,0.03,50,3,0.8,0.01,components,19.0,1.44
tune_6,Testing/cor_lesmis-w.txt,1.0,0.05,0.03,50,3,0.8,0.01,components,22.0,1.46
tune_7,Testing/cor_lesmis-w.txt,1.0,0.05,0.03,50,3,0.8,0.01,components,19.0,1.46
tune_8,Testing/cor_lesmis-w.txt,1.0,0.05,0.03,50,3,0.8,0.01,components,18.0,1.45
tune_9,Testing/cor_lesmis-w.txt,1.0,0.05,0.03,50,3,0.8,0.01,components,15.0,1.45
tune_10,Testing/cor_lesmis-w.txt,1.0,0.05,0.03,50,3,0.8,0.01,components,19.0,1.45
tune_1,Testing/cor_n050plai01.txt,1.0,0.05,0.03,50,3,0.8,0.01,components,2.0,1.25
tune_2,Testing/cor_n050plai01.txt,1.0,0.05,0.03,50,3,0.8,0.01,components,2.0,1.25
tune_3,Testing/cor_n050plai01.txt,1.0,0.05,0.03,50,3,0.8,0.01,components,2.0,1.24
tune_4,Testing/cor_n050plai01.txt,1.0,0.05,0.03,50,3,0.8,0.01,components,1.0,1.24
tune_5,Testing/cor_n050plai01.txt,1.0,0.05,0.03,50,3,0.8,0.01,components,1.0,1.40
tune_6,Testing/cor_n050plai01.txt,1.0,0.05,0.03,50,3,0.8,0.01,components,2.0,1.22
tune_7,Testing/cor_n050plai01.txt,1.0,0.05,0.03,50,3,0.8,0.01,components,2.0,1.22
tune_8,Testing/cor_n050plai01.txt,1.0,0.05,0.03,50,3,0.8,0.01,components,2.0,1.25
tune_9,Testing/cor_n050plai01.txt,1.0,0.05,0.03,50,3,0.8,0.01,components,2.0,1.25
tune_10,Testing/cor_n050plai01.txt,1.0,0.05,0.03,50,3,0.8,0.01,components,2.0,1.24
tune_1,Testing/cor_n100plai01.txt,1.0,0.05,0.03,50,3,0.8,0.01,components,3.0,1.51
tune_2,Testing/cor_n100plai01.txt,1.0,0.05,0.03,50,3,0.8,0.01,components,2.0,1.55
tune_3,Testing/cor_n100plai01.txt,1.0,0.05,0.03,50,3,0.8,0.01,components,2.0,1.52
tune_4,Testing/cor_n100plai01.txt,1.0,0.05,0.03,50,3,0.8,0.01,components,3.0,1.51
tune_5,Testing/cor_n100plai01.txt,1.0,0.05,0.03,50,3,0.8,0.01,components,3.0,1.54
tune_6,Testing/cor_n100plai01.txt,1.0,0.05,0.03,50,3,0.8,0.01,components,2.0,1.54
tune_7,Testing/cor_n100plai01.txt,1.0,0.05,0.03,50,3,0.8,0.01,components,2.0,1.53
tune_8,Testing/cor_n100plai01.txt,1.0,0.05,0.03,50,3,0.8,0.01,components,2.0,1.53
tune_9,Testing/cor_n100plai01.txt,1.0,0.05,0.03,50,3,0.8,0.01,components,3.0,1.52
tune_10,Testing/cor_n100plai01.txt,1.0,0.05,0.03,50,3,0.8,0.01,components,2.0,1.53
tune_1,Testing/cor_n150plai01.txt,1.0,0.05,0.03,50,3,0.8,0.01,components,3.0,1.89
tune_2,Testing/cor_n150plai01.txt,1.0,0.05,0.03,50,3,0.8,0.01,components,3.0,1.79
tune_3,Testing/cor_n150plai01.txt,1.0,0.05,0.03,50,3,0.8,0.01,components,4.0,1.78
tune_4,Testing/cor_n150plai01.txt,1.0,0.05,0.03,50,3,0.8,0.01,components,2.0,1.86
tune_5,Testing/cor_n150plai01.txt,1.0,0.05,0.03,50,3,0.8,0.01,components,3.0,1.79
tune_6,Testing/cor_n150plai01.txt,1.0,0.05,0.03,50,3,0.8,0.01,components,3.0,1.79
tune_7,Testing/cor_n150plai01.txt,1.0,0.05,0.03,50,3,0.8,0.01,components,3.0,1.84
tune_8,Testing/cor_n150plai01.txt,1.0,0.05,0.03,50,3,0.8,0.01,components,3.0,1.84
tune_9,Testing/cor_n150plai01.txt,1.0,0.05,0.03,50,3,0.8,0.01,components,2.0,1.82
tune_10,Testing/cor_n150plai01.txt,1.0,0.05,0.03,50,3,0.8,0.01,components,3.0,1.81
tune_1,Testing/cor_n200plai01.txt,1.0,0.05,0.03,50,3,0.8,0.01,components,5.0,2.03
tune_2,Testing/cor_n200plai01.txt,1.0,0.05,0.03,50,3,0.8,0.01,components,2.0,2.05
tune_3,Testing/cor_n200plai01.txt,1.0,0.05,0.03,50,3,0.8,0.01,components,4.0,2.09
tune_4,Testing/cor_n200plai01.txt,1.0,0.05,0.03,50,3,0.8,0.01,components,4.0,2.05
tune_5,Testing/cor_n200plai01.txt,1.0,0.05,0.03,50,3,0.8,0.01,components,3.0,2.05
tune_6,Testing/cor_n200plai01.txt,1.0,0.05,0.03,50,3,0.8,0.01,components,4.0,2.12
tune_7,Testing/cor_n200plai01.txt,1.0,0.05,0.03,50,3,0.8,0.01,components,4.0,2.14
tune_8,Testing/cor_n200plai01.txt,1.0,0.05,0.03,50,3,0.8,0.01,components,4.0,2.07
tune_9,Testing/cor_n200plai01.txt,1.0,0.05,0.03,50,3,0.8,0.01,components,3.0,2.08
tune_10,Testing/cor_n200plai01.txt,1.0,0.05,0.03,50,3,0.8,0.01,components,3.0,2.09
tune_1,Testing/cor_n250plai01.txt,1.0,0.05,0.03,50,3,0.8,0.01,components,8.0,2.37
tune_2,Testing/cor_n250plai01.txt,1.0,0.05,0.03,50,3,0.8,0.01,components,8.0,2.37
tune_3,Testing/cor_n250plai01.txt,1.0,0.05,0.03,50,3,0.8,0.01,components,8.0,2.42
tune_4,Testing/cor_n250plai01.txt,1.0,0.05,0.03,50,3,0.8,0.01,components,9.0,2.45
tune_5,Testing/cor_n250plai01.txt,1.0,0.05,0.03,50,3,0.8,0.01,components,6.0,2.36
tune_6,Testing/cor_n250plai01.txt,1.0,0.05,0.03,50,3,0.8,0.01,components,7.0,2.40
tune_7,Testing/cor_n250plai01.txt,1.0,0.05,0.03,50,3,0.8,0.01,components,6.0,2.42
tune_8,Testing/cor_n250plai01.txt,1.0,0.05,0.03,50,3,0.8,0.01,components,7.0,2.42
tune_9,Testing/cor_n250plai01.txt,1.0,0.05,0.03,50,3,0.8,0.01,components,7.0,2.41
tune_10,Testing/cor_n250plai01.txt,1.0,0.05,0.03,50,3,0.8,0.01,components,8.0,2.37
tune_1,Testing/cor_n300plai01.txt,1.0,0.05,0.03,50,3,0.8,0.01,components,5.0,2.71
tune_2,Testing/cor_n300plai01.txt,1.0,0.05,0.03,50,3,0.8,0.01,components,7.0,2.71
tune_3,Testing/cor_n300plai01.txt,1.0,0.05,0.03,50,3,0.8,0.01,components,4.0,2.70
tune_4,Testing/cor_n300plai01.txt,1.0,0.05,0.03,50,3,0.8,0.01,components,6.0,2.69
tune_5,Testing/cor_n300plai01.txt,1.0,0.05,0.03,50,3,0.8,0.01,components,6.0,2.73
tune_6,Testing/cor_n300plai01.txt,1.0,0.05,0.03,50,3,0.8,0.01,components,8.0,2.70
tune_7,Testing/cor_n300plai01.txt,1.0,0.05,0.03,50,3,0.8,0.01,components,6.0,2.68
tune_8,Testing/cor_n300plai01.txt,1.0,0.05,0.03,50,3,0.8,0.01,components,7.0,2.71
tune_9,Testing/cor_n300plai01.txt,1.0,0.05,0.03,50,3,0.8,0.01,components,6.0,2.67
tune_10,Testing/cor_n300plai01.txt,1.0,0.05,0.03,50,3,0.8,0.01,components,6.0,2.68
tune_1,Testing/cor_n350plai01.txt,1.0,0.05,0.03,50,3,0.8,0.01,components,14.0,2.94
tune_2,Testing/cor_n350plai01.txt,1.0,0.05,0.03,50,3,0.8,0.01,components,15.0,2.95
tune_3,Testing/cor_n350plai01.txt,1.0,0.05,0.03,50,3,0.8,0.01,components,12.0,2.93
tune_4,Testing/cor_n350plai01.txt,1.0,0.05,0.03,50,3,0.8,0.01,components,17.0,2.91
tune_5,Testing/cor_n350plai01.txt,1.0,0.05,0.03,50,3,0.8,0.01,components,11.0,2.91
tune_6,Testing/cor_n350plai01.txt,1.0,0.05,0.03,50,3,0.8,0.01,components,14.0,2.94
tune_7,Testing/cor_n350plai01.txt,1.0,0.05,0.03,50,3,0.8,0.01,components,12.0,2.88
tune_8,Testing/cor_n350plai01.txt,1.0,0.05,0.03,50,3,0.8,0.01,components,15.0,2.94
tune_9,Testing/cor_n350plai01.txt,1.0,0.05,0.03,50,3,0.8,0.01,components,10.0,2.90
tune_10,Testing/cor_n350plai01.txt,1.0,0.05,0.03,50,3,0.8,0.01,components,16.0,2.94
tune_1,Testing/cor_polbooks-w.txt,1.0,0.05,0.03,50,3,0.8,0.01,components,3.0,2.02
tune_2,Testing/cor_polbooks-w.txt,1.0,0.05,0.03,50,3,0.8,0.01,components,4.0,1.72
tune_3,Testing/cor_polbooks-w.txt,1.0,0.05,0.03,50,3,0.8,0.01,components,3.0,1.72
tune_4,Testing/cor_polbooks-w.txt,1.0,0.05,0.03,50,3,0.8,0.01,components,3.0,1.77
tune_5,Testing/cor_polbooks-w.txt,1.0,0.05,0.03,50,3,0.8,0.01,components,3.0,1.73
tune_6,Testing/cor_polbooks-w.txt,1.0,0.05,0.03,50,3,0.8,0.01,components,2.0,1.72
tune_7,Testing/cor_polbooks-w.txt,1.0,0.05,0.03,50,3,0.8,0.01,components,4.0,1.73
tune_8,Testing/cor_polbooks-w.txt,1.0,0.05,0.03,50,3,0.8,0.01,components,4.0,1.73
tune_9,Testing/cor_polbooks-w.txt,1.0,0.05,0.03,50,3,0.8,0.01,components,3.0,1.72
tune_10,Testing/cor_polbooks-w.txt,1.0,0.05,0.03,50,3,0.8,0.01,components,4.0,1.75
tune_1,Testing/hos_20_r1_1.txt,1.0,0.05,0.03,50,3,0.8,0.01,components,2.0,1.05
tune_2,Testing/hos_20_r1_1.txt,1.0,0.05,0.03,50,3,0.8,0.01,components,2.0,1.03
tune_3,Testing/hos_20_r1_1.txt,1.0,0.05,0.03,50,3,0.8,0.01,components,2.0,1.05
tune_4,Testing/hos_20_r1_1.txt,1.0,0.05,0.03,50,3,0.8,0.01,components,2.0,1.09
tune_5,Testing/hos_20_r1_1.txt,1.0,0.05,0.03,50,3,0.8,0.01,components,2.0,1.06
tune_6,Testing/hos_20_r1_1.txt,1.0,0.05,0.03,50,3,0.8,0.01,components,2.0,1.08
tune_7,Testing/hos_20_r1_1.txt,1.0,0.05,0.03,50,3,0.8,0.01,components,2.0,1.06
tune_8,Testing/hos_20_r1_1.txt,1.0,0.05,0.03,50,3,0.8,0.01,components,2.0,1.05
tune_9,Testing/hos_20_r1_1.txt,1.0,0.05,0.03,50,3,0.8,0.01,components,2.0,1.07
tune_10,Testing/hos_20_r1_1.txt,1.0,0.05,0.03,50,3,0.8,0.01,components,2.0,1.04
tune_1,Testing/hos_20_r2_1.txt,1.0,0.05,0.03,50,3,0.8,0.01,components,2.0,1.08
tune_2,Testing/hos_20_r2_1.txt,1.0,0.05,0.03,50,3,0.8,0.01,components,2.0,1.10
tune_3,Testing/hos_20_r2_1.txt,1.0,0.05,0.03,50,3,0.8,0.01,components,2.0,1.22
tune_4,Testing/hos_20_r2_1.txt,1.0,0.05,0.03,50,3,0.8,0.01,components,2.0,1.06
tune_5,Testing/hos_20_r2_1.txt,1.0,0.05,0.03,50,3,0.8,0.01,components,2.0,1.10
tune_6,Testing/hos_20_r2_1.txt,1.0,0.05,0.03,50,3,0.8,0.01,components,2.0,1.09
tune_7,Testing/hos_20_r2_1.txt,1.0,0.05,0.03,50,3,0.8,0.01,components,2.0,1.07
tune_8,Testing/hos_20_r2_1.txt,1.0,0.05,0.03,50,3,0.8,0.01,components,2.0,1.09
tune_9,Testing/hos_20_r2_1.txt,1.0,0.05,0.03,50,3,0.8,0.01,components,2.0,1.07
tune_10,Testing/hos_20_r2_1.txt,1.0,0.05,0.03,50,3,0.8,0.01,components,2.0,1.09
tune_1,Testing/hos_25_r1_1.txt,1.0,0.05,0.03,50,3,0.8,0.01,components,2.0,1.08
tune_2,Testing/hos_25_r1_1.txt,1.0,0.05,0.03,50,3,0.8,0.01,components,2.0,1.07
tune_3,Testing/hos_25_r1_1.txt,1.0,0.05,0.03,50,3,0.8,0.01,components,2.0,1.05
tune_4,Testing/hos_25_r1_1.txt,1.0,0.05,0.03,50,3,0.8,0.01,components,2.0,1.09
tune_5,Testing/hos_25_r1_1.txt,1.0,0.05,0.03,50,3,0.8,0.01,components,2.0,1.07
tune_6,Testing/hos_25_r1_1.txt,1.0,0.05,0.03,50,3,0.8,0.01,components,2.0,1.07
tune_7,Testing/hos_25_r1_1.txt,1.0,0.05,0.03,50,3,0.8,0.01,components,2.0,1.11
tune_8,Testing/hos_25_r1_1.txt,1.0,0.05,0.03,50,3,0.8,0.01,components,2.0,1.07
tune_9,Testing/hos_25_r1_1.txt,1.0,0.05,0.03,50,3,0.8,0.01,components,2.0,1.07
tune_10,Testing/hos_25_r1_1.txt,1.0,0.05,0.03,50,3,0.8,0.01,components,2.0,1.12
tune_1,Testing/hos_25_r2_1.txt,1.0,0.05,0.03,50,3,0.8,0.01,components,2.0,1.10
tune_2,Testing/hos_25_r2_1.txt,1.0,0.05,0.03,50,3,0.8,0.01,components,1.0,1.10
tune_3,Testing/hos_25_r2_1.txt,1.0,0.05,0.03,50,3,0.8,0.01,components,2.0,1.12
tune_4,Testing/hos_25_r2_1.txt,1.0,0.05,0.03,50,3,0.8,0.01,components,2.0,1.09
tune_5,Testing/hos_25_r2_1.txt,1.0,0.05,0.03,50,3,0.8,0.01,components,2.0,1.12
tune_6,Testing/hos_25_r2_1.txt,1.0,0.05,0.03,50,3,0.8,0.01,components,1.0,1.12
tune_7,Testing/hos_25_r2_1.txt,1.0,0.05,0.03,50,3,0.8,0.01,components,2.0,1.12
tune_8,Testing/hos_25_r2_1.txt,1.0,0.05,0.03,50,3,0.8,0.01,components,2.0,1.11
tune_9,Testing/hos_25_r2_1.txt,1.0,0.05,0.03,50,3,0.8,0.01,components,2.0,1.13
tune_10,Testing/hos_25_r2_1.txt,1.0,0.05,0.03,50,3,0.8,0.01,components,2.0,1.11
tune_1,Testing/hos_30_r1_1.txt,1.0,0.05,0.03,50,3,0.8,0.01,components,2.0,1.11
tune_2,Testing/hos_30_r1_1.txt,1.0,0.05,0.03,50,3,0.8,0.01,components,2.0,1.11
tune_3,Testing/hos_30_r1_1.txt,1.0,0.05,0.03,50,3,0.8,0.01,components,2.0,1.07
tune_4,Testing/hos_30_r1_1.txt,1.0,0.05,0.03,50,3,0.8,0.01,components,2.0,1.11
tune_5,Testing/hos_30_r1_1.txt,1.0,0.05,0.03,50,3,0.8,0.01,components,2.0,1.09
tune_6,Testing/hos_30_r1_1.txt,1.0,0.05,0.03,50,3,0.8,0.01,components,2.0,1.11
tune_7,Testing/hos_30_r1_1.txt,1.0,0.05,0.03,50,3,0.8,0.01,components,2.0,1.08
tune_8,Testing/hos_30_r1_1.txt,1.0,0.05,0.03,50,3,0.8,0.01,components,3.0,1.10
tune_9,Testing/hos_30_r1_1.txt,1.0,0.05,0.03,50,3,0.8,0.01,components,2.0,1.10
tune_10,Testing/hos_30_r1_1.txt,1.0,0.05,0.03,50,3,0.8,0.01,components,2.0,1.11
tune_1,Testing/hos_30_r2_1.txt,1.0,0.05,0.03,50,3,0.8,0.01,components,2.0,1.18
tune_2,Testing/hos_30_r2_1.txt,1.0,0.05,0.03,50,3,0.8,0.01,components,2.0,1.14
tune_3,Testing/hos_30_r2_1.txt,1.0,0.05,0.03,50,3,0.8,0.01,components,2.0,1.13
tune_4,Testing/hos_30_r2_1.txt,1.0,0.05,0.03,50,3,0.8,0.01,components,2.0,1.14
tune_5,Testing/hos_30_r2_1.txt,1.0,0.05,0.03,50,3,0.8,0.01,components,2.0,1.12
tune_6,Testing/hos_30_r2_1.txt,1.0,0.05,0.03,50,3,0.8,0.01,components,2.0,1.15
tune_7,Testing/hos_30_r2_1.txt,1.0,0.05,0.03,50,3,0.8,0.01,components,2.0,1.15
tune_8,Testing/hos_30_r2_1.txt,1.0,0.05,0.03,50,3,0.8,0.01,components,2.0,1.16
tune_9,Testing/hos_30_r2_1.txt,1.0,0.05,0.03,50,3,0.8,0.01,components,2.0,1.12
tune_10,Testing/hos_30_r2_1.txt,1.0,0.05,0.03,50,3,0.8,0.01,components,2.0,1.12
tune_1,Testing/hos_35_r1_1.txt,1.0,0.05,0.03,50,3,0.8,0.01,components,3.0,1.13
tune_2,Testing/hos_35_r1_1.txt,1.0,0.05,0.03,50,3,0.8,0.01,components,3.0,1.12
tune_3,Testing/hos_35_r1_1.txt,1.0,0.05,0.03,50,3,0.8,0.01,components,3.0,1.09
tune_4,Testing/hos_35_r1_1.txt,1.0,0.05,0.03,50,3,0.8,0.01,components,3.0,1.10
tune_5,Testing/hos_35_r1_1.txt,1.0,0.05,0.03,50,3,0.8,0.01,components,3.0,1.10
tune_6,Testing/hos_35_r1_1.txt,1.0,0.05,0.03,50,3,0.8,0.01,components,3.0,1.10
tune_7,Testing/hos_35_r1_1.txt,1.0,0.05,0.03,50,3,0.8,0.01,components,3.0,1.11
tune_8,Testing/hos_35_r1_1.txt,1.0,0.05,0.03,50,3,0.8,0.01,components,3.0,1.10
tune_9,Testing/hos_35_r1_1.txt,1.0,0.05,0.03,50,3,0.8,0.01,components,3.0,1.10
tune_10,Testing/hos_35_r1_1.txt,1.0,0.05,0.03,50,3,0.8,0.01,components,2.0,1.10
tune_1,Testing/hos_35_r2_1.txt,1.0,0.05,0.03,50,3,0.8,0.01,components,1.0,1.20
tune_2,Testing/hos_35_r2_1.txt,1.0,0.05,0.03,50,3,0.8,0.01,components,1.0,1.18
tune_3,Testing/hos_35_r2_1.txt,1.0,0.05,0.03,50,3,0.8,0.01,components,1.0,1.19
tune_4,Testing/hos_35_r2_1.txt,1.0,0.05,0.03,50,3,0.8,0.01,components,2.0,1.19
tune_5,Testing/hos_35_r2_1.txt,1.0,0.05,0.03,50,3,0.8,0.01,components,1.0,1.19
tune_6,Testing/hos_35_r2_1.txt,1.0,0.05,0.03,50,3,0.8,0.01,components,1.0,1.19
tune_7,Testing/hos_35_r2_1.txt,1.0,0.05,0.03,50,3,0.8,0.01,components,1.0,1.18
tune_8,Testing/hos_35_r2_1.txt,1.0,0.05,0.03,50,3,0.8,0.01,components,1.0,1.18
tune_9,Testing/hos_35_r2_1.txt,1.0,0.05,0.03,50,3,0.8,0.01,components,2.0,1.16
tune_10,Testing/hos_35_r2_1.txt,1.0,0.05,0.03,50,3,0.8,0.01,components,1.0,1.19
tune_1,Testing/hos_40_r1_1.txt,1.0,0.05,0.03,50,3,0.8,0.01,components,2.0,1.14
tune_2,Testing/hos_40_r1_1.txt,1.0,0.05,0.03,50,3,0.8,0.01,components,3.0,1.17
tune_3,Testing/hos_40_r1_1.txt,1.0,0.05,0.03,50,3,0.8,0.01,components,2.0,1.12
tune_4,Testing/hos_40_r1_1.txt,1.0,0.05,0.03,50,3,0.8,0.01,components,2.0,1.16
tune_5,Testing/hos_40_r1_1.txt,1.0,0.05,0.03,50,3,0.8,0.01,components,3.0,1.16
tune_6,Testing/hos_40_r1_1.txt,1.0,0.05,0.03,50,3,0.8,0.01,components,3.0,1.15
tune_7,Testing/hos_40_r1_1.txt,1.0,0.05,0.03,50,3,0.8,0.01,components,3.0,1.14
tune_8,Testing/hos_40_r1_1.txt,1.0,0.05,0.03,50,3,0.8,0.01,components,2.0,1.15
tune_9,Testing/hos_40_r1_1.txt,1.0,0.05,0.03,50,3,0.8,0.01,components,2.0,1.16
tune_10,Testing/hos_40_r1_1.txt,1.0,0.05,0.03,50,3,0.8,0.01,components,2.0,1.16
tune_1,Testing/hos_40_r2_1.txt,1.0,0.05,0.03,50,3,0.8,0.01,components,1.0,1.27
tune_2,Testing/hos_40_r2_1.txt,1.0,0.05,0.03,50,3,0.8,0.01,components,1.0,1.26
tune_3,Testing/hos_40_r2_1.txt,1.0,0.05,0.03,50,3,0.8,0.01,components,1.0,1.25
tune_4,Testing/hos_40_r2_1.txt,1.0,0.05,0.03,50,3,0.8,0.01,components,2.0,1.23
tune_5,Testing/hos_40_r2_1.txt,1.0,0.05,0.03,50,3,0.8,0.01,components,1.0,1.24
tune_6,Testing/hos_40_r2_1.txt,1.0,0.05,0.03,50,3,0.8,0.01,components,1.0,1.24
tune_7,Testing/hos_40_r2_1.txt,1.0,0.05,0.03,50,3,0.8,0.01,components,1.0,1.24
tune_8,Testing/hos_40_r2_1.txt,1.0,0.05,0.03,50,3,0.8,0.01,components,1.0,1.25
tune_9,Testing/hos_40_r2_1.txt,1.0,0.05,0.03,50,3,0.8,0.01,components,1.0,1.22
tune_10,Testing/hos_40_r2_1.txt,1.0,0.05,0.03,50,3,0.8,0.01,components,1.0,1.24
tune_1,Testing/hos_45_r1_1.txt,1.0,0.05,0.03,50,3,0.8,0.01,components,2.0,1.18
tune_2,Testing/hos_45_r1_1.txt,1.0,0.05,0.03,50,3,0.8,0.01,components,2.0,1.17
tune_3,Testing/hos_45_r1_1.txt,1.0,0.05,0.03,50,3,0.8,0.01,components,3.0,1.17
tune_4,Testing/hos_45_r1_1.txt,1.0,0.05,0.03,50,3,0.8,0.01,components,3.0,1.18
tune_5,Testing/hos_45_r1_1.txt,1.0,0.05,0.03,50,3,0.8,0.01,components,2.0,1.27
tune_6,Testing/hos_45_r1_1.txt,1.0,0.05,0.03,50,3,0.8,0.01,components,3.0,1.16
tune_7,Testing/hos_45_r1_1.txt,1.0,0.05,0.03,50,3,0.8,0.01,components,3.0,1.17
tune_8,Testing/hos_45_r1_1.txt,1.0,0.05,0.03,50,3,0.8,0.01,components,3.0,1.16
tune_9,Testing/hos_45_r1_1.txt,1.0,0.05,0.03,50,3,0.8,0.01,components,2.0,1.16
tune_10,Testing/hos_45_r1_1.txt,1.0,0.05,0.03,50,3,0.8,0.01,components,2.0,1.16
tune_1,Testing/hos_45_r2_1.txt,1.0,0.05,0.03,50,3,0.8,0.01,components,1.0,1.32
tune_2,Testing/hos_45_r2_1.txt,1.0,0.05,0.03,50,3,0.8,0.01,components,1.0,1.36
tune_3,Testing/hos_45_r2_1.txt,1.0,0.05,0.03,50,3,0.8,0.01,components,1.0,1.34
tune_4,Testing/hos_45_r2_1.txt,1.0,0.05,0.03,50,3,0.8,0.01,components,1.0,1.34
tune_5,Testing/hos_45_r2_1.txt,1.0,0.05,0.03,50,3,0.8,0.01,components,1.0,1.32
tune_6,Testing/hos_45_r2_1.txt,1.0,0.05,0.03,50,3,0.8,0.01,components,1.0,1.31
tune_7,Testing/hos_45_r2_1.txt,1.0,0.05,0.03,50,3,0.8,0.01,components,1.0,1.29
tune_8,Testing/hos_45_r2_1.txt,1.0,0.05,0.03,50,3,0.8,0.01,components,1.0,1.32
tune_9,Testing/hos_45_r2_1.txt,1.0,0.05,0.03,50,3,0.8,0.01,components,1.0,1.31
tune_10,Testing/hos_45_r2_1.txt,1.0,0.05,0.03,50,3,0.8,0.01,components,1.0,1.31
tune_1,Testing/hos_50_r1_1.txt,1.0,0.05,0.03,50,3,0.8,0.01,components,3.0,1.20
tune_2,Testing/hos_50_r1_1.txt,1.0,0.05,0.03,50,3,0.8,0.01,components,3.0,1.22
tune_3,Testing/hos_50_r1_1.txt,1.0,0.05,0.03,50,3,0.8,0.01,components,3.0,1.22
tune_4,Testing/hos_50_r1_1.txt,1.0,0.05,0.03,50,3,0.8,0.01,components,3.0,1.19
tune_5,Testing/hos_50_r1_1.txt,1.0,0.05,0.03,50,3,0.8,0.01,components,2.0,1.22
tune_6,Testing/hos_50_r1_1.txt,1.0,0.05,0.03,50,3,0.8,0.01,components,2.0,1.22
tune_7,Testing/hos_50_r1_1.txt,1.0,0.05,0.03,50,3,0.8,0.01,components,3.0,1.28
tune_8,Testing/hos_50_r1_1.txt,1.0,0.05,0.03,50,3,0.8,0.01,components,2.0,1.23
tune_9,Testing/hos_50_r1_1.txt,1.0,0.05,0.03,50,3,0.8,0.01,components,2.0,1.20
tune_10,Testing/hos_50_r1_1.txt,1.0,0.05,0.03,50,3,0.8,0.01,components,3.0,1.19
tune_1,Testing/hos_50_r2_1.txt,1.0,0.05,0.03,50,3,0.8,0.01,components,1.0,1.39
tune_2,Testing/hos_50_r2_1.txt,1.0,0.05,0.03,50,3,0.8,0.01,components,1.0,1.40
tune_3,Testing/hos_50_r2_1.txt,1.0,0.05,0.03,50,3,0.8,0.01,components,1.0,1.41
tune_4,Testing/hos_50_r2_1.txt,1.0,0.05,0.03,50,3,0.8,0.01,components,1.0,1.41
tune_5,Testing/hos_50_r2_1.txt,1.0,0.05,0.03,50,3,0.8,0.01,components,1.0,1.42
tune_6,Testing/hos_50_r2_1.txt,1.0,0.05,0.03,50,3,0.8,0.01,components,1.0,1.40
tune_7,Testing/hos_50_r2_1.txt,1.0,0.05,0.03,50,3,0.8,0.01,components,1.0,1.42
tune_8,Testing/hos_50_r2_1.txt,1.0,0.05,0.03,50,3,0.8,0.01,components,1.0,1.44
tune_9,Testing/hos_50_r2_1.txt,1.0,0.05,0.03,50,3,0.8,0.01,components,1.0,1.40
tune_10,Testing/hos_50_r2_1.txt,1.0,0.05,0.03,50,3,0.8,0.01,components,1.0,1.45
tune_1,Testing/mac_grafo10dens30.txt,1.0,0.05,0.03,50,3,0.8,0.01,components,1.0,1.02
tune_2,Testing/mac_grafo10dens30.txt,1.0,0.05,0.03,50,3,0.8,0.01,components,1.0,1.03
tune_3,Testing/mac_grafo10dens30.txt,1.0,0.05,0.03,50,3,0.8,0.01,components,1.0,1.02
tune_4,Testing/mac_grafo10dens30.txt,1.0,0.05,0.03,50,3,0.8,0.01,components,1.0,1.01
tune_5,Testing/mac_grafo10dens30.txt,1.0,0.05,0.03,50,3,0.8,0.01,components,1.0,1.05
tune_6,Testing/mac_grafo10dens30.txt,1.0,0.05,0.03,50,3,0.8,0.01,components,1.0,1.05
tune_7,Testing/mac_grafo10dens30.txt,1.0,0.05,0.03,50,3,0.8,0.01,components,1.0,1.01
tune_8,Testing/mac_grafo10dens30.txt,1.0,0.05,0.03,50,3,0.8,0.01,components,1.0,1.07
tune_9,Testing/mac_grafo10dens30.txt,1.0,0.05,0.03,50,3,0.8,0.01,components,1.0,1.05
tune_10,Testing/mac_grafo10dens30.txt,1.0,0.05,0.03,50,3,0.8,0.01,components,1.0,1.04
tune_1,Testing/mac_grafo11dens30.txt,1.0,0.05,0.03,50,3,0.8,0.01,components,1.0,1.06
tune_2,Testing/mac_grafo11dens30.txt,1.0,0.05,0.03,50,3,0.8,0.01,components,1.0,1.04
tune_3,Testing/mac_grafo11dens30.txt,1.0,0.05,0.03,50,3,0.8,0.01,components,1.0,1.04
tune_4,Testing/mac_grafo11dens30.txt,1.0,0.05,0.03,50,3,0.8,0.01,components,1.0,1.05
tune_5,Testing/mac_grafo11dens30.txt,1.0,0.05,0.03,50,3,0.8,0.01,components,1.0,1.04
tune_6,Testing/mac_grafo11dens30.txt,1.0,0.05,0.03,50,3,0.8,0.01,components,1.0,1.03
tune_7,Testing/mac_grafo11dens30.txt,1.0,0.05,0.03,50,3,0.8,0.01,components,1.0,1.03
tune_8,Testing/mac_grafo11dens30.txt,1.0,0.05,0.03,50,3,0.8,0.01,components,1.0,1.02
tune_9,Testing/mac_grafo11dens30.txt,1.0,0.05,0.03,50,3,0.8,0.01,components,1.0,1.04
tune_10,Testing/mac_grafo11dens30.txt,1.0,0.05,0.03,50,3,0.8,0.01,components,1.0,1.05
tune_1,Testing/mac_grafo12dens30.txt,1.0,0.05,0.03,50,3,0.8,0.01,components,1.0,1.04
tune_2,Testing/mac_grafo12dens30.txt,1.0,0.05,0.03,50,3,0.8,0.01,components,1.0,1.06
tune_3,Testing/mac_grafo12dens30.txt,1.0,0.05,0.03,50,3,0.8,0.01,components,1.0,1.06
tune_4,Testing/mac_grafo12dens30.txt,1.0,0.05,0.03,50,3,0.8,0.01,components,1.0,1.04
tune_5,Testing/mac_grafo12dens30.txt,1.0,0.05,0.03,50,3,0.8,0.01,components,1.0,1.06
tune_6,Testing/mac_grafo12dens30.txt,1.0,0.05,0.03,50,3,0.8,0.01,components,1.0,1.06
tune_7,Testing/mac_grafo12dens30.txt,1.0,0.05,0.03,50,3,0.8,0.01,components,1.0,1.03
tune_8,Testing/mac_grafo12dens30.txt,1.0,0.05,0.03,50,3,0.8,0.01,components,1.0,1.02
tune_9,Testing/mac_grafo12dens30.txt,1.0,0.05,0.03,50,3,0.8,0.01,components,1.0,1.08
tune_10,Testing/mac_grafo12dens30.txt,1.0,0.05,0.03,50,3,0.8,0.01,components,1.0,1.04
tune_1,Testing/mac_grafo13dens30.txt,1.0,0.05,0.03,50,3,0.8,0.01,components,1.0,1.04
tune_2,Testing/mac_grafo13dens30.txt,1.0,0.05,0.03,50,3,0.8,0.01,components,1.0,1.08
tune_3,Testing/mac_grafo13dens30.txt,1.0,0.05,0.03,50,3,0.8,0.01,components,1.0,1.05
tune_4,Testing/mac_grafo13dens30.txt,1.0,0.05,0.03,50,3,0.8,0.01,components,1.0,1.07
tune_5,Testing/mac_grafo13dens30.txt,1.0,0.05,0.03,50,3,0.8,0.01,components,1.0,1.06
tune_6,Testing/mac_grafo13dens30.txt,1.0,0.05,0.03,50,3,0.8,0.01,components,1.0,1.04
tune_7,Testing/mac_grafo13dens30.txt,1.0,0.05,0.03,50,3,0.8,0.01,components,1.0,1.11
tune_8,Testing/mac_grafo13dens30.txt,1.0,0.05,0.03,50,3,0.8,0.01,components,1.0,1.04
tune_9,Testing/mac_grafo13dens30.txt,1.0,0.05,0.03,50,3,0.8,0.01,components,1.0,1.05
tune_10,Testing/mac_grafo13dens30.txt,1.0,0.05,0.03,50,3,0.8,0.01,components,1.0,1.06
tune_1,Testing/mac_grafo14dens30.txt,1.0,0.05,0.03,50,3,0.8,0.01,components,1.0,1.07
tune_2,Testing/mac_grafo14dens30.txt,1.0,0.05,0.03,50,3,0.8,0.01,components,1.0,1.07
tune_3,Testing/mac_grafo14dens30.txt,1.0,0.05,0.03,50,3,0.8,0.01,components,1.0,1.04
tune_4,Testing/mac_grafo14dens30.txt,1.0,0.05,0.03,50,3,0.8,0.01,components,1.0,1.09
tune_5,Testing/mac_grafo14dens30.txt,1.0,0.05,0.03,50,3,0.8,0.01,components,1.0,1.02
tune_6,Testing/mac_grafo14dens30.txt,1.0,0.05,0.03,50,3,0.8,0.01,components,1.0,1.05
tune_7,Testing/mac_grafo14dens30.txt,1.0,0.05,0.03,50,3,0.8,0.01,components,1.0,1.07
tune_8,Testing/mac_grafo14dens30.txt,1.0,0.05,0.03,50,3,0.8,0.01,components,1.0,1.05
tune_9,Testing/mac_grafo14dens30.txt,1.0,0.05,0.03,50,3,0.8,0.01,components,1.0,1.04
tune_10,Testing/mac_grafo14dens30.txt,1.0,0.05,0.03,50,3,0.8,0.01,components,1.0,1.05
tune_1,Testing/mac_grafo15dens30.txt,1.0,0.05,0.03,50,3,0.8,0.01,components,1.0,1.05
tune_2,Testing/mac_grafo15dens30.txt,1.0,0.05,0.03,50,3,0.8,0.01,components,1.0,1.05
tune_3,Testing/mac_grafo15dens30.txt,1.0,0.05,0.03,50,3,0.8,0.01,components,1.0,1.07
tune_4,Testing/mac_grafo15dens30.txt,1.0,0.05,0.03,50,3,0.8,0.01,components,1.0,1.06
tune_5,Testing/mac_grafo15dens30.txt,1.0,0.05,0.03,50,3,0.8,0.01,components,1.0,1.06
tune_6,Testing/mac_grafo15dens30.txt,1.0,0.05,0.03,50,3,0.8,0.01,components,1.0,1.11
tune_7,Testing/mac_grafo15dens30.txt,1.0,0.05,0.03,50,3,0.8,0.01,components,1.0,1.06
tune_8,Testing/mac_grafo15dens30.txt,1.0,0.05,0.03,50,3,0.8,0.01,components,1.0,1.06
tune_9,Testing/mac_grafo15dens30.txt,1.0,0.05,0.03,50,3,0.8,0.01,components,1.0,1.10
tune_10,Testing/mac_grafo15dens30.txt,1.0,0.05,0.03,50,3,0.8,0.01,components,1.0,1.07
tune_1,Testing/mac_grafo16dens30.txt,1.0,0.05,0.03,50,3,0.8,0.01,components,1.0,1.08
tune_2,Testing/mac_grafo16dens30.txt,1.0,0.05,0.03,50,3,0.8,0.01,components,2.0,1.08
tune_3,Testing/mac_grafo16dens30.txt,1.0,0.05,0.03,50,3,0.8,0.01,components,2.0,1.05
tune_4,Testing/mac_grafo16dens30.txt,1.0,0.05,0.03,50,3,0.8,0.01,components,1.0,1.14
tune_5,Testing/mac_grafo16dens30.txt,1.0,0.05,0.03,50,3,0.8,0.01,components,2.0,1.06
tune_6,Testing/mac_grafo16dens30.txt,1.0,0.05,0.03,50,3,0.8,0.01,components,2.0,1.07
tune_7,Testing/mac_grafo16dens30.txt,1.0,0.05,0.03,50,3,0.8,0.01,components,2.0,1.07
tune_8,Testing/mac_grafo16dens30.txt,1.0,0.05,0.03,50,3,0.8,0.01,components,1.0,1.07
tune_9,Testing/mac_grafo16dens30.txt,1.0,0.05,0.03,50,3,0.8,0.01,components,2.0,1.07
tune_10,Testing/mac_grafo16dens30.txt,1.0,0.05,0.03,50,3,0.8,0.01,components,1.0,1.11
tune_1,Testing/mac_grafo17dens30.txt,1.0,0.05,0.03,50,3,0.8,0.01,components,2.0,1.08
tune_2,Testing/mac_grafo17dens30.txt,1.0,0.05,0.03,50,3,0.8,0.01,components,2.0,1.09
tune_3,Testing/mac_grafo17dens30.txt,1.0,0.05,0.03,50,3,0.8,0.01,components,2.0,1.09
tune_4,Testing/mac_grafo17dens30.txt,1.0,0.05,0.03,50,3,0.8,0.01,components,2.0,1.11
tune_5,Testing/mac_grafo17dens30.txt,1.0,0.05,0.03,50,3,0.8,0.01,components,1.0,1.10
tune_6,Testing/mac_grafo17dens30.txt,1.0,0.05,0.03,50,3,0.8,0.01,components,2.0,1.09
tune_7,Testing/mac_grafo17dens30.txt,1.0,0.05,0.03,50,3,0.8,0.01,components,2.0,1.13
tune_8,Testing/mac_grafo17dens30.txt,1.0,0.05,0.03,50,3,0.8,0.01,components,1.0,1.08
tune_9,Testing/mac_grafo17dens30.txt,1.0,0.05,0.03,50,3,0.8,0.01,components,2.0,1.08
tune_10,Testing/mac_grafo17dens30.txt,1.0,0.05,0.03,50,3,0.8,0.01,components,1.0,1.08
tune_1,Testing/mac_grafo18dens30.txt,1.0,0.05,0.03,50,3,0.8,0.01,components,1.0,1.11
tune_2,Testing/mac_grafo18dens30.txt,1.0,0.05,0.03,50,3,0.8,0.01,components,1.0,1.09
tune_3,Testing/mac_grafo18dens30.txt,1.0,0.05,0.03,50,3,0.8,0.01,components,1.0,1.07
tune_4,Testing/mac_grafo18dens30.txt,1.0,0.05,0.03,50,3,0.8,0.01,components,1.0,1.11
tune_5,Testing/mac_grafo18dens30.txt,1.0,0.05,0.03,50,3,0.8,0.01,components,1.0,1.07
tune_6,Testing/mac_grafo18dens30.txt,1.0,0.05,0.03,50,3,0.8,0.01,components,1.0,1.06
tune_7,Testing/mac_grafo18dens30.txt,1.0,0.05,0.03,50,3,0.8,0.01,components,1.0,1.12
tune_8,Testing/mac_grafo18dens30.txt,1.0,0.05,0.03,50,3,0.8,0.01,components,1.0,1.09
tune_9,Testing/mac_grafo18dens30.txt,1.0,0.05,0.03,50,3,0.8,0.01,components,1.0,1.09
tune_10,Testing/mac_grafo18dens30.txt,1.0,0.05,0.03,50,3,0.8,0.01,components,1.0,1.08
tune_1,Testing/mac_grafo19dens30.txt,1.0,0.05,0.03,50,3,0.8,0.01,components,1.0,1.12
tune_2,Testing/mac_grafo19dens30.txt,1.0,0.05,0.03,50,3,0.8,0.01,components,1.0,1.11
tune_3,Testing/mac_grafo19dens30.txt,1.0,0.05,0.03,50,3,0.8,0.01,components,1.0,1.11
tune_4,Testing/mac_grafo19dens30.txt,1.0,0.05,0.03,50,3,0.8,0.01,components,1.0,1.08
tune_5,Testing/mac_grafo19dens30.txt,1.0,0.05,0.03,50,3,0.8,0.01,components,1.0,1.10
tune_6,Testing/mac_grafo19dens30.txt,1.0,0.05,0.03,50,3,0.8,0.01,components,1.0,1.10
tune_7,Testing/mac_grafo19dens30.txt,1.0,0.05,0.03,50,3,0.8,0.01,components,1.0,1.11
tune_8,Testing/mac_grafo19dens30.txt,1.0,0.05,0.03,50,3,0.8,0.01,components,1.0,1.09
tune_9,Testing/mac_grafo19dens30.txt,1.0,0.05,0.03,50,3,0.8,0.01,components,1.0,1.09
tune_10,Testing/mac_grafo19dens30.txt,1.0,0.05,0.03,50,3,0.8,0.01,components,1.0,1.10
tune_1,Testing/mac_grafo20dens30.txt,1.0,0.05,0.03,50,3,0.8,0.01,components,2.0,1.09
tune_2,Testing/mac_grafo20dens30.txt,1.0,0.05,0.03,50,3,0.8,0.01,components,1.0,1.08
tune_3,Testing/mac_grafo20dens30.txt,1.0,0.05,0.03,50,3,0.8,0.01,components,2.0,1.08
tune_4,Testing/mac_grafo20dens30.txt,1.0,0.05,0.03,50,3,0.8,0.01,components,1.0,1.12
tune_5,Testing/mac_grafo20dens30.txt,1.0,0.05,0.03,50,3,0.8,0.01,components,2.0,1.08
tune_6,Testing/mac_grafo20dens30.txt,1.0,0.05,0.03,50,3,0.8,0.01,components,2.0,1.14
tune_7,Testing/mac_grafo20dens30.txt,1.0,0.05,0.03,50,3,0.8,0.01,components,1.0,1.10
tune_8,Testing/mac_grafo20dens30.txt,1.0,0.05,0.03,50,3,0.8,0.01,components,2.0,1.10
tune_9,Testing/mac_grafo20dens30.txt,1.0,0.05,0.03,50,3,0.8,0.01,components,2.0,1.13
tune_10,Testing/mac_grafo20dens30.txt,1.0,0.05,0.03,50,3,0.8,0.01,components,2.0,1.07
tune_1,Testing/mac_grafo21dens30.txt,1.0,0.05,0.03,50,3,0.8,0.01,components,1.0,1.12
tune_2,Testing/mac_grafo21dens30.txt,1.0,0.05,0.03,50,3,0.8,0.01,components,2.0,1.10
tune_3,Testing/mac_grafo21dens30.txt,1.0,0.05,0.03,50,3,0.8,0.01,components,2.0,1.08
tune_4,Testing/mac_grafo21dens30.txt,1.0,0.05,0.03,50,3,0.8,0.01,components,1.0,1.13
tune_5,Testing/mac_grafo21dens30.txt,1.0,0.05,0.03,50,3,0.8,0.01,components,1.0,1.10
tune_6,Testing/mac_grafo21dens30.txt,1.0,0.05,0.03,50,3,0.8,0.01,components,2.0,1.09
tune_7,Testing/mac_grafo21dens30.txt,1.0,0.05,0.03,50,3,0.8,0.01,components,2.0,1.13
tune_8,Testing/mac_grafo21dens30.txt,1.0,0.05,0.03,50,3,0.8,0.01,components,1.0,1.11
tune_9,Testing/mac_grafo21dens30.txt,1.0,0.05,0.03,50,3,0.8,0.01,components,1.0,1.12
tune_10,Testing/mac_grafo21dens30.txt,1.0,0.05,0.03,50,3,0.8,0.01,components,1.0,1.12
tune_1,Testing/mac_grafo22dens30.txt,1.0,0.05,0.03,50,3,0.8,0.01,components,1.0,1.14
tune_2,Testing/mac_grafo22dens30.txt,1.0,0.05,0.03,50,3,0.8,0.01,components,1.0,1.13
tune_3,Testing/mac_grafo22dens30.txt,1.0,0.05,0.03,50,3,0.8,0.01,components,2.0,1.12
tune_4,Testing/mac_grafo22dens30.txt,1.0,0.05,0.03,50,3,0.8,0.01,components,1.0,1.15
tune_5,Testing/mac_grafo22dens30.txt,1.0,0.05,0.03,50,3,0.8,0.01,components,2.0,1.16
tune_6,Testing/mac_grafo22dens30.txt,1.0,0.05,0.03,50,3,0.8,0.01,components,1.0,1.14
tune_7,Testing/mac_grafo22dens30.txt,1.0,0.05,0.03,50,3,0.8,0.01,components,1.0,1.12
tune_8,Testing/mac_grafo22dens30.txt,1.0,0.05,0.03,50,3,0.8,0.01,components,1.0,1.13
tune_9,Testing/mac_grafo22dens30.txt,1.0,0.05,0.03,50,3,0.8,0.01,components,1.0,1.12
tune_10,Testing/mac_grafo22dens30.txt,1.0,0.05,0.03,50,3,0.8,0.01,components,2.0,1.12
tune_1,Testing/mac_grafo23dens30.txt,1.0,0.05,0.03,50,3,0.8,0.01,components,1.0,1.15
tune_2,Testing/mac_grafo23dens30.txt,1.0,0.05,0.03,50,3,0.8,0.01,components,1.0,1.15
tune_3,Testing/mac_grafo23dens30.txt,1.0,0.05,0.03,50,3,0.8,0.01,components,1.0,1.10
tune_4,Testing/mac_grafo23dens30.txt,1.0,0.05,0.03,50,3,0.8,0.01,components,1.0,1.11
tune_5,Testing/mac_grafo23dens30.txt,1.0,0.05,0.03,50,3,0.8,0.01,components,1.0,1.12
tune_6,Testing/mac_grafo23dens30.txt,1.0,0.05,0.03,50,3,0.8,0.01,components,1.0,1.13
tune_7,Testing/mac_grafo23dens30.txt,1.0,0.05,0.03,50,3,0.8,0.01,components,1.0,1.13
tune_8,Testing/mac_grafo23dens30.txt,1.0,0.05,0.03,50,3,0.8,0.01,components,1.0,1.14
tune_9,Testing/mac_grafo23dens30.txt,1.0,0.05,0.03,50,3,0.8,0.01,components,1.0,1.13
tune_10,Testing/mac_grafo23dens30.txt,1.0,0.05,0.03,50,3,0.8,0.01,components,1.0,1.12
tune_1,Testing/mac_grafo24dens30.txt,1.0,0.05,0.03,50,3,0.8,0.01,components,2.0,1.13
tune_2,Testing/mac_grafo24dens30.txt,1.0,0.05,0.03,50,3,0.8,0.01,components,2.0,1.14
tune_3,Testing/mac_grafo24dens30.txt,1.0,0.05,0.03,50,3,0.8,0.01,components,2.0,1.14
tune_4,Testing/mac_grafo24dens30.txt,1.0,0.05,0.03,50,3,0.8,0.01,components,2.0,1.16
tune_5,Testing/mac_grafo24dens30.txt,1.0,0.05,0.03,50,3,0.8,0.01,components,2.0,1.16
tune_6,Testing/mac_grafo24dens30.txt,1.0,0.05,0.03,50,3,0.8,0.01,components,2.0,1.14
tune_7,Testing/mac_grafo24dens30.txt,1.0,0.05,0.03,50,3,0.8,0.01,components,2.0,1.15
tune_8,Testing/mac_grafo24dens30.txt,1.0,0.05,0.03,50,3,0.8,0.01,components,2.0,1.12
tune_9,Testing/mac_grafo24dens30.txt,1.0,0.05,0.03,50,3,0.8,0.01,components,2.0,1.12
tune_10,Testing/mac_grafo24dens30.txt,1.0,0.05,0.03,50,3,0.8,0.01,components,1.0,1.24
tune_1,Testing/mac_grafo25dens30.txt,1.0,0.05,0.03,50,3,0.8,0.01,components,1.0,1.15
tune_2,Testing/mac_grafo25dens30.txt,1.0,0.05,0.03,50,3,0.8,0.01,components,1.0,1.13
tune_3,Testing/mac_grafo25dens30.txt,1.0,0.05,0.03,50,3,0.8,0.01,components,1.0,1.14
tune_4,Testing/mac_grafo25dens30.txt,1.0,0.05,0.03,50,3,0.8,0.01,components,1.0,1.14
tune_5,Testing/mac_grafo25dens30.txt,1.0,0.05,0.03,50,3,0.8,0.01,components,1.0,1.13
tune_6,Testing/mac_grafo25dens30.txt,1.0,0.05,0.03,50,3,0.8,0.01,components,1.0,1.15
tune_7,Testing/mac_grafo25dens30.txt,1.0,0.05,0.03,50,3,0.8,0.01,components,1.0,1.15
tune_8,Testing/mac_grafo25dens30.txt,1.0,0.05,0.03,50,3,0.8,0.01,components,1.0,1.15
tune_9,Testing/mac_grafo25dens30.txt,1.0,0.05,0.03,50,3,0.8,0.01,components,1.0,1.12
tune_10,Testing/mac_grafo25dens30.txt,1.0,0.05,0.03,50,3,0.8,0.01,components,1.0,1.14
tune_1,Testing/mac_grafo26dens30.txt,1.0,0.05,0.03,50,3,0.8,0.01,components,1.0,1.14
tune_2,Testing/mac_grafo26dens30.txt,1.0,0.05,0.03,50,3,0.8,0.01,components,1.0,1.13
tune_3,Testing/mac_grafo26dens30.txt,1.0,0.05,0.03,50,3,0.8,0.01,components,1.0,1.16
tune_4,Testing/mac_grafo26dens30.txt,1.0,0.05,0.03,50,3,0.8,0.01,components,1.0,1.16
tune_5,Testing/mac_grafo26dens30.txt,1.0,0.05,0.03,50,3,0.8,0.01,components,1.0,1.15
tune_6,Testing/mac_grafo26dens30.txt,1.0,0.05,0.03,50,3,0.8,0.01,components,1.0,1.16
tune_7,Testing/mac_grafo26dens30.txt,1.0,0.05,0.03,50,3,0.8,0.01,components,1.0,1.16
tune_8,Testing/mac_grafo26dens30.txt,1.0,0.05,0.03,50,3,0.8,0.01,components,1.0,1.16
tune_9,Testing/mac_grafo26dens30.txt,1.0,0.05,0.03,50,3,0.8,0.01,components,1.0,1.16
tune_10,Testing/mac_grafo26dens30.txt,1.0,0.05,0.03,50,3,0.8,0.01,components,1.0,1.15
tune_1,Testing/mac_grafo27dens30.txt,1.0,0.05,0.03,50,3,0.8,0.01,components,2.0,1.17
tune_2,Testing/mac_grafo27dens30.txt,1.0,0.05,0.03,50,3,0.8,0.01,components,1.0,1.18
tune_3,Testing/mac_grafo27dens30.txt,1.0,0.05,0.03,50,3,0.8,0.01,components,1.0,1.18
tune_4,Testing/mac_grafo27dens30.txt,1.0,0.05,0.03,50,3,0.8,0.01,components,1.0,1.16
tune_5,Testing/mac_grafo27dens30.txt,1.0,0.05,0.03,50,3,0.8,0.01,components,2.0,1.21
tune_6,Testing/mac_grafo27dens30.txt,1.0,0.05,0.03,50,3,0.8,0.01,components,2.0,1.16
tune_7,Testing/mac_grafo27dens30.txt,1.0,0.05,0.03,50,3,0.8,0.01,components,2.0,1.17
tune_8,Testing/mac_grafo27dens30.txt,1.0,0.05,0.03,50,3,0.8,0.01,components,1.0,1.17
tune_9,Testing/mac_grafo27dens30.txt,1.0,0.05,0.03,50,3,0.8,0.01,components,1.0,1.18
tune_10,Testing/mac_grafo27dens30.txt,1.0,0.05,0.03,50,3,0.8,0.01,components,1.0,1.18
tune_1,Testing/mac_grafo28dens30.txt,1.0,0.05,0.03,50,3,0.8,0.01,components,1.0,1.19
tune_2,Testing/mac_grafo28dens30.txt,1.0,0.05,0.03,50,3,0.8,0.01,components,1.0,1.18
tune_3,Testing/mac_grafo28dens30.txt,1.0,0.05,0.03,50,3,0.8,0.01,components,1.0,1.18
tune_4,Testing/mac_grafo28dens30.txt,1.0,0.05,0.03,50,3,0.8,0.01,components,1.0,1.18
tune_5,Testing/mac_grafo28dens30.txt,1.0,0.05,0.03,50,3,0.8,0.01,components,1.0,1.19
tune_6,Testing/mac_grafo28dens30.txt,1.0,0.05,0.03,50,3,0.8,0.01,components,1.0,1.19
tune_7,Testing/mac_grafo28dens30.txt,1.0,0.05,0.03,50,3,0.8,0.01,components,1.0,1.19
tune_8,Testing/mac_grafo28dens30.txt,1.0,0.05,0.03,50,3,0.8,0.01,components,1.0,1.20
tune_9,Testing/mac_grafo28dens30.txt,1.0,0.05,0.03,50,3,0.8,0.01,components,2.0,1.18
tune_10,Testing/mac_grafo28dens30.txt,1.0,0.05,0.03,50,3,0.8,0.01,components,1.0,1.17
tune_1,Testing/mac_grafo29dens30.txt,1.0,0.05,0.03,50,3,0.8,0.01,components,1.0,1.18
tune_2,Testing/mac_grafo29dens30.txt,1.0,0.05,0.03,50,3,0.8,0.01,components,1.0,1.21
tune_3,Testing/mac_grafo29dens30.txt,1.0,0.05,0.03,50,3,0.8,0.01,components,1.0,1.18
tune_4,Testing/mac_grafo29dens30.txt,1.0,0.05,0.03,50,3,0.8,0.01,components,1.0,1.17
tune_5,Testing/mac_grafo29dens30.txt,1.0,0.05,0.03,50,3,0.8,0.01,components,1.0,1.19
tune_6,Testing/mac_grafo29dens30.txt,1.0,0.05,0.03,50,3,0.8,0.01,components,1.0,1.16
tune_7,Testing/mac_grafo29dens30.txt,1.0,0.05,0.03,50,3,0.8,0.01,components,1.0,1.19
tune_8,Testing/mac_grafo29dens30.txt,1.0,0.05,0.03,50,3,0.8,0.01,components,1.0,1.18
tune_9,Testing/mac_grafo29dens30.txt,1.0,0.05,0.03,50,3,0.8,0.01,components,1.0,1.16
tune_10,Testing/mac_grafo29dens30.txt,1.0,0.05,0.03,50,3,0.8,0.01,components,1.0,1.19
tune_1,Testing/mac_grafo30dens30.txt,1.0,0.05,0.03,50,3,0.8,0.01,components,1.0,1.21
tune_2,Testing/mac_grafo30dens30.txt,1.0,0.05,0.03,50,3,0.8,0.01,components,1.0,1.21
tune_3,Testing/mac_grafo30dens30.txt,1.0,0.05,0.03,50,3,0.8,0.01,components,1.0,1.20
tune_4,Testing/mac_grafo30dens30.txt,1.0,0.05,0.03,50,3,0.8,0.01,components,1.0,1.17
tune_5,Testing/mac_grafo30dens30.txt,1.0,0.05,0.03,50,3,0.8,0.01,components,1.0,1.19
tune_6,Testing/mac_grafo30dens30.txt,1.0,0.05,0.03,50,3,0.8,0.01,components,1.0,1.20
tune_7,Testing/mac_grafo30dens30.txt,1.0,0.05,0.03,50,3,0.8,0.01,components,1.0,1.20
tune_8,Testing/mac_grafo30dens30.txt,1.0,0.05,0.03,50,3,0.8,0.01,components,1.0,1.18
tune_9,Testing/mac_grafo30dens30.txt,1.0,0.05,0.03,50,3,0.8,0.01,components,1.0,1.20
tune_10,Testing/mac_grafo30dens30.txt,1.0,0.05,0.03,50,3,0.8,0.01,components,1.0,1.19
